date,frequency,sector,agriculture_forestry_and_fishing,mining_and_quarrying,manufacturing,electricity_gas_steam_and_air_conditioning_supply,water_supply_sewerage_waste_management_and_remediation_activities,construction,wholesale_retail_motor_trade_total,wholesale_trade_except_of_motor_vehicles_and_motorcycles,retail_trade_except_of_motor_vehicles_and_motorcycles,wholesale_retail_motor_trade_others,accommodation_and_food_service_activities,transportation_storage,information_communication,financial_and_insurance_takaful_activities,real_estate_activities,professional_scientific_and_technical_activities,administrative_and_support_service_activities,education_health_and_others,other_sector,total_outstanding_loan_financing
2021-07-01,Monthly,Bank-bank perdagangan / Commercial banks,6152.7311300599995,1062.5459438799999,32119.220795560006,1087.79716437,1218.6925110499997,28659.98355631,61738.106113979986,36621.00544882,15766.374368949993,9350.726296209992,8053.62508746,6476.812144910002,2023.81542403,4328.1549342299995,39115.26752439001,11475.064583150002,2817.2053246499995,6602.00862372,465.12534244917333,213396.15620419921
2021-07-01,Monthly,Bank-bank Islam / Islamic banks,4264.14235507,592.5465590999997,13058.684839169997,1398.5565946099998,449.63237376,10839.766696560002,24222.104947980006,13286.802199780004,6654.914787940002,4280.387960259999,1784.71100485,3785.373880169999,1119.2944382199996,1360.82170756,15207.507657459993,7351.87343765,1641.6502209500002,3997.5704553100004,266.8446853900241,91341.08185381004
2021-07-01,Monthly,Bank-bank pelaburan / Investment banks,2.06871053,59.84501769,39.403287240000004,9.377295279999998,16.297240119999998,87.23775902,25.08059939,24.0831425,0.99745689,0.0,4.389951519999999,2.41139668,12.989314460000001,333.03509491,320.0685151100001,346.73011292,36.58831351,25.059992059999995,37.84921149000024,1358.4318119300003
2021-07-01,Monthly,Institusi kewangan pembangunan / Development financial institutions,2893.570724429999,58.42797978000001,2286.22576976,68.91280719,36.81289491999999,4996.260185330001,2771.0752471299998,1378.4189854799997,981.3875102499999,411.2687514000004,1436.8489361,865.1261224000001,312.13968578999993,263.82846923,675.69497859,459.31607257999985,259.02307806999994,1402.9979094500002,213.44101424999099,18999.701874999995
2021-07-01,Monthly,Jumlah / Total,13312.512920089997,1773.36550045,47503.53469172998,2564.6438614500003,1721.4350198499997,44583.248197220004,88756.36690847999,51310.30977658,23403.674124029996,14042.383007869998,11279.574979930001,11129.72354416,3468.2388625,6285.840205930001,55318.53867555,19632.984206300007,4754.466937180001,12027.636980540003,983.2602535791812,325095.3717449392
2021-08-01,Monthly,Bank-bank perdagangan / Commercial banks,6182.447990080002,1241.88632239,32278.22589143001,1082.8508689599998,1215.12418897,28239.575078759994,61821.03423405002,36763.257471170014,15725.110406060005,9332.666356820002,8052.4940830299975,6487.01985462,2001.4807278199999,4479.891373570001,39343.64490864,11471.386509450002,2848.453386409999,6542.463088599999,461.4480175593053,213749.42652433933
2021-08-01,Monthly,Bank-bank Islam / Islamic banks,4233.210649820002,570.3482212299999,13051.43811651,1427.0796839099999,465.41226228999994,10899.39897851,24584.784162879998,13476.036596109996,6763.047815690001,4345.699751080003,1807.5004257199996,3901.068181599999,1155.9621224499997,1366.7103521200002,15208.309181769997,6956.3023725500025,1654.73985147,4017.30377708,265.6021931500145,91565.17053306001
2021-08-01,Monthly,Bank-bank pelaburan / Investment banks,2.07044673,59.127517659999995,39.313489270000005,9.433045369999999,16.161941629999998,82.67434662,13.93095387,13.93095387,0.0,0.0,4.60350201,2.42163691,12.93362551,332.40300779,317.72437014999997,496.10715354,36.494369240000005,173.13193364,37.834299059999694,1636.3656389999994
2021-08-01,Monthly,Institusi kewangan pembangunan / Development financial institutions,2888.0323756999996,58.335665330000005,2289.65943817,69.74210961,41.463211890000004,5025.649537270001,2813.4716678,1399.2179354599998,991.4147865900004,422.83894574999977,1456.5990640999999,870.5599223800002,310.49491948,261.05714625,676.75847671,463.9468844,265.35819840000005,1414.94362898,212.56785973998922,19118.64010620999
2021-08-01,Monthly,Jumlah / Total,13305.761462330003,1929.6977266100002,47658.636935380004,2589.10570785,1738.1616047799998,44247.297941159995,89233.22101860002,51652.44295661001,23479.573008340005,14101.205053650003,11321.197074859996,11261.069595509998,3480.8713952599996,6440.061879729999,55546.436937269995,19387.742919940003,4805.045805520001,12147.842428299999,977.4523695093812,326069.6028026094
2021-09-01,Monthly,Bank-bank perdagangan / Commercial banks,6217.647047839998,1066.98535923,32854.31345396,1174.8257680800002,1208.1288096800008,28178.71123203,62487.66867424001,37096.264699390005,15797.988988280003,9593.414986570002,8081.3835002099995,6316.514817460001,2027.5827499499999,4478.197615979999,39862.31225026,11495.323194379998,2849.93641083,6543.1206734,453.18253297923366,215295.83409050928
2021-09-01,Monthly,Bank-bank Islam / Islamic banks,4104.47914492,478.51340734999997,13415.78399761,1444.4818993999997,521.3430390499999,11368.42183295,25245.57392526,13766.829704410002,6986.841678159999,4491.902542690001,1817.4359947100004,3993.3315653300006,1242.2526434299998,1363.0156260400001,15131.624730870004,6936.799932449997,1690.1836769499998,4034.2388280799987,274.0943337300414,93061.57457813004
2021-09-01,Monthly,Bank-bank pelaburan / Investment banks,1.88644452,60.4049272,39.194469240000004,9.513989539999999,16.075656350000003,83.39757022,13.88512686,13.88512686,0.0,0.0,4.636899850000001,2.4268975299999997,12.96207838,328.25216124,324.29683186,492.56130539000003,29.77162559,171.43312704,37.87638089000029,1628.5754917000004
2021-09-01,Monthly,Institusi kewangan pembangunan / Development financial institutions,2899.2972974299987,58.98380259,2298.1524817199993,70.48885427,42.129929450000006,5011.224105679999,2851.2012258100003,1427.2317007500005,1008.8014994399999,415.16802561999975,1466.0410403499998,871.20940979,311.60380268999995,263.0391113800001,721.6740574500001,450.56926943999997,278.24876462000003,1339.0695357500003,215.3845863600036,19148.31727478
2021-09-01,Monthly,Jumlah / Total,13223.309934709998,1664.8874963700002,48607.44440252999,2699.3105112899993,1787.6774345300007,44641.75474087999,90598.32895217,52304.21123141,23793.63216588,14500.485554879997,11369.497435119996,11183.482690110002,3594.4012744499996,6432.504514640001,56039.90787044001,19375.253701660004,4848.140477989999,12087.86216427,980.5378339592717,329134.3014351193
2021-10-01,Monthly,Bank-bank perdagangan / Commercial banks,5985.981019089998,1079.8157980200006,33009.19401803,1174.08674107,1208.7217946400003,27809.6580264,62659.48968754,37325.190778079996,15705.596832720004,9628.702076740003,7950.533458039998,6406.30463321,2025.1458795400004,4609.234819740001,39808.77174897,11317.510471770005,2776.8327400599997,6473.409930340001,467.4348010396061,214762.12556749964
2021-10-01,Monthly,Bank-bank Islam / Islamic banks,4264.5745708099985,448.78508790999996,13299.146811479999,1511.0332933500006,520.30368886,11412.323268419997,25687.69756472001,14003.499749550007,7116.5803201,4567.617495070001,1805.93479363,4056.8344663699995,1245.2347631300004,1527.2730341999995,15165.08299247,7080.856698970001,1741.4853696699995,4161.39525022,270.6772904399695,94198.63894464997
2021-10-01,Monthly,Bank-bank pelaburan / Investment banks,1.83981809,60.693663099999995,39.71853176,9.57202507,15.79070757,38.80314502,13.854228390000001,13.854228390000001,0.0,0.0,4.61733966,2.27838089,12.559408309999998,331.24455363,322.43690562999996,491.9346508,29.978113069999996,173.15604526,36.414677670000174,1584.8921939200002
2021-10-01,Monthly,Institusi kewangan pembangunan / Development financial institutions,2894.744458310001,60.20992667,2325.789212,71.35142626000001,44.61241484999999,5019.744277790001,2902.243231049999,1424.2297773299995,1029.8013383299995,448.2121153899998,1474.75398054,869.4726978500001,315.03536866,256.1190296600001,597.7835479600001,442.6159909800001,283.82815579000004,1349.8548107499998,217.7243212599933,19125.882850379996
2021-10-01,Monthly,Jumlah / Total,13147.139866299998,1649.5044757000003,48673.84857327001,2766.043485750001,1789.42860592,44280.528717630004,91263.2847117,52766.77453335,23851.978491150006,14644.531687199997,11235.83957187,11334.890178319998,3597.9754196400004,6723.871437229999,55894.075195030004,19332.917812520005,4832.124378590001,12157.816036569999,992.2510904096416,329671.5395564497
2021-11-01,Monthly,Bank-bank perdagangan / Commercial banks,5902.7999629000005,1033.82561102,33171.750958059994,1193.50710027,1216.6542467199997,27793.918668770002,62862.35347269002,37446.10117824,15716.35779719001,9699.894497260007,7918.078504719997,7775.4323172700015,2033.54119705,4622.927726269999,39587.538328139985,11304.85319086,2806.8387061899994,6448.728059869999,462.27230926937773,216135.02036006938
2021-11-01,Monthly,Bank-bank Islam / Islamic banks,4233.87225619,434.98955764,13829.358113879996,1533.4696001,525.22651525,11585.561054049998,26088.8444551,14189.676424639996,7263.353467800003,4635.814562660002,1832.1842586600005,4148.8839972999995,1222.5234655400002,1525.8389695300002,15446.84967624,7235.563891849998,1807.19803805,3975.655441130001,267.38124159007566,95693.40053210009
2021-11-01,Monthly,Bank-bank pelaburan / Investment banks,1.64399692,60.88560453,39.70202054,9.62709697,15.702545800000001,36.04031021000001,13.39050634,13.39050634,0.0,0.0,4.75891346,2.2877441899999997,12.599269529999999,359.65213162,321.80748208000006,498.41116346,29.75497256,172.88020141,36.401818829999684,1615.5457784499995
2021-11-01,Monthly,Institusi kewangan pembangunan / Development financial institutions,2866.838437069999,61.066279120000004,2353.9446064500003,71.87845220999999,45.93023541,5058.153626870001,2934.6259499000003,1446.74885069,1042.5553647699999,445.32173444000045,1483.3720351600005,873.25893112,315.55688968000004,248.01696407000006,598.8194309099999,445.3123254699999,289.36115176,1340.4542764000003,219.15124507999644,19205.74083668
2021-11-01,Monthly,Jumlah / Total,13005.154653080002,1590.7670523099996,49394.755698930014,2808.48224955,1803.5135431799997,44473.67365989999,91899.21438403001,53095.916959910006,24022.26662976002,14781.030794359991,11238.393711999997,12799.86298988,3584.2208218000005,6756.43579149,55955.01491737,19484.140571639997,4933.152868559999,11937.717978809998,985.2066147694713,332649.70750729943
2021-12-01,Monthly,Bank-bank perdagangan / Commercial banks,5965.4214409199985,1324.6889968599999,33482.48532839,1188.2945861300002,1231.3902726400004,27718.017071439994,63480.53728389,37900.429857690004,15877.884842620002,9702.222583579998,7977.636668070001,7791.30567795,2100.34750428,4724.8512523399995,39732.85346846998,11326.963469400001,2787.664165289999,6384.16079343,474.08715542941354,217690.70513492942
2021-12-01,Monthly,Bank-bank Islam / Islamic banks,4253.907562469999,450.36302365999995,14216.287119059998,1822.1443344800005,558.8866942,11643.75689874,26780.47396428,14640.476956370005,7394.999746949999,4744.997260959997,1709.9963029499997,4233.0989137199995,1388.9988604,1271.4600406999996,15597.43075383,7288.463458069999,1864.89516271,4170.1942412299995,274.9615576599899,97525.31888815998
2021-12-01,Monthly,Bank-bank pelaburan / Investment banks,1.57525052,61.115579870000005,39.38517299,9.71101907,15.618796660000001,33.876317949999994,15.79132582,15.70467824,0.08664758,0.0,6.2428466,2.4975153199999998,12.641814620000002,297.7943621200001,319.71245686000003,498.8601796700001,29.85582515,172.74324299,36.40042762999997,1553.8221338400003
2021-12-01,Monthly,Institusi kewangan pembangunan / Development financial institutions,2907.6725727400008,69.04906356000002,2320.284032469999,72.27619561,49.53785424,5096.036032830001,2987.3484335299995,1428.9453419099996,1054.3771744700002,504.0259171499997,1446.14771639,872.54091462,322.9152536699999,250.83517715,600.4746366700001,440.44189614000004,315.97145699999993,1307.1134327400002,220.59218091000002,19279.23685027
2021-12-01,Monthly,Jumlah / Total,13128.576826649998,1905.21666395,50058.44165290999,3092.4261352900003,1855.4336177399998,44491.68632095999,93264.15100752002,53985.55683421002,24327.348411619994,14951.245761690006,11140.02353401,12899.443021610003,3824.90343297,6544.94083231,56250.471315829986,19554.729003279997,4998.386610149999,12034.21171039,1006.0413216293673,336049.08300719934
2022-01-01,Monthly,Bank-bank perdagangan / Commercial banks,6135.224979019998,1362.6081471700002,33917.049952479996,1186.7102051,1243.6301770399998,27706.958459030004,63921.573010160006,38415.47113501,15782.576433540007,9723.52544161,7992.594481260003,8108.527438029998,2179.93970144,4636.145256399998,39765.72547951,11305.906762840003,2823.4124172600004,6376.09733976,487.6195289392781,219149.72333543922
2022-01-01,Monthly,Bank-bank Islam / Islamic banks,4232.864767289999,448.33945475999997,14170.667762349998,1854.4910455600002,596.78729377,11813.225598930001,27152.728404119996,14813.515703239998,7531.749341289999,4807.463359589998,1650.7566843199993,4266.888580290001,1458.2414086199997,1278.6406533500003,15574.324369329997,7402.67310183,1870.87614224,4340.43920133,264.7364570200152,98376.68092511
2022-01-01,Monthly,Bank-bank pelaburan / Investment banks,1.56910967,59.98996343,39.54357657,9.770226289999998,15.53291989,32.67433791,15.12116107,15.03553385,0.08562722,0.0,6.158323170000001,2.28947975,12.68384681,301.73088945000006,320.5887089500001,497.59498604000004,29.703072229999997,172.76409604,34.384999399999515,1552.0996966699997
2022-01-01,Monthly,Institusi kewangan pembangunan / Development financial institutions,2911.21969241,71.24244470000001,2323.7307946400006,71.42352283,49.66046823999999,5184.816215059999,3009.631388760001,1439.3928546100003,1069.92084137,500.31769278000047,1452.02300434,876.36013548,308.68645761000005,250.11060838999995,600.66507644,436.79929720000007,313.62357903000003,1304.03259188,222.10356504999072,19386.128842059992
2022-01-01,Monthly,Jumlah / Total,13280.878548389997,1942.1800100599999,50450.992086039994,3122.39499978,1905.61085894,44737.67461093001,94099.05396411,54683.41522670999,24384.332243420005,15031.30649398001,11101.53249309,13254.065633549995,3959.5514144799995,6466.627407589999,56261.30363423,19642.97414791,5037.615210760001,12193.33322901,1008.8445504092961,338464.63279927924
2022-02-01,Monthly,Bank-bank perdagangan / Commercial banks,6006.429059299999,1414.6249943900002,34122.42717539999,1248.32375153,1203.07848845,27604.206256540005,64940.068134949994,39342.83435992999,15725.66920697001,9871.564568049995,7990.73503731,8277.403697739997,2143.4154834200003,4725.33921406,39786.606525489995,10752.151287490002,2985.31856101,6267.34380038,495.5373254992883,219963.00879295927
2022-02-01,Monthly,Bank-bank Islam / Islamic banks,4245.78360434,449.0594571,14444.542177219999,1605.82510194,603.90191537,11921.54218819,27557.398890069995,14991.574428,7696.178736389999,4869.645725679995,1647.93484274,4275.128331079999,1485.33456488,1913.8775688500002,15637.589600570003,6418.47232068,1870.1768015700002,4327.4639623,259.87757475004764,98663.90890165004
2022-02-01,Monthly,Bank-bank pelaburan / Investment banks,1.5042008,60.20892258000001,39.32289994999999,9.82269101,14.83900464,31.227149280000003,14.831254569999999,14.745266149999999,0.08598842,0.0,6.14044258,2.2982763900000003,16.09106421,310.5424405,317.47323016,494.39773669,29.61320955,173.08192934,34.358607170000596,1555.7530594200005
2022-02-01,Monthly,Institusi kewangan pembangunan / Development financial institutions,2899.44146288,73.33256870999998,2210.61060901,71.34534347,50.11110258,5184.287496460001,3040.9002862800007,1471.6321603200004,1072.1867036500003,497.0814223100001,1460.7487522500003,883.1367962,323.36801203000005,250.61104983999996,601.3696480300001,435.30160251,318.5291198800001,1307.0387743899998,222.26346481000292,19332.396089330006
2022-02-01,Monthly,Jumlah / Total,13153.158327320001,1997.2259427799997,50816.90286158001,2935.3168879499995,1871.93051104,44741.263090470005,95553.19856587001,55820.7862144,24494.12063543001,15238.29171604001,11105.559074879999,13437.967101409997,3968.20912454,7200.37027325,56343.03900425,18100.32294737,5203.637692009998,12074.92846641,1012.0369722292526,339515.0668433593
2022-03-01,Monthly,Bank-bank perdagangan / Commercial banks,5810.35021335,959.5867056,33967.76532263999,1179.7790781399997,1223.5034242899997,27577.05208854,65678.21799284,39742.89253104999,15909.105040780007,10026.220421010003,7988.622310320002,8036.8000807,2159.33140525,4715.82005996,40195.13200704,10705.03189465,3069.22899014,6063.919402970001,507.8169730595546,219837.95794948953
2022-03-01,Monthly,Bank-bank Islam / Islamic banks,4323.68734828,457.51888125,14716.187754030001,1614.9023854299994,610.99041598,12027.056791199999,28186.53916767,15459.482640780003,7897.448259419999,4829.608267469997,1676.8180273500002,4350.3482945099995,1603.8500198399997,1817.4061856699993,15880.601500120001,6495.26494734,1899.1822066500004,4331.868839090001,261.425956540028,100253.64872095003
2022-03-01,Monthly,Bank-bank pelaburan / Investment banks,1.02308803,60.379311019999996,45.915229159999996,9.90776083,14.856674129999998,32.92403025,17.76959292,17.68276837,0.08682455,0.0,8.61632355,0.94592285,21.40862115,260.08396379000004,287.43734562000003,492.96927282,29.650083579999997,175.37941386,34.37709721999977,1493.64373078
2022-03-01,Monthly,Institusi kewangan pembangunan / Development financial institutions,2889.566059439999,64.42208260999999,2175.0928910600005,80.07844536,49.83591362000001,5195.58380885,3182.283538960001,1582.9299668300002,1093.5895782500004,505.76399388000027,1449.63417156,875.2970411099999,333.87448695,252.88027007999997,600.6291519199999,434.14701310999993,320.04985118,1306.4952932300005,221.12271368999063,19430.99273272999
2022-03-01,Monthly,Jumlah / Total,13024.6267091,1541.9069804799994,50904.96119689,2884.6676697599996,1899.18642802,44832.61671884,97064.81029239,56802.98790703001,24900.229703,15361.592682359988,11123.690832780001,13263.391339169997,4118.464533189999,7046.1904795,56963.80000469999,18127.41312792,5318.11113155,11877.66294915,1024.742740509566,341016.2431339496
2022-04-01,Monthly,Bank-bank perdagangan / Commercial banks,5796.1007636800005,975.3558240100002,33882.06132703001,1142.47951211,1264.7252107900001,27428.129832109993,65219.15359947,39543.74022385001,15767.47894885,9907.93442677,7958.249642569997,8038.7494191199985,2291.2737497900002,4655.293823919999,39820.96443362,10591.246398189996,3027.52661727,6027.33905379,499.5959037694556,218618.24511123943
2022-04-01,Monthly,Bank-bank Islam / Islamic banks,4282.447655819998,473.44437261,14887.915187750003,1658.5194077599995,621.40429771,12060.631682949997,28304.38456528,15496.64862267,7926.765319860003,4880.970622749999,1699.81718379,4429.425357340001,1608.1263163,1793.9205506599997,16066.036000910004,6501.10327681,1931.4471652200002,4332.06864105,260.73528239989537,100911.4269443599
2022-04-01,Monthly,Bank-bank pelaburan / Investment banks,1.03102639,59.5761875,46.13455531999999,13.779354849999999,14.266296259999999,32.77518521,17.51105305,17.423836100000003,0.08721695,0.0,8.67934166,1.7069299199999999,21.453675890000003,267.43579929000003,285.15245793,510.46807061000004,29.718451469999998,177.12402133999998,31.61548700000003,1518.42789369
2022-04-01,Monthly,Institusi kewangan pembangunan / Development financial institutions,2904.89176917,63.17951038,2186.5520315000003,81.81313067999999,48.89053484,5225.611213869999,3239.8681172299994,1630.1729119999995,1110.17050373,499.52470149999954,1463.3330222400004,876.6367690899999,325.11970182,252.2276934599999,601.2706265199998,404.86835109,324.32905387,1301.0198484600003,218.0854609499911,19517.69683516999
2022-04-01,Monthly,Jumlah / Total,12984.471215059997,1571.5558945000002,51002.6631016,2896.5914053999995,1949.2863396000005,44747.14791414,96780.91733503,56687.985594620004,24804.50198939,15288.429751019998,11130.079190259998,13346.518475469997,4245.9734438000005,6968.877867329999,56773.42351898001,18007.686096699996,5313.021287830001,11837.551564640002,1010.0321341193048,340565.7967844593
2022-05-01,Monthly,Bank-bank perdagangan / Commercial banks,5731.17912144,987.2899237499997,34062.93888698,1163.1617108900004,1260.33177664,27598.387557860005,65617.27081217001,39889.41700664,15735.837481460003,9992.016324070013,7822.438216980001,8045.684297089999,2408.5364768300005,4660.677442349999,39772.63309926999,10320.2729334,3043.2222646199994,5909.088023479999,504.6887536692375,218907.8012974192
2022-05-01,Monthly,Bank-bank Islam / Islamic banks,4277.079537299999,476.6441059,15091.591495070006,1677.64424045,627.64942722,12144.494220700002,28745.922230939996,15805.804204439999,8013.041560149998,4927.076466349998,1755.0460197199998,4441.592707989999,1616.12165678,1789.8921724300005,16122.320374429995,6520.550738169999,1964.0000348699998,4363.9545265199995,264.8419753300841,101879.34546382008
2022-05-01,Monthly,Bank-bank pelaburan / Investment banks,0.97086297,59.83307623,45.5641074,13.86308929,14.082662220000001,32.692112429999995,18.04081454,15.341215989999998,2.6995985499999997,0.0,50.41663528,2.3521424900000003,21.381240909999995,311.6361466099999,245.90415389999998,508.58171307,20.29976966,178.82474902,31.62393821000046,1556.0672142300002
2022-05-01,Monthly,Institusi kewangan pembangunan / Development financial institutions,2904.3348957800004,65.24854063999999,2177.1968507399997,81.09585935,49.39319252000001,5231.3863380699995,3263.899157030001,1629.7534412800003,1137.75475882,496.3909569300008,1475.9913519499999,881.5371450499999,306.27301707,256.8525788800002,601.07959575,394.65267131,325.98692690999997,1296.6122316199999,215.9401353300018,19527.480488000005
2022-05-01,Monthly,Jumlah / Total,12913.564417489995,1589.0156465199998,51377.29134019001,2935.76489998,1951.4570586000004,45006.96022906001,97645.13301468,57340.31586834999,24889.33339898,15415.483747350008,11103.89222393,13371.16629262,4352.3123915900005,7019.0583402699995,56741.93722334998,17744.058055949998,5353.508996060001,11748.47953064,1017.0948025393882,341870.6944634694
2022-06-01,Monthly,Bank-bank perdagangan / Commercial banks,5700.2163193900005,973.2921838200001,34336.8506751,1164.7389122999998,1225.5501843000002,27824.74665019,65887.71849673,39866.64548715,15797.50246629,10223.57054329,7848.944379680001,8305.748426760003,2489.2676743300003,4774.63901997,39957.41866296999,10104.029488919998,3016.81231776,5885.311584190001,500.1291658494738,219995.41414225945
2022-06-01,Monthly,Bank-bank Islam / Islamic banks,4404.385391860002,483.08395744,15353.701761220002,1584.7828736299998,641.22236358,12325.34874531,29529.456298450008,16309.040144940007,8180.700110960001,5039.716042550001,1717.2192748599998,4578.002390580001,1637.43653244,1810.7650542500003,16330.097414330003,6569.076309519998,2037.2949217799999,4376.829804939999,267.5035303399345,103646.20662452995
2022-06-01,Monthly,Bank-bank pelaburan / Investment banks,0.75459672,57.59636445,44.397175919999995,13.972374929999999,13.99480586,28.939479189999993,18.499313759999996,15.78708936,2.7122243999999998,0.0,51.87825214000001,1.07891899,21.42214192,323.17675011999995,236.99478538,502.94694592,13.71978297,179.11692190000002,46.5899351500002,1555.0785453200003
2022-06-01,Monthly,Institusi kewangan pembangunan / Development financial institutions,2916.0147507000006,67.71731982000001,2166.90632243,80.56516265,49.141769780000004,5221.522921810001,3344.6522701500003,1676.5222237200003,1165.0247996199996,503.10524681000015,1498.9363893700001,838.33422702,326.0317533,262.69799665,612.19346593,396.40207965,335.6664750499999,1285.36436146,215.52283330000137,19617.67009907
2022-06-01,Monthly,Jumlah / Total,13021.371058670004,1581.6898255300002,51901.85593467001,2844.0593235099996,1929.90912352,45400.55779650001,98780.32637909,57867.994945170016,25145.939601269998,15766.391832649984,11116.97829605,13723.163963350002,4474.1581019899995,7171.27882099,57136.704328609994,17572.454824009998,5403.493497560001,11726.622672490003,1029.745464639389,344814.36941117933
2022-07-01,Monthly,Bank-bank perdagangan / Commercial banks,5564.7450323699995,915.47025057,34192.47016306999,1159.90314228,1176.0289582399998,27619.318792519996,67040.02707919,41165.15503359,15284.635108030001,10590.236937569993,7860.134493050001,8286.526659729998,2572.0878196099993,4618.853431910003,40363.819910139995,8794.15599816,3351.18080187,5534.672516940001,495.3313846991514,219544.72643434914
2022-07-01,Monthly,Bank-bank Islam / Islamic banks,4371.143765589998,478.5640302,15520.988392869996,1786.1728099999996,642.5043235899999,12582.01997666,29937.314326190004,16571.05426405,8254.8663811,5111.393681040005,1745.0292254800002,4641.982923639999,1621.9939049199997,1757.0409494700002,16442.48115067,6366.18062886,2135.51063511,4202.52421854,274.7313702001411,104506.18263199013
2022-07-01,Monthly,Bank-bank pelaburan / Investment banks,0.7587830600000001,58.40841870999999,44.13417786,0.0,13.410566339999997,35.152462160000006,18.48006079,15.755219859999997,2.72484093,0.0,52.577819410000004,2.47642588,23.262658809999998,324.3700084,236.45877244999997,498.17810505000006,8.55919622,181.53982163,43.98926065999967,1541.7565374299998
2022-07-01,Monthly,Institusi kewangan pembangunan / Development financial institutions,2906.3012809999996,69.95719944000002,2158.7116275900007,83.80322833999999,47.892988360000004,5241.638901519998,3333.972392039999,1637.8880977699994,1186.8083081599998,509.27598610999985,1510.6982309300001,837.92127838,328.97333620999996,261.02352021,710.63721758,397.75695599,340.2594555300001,1284.8270400200001,214.7931874600108,19729.16784060001
2022-07-01,Monthly,Jumlah / Total,12842.948862019999,1522.3998989200002,51916.30436139,3029.8791806199997,1879.8368365299998,45478.13013286,100329.79385820999,59389.85261527001,24729.03463822,16210.906604719974,11168.439768870003,13768.90728763,4546.317719549999,6961.287909990003,57753.39705083998,16056.271688059998,5835.5100887300005,11203.563597130003,1028.8452030193293,345321.8334443694
2022-08-01,Monthly,Bank-bank perdagangan / Commercial banks,5649.04870907,917.8992066099997,34315.07401875,1155.56022699,1229.7908116100004,27524.650470410004,67130.79885376,41164.47719889,15181.099665080004,10785.221989789992,7957.78501018,8292.63336546,2621.67511995,4708.797537269999,40484.29342932,8815.942000160003,3408.0443514999997,5610.787742699999,493.3579843592888,220316.1388380993
2022-08-01,Monthly,Bank-bank Islam / Islamic banks,4339.72900928,479.64231387,15447.28012549,1724.3757251100005,657.80690962,12739.412970869998,30485.23929204,16774.22968779,8471.186993129999,5239.822611120002,1756.4494204099997,4798.04997776,1630.2562383299999,1880.1969806399993,16470.385265460005,6645.219463590001,2209.4366805999994,4270.842790879999,268.3029765499232,105802.62614049992
2022-08-01,Monthly,Bank-bank pelaburan / Investment banks,0.65819488,58.67562078,44.91174731,0.0,13.324636029999999,33.76631832,16.144264630000002,13.443629620000001,2.7006350099999996,0.0,53.09209324000001,2.4879938399999997,24.86664738,326.94095340999996,204.39576498000005,495.74989472000004,9.45941476,182.48933402000003,43.99076248000006,1510.9536407800003
2022-08-01,Monthly,Institusi kewangan pembangunan / Development financial institutions,2866.428218010001,70.33601053999998,2174.9998792600004,84.67954481999998,49.87454658,5307.763352220001,3376.65810377,1656.8194700100003,1205.3005197299997,514.5381140299996,1527.2842957400003,841.474883,337.17303481,249.27281852999997,710.9015387600001,396.51606126999997,346.7836650299999,1287.2601628000002,214.8986042099823,19842.304719349988
2022-08-01,Monthly,Jumlah / Total,12855.864131240003,1526.5531517999998,51982.265770809994,2964.61549692,1950.7969038400001,45605.59311182001,101008.84051420001,59608.969986309996,24860.287812950006,16539.582714940014,11294.610819570002,13934.64622006,4613.97104047,7165.20828985,57869.975998520014,16353.427419740006,5973.724111889999,11351.3800304,1020.5503275990486,347472.0233387291
2022-09-01,Monthly,Bank-bank perdagangan / Commercial banks,5612.358449959997,899.7906177700002,33963.770921610005,1206.15385568,1187.9367641099996,27759.672993640004,67264.82075789003,41031.63228271003,15299.036891790009,10934.15158338999,7942.48004504,8129.341490839999,2734.52376086,5080.32399283,40046.650667220034,8830.375995970002,3509.9121902700003,5607.800154359999,477.7617403991462,220253.67439844922
2022-09-01,Monthly,Bank-bank Islam / Islamic banks,4392.383229789998,516.4506230000001,15695.43465367,1878.12730382,679.6454881499999,12807.710869780001,31018.396160370005,17046.495178119996,8645.711196420003,5326.1897858300035,1773.9113662000002,4900.354900140001,1665.6694361999998,1916.6176790999996,16589.52598896,6880.258968329999,2277.58502158,4321.9646843599985,276.23131362993445,107590.26768707995
2022-09-01,Monthly,Bank-bank pelaburan / Investment banks,0.62952763,57.45022514,44.960747,0.0,13.22440941,33.35833208,18.591566219999997,15.877537499999999,2.7140287200000004,0.0,53.799807949999995,2.48062163,24.86600472,386.91693964000007,203.34109002999998,463.01353388999996,7.071870510000001,182.68995522000003,44.01954154999953,1536.4141726199996
2022-09-01,Monthly,Institusi kewangan pembangunan / Development financial institutions,2839.501596009999,70.07565987,2190.8339175300002,101.29700032000001,52.750779040000005,5312.9383947900005,3446.01272148,1697.0736603900002,1228.45289311,520.4861679799997,1546.00058506,845.5671990600002,355.47431785,254.93088175000005,712.1822192600002,396.05994802000004,351.79933514,1278.60976661,213.51837600998624,19967.552697799983
2022-09-01,Monthly,Jumlah / Total,12844.872803389997,1543.76712578,51895.00023980998,3185.5781598199997,1933.5574407099998,45913.680590289994,101747.82120596003,59791.078658720035,25175.915010040007,16780.82753719999,11316.19180425,13877.744211669999,4780.53351963,7638.78949332,57551.699965470034,16569.70844621,6146.368417500001,11391.064560549998,1011.530971589149,349347.9089559492
2022-10-01,Monthly,Bank-bank perdagangan / Commercial banks,5588.4247309699995,847.5113288499999,34203.53421402999,1205.61682989,1203.8578588600003,27610.37252635999,67389.79833129002,41041.17809145001,15297.135569820011,11051.484670019992,7948.12508226,8275.06404891,2816.2663329,4955.229530410001,40208.109960019996,8791.38410115,3611.95953069,5610.328680440001,487.46542066926486,220753.04850769925
2022-10-01,Monthly,Bank-bank Islam / Islamic banks,4461.140604209999,511.73615429000006,15697.069156299995,1900.3087267800001,685.56877408,12853.032373820002,31564.496619510002,17336.164831879996,8727.13507778,5501.196709850006,1787.24603107,4892.26573188,1727.6388763000002,1884.61711692,16696.44717269,6942.2337266,2339.96700584,4385.27317127,263.4438961100532,108592.48513767004
2022-10-01,Monthly,Bank-bank pelaburan / Investment banks,1.3358412800000001,55.462566409999994,45.58926089,0.0,0.2953084,35.0674234,18.49290875,15.765477340000002,2.72743141,0.0,54.19888204000001,2.49749207,25.767730660000005,414.30170713,202.32652546999998,328.64836908,7.11769892,182.80327764000003,42.10250271999962,1416.0074948599997
2022-10-01,Monthly,Institusi kewangan pembangunan / Development financial institutions,2835.402805650001,70.51720940999999,2102.1543994199997,101.06668731,53.7687716,5339.01977942,3445.4706374800003,1718.2885242100003,1244.0956964300003,483.08641683999986,1562.8663560600005,848.8616936999999,387.05157855,259.97199286,731.13630258,398.3763953999999,354.21135596,1255.63615127,211.53687452001031,19957.048991190008
2022-10-01,Monthly,Jumlah / Total,12886.30398211,1485.2272589599997,52048.34703064002,3206.9922439800007,1943.4907129400003,45837.492103,102418.25849703002,60111.39692488002,25271.09377544001,17035.767796709988,11352.436351429998,14018.688966560001,4956.724518409999,7514.120347319999,57838.01996075999,16460.642592230004,6313.255591409999,11434.04128062,1004.5486940193805,350718.5901314193
2022-11-01,Monthly,Bank-bank perdagangan / Commercial banks,5524.21378749,865.8726802099998,33573.72592949001,1199.68366709,1226.4747981500002,27797.286850110002,67785.98994865999,41176.617791360004,15446.77493027,11162.597227029983,7998.639577919999,8280.96441464,2794.4913855600003,4758.963468279999,40033.77923817999,8828.338129439999,3603.09031876,5630.58355042,547.7463701495144,220449.84411454952
2022-11-01,Monthly,Bank-bank Islam / Islamic banks,4525.36214866,519.2974810300001,15873.4890639,1687.8775854800003,699.7818291500005,12919.503111450002,32006.714945450007,17569.996139860006,8857.2183781,5579.500427490002,1771.7698101800001,4899.51978019,1703.10467901,1980.5539444399997,16549.806852759997,7012.35906532,2391.49768857,4435.809891200001,258.98404801001016,109235.43192480002
2022-11-01,Monthly,Bank-bank pelaburan / Investment banks,2.7892306399999995,52.609409299999996,51.76740129,0.0,0.29529739,35.038461659999996,15.39618436,15.3049525,0.09123186,0.0,47.033544739999996,2.5087819700000002,25.56049368,409.92864980999997,200.19120227,330.27098220000005,7.08538695,182.78091951000002,42.05715460000033,1405.3131003700003
2022-11-01,Monthly,Institusi kewangan pembangunan / Development financial institutions,2889.80111537,71.72484483,2100.5141011099995,100.17066737,54.75152453000001,5543.32152999,3497.45681271,1737.8043384699995,1264.7434512500006,494.90902299000027,1618.8156610900005,847.75672373,444.1287978000001,258.44782234,724.26494386,394.84687399,356.8034904,1248.8672277,208.44033791997572,20360.112474739977
2022-11-01,Monthly,Jumlah / Total,12942.166282159998,1509.5044153699998,51599.49649579,2987.7319199399994,1981.3034492200004,46295.149953210006,103305.55789118001,60499.72322219001,25568.82799148,17237.00667751,11436.25859393,14030.749700530003,4967.285356049999,7407.89388487,57508.04223706998,16565.815050949997,6358.476884680001,11498.04158883,1057.2279106795322,351450.7016144595
2022-12-01,Monthly,Bank-bank perdagangan / Commercial banks,5430.972296759999,847.6645467899999,33747.678465720004,1223.7124090700001,1238.2266827399997,28021.89054301001,68223.85866097003,41509.43266731003,15392.341819499998,11322.084174160002,7966.69211368,8539.59074875,2749.97162974,4906.701805099999,40413.847707180015,8911.180879619998,3583.1521575599995,5576.861440920002,539.5689161503105,221921.57100376036
2022-12-01,Monthly,Bank-bank Islam / Islamic banks,4605.262533509999,524.7811598900001,16088.522867619997,1774.8751761199999,746.77129078,12964.32031606,32737.19126637999,18075.75521931999,9023.033068460001,5638.402978599996,1797.5171884899999,5055.070471220001,1700.9596040699998,2000.921594330001,16855.30976285,7104.651855280001,2428.0721290200004,4597.27081281,255.60870603995863,111237.10673446995
2022-12-01,Monthly,Bank-bank pelaburan / Investment banks,2.13985273,54.86973185,51.31408189,0.0,0.2953404,30.00695743,15.493649880000001,15.40147952,0.09217036,0.0,50.43200520999999,2.50129319,27.74866218,412.59264257999985,199.38723441,329.37486862,8.792500890000001,182.97753337999998,42.04684398000063,1409.9731986200004
2022-12-01,Monthly,Institusi kewangan pembangunan / Development financial institutions,2979.8091637399993,74.32865774000001,2169.0531860399997,101.42582060999999,53.924010939999995,5570.64291008,3601.3567328199997,1814.22392356,1311.8871113399996,475.2456979200001,1642.6924062599996,840.5688471400001,431.01818675,264.8178193299999,723.07541591,383.72611158000007,362.66406756,1256.9238584,209.1431782599975,20665.170373159996
2022-12-01,Monthly,Jumlah / Total,13018.183846739996,1501.64409627,52056.568601269995,3100.0134057999994,2039.2173248600002,46586.86072658001,104577.90031005003,61414.81328971004,25727.354169659997,17435.732850679997,11457.333713639999,14437.731360299998,4909.698082740001,7585.03386134,58191.62012035001,16728.9337151,6382.680855029999,11614.03364551,1046.3676444303128,355233.82131001033
2023-01-01,Monthly,Bank-bank perdagangan / Commercial banks,5361.8923996500025,961.3412566600001,33787.27097029,1389.7481667500003,1238.0263116499998,27731.249290150005,67999.07875304,41308.74506109998,15323.295932550007,11367.037759390012,7903.1274984500005,8569.439938750002,2860.2547095,4795.0193047699995,40283.15295005998,8894.81262671,3671.2642201600006,5625.110716900001,522.0483307801769,221592.83744427015
2023-01-01,Monthly,Bank-bank Islam / Islamic banks,4567.7322859199985,522.5115934800001,15978.297448439997,1805.7851560700003,755.4701551199998,12973.252912750004,32939.843279149994,18042.217166469996,9184.325007559999,5713.301105120001,1815.8132086100002,5074.915676129998,1693.5560771699995,2106.52900142,16822.846974699998,7180.13689361,2428.23088589,4586.63413553,255.77542011995683,111507.33110410994
2023-01-01,Monthly,Bank-bank pelaburan / Investment banks,2.23856452,54.23411443,57.11259961,0.0,0.29534336,30.78465571,15.224419610000002,15.131740540000001,0.09267907,0.0,51.97641913,2.51322659,24.83518737,409.14680580000004,199.51465553,328.02506813,8.79384279,185.26931899,40.03753893999965,1410.0017605099997
2023-01-01,Monthly,Institusi kewangan pembangunan / Development financial institutions,2976.9777840000006,84.06472804,2337.7102912300006,103.53172631,51.076842080000006,5542.541107519996,3628.2153170700008,1834.6803306700006,1324.7985579799997,468.7364284200007,1637.9438713399993,844.98216245,472.5674900199999,282.92099686,720.47229894,385.2033144399999,351.50889744000006,1249.3338439700003,980.9983118699893,21650.04898357999
2023-01-01,Monthly,Jumlah / Total,12908.84103409,1622.15169261,52160.391309570005,3299.0650491300003,2044.8686522099997,46277.827966130004,104582.36176886999,61200.77429877999,25832.512177160002,17549.075292929992,11408.86099753,14491.851003919995,5051.21346406,7593.61610885,58025.98687922999,16788.177902890002,6459.797846280001,11646.34801539,1798.859601710108,356160.2192924701
2023-02-01,Monthly,Bank-bank perdagangan / Commercial banks,5333.133225159999,943.0420782199998,33898.378942380004,1410.0981210499997,1286.65108662,27671.820028090006,68348.4873625,41304.11708568001,15488.873955050001,11555.496321769991,7892.362324390001,8370.377553609998,2953.055246300001,4837.685513140001,40208.56958603,8870.72848484,3725.9877999500004,5638.6629397299985,524.2125989000488,221913.25289091005
2023-02-01,Monthly,Bank-bank Islam / Islamic banks,4613.41515116,539.4046761799998,16191.00134502,1806.60483828,761.9008178800001,13099.808651679996,33471.00443307,18326.256458159995,9346.109457860004,5798.63851705,1871.3010107000002,5089.200705870001,1714.45693461,2109.64404863,16747.17847016999,7257.242323999998,2477.531890869999,4617.106524729999,261.01881758998206,112627.82064043995
2023-02-01,Monthly,Bank-bank pelaburan / Investment banks,2.1419995299999997,52.153761270000004,58.40977666999999,0.0,0.29525899,29.439771599999997,15.295741210000001,15.202600140000001,0.09314107,0.0,53.30493699,2.4873402600000003,24.14497026,435.7277540700001,198.99120964000002,328.21610110000006,29.01902296,183.90770873,40.00440308999987,1453.53975637
2023-02-01,Monthly,Institusi kewangan pembangunan / Development financial institutions,2990.74305769,82.26713815000001,2329.89239141,102.5128404,50.90182068,5519.771751750001,3661.9684235699997,1840.1568788600002,1342.4507008299997,479.3608438799997,1649.84620656,848.7691184199999,525.11461579,281.3772334099999,725.4740747399999,361.42637317,346.55612061,1248.3922195900002,981.0133997999947,21706.02678574
2023-02-01,Monthly,Jumlah / Total,12939.43343354,1616.8676538199998,52477.68245547998,3319.2157997300005,2099.74898417,46320.840203119995,105496.75596035,61485.73302284,26177.527254810004,17833.4956827,11466.814478640003,14310.834718159997,5216.77176696,7664.43454925,57880.21334058,16817.613283109997,6579.094834389999,11688.069392779998,1806.2492193801445,357700.64007346006
2023-03-01,Monthly,Bank-bank perdagangan / Commercial banks,5383.484539509999,917.0941163899998,34006.11586473999,1410.03410977,1317.2536094900006,28000.71205442,69068.73606345004,41788.73686360003,15577.833952490004,11702.165247359997,7621.52334902,8428.06726808,3046.2288425500014,4845.323669479999,40383.269186350015,8911.023641069998,3977.102793579999,5636.89846307,565.6859083300224,223518.55347930006
2023-03-01,Monthly,Bank-bank Islam / Islamic banks,4673.774932210001,535.2363808099999,16436.03699487,1725.4691187,779.2882723299997,13530.880335269996,34085.65864845,18641.045436599998,9504.384494639999,5940.228717210004,1935.1811423299994,5115.2541637099985,1734.0956066999997,2342.590900460001,17041.978598640002,7356.691065700002,2538.5669146599994,4687.748003429998,263.4085502700327,114781.85962854
2023-03-01,Monthly,Bank-bank pelaburan / Investment banks,2.4311764,55.23762635,60.24680548999999,0.0,0.29534668,30.79801203,12.90785989,12.90785989,0.0,0.0,54.11113676,2.49920912,23.99939846,443.34598358000005,196.33861882,324.16370324,28.08976549,184.61744279,40.02430654999944,1459.1063916499993
2023-03-01,Monthly,Institusi kewangan pembangunan / Development financial institutions,2995.740432719999,85.93191376999998,2325.5620290899997,101.4777271,53.50206966,5528.2078814900015,3726.3732308199997,1878.3203841400002,1361.0482331499998,487.0046135299999,1658.4397123100005,852.8649875000001,517.1912450299999,281.7297563800001,724.2110648799998,368.53046979000004,347.38582706999995,1243.2842657899992,984.0826432299982,21794.51525663
2023-03-01,Monthly,Jumlah / Total,13055.431080840002,1593.50003732,52827.961694189995,3236.98095557,2150.3392981600005,47090.59828320999,106893.67580261001,62321.01054423002,26443.266680279998,18129.398578099994,11269.255340419999,14398.68562841,5321.51509274,7912.990309899999,58345.79746869003,16960.408879800005,6891.1453008,11752.548175079999,1853.2014083800022,361554.03475612
2023-04-01,Monthly,Bank-bank perdagangan / Commercial banks,5290.5667646699985,913.1356844700002,33649.882085970006,1418.7606536,1298.67679517,27849.451180110005,68674.71621624999,41522.81713746999,15527.095954119995,11624.80312466,7537.395055840001,8444.643888089999,3054.8696536899993,4784.007331929999,39904.54153218999,8807.087386809997,3956.2667916900004,5584.17577345,568.2456921602716,221736.42248609025
2023-04-01,Monthly,Bank-bank Islam / Islamic banks,4612.6114523,533.85472691,16507.805434079997,1825.488129080001,782.9760505500003,13528.414096220002,34289.77772215001,18683.051438610004,9666.321813360004,5940.404470180001,1962.8667942699994,5029.886052469999,1751.4884540900002,2397.514373439999,16865.05705732,7333.439227029998,2580.581354009999,4848.134621609999,268.38014586987265,115118.27569139986
2023-04-01,Monthly,Bank-bank pelaburan / Investment banks,2.27212639,55.72505535,60.007466660000006,0.0,0.29532238,29.14258676,14.353961589999997,14.353961589999997,0.0,0.0,54.120016660000005,3.50369835,21.933280359999998,511.1204110899999,194.30016769000005,330.47805571000004,28.08550926,185.22096580999997,37.992199270000356,1528.5508233300004
2023-04-01,Monthly,Institusi kewangan pembangunan / Development financial institutions,2986.5243575399995,93.17473908999999,2339.0431013899997,100.49882567999998,53.67030992,5524.487809089999,3759.3049168100006,1893.6134508099997,1381.2060105300004,484.4854554700005,1664.2685621800001,862.6112258600001,530.5081643999999,284.33629516,726.0730104099999,371.81920677,348.2424138899999,1247.7400084599994,984.5109549500012,21876.813901599995
2023-04-01,Monthly,Jumlah / Total,12891.974700899998,1595.8902058200001,52556.73808809999,3344.7476083600004,2135.61847802,46931.49567218,106738.15281680002,62113.83598848,26574.62377801,18049.693050310016,11218.65042895,14340.64486477,5358.79955254,7976.978411619998,57689.97176760998,16842.823876319995,6913.176068849998,11865.27136933,1859.1289922500728,360260.06290242006
2023-05-01,Monthly,Bank-bank perdagangan / Commercial banks,5353.319313520002,868.1510057899999,33876.25248789001,1423.5638308499995,1290.3614958000003,28027.52680177,68881.51075146002,41508.35767166004,15594.208286409994,11778.944793389994,7561.650700620001,8423.696259060001,3060.3770591699986,4910.1414674,40367.23308782998,8816.11644181,3986.3343523,5584.520698860001,579.4877314099285,223010.24348553995
2023-05-01,Monthly,Bank-bank Islam / Islamic banks,4703.83663996,535.3844463,16858.656649130004,1837.8922876000001,747.44915182,13759.16742541,34905.56257385001,19157.041889760007,9662.30301331,6086.217670780003,1976.2536499600005,5102.76988647,1766.6523146400004,2783.4198162800003,16948.02187275,7366.610277210001,2588.10232158,4911.466397979999,271.1900021299807,117062.43571306998
2023-05-01,Monthly,Bank-bank pelaburan / Investment banks,6.1518858000000005,55.97077943,61.08393304999999,0.0,0.29540108000000004,26.450731440000002,15.152259619999997,15.152259619999997,0.0,0.0,57.26388684999999,3.3288368200000003,29.103880699999998,508.22152912,196.19995113999997,328.9482954799999,28.1099398,186.33181048,38.00007008000057,1540.6131908900004
2023-05-01,Monthly,Institusi kewangan pembangunan / Development financial institutions,2994.84321831,95.52161475,2346.7204360000005,100.84118937000001,54.17896839,5495.6677146400025,3802.4341710800004,1936.19186379,1387.2374101700007,479.0048971199999,1654.23847503,863.56282584,539.3532549600001,281.62414825999997,729.61233934,370.45616644,351.33031464999993,1232.9491263400005,981.4924965500031,21894.826459950007
2023-05-01,Monthly,Jumlah / Total,13058.15105759,1555.0278462699996,53142.71350607,3362.29730782,2092.28501709,47308.81267326001,107604.65975601002,62616.743684830035,26643.74870988999,18344.16736128999,11249.406712460002,14393.357808189998,5395.48650947,8483.40696106,58241.06725106,16882.13118094,6953.87692833,11915.26803366,1870.170300169906,363508.11884944997
2023-06-01,Monthly,Bank-bank perdagangan / Commercial banks,5364.587571050002,857.7026269500001,34082.31698810001,1460.9865842999998,1260.3097623500003,28300.632600910005,69293.81119791004,41713.43141338003,15603.334971700004,11977.044812830005,7593.899857700001,8770.004982089999,3088.2670652599995,4922.966636989999,40661.61321356,8760.083906560001,4022.38496421,5655.008020670001,579.8857619097689,224674.46174051982
2023-06-01,Monthly,Bank-bank Islam / Islamic banks,4855.916030529998,528.3443071,17052.26696612,1892.5462182400006,752.0809420600001,13941.946980310006,35486.58946944,19363.169158469995,9951.72456439,6171.695746580001,2008.22503999,5202.92278143,1792.5091558499998,2903.413720409999,17322.84648492,7437.40275356,2646.5192982699996,4893.37946502,507.4387235300528,119224.34833678004
2023-06-01,Monthly,Bank-bank pelaburan / Investment banks,6.034993060000001,56.19326496,61.55961045,0.0,0.29538649,25.49260365,15.23310394,14.99363863,0.23946531,0.0,57.295230700000005,3.4917569299999998,37.37620332,573.0721283500001,209.4010982,247.54429389999999,28.016122340000003,185.29258767000002,37.97959804999937,1544.2779820099995
2023-06-01,Monthly,Institusi kewangan pembangunan / Development financial institutions,3038.22194126,92.88352800999999,2370.705123090001,99.73356808999998,51.85118509,5534.169812389999,3820.179526669999,1948.9166556699995,1391.02491795,480.23795304999976,1677.35893081,872.1495929999999,560.20527175,279.69862855,731.06815058,363.90691108,356.89791458,1232.1137189700005,979.7423143600026,22060.886118280003
2023-06-01,Monthly,Jumlah / Total,13264.760535900003,1535.12372702,53566.84868776,3453.2663706300004,2064.53727599,47802.241997260004,108615.81329796003,63040.51086615003,26946.323919350005,18628.978512460002,11336.7790592,14848.569113450001,5478.35769618,8679.151114299999,58924.928947259985,16808.9378651,7053.8182994,11965.79379233,2105.0463978499174,367503.9741775899
2023-07-01,Monthly,Bank-bank perdagangan / Commercial banks,5310.59748865,848.1277709999997,33976.601379479995,1515.0721896700002,1274.3395822800007,28253.475031330003,69513.38210269001,41805.790441580015,15652.529260140007,12055.06240096999,7601.082576599999,8798.49181063,3098.1860843700006,4963.886778659999,40534.165157330026,8730.293322439999,4030.2656436300013,5616.765495880001,575.898401039798,224640.63081567982
2023-07-01,Monthly,Bank-bank Islam / Islamic banks,4817.763189779998,517.7812942999999,17324.47129522,1931.3948953300005,776.5085199100001,13801.628880549999,35881.568776030006,19558.358193960008,10110.30091768,6212.9096643899975,2043.8707068499994,5281.8450209699995,2816.71247842,2854.0501651499994,17153.201366139998,7389.023223840002,2650.5506111199993,4914.96759104,501.87375664996216,120657.21177129993
2023-07-01,Monthly,Bank-bank pelaburan / Investment banks,6.083098189999999,56.51571679,62.91492936000001,0.0,0.29542114,24.52003284,15.40466378,15.264656299999999,0.14000748000000002,0.0,58.00038649000001,5.44474763,38.61576364,623.3795249,212.31588912999996,246.59836080000002,28.091994579999998,185.35013632,35.72950130999925,1599.2601668999991
2023-07-01,Monthly,Institusi kewangan pembangunan / Development financial institutions,3032.9567722399997,93.38734589999997,2365.9533032600007,98.50478282,53.39852057999999,5566.446440470002,3794.2296743600004,1926.5384260200003,1383.85136375,483.8398845900001,1754.0751782600003,884.6522163900001,622.88930873,282.7338541000001,727.7644093900002,355.7301777100001,358.7490643699999,1251.29940099,979.5765661300102,22222.347015700012
2023-07-01,Monthly,Jumlah / Total,13167.400548859996,1515.8121279899997,53729.94090732001,3544.97186782,2104.5420439100008,47646.070385189996,109204.58521686001,63305.951717860014,27146.821549050004,18751.811949949988,11457.028848199998,14970.433795620002,6576.403635160001,8724.050322809999,58627.446821990015,16721.64508479,7067.6573137,11968.382624230002,2093.0782251297496,369119.4497695798
2023-08-01,Monthly,Bank-bank perdagangan / Commercial banks,5259.572203539998,860.9931988699999,33738.50538995,1253.1632866300006,1296.20330213,28176.916554030002,69819.35755289004,41935.281152700045,15755.162714860002,12128.913685329993,7725.3328480300015,8823.175392120002,3291.3694225199997,4903.895673139999,40429.53697918,8652.730367230002,4013.0304007399995,5407.652708180001,583.3881889795884,224234.82346815965
2023-08-01,Monthly,Bank-bank Islam / Islamic banks,4875.69121485,527.4901510300001,17393.262264120007,1839.3392670600003,786.1466769800003,14059.640862409999,36236.26439509,19771.660163350003,10159.427714709998,6305.176517029999,2026.0484543799998,5308.439888229999,2802.67921864,2940.802477750001,17269.22731834,7472.320103620001,2731.524583879999,4924.21337733,509.00452648001374,121702.09478019002
2023-08-01,Monthly,Bank-bank pelaburan / Investment banks,5.9643501500000005,56.68109926,64.34365423,0.0,0.29542428000000004,22.861790850000002,13.869663,13.6372425,0.2324205,0.0,60.932517829999995,6.91326575,41.134570339999996,622.20152513,214.35996999999995,245.29622576999998,27.98979334,185.51967432000004,25.709308150000652,1594.0728324000006
2023-08-01,Monthly,Institusi kewangan pembangunan / Development financial institutions,3048.9930172899994,90.91465979000002,2359.4338505699993,100.38270451999999,53.699065430000005,5603.3605504000025,3855.5634398899997,1965.21592533,1397.7347823300001,492.61273222999944,1764.7780663900003,904.0946234600002,639.28590429,298.84874883000003,733.5030321299998,352.9277433600001,364.96189412999996,1249.6521058399996,977.2174125399833,22397.616818859988
2023-08-01,Monthly,Jumlah / Total,13190.220785829997,1536.0791089499999,53555.54515887001,3192.8852582100003,2136.34446882,47862.779757690005,109925.05505087003,63685.794483880025,27312.557632400003,18926.702934589994,11577.091886630002,15042.623169560002,6774.469115789999,8765.748424850002,58646.62729965,16723.27443998,7137.50667209,11767.03786567,2095.3194361496135,369928.6078996096
2023-09-01,Monthly,Bank-bank perdagangan / Commercial banks,5256.1209511100005,842.41398429,33907.298484319996,1316.8720526000002,1319.6229688500007,28067.40779884,70405.43828298002,42212.76948835001,15932.721803910008,12259.946990719996,7787.228854710001,8904.999459010001,3317.3284912200006,4798.000210830001,40536.66986281001,8690.80920389,4006.5451348399993,5381.338795239998,585.2592658493668,225123.3538013894
2023-09-01,Monthly,Bank-bank Islam / Islamic banks,4970.950418250003,676.95985151,17653.768742899996,1997.0687991599998,821.8068448899999,14338.003345300003,36906.43937411,20209.77544976,10303.73748234,6392.926442010001,2248.9600226999996,5380.867604610001,2818.998011559999,3066.8950809400008,18097.122102500005,7510.008288520001,2824.9899720099997,4816.89307592,512.9498671300389,124642.68140201006
2023-09-01,Monthly,Bank-bank pelaburan / Investment banks,5.247879340000001,57.10019776000001,64.37657789000001,0.24637010999999998,0.27610416,22.607365430000005,14.98012951,14.76233314,0.21779637,0.0,60.95298526,7.3637903300000005,41.96375579,512.6495956499999,218.05731204999995,239.74507564,28.8060151,186.30799146000004,33.71967827000026,1494.4008237500002
2023-09-01,Monthly,Institusi kewangan pembangunan / Development financial institutions,3052.6277327800008,89.10172218000002,2390.633161399999,101.97846032,53.18605565,5546.801602789995,3883.4051569600006,1977.8566248400004,1407.6686565899997,497.8798755300004,1796.4055926999993,936.7318533699998,633.2073682199998,304.9690294800001,785.92628509,351.08166808000004,369.09344916,1214.9890825900002,970.3382140099857,22480.47643477998
2023-09-01,Monthly,Jumlah / Total,13284.946981480001,1665.57575574,54016.07696651,3416.16568219,2194.8919735500003,47974.82011236,111210.26294356001,64415.163896089995,27644.345739210006,19150.753308260013,11893.547455369999,15229.962707320003,6811.497626790001,8682.513916900001,59637.77556245002,16791.644236129996,7229.4345711099995,11599.52894521,2102.267025259498,373740.91246192943
2023-10-01,Monthly,Bank-bank perdagangan / Commercial banks,5272.667837070001,837.7878193999999,34718.57264641999,1424.31104082,1361.9430415299998,27728.14765216001,70412.02227029002,42236.54877930003,15797.17871188,12378.294779109994,7876.036311320002,7366.590434069998,3365.3542562299995,5078.3257317200005,41007.358874689984,8653.577231519997,3993.401721439998,5355.976323400001,582.069141779968,225034.14233385999
2023-10-01,Monthly,Bank-bank Islam / Islamic banks,6073.687013529999,681.4011292700001,17963.872987049996,1995.5334578799998,837.1411385000001,14657.050975020004,37617.582932889985,20471.466260909987,10509.497703969995,6636.618968010003,2338.7569367399988,5483.731772429999,2809.0831776800005,3096.04022094,18165.559275520005,7504.662545680003,2861.38079356,5263.763599000002,522.2516289299383,127871.49958461993
2023-10-01,Monthly,Bank-bank pelaburan / Investment banks,5.34739608,57.43224114,57.92684628,0.28192140000000004,0.29536554,22.58932251,15.74714671,15.46715332,0.27999339,0.0,60.65978625,8.68886234,39.841998780000004,529.0520346300001,215.8497477,240.42188824000002,30.66138176,186.53977523999998,32.09644054000023,1503.4321551400003
2023-10-01,Monthly,Institusi kewangan pembangunan / Development financial institutions,3061.11765611,119.07996978000001,2415.70191466,109.04164480999997,59.002210170000005,5577.272142539997,3922.5266301399997,1995.0902129300002,1423.73241424,503.70400296999924,1800.5743147900005,949.45074801,636.4254629100002,309.77516914999995,789.27390916,349.13586347,371.8628236500001,1191.9132366700003,968.2397376599874,22630.393433679987
2023-10-01,Monthly,Jumlah / Total,14412.819902789997,1695.70115959,55156.07439440999,3529.1680649099994,2258.3817557400002,47985.060092230015,111967.87898003001,64718.57240646002,27730.688823479995,19518.617750089994,12076.0273491,13808.461816849998,6850.7048956,9013.19315644,60178.041807069996,16747.79752891,7257.306720409999,11998.19293431,2104.6569489099784,377039.4675072999
2023-11-01,Monthly,Bank-bank perdagangan / Commercial banks,5256.27955208,863.7953691399998,34873.69222018,1417.6751814200004,1360.7618227399996,27919.018288150004,70679.06839836,42486.731813269995,15778.615623930002,12413.720961160005,7771.182854210003,7403.06747052,3426.6114415500006,5259.413111910001,41430.20620794998,8700.849878090003,4095.72053602,5324.6229952799995,587.9320264100388,226369.89735401
2023-11-01,Monthly,Bank-bank Islam / Islamic banks,6119.161127099999,570.42175713,18106.8772233,2036.7685456499994,869.8407058700002,14938.496576709998,37939.86306035,20700.16658404,10538.601667500005,6701.094808809998,2328.2195468100003,5537.712149410001,3312.724908540001,3139.5664128000003,18528.670585620006,7549.533042749999,2883.11448299,5341.1853727299995,521.6208568800212,129723.77635464002
2023-11-01,Monthly,Bank-bank pelaburan / Investment banks,5.30174007,57.757841549999995,57.49066168999999,0.34009864,0.29533874,22.55748738,16.143295459999997,15.87403219,0.26926327,0.0,60.564243360000006,8.319912519999999,45.25810378,529.85393485,249.97634861999998,240.26530049000002,31.0277875,171.10790662,32.072386399999914,1528.33238767
2023-11-01,Monthly,Institusi kewangan pembangunan / Development financial institutions,3070.19328392,117.62645243000003,2450.068881569999,110.93397791000002,52.98625100000001,5586.331953080002,3991.6696204799987,2032.9518216699987,1443.3711059399998,515.3466928700004,1804.32034703,964.8662059700002,640.7939272499999,310.9929602,793.6539120599998,350.35760462999997,382.97698212000006,1183.1328995699998,965.746095649989,22776.651354869988
2023-11-01,Monthly,Jumlah / Total,14450.935703169998,1609.60142025,55488.12898674,3565.7178036199994,2283.8841183499994,48466.40430532001,112626.74437464998,65235.72425116997,27760.857660640002,19630.162462840002,11964.286991410003,13913.965738420002,7425.388381120001,9239.82641976,61002.50705425001,16841.00582596,7392.839788629999,12020.049174199998,2107.371365340019,380398.65745119005
2023-12-01,Monthly,Bank-bank perdagangan / Commercial banks,5272.263404199998,827.6487033799999,35492.41666454999,1444.8809233200002,1382.5704731600003,28526.51082092,70911.31437598002,42594.903360410004,15849.295705499999,12467.11531007001,7771.668958449998,7411.13922987,3508.1304804700007,5949.863552390002,41332.914133869985,8742.253795609999,4158.023267010001,5294.692958510001,592.5160176598583,228618.80775934987
2023-12-01,Monthly,Bank-bank Islam / Islamic banks,6245.883881790003,580.1099049599999,18496.155510679997,2170.4148334700008,912.26111458,15126.599745099998,38716.67599982,21085.606317969992,10766.986664200009,6864.0830176499985,2356.0012314200007,5564.266125020001,3634.45608413,3300.8092553400006,19444.21480026001,7599.2901993099995,2954.858583839999,5380.822390580001,520.3849847601668,133003.20464506018
2023-12-01,Monthly,Bank-bank pelaburan / Investment banks,5.56539624,58.097871420000004,57.59763443000001,0.27742389,0.29537155,20.45405948,16.28270018,16.05356334,0.22913684,0.0,63.21171162,8.69829585,4.49896402,615.1146714899999,258.25145031000005,240.23805746000002,30.06752521,11.534479789999999,42.09351022999999,1432.2791231699998
2023-12-01,Monthly,Institusi kewangan pembangunan / Development financial institutions,3083.7555768899992,124.31809635000003,2586.28200654,100.27142499999998,55.92836791999999,5621.0832532,4051.6804742700006,2079.878361760001,1445.8038198899992,525.99829262,1821.4322918200007,957.8118346300001,690.2695479799997,305.30849801999994,792.99772169,350.99258743999997,383.84136855,1157.5159067799998,970.3992033199902,23053.888160399994
2023-12-01,Monthly,Jumlah / Total,14607.468259120003,1590.1745761099996,56632.4518162,3715.844605680001,2351.0553272100005,49294.6478787,113695.95355025002,65776.44160348001,28062.315326430005,19857.196620340008,12012.31419331,13941.915485369998,7837.355076600003,10171.095977240002,61828.378106129996,16932.774639819996,7526.79074461,11844.56573566,2125.393715969927,386108.17968798
2024-01-01,Monthly,Bank-bank perdagangan / Commercial banks,5289.475332130001,806.6580769800001,35443.024749339995,1465.75183451,1369.9026366699998,28686.035197520017,71264.44686852004,42740.42690792003,16016.657704720008,12507.362255879998,8360.752488320004,7505.880548299997,3792.2443094999994,5423.410649889997,41462.43869599998,8723.93270916,4075.8299271200003,5409.075919629999,593.1238250099414,229671.98376859998
2024-01-01,Monthly,Bank-bank Islam / Islamic banks,5741.908153119996,581.61618313,18484.561075879996,2182.720388929999,920.8477292900002,15132.168886160001,38951.93830631999,21153.267975969986,10872.676863130004,6925.993467220003,2481.6197093599994,5652.226903080002,3336.6233875300004,3368.6084320899995,19323.66471063,7549.942259749995,3060.21925542,6120.763620750002,261.36057504999917,133150.78957649
2024-01-01,Monthly,Bank-bank pelaburan / Investment banks,14.89339921,58.44349183999999,70.5261828,0.10495255,0.29537464,20.40177249,17.03210504,16.723751390000004,0.30835365000000003,0.0,64.83166222,8.73929964,5.32755564,613.53054165,248.74077833999996,240.81469726999995,29.712207739999997,11.5391169,32.83326084000032,1437.76639881
2024-01-01,Monthly,Institusi kewangan pembangunan / Development financial institutions,3064.61844299,135.34391190000005,2532.7209325700005,100.23786426999997,57.40738176999999,5660.771949319999,4027.024269550001,2063.005994690001,1440.6666495100003,523.3516253499997,1883.8673876399996,955.3385186000002,650.45171877,289.4562046499999,800.0057584299999,335.70351439999985,377.16972036000004,1131.09960826,968.7401403899821,22969.957323869985
2024-01-01,Monthly,Jumlah / Total,14110.895327449995,1582.0616638499998,56530.83294059002,3748.8150402599995,2348.45312237,49499.37780549001,114260.44154943002,65973.42462997002,28330.30957101001,19956.70734845,12791.071247540003,14122.185269619997,7784.646971440001,9695.005828279998,61834.84994339999,16850.39318058,7542.93111064,12672.478265540001,1856.0578012898332,387230.4970677699
2024-02-01,Monthly,Bank-bank perdagangan / Commercial banks,5240.4285557799985,823.8080140899997,35558.507024549996,2020.2011613600002,1380.61587099,28408.85274526001,70987.43879824004,42493.603316410015,15958.924576670004,12534.910905160017,8696.082959909996,7411.098909689999,2888.20476751,5919.129858620002,41407.90015706999,8809.433956040002,4106.372386860001,5397.28986922,579.391256490082,229634.7562916801
2024-02-01,Monthly,Bank-bank Islam / Islamic banks,5819.123731760004,572.5425699200001,18671.77485029,2199.5549479200004,917.9926276499997,15340.728949389995,39267.611195659985,21354.028396459984,10925.71871319,6987.864086010002,2545.645114249999,5827.59931484,3357.1634284199986,3397.6470399899995,19267.12117051,7554.72947024,3099.65487294,6314.0855448,262.98501235005097,134415.95984093
2024-02-01,Monthly,Bank-bank pelaburan / Investment banks,10.69748188,58.76900733,78.70680932,0.14167842,0.29531771,11.148413329999999,16.088937220000002,15.792391390000002,0.29654583,0.0,64.73804592,8.8345006,7.07325935,587.8722394499999,247.83568821999995,247.52373765000002,28.16024724,11.54689424,32.77694921000034,1412.2092070900003
2024-02-01,Monthly,Institusi kewangan pembangunan / Development financial institutions,3120.299563399999,132.44685915,2599.9909216900005,103.80551012000002,59.681824240000005,5629.899602189998,4111.72808026,2105.4817507899993,1456.4721459400002,549.7741835300003,1876.84411636,968.2737059700003,645.9284667200001,296.04938443,780.9946667400004,339.0229860899999,378.2883055999999,1131.97861043,967.4078273200066,23142.640430710006
2024-02-01,Monthly,Jumlah / Total,14190.549332820001,1587.5664504899999,56908.97960584999,4323.7032978199995,2358.5856405900004,49390.62971017,114382.86701138002,65968.90585505,28341.411981630004,20072.549174700005,13183.310236439997,14215.806431099996,6898.369921999998,10200.698522490004,61703.85168254001,16950.710150020004,7612.475812640002,12854.90091869,1842.561045370181,388605.5657704102
2024-03-01,Monthly,Bank-bank perdagangan / Commercial banks,5298.556316719999,967.2387318099999,36091.724114849996,2010.01822566,1408.6927705199987,29308.341069839997,71842.71183511998,42935.69806749999,16161.683915499998,12745.32985211999,8635.83764665,7365.391904319999,3038.70180771,6235.1006904999995,42150.405457730005,8887.83212033,4199.64569406,5504.3997592000005,571.4252556200372,233516.02340063997
2024-03-01,Monthly,Bank-bank Islam / Islamic banks,5597.334147549999,580.11577339,18907.141022589993,2343.1980089600015,956.6489683899999,15586.37361617,39599.40837420999,21683.211249669992,10943.40102961,6972.796094929996,2605.5557378999997,5819.559897900002,3517.51829145,3893.0362400599984,19375.682954590004,7544.015268669999,3128.0379531899994,6226.3182396699995,264.3661728500156,135944.31066754
2024-03-01,Monthly,Bank-bank pelaburan / Investment banks,8.14416377,59.117856839999995,87.38782633000001,0.21493215,0.29539331,10.920540259999997,15.90153327,15.58165936,0.31987391,0.0,65.28942592,8.88126059,8.865358259999999,590.93784667,266.34291960999997,248.21452765000004,28.68987292,10.865511829999999,32.7838580300006,1442.8528274100006
2024-03-01,Monthly,Institusi kewangan pembangunan / Development financial institutions,3155.4381529100015,132.14367725,2632.450124219999,103.62834595999998,62.892827560000015,5606.749982830003,4154.360120539999,2134.534680139999,1463.9437208399997,555.8817195600004,1881.6867307699995,971.9326621099998,652.1644905200001,296.06086206,782.7295183300001,353.17385538999997,385.50504492999994,1150.3321855900003,966.6550635800158,23287.90364455002
2024-03-01,Monthly,Jumlah / Total,14059.472780950002,1738.6160392899997,57718.703087989976,4457.059512730001,2428.5299597799994,50512.38520910001,115612.38186313995,66769.02565666997,28569.348539860002,20274.007666609978,13188.369541239997,14165.76572492,7217.249947939999,11015.135639290002,62575.16085026,17033.23577204,7741.878565099999,12891.915696290003,1835.230350079888,394191.0905401399
2024-04-01,Monthly,Bank-bank perdagangan / Commercial banks,5373.278820290002,933.1613963999998,36236.48382995999,2069.05322928,1410.6021012399997,28610.53710917,71583.50520277997,42873.86399210996,15998.418110500003,12711.223100170006,8651.022093120002,7231.684780749999,2935.1927843,6260.510814050002,42539.70875217996,8920.81433994,4183.025828489999,5446.636413540001,587.9662308200495,232973.18372630994
2024-04-01,Monthly,Bank-bank Islam / Islamic banks,5662.745687409998,577.0883410799999,18952.178304549998,2373.414321029999,952.7764259899998,15716.091423770004,39833.85591120999,21925.38915237999,10879.630801100002,7028.83595773,2645.41699739,6069.2821750699995,3525.33428713,3930.9061796100013,19629.109410720008,7502.469694140001,3154.2217699699995,5985.8915490300005,259.422435070097,136770.20491317008
2024-04-01,Monthly,Bank-bank pelaburan / Investment banks,8.03515572,59.45470658,87.08415199,25.34256887,0.29533823,10.94679803,15.80158288,15.51016926,0.29141362,0.0,66.02276458,8.87041956,8.874884219999998,592.55967384,265.5433494,247.29490459000002,29.738400189999997,10.485720789999998,31.203892989999076,1467.554312459999
2024-04-01,Monthly,Institusi kewangan pembangunan / Development financial institutions,3133.30797477,134.23598385,2667.0192387900006,102.47731461999997,61.907754870000005,5795.9668395300005,4146.1742731700015,2124.4640916,1463.4112943400007,558.2988872300011,1887.6109744900002,928.5012406700001,664.4169093700001,275.8160944699999,784.6489375100002,343.54444286,386.9263595999999,1098.9854462600001,971.406138219998,23382.945923049996
2024-04-01,Monthly,Jumlah / Total,14177.367638189999,1703.9404279099997,57942.765525289986,4570.287433799999,2425.58162033,50133.5421705,115579.33697003996,66939.22740534996,28341.751619560004,20298.357945130003,13250.072829580002,14238.33861605,7133.818865019998,11059.79276197,63219.01044980996,17014.12338153,7753.912358249998,12541.999129620002,1849.9986971000326,394593.88887499
2024-05-01,Monthly,Bank-bank perdagangan / Commercial banks,5410.62841777,1021.9399156100002,35923.13878970999,2132.3939168199995,1412.5115482700005,28611.39742934,71875.38619345998,42991.03792941,15982.688687219994,12901.659576829989,8799.258577850002,7133.085599440001,3211.3059309399987,6289.829155530001,42311.24902017,8950.53185764,4181.70556847,5900.590743620002,577.3784198199282,233742.33108445987
2024-05-01,Monthly,Bank-bank Islam / Islamic banks,5661.026964630002,617.1142768999998,19385.544554039992,1920.481835700001,921.69222847,15990.98561172,40000.98122814002,22015.227225000024,10848.653785220002,7137.10021792,2686.0221515600006,6149.075059150002,3603.0686751999992,4009.8870449000005,19989.27704242,7539.905535179998,3140.2109539499997,5955.062001899999,262.7712362499442,137833.10640010994
2024-05-01,Monthly,Bank-bank pelaburan / Investment banks,1.91100875,61.07778723999999,87.59864303999998,25.39451028,0.29537128,10.95175079,15.927634479999998,15.69574995,0.23188453,0.0,32.30832007,8.968130380000002,5.33836934,637.30534302,266.32283642,239.53813067,30.58204416,10.86227303,31.215816519999635,1465.5979694699995
2024-05-01,Monthly,Institusi kewangan pembangunan / Development financial institutions,3150.1199128900003,141.50625829,2670.44413175,102.63241614000002,63.11189801,5842.7695545999995,4080.1067481900004,2045.8336651500001,1471.27495917,562.9981238700002,1883.6217744,946.3611305499996,671.39936719,296.5938248200001,783.65212774,346.67673383000016,390.6219582899999,1089.7865958499997,969.2896810299862,23428.694113569985
2024-05-01,Monthly,Jumlah / Total,14223.686304039999,1841.6382380399998,58066.72611853999,4180.902678940001,2397.61104603,50456.10434645001,115972.40180427003,67067.79456951002,28302.849316139997,20601.757918620016,13401.210823880003,14237.48991952,7491.112342669999,11233.615368270002,63350.50102675,17076.652257319998,7743.120524870001,12956.301614400001,1840.6551536197658,396469.72956760984
2024-06-01,Monthly,Bank-bank perdagangan / Commercial banks,5551.058175630002,985.4695901700002,36044.8658545,2155.90800726,1465.1329562600008,29439.799832439996,74477.03461963,45356.57920694999,16081.278029310004,13039.177383369999,8773.964654369998,7105.921705819997,3227.588097179999,6516.475015999996,42716.16094708,9046.232922340003,4213.892139329999,5883.49478989,589.7866904397961,238192.78599833982
2024-06-01,Monthly,Bank-bank Islam / Islamic banks,5848.798828709998,833.4066701099999,19608.64694031,1972.3834159999997,927.7027358800001,16024.61404597,40496.08586083002,22508.372029380018,10822.855305680001,7164.858525770003,2724.93702819,6147.7974338700005,3599.785142659998,4468.698567259999,19836.40601865999,7457.81218397,3180.10720347,6001.476029940001,263.1796842100157,139391.83779004004
2024-06-01,Monthly,Bank-bank pelaburan / Investment banks,1.50939203,59.22761857,90.13497661,25.352649630000002,0.29534471,16.407957370000002,17.39547486,17.18390653,0.21156833,0.0,32.15306571,9.00161506,6.279633769999999,669.6335885,271.28093261,240.35817826999997,30.740326589999995,10.82433705,32.447204149999834,1513.0422954899998
2024-06-01,Monthly,Institusi kewangan pembangunan / Development financial institutions,3146.5201767499993,143.07867082999994,2687.13403216,99.68028466000001,60.17779236999999,5841.072339679999,4096.96351274,2042.2145213799997,1486.3806756399995,568.3683157200003,1899.100441090001,949.9062463600002,683.1452316900001,298.58028439,729.04397651,353.85476527,399.70440220999996,1088.6539260799998,964.5539300000237,23441.17001279002
2024-06-01,Monthly,Jumlah / Total,14547.886573119997,2021.1825496799997,58430.78180358,4253.324357549999,2453.3088292200005,51321.894175459995,119087.47946806,69924.34966424,28390.72557896,20772.40422486,13430.155189360004,14212.627001109999,7516.798105299999,11953.387456149994,63552.89187486,17098.25804985,7824.444071599998,12984.44908296,1849.9675087998621,402538.8360966598
2024-07-01,Monthly,Bank-bank perdagangan / Commercial banks,5513.095060380002,997.2348416599999,35810.62531299999,1927.87507292,1470.2926519800003,29150.38387501,73562.70752715998,44472.14801541999,16089.951482989996,13000.608028749994,8749.355599169996,7098.238379619999,3242.0175395,5960.032960149998,42933.284191359984,9006.714373449999,4229.36935902,5879.53265796,572.0846906099177,236102.84409294988
2024-07-01,Monthly,Bank-bank Islam / Islamic banks,5795.447486599999,969.1458899600004,19827.731026870006,1864.8508569899998,941.44848073,15760.135034660003,40913.63467806,22653.900205020003,10884.614365090001,7375.120107949995,2687.7254478,6230.613199400002,2134.4827923000007,3960.8714159500005,20212.396584770006,7169.715697390001,3141.9494548699995,6115.198208620001,266.15409562003333,137991.50035059004
2024-07-01,Monthly,Bank-bank pelaburan / Investment banks,2.06383845,59.31070967,92.51219208999999,25.27595051,0.29537762,14.78674152,19.42524321,19.20722898,0.21801423,0.0,35.302265320000004,8.43327749,5.35151933,676.5417210099997,284.59746369999993,240.07270607999996,31.997196220000003,7.50594151,30.788238780000484,1534.26038251
2024-07-01,Monthly,Institusi kewangan pembangunan / Development financial institutions,3070.5130522499994,149.42981472999992,2668.7413516500005,100.69995532999998,61.04490357,5810.006590920001,4154.77961687,2071.2486869300005,1509.6593373299993,573.8715926099999,1908.6395538599998,955.5453910399998,697.1057862300001,299.23884376,722.78964885,347.27719301999997,411.39911321000005,1094.2510863199993,960.5005029399908,23411.962404549995
2024-07-01,Monthly,Jumlah / Total,14381.119437680005,2175.12125602,58399.60988360999,3918.70183575,2473.0814139000004,50735.312242110005,118650.54706529998,69216.50413634999,28484.443199639998,20949.599729309994,13381.022866149993,14292.83024755,6078.957637360001,10896.68494087,64153.067888679994,16763.779969940002,7814.715123319999,13096.487894409998,1829.5275279500056,399040.56723059993
2024-08-01,Monthly,Bank-bank perdagangan / Commercial banks,5528.649893960003,992.3354093000002,35868.41189326999,1912.0958682300004,1484.543739429999,29580.76315432,74176.75209984,45000.50654707999,16052.409250390005,13123.836302370008,8937.186006979995,7124.534155829999,3257.1154746200014,5984.9526611500005,43489.55590624,8941.917045529999,4262.75483478,5958.98202857,572.4346137498505,238072.98478579984
2024-08-01,Monthly,Bank-bank Islam / Islamic banks,5712.385877419999,990.62600323,19662.06097988,1819.5245222399992,972.3287387600002,16018.42992686,41310.0753556,22915.360098719997,10925.350309269998,7469.364947610004,2711.890888589999,6139.8830074299985,2118.826469879999,3856.4201145100005,20834.981157580005,7148.789113540002,3171.6405621100007,6101.0917966,269.1987602598965,138838.1532744899
2024-08-01,Monthly,Bank-bank pelaburan / Investment banks,3.51288806,59.39426584,84.77994594000002,25.27553271,0.29538113,19.39145886,14.980518110000004,14.655478130000002,0.32503998,0.0,38.71045228,8.428610619999999,8.60617259,688.1980743600001,294.74885956,240.35736817999998,30.45845158,9.32649227,30.768947530000105,1557.23341962
2024-08-01,Monthly,Institusi kewangan pembangunan / Development financial institutions,3054.949165630001,151.58926838000005,2722.72241303,98.72979723999998,60.701656090000014,5945.78853543,4155.042793299998,2066.2369905599994,1504.3977423999986,584.4080603400002,1898.8370041900002,972.0654106700003,783.95772311,298.74107484000007,715.0509749800004,350.40077113,411.0012170999999,1102.2896966199999,946.1726219599987,23668.040123700004
2024-08-01,Monthly,Jumlah / Total,14299.497825069997,2193.9449467500003,58337.97523212,3855.6257204200006,2517.8695154099996,51564.37307547,119656.85076684998,69996.75911448999,28482.48234204,21177.609310319982,13586.624352039995,14244.91118455,6168.5058401999995,10828.311924860005,65334.33689836001,16681.46429838,7875.855065570002,13171.690014060001,1818.5749434998143,402136.41160360974
2024-09-01,Monthly,Bank-bank perdagangan / Commercial banks,5434.334135089998,999.9850269899998,36466.07528910999,1904.8047727599999,1454.1423051000004,29862.465844870003,74790.52367192997,45118.89104986,16163.816301009989,13507.816321059981,8438.79190972,7134.641268920002,3284.657267670001,6344.76767865,43078.63982214,8965.618998009999,4237.774731999999,5946.08533591,569.0533792700444,238912.36143814
2024-09-01,Monthly,Bank-bank Islam / Islamic banks,4902.868835029997,962.0651829400003,19919.324626180005,1821.48344062,999.27052286,16258.650995859996,41586.41350214,23061.22649226001,11006.590531709993,7518.596478169995,2727.3569297999998,6175.63787923,2128.07790306,3852.7855655600006,21311.97234561001,7136.414969109998,3195.1913028699987,6117.680041690001,272.7761401098687,139367.97018266987
2024-09-01,Monthly,Bank-bank pelaburan / Investment banks,18.14790904,59.476152490000004,84.35669565,25.270589090000005,0.29534504,18.297168399999997,13.512880500000001,13.148137360000002,0.36474314,0.0,39.53338923999999,7.47458913,7.70501367,685.0027183800001,298.91370020000005,236.66780781,30.55162595,7.40745333,30.75974641999983,1563.3727843400002
2024-09-01,Monthly,Institusi kewangan pembangunan / Development financial institutions,3110.77359646,147.27411995,3027.042629989999,98.47555701,63.26731759,5970.722849439998,4325.1363699,2206.8880880500005,1536.3147287699996,581.9335530799999,1909.1775088600011,976.2690071300001,754.9771637800002,299.6884107799999,711.2839598200002,352.5298089,413.2085368500001,1101.8097022800005,934.6754803599943,24196.31201909999
2024-09-01,Monthly,Jumlah / Total,13466.124475619998,2168.80048237,59496.799240930006,3850.03435948,2516.9754905899995,52110.13685857,120715.58642447,70400.15376753002,28707.086304629982,21608.346352310007,13114.85973762,14294.022744410004,6175.417348180002,11182.24437337,65400.809827770005,16691.23158383,7876.726197670001,13172.982533210003,1807.264746159839,404040.01642424986
2024-10-01,Monthly,Bank-bank perdagangan / Commercial banks,5503.266168130001,916.6865442999998,36535.70972491999,1916.6277405100006,1475.9419862199993,29857.555913869997,74717.10273169,44893.80617039999,16175.848226410002,13647.448334880006,8554.21114688,7307.805270050001,3372.3544493700006,6448.355911350001,43668.235629380026,8929.36245729,4288.331677750001,5939.272004009999,570.4177006896934,240001.23705640977
2024-10-01,Monthly,Bank-bank Islam / Islamic banks,4950.763188739996,953.2678199799999,20012.661113399998,2093.3397235800003,1102.7578980500004,16391.889933100003,41977.04595589,23235.772275699997,11033.900723210001,7707.372956979998,2773.617160829999,6129.52047035,2133.59705286,3848.881844739999,21074.617472399997,7135.68852953,3256.70299554,6101.640492679999,276.18351488994085,140212.17516655993
2024-10-01,Monthly,Bank-bank pelaburan / Investment banks,16.09958387,59.43474192,79.79705863,25.27531932,0.29531815,17.575646289999998,14.68466537,13.29712683,1.19573835,0.19180019000000037,40.52752614999999,6.071328449999999,8.97659819,681.7803267500001,297.98809398000003,236.19878303,30.49253875,7.362414920000001,29.104010209999842,1551.6639539799999
2024-10-01,Monthly,Institusi kewangan pembangunan / Development financial institutions,3149.648994329997,150.69470742999994,3050.7659389799996,99.06886761999999,63.39513783,6006.595618349999,4380.397739490002,2248.5259446600003,1548.010667710001,583.8611271200007,1937.8793636600003,1002.6676687500001,760.8023376900001,301.7070294399999,662.4294344499997,343.25981042,416.74598334999996,1107.95189866,920.8867810500124,24354.897311500015
2024-10-01,Monthly,Jumlah / Total,13619.777935069997,2080.0838136299994,59678.93383592999,4134.3116510300015,2642.39034025,52273.617111609994,121089.23109244001,70391.40151759,28758.955355680006,21938.87421917,13306.235197519998,14446.064737600002,6275.730438109998,11280.725112279999,65703.27063021003,16644.50958027,7992.27319539,13156.22681027,1796.5920068397536,406119.9734884497
2024-11-01,Monthly,Bank-bank perdagangan / Commercial banks,5547.920248959998,933.6773832699998,36363.1381553,1945.0005025100006,1499.28649157,29550.359921579984,75001.56842465,44982.893555500006,16208.718003140004,13809.95686600999,9480.295922669997,7042.37840771,3313.3835301599993,6490.140231849997,44475.631703560015,8942.486939940001,4321.949718040001,5915.94072437,651.3343997601769,241474.49270590016
2024-11-01,Monthly,Bank-bank Islam / Islamic banks,4745.69014308,968.7428254100004,20235.509539470004,2115.0560295,1141.33618578,16709.891492870003,42224.60332205001,23325.908503270006,11027.701865780007,7870.992952999994,2811.448397459999,6273.115189130003,2177.6015277099996,3934.677346299997,21369.828670599985,7022.989638370001,3258.4786678999994,6139.88627809,247.28157722990727,141376.13683094992
2024-11-01,Monthly,Bank-bank pelaburan / Investment banks,19.88557824,59.51550028,80.07155435000001,25.260961390000002,0.29529312,27.45917269,15.999262090000002,14.629039120000002,1.17804007,0.1921829000000006,42.20065482,6.10118083,9.29193755,685.2479358799999,300.85623362000007,229.02133614,31.424846030000005,6.3912106500000005,39.120346400000244,1578.14300408
2024-11-01,Monthly,Institusi kewangan pembangunan / Development financial institutions,3142.28214933,149.7219424600001,3053.2386875800025,99.06882050000002,69.66809821,6000.874164459997,4470.369127959998,2310.28323406,1566.4185743199985,593.6673195799995,1924.7873528200003,1031.40103184,814.3823258600002,299.52478922,666.3040636799999,343.5284454199999,417.5399245200001,1083.41830239,909.5969883899779,24475.706214639973
2024-11-01,Monthly,Jumlah / Total,13455.778119609999,2111.65765142,59731.95793670002,4184.3863139000005,2710.5860686799997,52288.584751599985,121712.54013675003,70633.71433195003,28804.016483310006,22274.80932149,14258.732327769996,14352.995809510003,6314.659321279999,11409.590303249994,66812.62067146,16538.02635987,8029.393156490001,13145.6365155,1847.3333117799484,408904.47875557
2024-12-01,Monthly,Bank-bank perdagangan / Commercial banks,5570.16561734,914.5548977900002,36368.982193259995,1955.4056626600013,1472.7527158900002,29618.65828325,75947.95436137,45741.81608978001,16235.163438769992,13970.974832819993,9349.141037340003,7153.098238420001,3465.44890173,7870.804408729996,44738.22865456002,9062.027852850002,4425.24399266,5929.13456702,639.1832067698706,244480.7845916399
2024-12-01,Monthly,Bank-bank Islam / Islamic banks,4795.756554979997,987.8388679699998,20596.607344270007,2132.915032510001,1152.21153726,16674.499398400003,43014.88542004002,23684.29586023001,11047.216844980001,8283.372714830002,2778.7512869199986,6450.715588240002,2205.90935104,4110.940840029999,21725.30256060999,7028.951780859999,3279.6680493900008,6216.280480029998,250.82291026011808,143402.05700281012
2024-12-01,Monthly,Bank-bank pelaburan / Investment banks,22.616413549999997,58.8477491,80.31608159999999,25.2752932,0.29532433,39.5788239,14.24265764,12.897264669999998,1.1563851200000002,0.1890078500000012,48.784217809999994,16.49422903,9.384267370000002,679.3117032200001,301.2958385200001,228.16671502999998,31.528611989999998,6.13704977,39.05885759999933,1601.3338336599995
2024-12-01,Monthly,Institusi kewangan pembangunan / Development financial institutions,3199.453704939999,156.68205865000004,3215.14279798,110.6414288,67.95563039,5279.487301000002,4585.503677999999,2381.4848210199993,1601.47273928,602.5461176999997,1935.34933836,1053.38250361,903.28990688,226.16726513,604.4814290799999,342.06803646,412.65353781,1115.6964759299995,899.2738379599796,24107.228930979978
2024-12-01,Monthly,Jumlah / Total,13587.992290809998,2117.92357351,60261.04841710999,4224.237417170001,2693.21520787,51612.223806550006,123562.58611705,71820.49403570002,28885.009408149996,22857.082673199984,14112.025880430003,14673.690559300005,6584.032427019999,12887.224217109993,67369.30848277001,16661.2143852,8149.094191849999,13267.248572749999,1828.3388125900528,413591.4043590901
2025-01-01,Monthly,Bank-bank perdagangan / Commercial banks,6699.965737160002,927.2372751900001,36246.04720131,1962.9575148900003,1488.3863026699994,30246.925055620002,75175.64291868999,45242.30012933,16238.448951689994,13694.893837670003,9358.365950429998,7155.185025690001,3521.8157271700006,7757.132061940001,45300.49357074002,8952.019637599999,4518.4398270599995,5898.055725170001,634.8380186802533,245843.50755001025
2025-01-01,Monthly,Bank-bank Islam / Islamic banks,4742.93975854,989.1181919899999,20720.1303246,2131.321682360001,1175.9277836799997,16676.50546782,42775.341014690006,23684.569350539998,10984.81366914,8105.957995010009,2814.96391558,6538.60827754,2192.76528103,4162.953025850001,21777.994221309993,7128.252607030002,3276.1270435000006,6238.062818020001,245.50018170004478,143586.51159524004
2025-01-01,Monthly,Bank-bank pelaburan / Investment banks,24.14410486,58.90470338,81.82071892,25.27559764,0.29532744,39.68264421,34.874477420000005,33.42095144,1.2662268900000002,0.18729909000000333,51.06796387999999,16.5266942,13.12923282,606.32926255,308.32154384000006,225.60006934999998,31.483122150000003,7.472999730000001,37.326713219999874,1562.2551756100002
2025-01-01,Monthly,Institusi kewangan pembangunan / Development financial institutions,3064.22427893,150.16678213,3225.5060923299984,103.47400299,59.11484704,5292.133856700003,4610.152974339998,2401.2757360599985,1620.25336959,588.6238686899997,1934.38751378,1061.5323066800001,884.9818752699998,199.99310372000002,604.5715961500001,345.32503111999995,419.5646658299998,1104.79828065,875.6065774599992,23935.53378512
2025-01-01,Monthly,Jumlah / Total,14531.273879490003,2125.42695269,60273.50433715999,4223.028797880002,2723.72426083,52255.24702435001,122596.01138513998,71361.56616737,28844.78221730999,22389.66300046,14158.785343669999,14771.852304109998,6612.692116290001,12726.407454060001,67991.38093204002,16651.1973451,8245.61465854,13248.389823570004,1793.2714910602663,414927.8081059803
2025-02-01,Monthly,Bank-bank perdagangan / Commercial banks,6640.61414922,891.9024715699996,36199.48820597999,1954.21120983,1457.6536431199995,30285.302439299998,74539.33191927003,44566.81093398003,16248.299799550005,13724.221185739996,9037.970359960002,7156.117572170001,3473.9233067899995,7194.08970558,45288.7320002,8964.68622571,4471.260638490001,5927.53029142,639.610836649983,244122.42497526
2025-02-01,Monthly,Bank-bank Islam / Islamic banks,4907.880280090001,978.4990159500001,20882.01239276,2106.59876515,1195.2163851699997,16768.456115349993,42998.36123045999,23807.101923109993,11064.887302370005,8126.372004979989,2845.6656696800005,6692.228624409998,2101.275875970001,4057.1840409700008,22063.821835900002,7141.00860154,3296.0885477599995,6227.1072774099985,243.80099521993543,144505.20565378992
2025-02-01,Monthly,Bank-bank pelaburan / Investment banks,23.902555,58.97435209,81.88138328,25.25614082,0.28942947999999996,38.727046980000004,17.16463016,11.50859412,0.45504847,5.200987570000002,50.91559926,16.357793570000002,11.24994948,593.8341905300001,311.99872413,225.2269354,31.097398719999997,7.1947904,37.31069265999963,1531.3816119599999
2025-02-01,Monthly,Institusi kewangan pembangunan / Development financial institutions,3048.269833239999,159.41816820999998,3242.609021069999,104.71588009999994,63.77919728000002,5305.320786189998,4655.26669037,2419.58143566,1648.5237440700002,587.16151064,1962.5198062000006,1085.9712448699997,885.8168648100001,207.07264655,604.8279100100001,340.38714330999994,421.21387355999997,1105.4153602300003,861.6972019300374,24054.301627930035
2025-02-01,Monthly,Jumlah / Total,14620.666817550004,2088.794007819999,60405.99100309001,4190.7819959,2716.93865505,52397.80638781999,122210.12447026002,70805.00288687003,28962.165894460006,22442.955688929986,13897.071435100002,14950.67523502,6472.265997050001,12052.180583630001,68269.38047024,16671.308905960002,8219.660458530001,13267.24771946,1782.4197264598915,414213.31386893993
2025-03-01,Monthly,Bank-bank perdagangan / Commercial banks,6713.802142950001,891.2592173300001,36363.79328778999,1960.9272503000002,1478.4117966100005,30195.72886497001,75489.65420947,45230.03029835001,16376.232012570006,13883.391898549984,9152.966728510002,7082.22641882,3411.8125175699997,8225.013385230002,45623.27116928002,9062.284014199997,4505.953706709999,5875.20260831,655.0308990699123,246687.33821711998
2025-03-01,Monthly,Bank-bank Islam / Islamic banks,4986.775407799999,1060.97429842,20875.70211014,2092.9753266100015,1193.1883777400005,17106.872420949996,43203.54036697999,23952.61629209,11045.806638280003,8205.117436609995,2926.509391080001,6625.672098870002,2202.0019763400005,4351.8903016799995,22676.68972570001,7137.563176930002,3309.76151373,6270.436685619999,244.75070751004387,146265.30388610004
2025-03-01,Monthly,Bank-bank pelaburan / Investment banks,24.40748807,58.953596,84.18944725,25.108569560000003,0.28960316999999997,37.14686499,17.11934467,11.569289679999999,0.34699999,5.203055000000001,53.79613912,16.71608668,11.81196087,586.0132177999998,329.8106106,233.12249720999998,18.65162661,7.21763412,37.316183299999466,1541.670870019999
2025-03-01,Monthly,Institusi kewangan pembangunan / Development financial institutions,3026.5252659399994,159.38788636999996,3281.0650927600022,103.18923235000003,60.23167568000001,5289.367029050001,4758.789988380002,2482.2679910000015,1663.501841010001,613.0201563699993,1964.0455884299997,1141.2114421899994,895.7054943400001,222.54469098000007,560.4185418800001,335.0777876199999,419.6909374899998,1061.28128868,850.9011656300027,24129.433107770008
2025-03-01,Monthly,Jumlah / Total,14751.51030476,2170.57499812,60604.74993794,4182.200378820002,2732.1214532000013,52629.11517996001,123469.1039095,71676.48387112001,29085.887491850015,22706.732546529965,14097.317847140002,14865.826046560001,6521.331949120001,13385.461595690002,69190.19004746003,16768.04747596,8254.05778454,13214.138216729996,1787.9989555100328,418623.74608101003
2025-04-01,Monthly,Bank-bank perdagangan / Commercial banks,6636.591114250002,938.14056765,37028.63830173,1932.83140411,1493.670407300001,30128.719569509994,75032.49966371003,44989.928503500014,16233.901393300006,13808.66976691001,9512.897039209998,6982.801280229996,3509.37332249,8406.813901629996,45140.920047819985,8919.563021629996,4487.024271479999,5922.09744072,667.1783945699572,246739.75974803994
2025-04-01,Monthly,Bank-bank Islam / Islamic banks,4995.643792329999,1077.0750980399991,20847.559975779997,2206.776127730001,1199.0782709900002,17188.300859130006,43236.657127700004,23985.118040520007,11120.778608389994,8130.760478790005,2947.9780528099986,6700.8150604,2185.0899960099996,4532.19622285,22638.307756770002,7127.330533289998,3317.5731848100004,6225.550405820001,250.77508964011213,146676.70755410008
2025-04-01,Monthly,Bank-bank pelaburan / Investment banks,22.52217115,59.12447446000001,83.19736253999999,25.10176605,0.28950741999999996,41.04011199999999,16.22082845,10.678626809999999,0.33983885999999996,5.20236278,90.66302939,16.665820309999997,9.52045717,555.5023311599997,389.59780739999997,232.42535128999998,19.28331006,7.437077009999999,36.00102426000035,1604.59243012
2025-04-01,Monthly,Institusi kewangan pembangunan / Development financial institutions,2920.6718446899995,160.22340563,3304.071463050001,122.94961279,61.69644358999998,5213.160755019997,4788.256591000002,2515.8934253300017,1654.90865952,617.4545061500003,1970.297984249999,1156.5621969100005,891.5630794999998,220.55654268,561.19991865,331.27722420999993,413.63710754999994,1083.1717211700004,839.8521693199946,24039.14806000999
2025-04-01,Monthly,Jumlah / Total,14575.428922420002,2234.5635457799995,61263.46710310002,4287.65891068,2754.734629300001,52571.22129565999,123073.63421086005,71501.61859616001,29009.928500070007,22562.087114630034,14521.836105659999,14856.84435785,6595.546855170001,13715.06899832,68730.02553063998,16610.596130419995,8237.5178739,13238.256644719999,1793.8066777900094,419060.20779227
2025-05-01,Monthly,Bank-bank perdagangan / Commercial banks,6700.697062339997,926.7989700300002,36995.01423841999,1887.2526721899992,1478.6446348900001,30462.845259240003,75228.47007396,44975.46799616999,16333.649047960007,13919.353029830003,9633.958198470002,7004.223315309998,2850.4799799899997,8527.46998148,45210.11315998002,8927.453796900001,4676.338464899999,5834.431262959999,670.1040575698426,247014.29512862983
2025-05-01,Monthly,Bank-bank Islam / Islamic banks,4941.08759994,664.1295518099998,20810.541734290007,2307.73191301,1207.8499249300005,17665.803001649998,43297.04349718001,24208.95539316002,11034.082230869997,8054.005873149996,2951.47009579,6761.059033179999,2227.15910171,4976.415549199995,22613.11817139,7173.612856610002,3310.22857982,6248.56874607,252.50817600995651,147408.32753259
2025-05-01,Monthly,Bank-bank pelaburan / Investment banks,22.635022560000003,59.17754308999999,83.00350129999998,24.795705390000002,0.28954198,41.018880659999994,16.19089706,10.672383550000001,0.32069823999999997,5.1978152699999995,92.9964772,16.614108809999998,12.422709529999999,556.1438802800001,400.5619063500001,232.82836053000005,19.4730045,7.565116970000001,35.99067114999957,1621.7073273599997
2025-05-01,Monthly,Institusi kewangan pembangunan / Development financial institutions,2969.303270529999,157.38377628000003,3303.1755501600005,124.6284365,61.484890629999995,5233.340596280001,4782.899249460001,2521.923544370001,1649.3534452200001,611.6222598699997,1956.4252552399998,1190.5826237099998,868.1949162,217.26689983,559.1596671300001,323.84771218,405.83136084000006,1101.1416757499999,834.5823591399967,24089.248239859993
2025-05-01,Monthly,Jumlah / Total,14633.722955369993,1807.4898412100001,61191.73502416999,4344.408727089999,2748.2689924300007,53403.007737830005,123324.60371766002,71717.01931725001,29017.40542229,22590.178978120006,14634.8500267,14972.479081009997,5958.2567074300005,14277.296310789996,68782.95290485001,16657.742726220004,8411.87141006,13191.70680175,1793.1852638699347,420133.5782284399
2025-06-01,Monthly,Bank-bank perdagangan / Commercial banks,6663.330510919997,924.77365296,37137.44559497999,2023.8506027299995,1474.1227937399995,30696.061819520004,76051.75205627001,45560.90078214,16425.61313393001,14065.238140200003,9888.36762466,7071.43245128,2961.8012164099987,8668.74150711,46759.77945778001,9084.549977890001,4720.78836316,5830.742243649998,708.1135280197195,250665.65340107976
2025-06-01,Monthly,Bank-bank Islam / Islamic banks,4993.301186379998,641.71199932,21335.553566389997,2345.1598359900004,1117.6426243900005,18082.910054689997,43450.68709137,24319.15167428,11061.0071662,8070.528250889998,2973.1466257199995,6847.266747500001,2214.66525344,5496.347176169997,23543.476529139996,7183.930011650003,3379.6803684000006,6289.020022289999,247.62318443018012,150142.12227727016
2025-06-01,Monthly,Bank-bank pelaburan / Investment banks,33.05805016,57.718233,82.62743603999999,24.93982164,0.28951402000000004,39.90746985,23.58658962,11.06108894,7.343633380000001,5.1818673,93.70825416,21.08696304,11.56924607,567.6416438199999,428.53980961999997,232.27044167000003,21.18439213,7.61256837,35.98040822999974,1681.7208414399997
2025-06-01,Monthly,Institusi kewangan pembangunan / Development financial institutions,3037.5742578799995,153.34828106999998,3257.6162564700007,127.69604188000002,64.22161272000001,5300.005764879999,4776.3740769099995,2497.2948095899997,1653.6481413100005,625.4311260099994,1955.5868240800003,1207.57956391,862.61478295,221.48346126999994,574.5646915899999,322.3388584000001,407.6236666400001,1092.1076351499999,812.4452090400046,24173.180984840004
2025-06-01,Monthly,Jumlah / Total,14727.264005339995,1777.5521663499999,61813.24285387998,4521.646302239999,2656.2765448699997,54118.88510894,124302.39981417003,72388.40835495,29147.61207482001,22766.379384400017,14910.809328619998,15147.36572573,6050.65049887,14954.213788369994,71306.36048813,16823.089289610005,8529.27679033,13219.482469459997,1804.1623297198676,426662.6775046299
2025-07-01,Monthly,Bank-bank perdagangan / Commercial banks,6561.52813519,1006.4639151,37125.38121703999,2034.8437963699998,1431.3880651200004,30670.90680533001,77193.94372041995,46286.55883375997,16435.69176949,14471.693117169983,9868.040254579999,7032.49894211,2966.8179111299996,8608.120688910001,46545.53207498999,8917.524735869998,4697.7542836699995,5858.39197767,736.4370493202878,251255.5735728202
2025-07-01,Monthly,Bank-bank Islam / Islamic banks,4998.0233478499995,647.2625220200002,21451.75758379,2128.2924319,1002.7615842900001,18601.931279689994,43469.34653324001,24249.27071870999,11120.554846810013,8099.520967720004,2999.734319869999,6860.558624510002,2392.9101112799995,5661.9434507,23450.918212909997,7120.29171699,3409.531779370001,6273.303363900001,255.57118791007088,150724.13805022006
2025-07-01,Monthly,Bank-bank pelaburan / Investment banks,32.61538754,57.07481546,82.97355784,24.94584047,0.28954872,39.669973729999995,24.838903719999998,12.32049825,7.35154408,5.1668613899999976,93.77477326999998,20.93095548,12.66985372,572.9113040400001,429.76827749999995,234.19194138000006,21.15310932,7.514853419999999,35.96536097000012,1691.2884565800005
2025-07-01,Monthly,Institusi kewangan pembangunan / Development financial institutions,3050.253070500001,156.87401082,3262.9013237500003,128.2541313,61.92138639999998,5331.946003729998,4759.4595644500005,2484.77600684,1648.924160990001,625.7593966200002,1949.2444829200008,1217.6858685200002,865.8144334000001,218.39477079000005,580.9254014400002,336.6997754,408.90175358000005,1099.77204243,804.289702850001,24233.337722279997
2025-07-01,Monthly,Jumlah / Total,14642.41994108,1867.6752634000002,61923.01368242001,4316.33620004,2496.3605845300003,54644.45406248001,125447.58872182993,73032.92605755995,29212.52232137,23202.140342899977,14910.793830639996,15131.67439062,6238.212309529997,15061.370214440003,71007.14396683998,16608.708169640002,8537.340925939998,13238.982237420003,1832.2633010502905,427904.3378019002
2025-08-01,Monthly,Bank-bank perdagangan / Commercial banks,6593.696075179996,908.6977826399997,37833.1501088,2045.2972841799997,1424.0288024200001,30601.54151025,76849.33744886002,45722.64031397003,16480.329759880005,14646.367375009992,10007.323158409998,7463.9425195500025,3015.3246291600008,8733.073504349999,47186.210523969996,8767.368129049999,4736.194196809999,5790.53071113,751.6326820897812,252707.3490668498
2025-08-01,Monthly,Bank-bank Islam / Islamic banks,4946.54198252,640.96618362,21470.566330989994,2835.502177230001,1010.9462113100004,19240.80371464,43534.02681824999,24315.730973759994,11140.148502930002,8078.147341559998,3013.6571357799994,6753.111798900001,2519.83753371,5811.4254413800045,23657.880367549995,7224.77415464,3487.8121454899997,6212.456380350001,254.51770319000934,152614.82607955
2025-08-01,Monthly,Bank-bank pelaburan / Investment banks,32.67231669,57.95405857,83.09838121999998,24.92223453,0.28955227,44.3205892,24.80101388,12.27755825,7.35729193,5.1661636999999985,100.78761,20.78757621,12.69772665,564.0424618900001,435.75075581999994,240.11381042000002,20.328380600000003,7.50097693,35.93403942999953,1706.0014843099996
2025-08-01,Monthly,Institusi kewangan pembangunan / Development financial institutions,3077.0627755299993,114.90311464000001,3212.6448663900005,128.99285564,70.68270745000001,5342.363562729999,4727.7239302200005,2473.65717995,1637.57925418,616.4874960900006,1936.4876211199999,1236.4274235899998,982.6332754199999,220.01426694999995,374.0550988499999,336.7964695499999,403.7527195100001,1040.0076540599998,795.6008936499893,24000.14923529999
2025-08-01,Monthly,Jumlah / Total,14649.973149919997,1722.5211394699998,62599.45968739998,5034.714551580002,2505.9472734500005,55229.02937681999,125135.88921121001,72524.30602593003,29265.41480892001,23346.168376359972,15058.255525309998,15474.269318249999,6530.4931649400005,15328.555674570003,71653.89674618999,16569.05256366,8648.08744241,13050.49572247,1837.685318359756,431028.32586600975
2025-09-01,Monthly,Bank-bank perdagangan / Commercial banks,6711.566765910004,946.7395213699997,38122.74298414999,2066.1166850599984,1456.3523071299994,31347.614471129997,77521.71043033,46286.372956430016,16515.682968839992,14719.654505059996,10026.47521626,7357.71351302,2650.270378360001,8742.58422406,46624.510615259984,8714.636376699998,4744.830448750002,5957.9950622,760.6555723002821,253752.51457199026
2025-09-01,Monthly,Bank-bank Islam / Islamic banks,5010.723617620002,639.9084798099999,21616.78442636,2784.09203516,1026.7514389299997,19498.513032640003,43495.711374700004,24230.59240311,11201.912605630003,8063.206365960003,3010.45999696,7007.497398179999,2451.758472859999,6227.2338986899995,23553.33927157999,7318.6121969000005,3516.10441547,6229.0672222600015,252.44654050009558,153639.0038186201
2025-09-01,Monthly,Bank-bank pelaburan / Investment banks,32.05824805,58.33131418,82.79720607,24.75613084,0.28951891999999996,21.217494560000002,53.39825135,40.9189875,7.313986890000001,5.16527696,103.90168865,23.06034585,12.701962559999998,586.2653758899999,453.98781451999986,238.02938243,19.868148830000003,7.43104891,35.92156827000008,1754.0154998799999
2025-09-01,Monthly,Institusi kewangan pembangunan / Development financial institutions,3096.845634729999,107.04477571000002,3240.71414034,125.63857643999998,74.82009177999998,5307.441792210001,4715.71133924,2477.0053608900002,1628.48239003,610.2235883199992,1920.2275536000002,1276.18470489,971.09686546,211.15829037000003,399.53401636999996,333.64451916999997,402.56327633999996,1021.64569053,785.675678870015,23989.946946050015
2025-09-01,Monthly,Jumlah / Total,14851.194266310002,1752.0240910699997,63063.038756919996,5000.603427499997,2558.21335676,56174.78679054,125786.53139562001,73034.88970793001,29353.39195139,23398.2497363,15061.064455470001,15664.455961939999,6085.827679240001,15767.241789009999,71031.37171773001,16604.922475199997,8683.36628939,13216.1390239,1834.6993599402485,433135.4808365403
2025-10-01,Monthly,Bank-bank perdagangan / Commercial banks,6803.394155689999,885.3420632499999,38331.91825398001,2152.082534560001,1476.7322417999997,31757.23226501001,76098.02085605999,44889.03027161999,16484.822139930006,14724.168444509996,10225.343698710003,7327.810799170002,2647.059257260001,8701.419646079998,46941.9928429,8582.303977309999,4793.78825869,5920.88885852,774.460446579993,253419.79015556996
2025-10-01,Monthly,Bank-bank Islam / Islamic banks,5033.67091137,652.9867778999998,21640.65024878,2908.93917806,1023.2245916600001,18887.11978819,43752.97071507999,24361.60231390999,11208.06463203,8183.303769140002,2987.473475790001,7207.506724629996,2493.5047596199997,6380.769775310002,24514.511400469986,7221.188268229999,3566.4499289500004,6223.45017444,255.63344072006294,154750.05015920004
2025-10-01,Monthly,Bank-bank pelaburan / Investment banks,31.35534089,56.92237617,82.43072516999999,24.76437236,0.28948122,23.65735363,24.726553380000002,12.31904572,7.214075530000001,5.1934321300000015,103.86758924000002,23.00829279,11.50915058,573.5492772900002,455.0929654699999,236.45354581,20.058105939999997,7.212202919999999,32.790298030000486,1707.6876308900003
2025-10-01,Monthly,Institusi kewangan pembangunan / Development financial institutions,3094.76093805,115.72179974000002,3244.091943289999,123.78832184000005,67.21847545000001,5361.49126401,4740.337697910001,2507.844386350001,1615.5018219600006,616.9914895999991,2001.62044862,1273.5810217100006,963.44061878,222.53538962000005,404.3792771800001,332.89363164,399.35038817,1018.9181444900003,785.9884588299828,24150.117819329986
2025-10-01,Monthly,Jumlah / Total,14963.181345999996,1710.9730170599998,63299.09117122001,5209.57440682,2567.46479013,56029.500670839996,124616.05582242997,71770.79601759998,29315.602669450003,23529.657135379995,15318.305212360005,15831.9068383,6115.513786240001,15878.2740883,72315.97648602,16372.839422989999,8779.646681750002,13170.46938037,1848.8726441601175,434027.6457649901
2025-11-01,Monthly,Bank-bank perdagangan / Commercial banks,6848.237686770002,916.9237775999998,37800.91157525001,2921.6182835299996,1501.59461136,31593.96910183999,76201.73634276999,45008.33388655997,16420.257894180002,14773.144562030015,10445.962213470002,7240.98957371,2675.9735170500003,8482.06610611,47624.50070802,8457.001546079999,4796.55845687,5859.444464269999,779.9345612599573,254147.4225259599
2025-11-01,Monthly,Bank-bank Islam / Islamic banks,4821.70373741,649.32646656,21239.46615711,2363.2148291599997,988.9537093099997,18951.22366251,44178.54982422002,24609.433461220022,11217.883843470001,8351.23251953,3035.6225181900004,7174.1186939300005,4080.121650220001,6348.51270343,24704.079851630013,7252.129701219999,3568.6933020100005,6087.592491220001,255.2856453199347,155698.59494344998
2025-11-01,Monthly,Bank-bank pelaburan / Investment banks,31.526668540000003,56.980502410000014,82.22799160000001,24.75529705,0.28945663,23.78735704,24.80865829,12.44338756,7.19921796,5.16605277,103.80243297,21.96385667,6.499166210000001,548.3486448399999,455.1215866499999,235.29147195,20.011311059999997,32.45439602,32.80601863000038,1700.6748165600004
2025-11-01,Monthly,Institusi kewangan pembangunan / Development financial institutions,3093.7031855899995,111.55247380999998,3241.2453858099993,122.91774382999995,66.64703686,5455.9155225099985,4760.061445679999,2528.8383998199997,1617.09056727,614.1324785899997,2002.0814012200005,1258.5882133100001,1004.63060794,245.79294635999986,409.46200002,324.38378345,425.54595596,1019.9359419700002,786.9566584399981,24329.420302759994
2025-11-01,Monthly,Jumlah / Total,14795.17127831,1734.78322038,62363.851109769996,5432.506153570001,2557.48481416,56024.895643899996,125165.15627096001,72159.04913515999,29262.431522880004,23743.675612920008,15587.46856585,15695.66033762,7767.2249414200005,15624.720400740003,73193.16414632,16268.806502699998,8810.8090259,12999.427293480001,1854.9828836498782,435876.11258872994
2025-12-01,Monthly,Bank-bank perdagangan / Commercial banks,7031.685638759998,882.8957552100001,37326.76924461001,2783.8394995600015,1537.65734941,31887.59839468,76880.01507803,45466.41864882,16561.395036409995,14852.201392800009,10666.044504559997,6776.1426913000005,2710.3035324600005,8499.952942430002,46949.53441628998,8551.228875660001,4782.910765510001,5711.934078870001,801.0396097601042,253779.55237710007
2025-12-01,Monthly,Bank-bank Islam / Islamic banks,4911.799038019999,696.5954736300001,21409.825297649993,2552.5419780399993,1012.3594841199999,19674.13522258,44525.43230924,25000.338993619996,11253.707333190001,8271.385982430002,3084.3721280100003,7224.271168150001,4067.62788434,6369.723169420001,25512.66883754999,7399.512411350001,3555.921320459999,5894.7462235600005,256.18428608984686,158147.71623220987
2025-12-01,Monthly,Bank-bank pelaburan / Investment banks,24.40643719,57.04063677,81.72074178999999,24.764019899999997,0.2894894,24.89065453,24.77803036,12.46588633,7.145416380000001,5.166727649999999,104.61720366000002,23.900548620000002,4.94389787,684.6035926800001,461.4339789000001,231.26014951,20.04587973,32.463310299999996,32.79311342000028,1833.9516846300007
2025-12-01,Monthly,Institusi kewangan pembangunan / Development financial institutions,3090.8429909899996,108.52814816,3222.6326917,137.11213583999998,80.35791333000002,5281.789285709997,4742.07341273,2522.65535502,1606.81970142,612.5983562900001,1996.2288962599987,1328.02862657,1015.08972441,238.61897131999999,338.3502699699999,319.87970701999996,437.01540221,1026.8370547299999,786.2198993999918,24149.60513034999
2025-12-01,Monthly,Jumlah / Total,15058.734104959995,1745.0600137700003,62040.94797575001,5498.257633340001,2630.66423626,56868.4135575,126172.29883036,73001.87888378999,29429.067487399996,23741.35245917001,15851.262732489999,15352.343034640004,7797.96503908,15792.89867585,73261.98750270998,16501.881143540002,8795.89336791,12665.980667460002,1876.2369086698745,437910.8254242899
2026-01-01,Monthly,Bank-bank perdagangan / Commercial banks,6951.271214179998,1108.4723556,37056.41829739999,2789.074610710001,1493.8498066299999,32219.60144393001,75775.88458565006,44488.11953308004,16528.263443720007,14759.501608850012,10525.21062762,6829.209134850002,2674.5884601600005,8518.282682070001,47559.74945024001,8636.25818679,4803.50017748,5634.850512429999,801.5917315595725,253377.81327729966
2026-01-01,Monthly,Bank-bank Islam / Islamic banks,4773.86791237,656.7471145599999,21637.94134562,2517.35237013,1012.83664229,19653.004023959995,44398.90066909001,24977.16994274,11192.608344010005,8229.122382340007,3148.7882132700006,7214.083191089999,4118.5378129,6613.554251100001,26342.179674599996,7337.15120278,3554.4586610999995,5943.210028519999,255.64766106993193,159178.26077444994
2026-01-01,Monthly,Bank-bank pelaburan / Investment banks,24.06732502,56.94275789,81.25461609,24.76432488,0.28949253,24.32513809,24.71206841,12.41675962,7.128866019999999,5.16644277,104.56994879,24.79238908,4.96440552,698.9658693199999,460.89933826999993,225.46978657,19.94764497,32.538034630000006,31.086480970000366,1839.5896210300002
2026-01-01,Monthly,Institusi kewangan pembangunan / Development financial institutions,3089.9708014099992,107.34136004,3183.7509680400003,136.61982402,87.58305494999999,5237.236024759999,4856.85085691,2648.8049358100006,1601.21876711,606.8271539899997,1974.7663193899994,1323.2727043700002,1000.0066408700003,235.18161786000002,321.36953885,309.85769242999993,437.51593454000005,988.7209154300002,785.54508351002,24075.589337380017
2026-01-01,Monthly,Jumlah / Total,14839.177252979998,1929.5035880900002,61959.36522714999,5467.811129740001,2594.5589963999996,57134.166630740016,125056.34818006006,72126.51117125004,29329.21942086001,23600.617587950008,15753.335109069998,15391.357419389999,7798.097319450002,16065.984420350003,74684.19800195999,16508.73686857,8815.42241809,12599.319491009997,1873.8709571096697,438471.25301015965
2026-02-01,Monthly,Bank-bank perdagangan / Commercial banks,7044.9058167700005,1025.1146183900003,37159.22739652999,2633.38014987,1525.212601440001,31985.662111509988,75794.62151318001,44533.61495561,16408.329033540005,14852.677524030005,10670.85070415,6796.373990239998,2673.9951156899997,8763.38787436,47832.09789957999,8400.462075000001,4762.24465807,5625.287424970002,790.1918355399685,253483.01578529
2026-02-01,Monthly,Bank-bank Islam / Islamic banks,4807.2861047999995,636.7576672099999,21683.17050509999,2529.5286314099994,1033.8543620599996,19931.15465947,44635.77487419998,25081.068287949987,11199.85868201,8354.847904239992,3141.9788765499993,7138.28346849,4130.987731789999,6878.988566180003,27703.838806740005,7372.069571670002,3560.0711711100003,6114.11559048,253.34559229013394,161551.20617955012
2026-02-01,Monthly,Bank-bank pelaburan / Investment banks,21.48789765,56.996334700000006,80.92868958000001,24.75073909,1.10436349,23.57154609,26.13799371,13.867031990000001,7.106415439999999,5.16454628,104.41486602999998,24.697375899999997,4.973534809999999,709.3410246299999,474.86182815999996,208.78915866999995,18.701856579999998,30.614342280000002,31.068886490001205,1842.440437860001
2026-02-01,Monthly,Institusi kewangan pembangunan / Development financial institutions,3096.0433847700006,104.90732876,3193.0151226199996,137.86490831000006,85.22048750999997,5019.506849290001,4806.1182505,2617.13810975,1577.7286925799997,611.25144817,1886.99101267,1282.34380497,1010.7574268200002,206.14781380999997,334.51627883,308.53010993,448.3223890299999,951.6992964899998,786.2174273800229,23658.201891690027
2026-02-01,Monthly,Jumlah / Total,14969.72320399,1823.77594906,62116.34171382999,5325.52442868,2645.3918145,56959.89516635998,125262.65263159,72245.68838529999,29193.022823570005,23823.941422720003,15804.235459399999,15241.698639599996,7820.71380911,16557.865278980003,76345.31481331,16289.850915270003,8789.34007479,12721.716654220001,1860.8237417002092,440534.86429439014
2026-03-01,Monthly,Bank-bank perdagangan / Commercial banks,6900.741086919997,1054.3787773000004,37612.179930310005,2812.3238005499998,1505.2782550600002,32278.474062939993,76380.71518962,44980.76947677999,16520.571332750005,14879.374380089997,10793.116034209997,6923.984175319999,2678.1441362700007,8862.429432819998,48649.97738606999,8276.276152659999,4752.08483912,5682.06378389,799.6875614700548,255961.85460453
2026-03-01,Monthly,Bank-bank Islam / Islamic banks,4790.39579453,622.4294002299999,21818.72930287,2901.9163920000005,1009.9428759900002,19921.881460050005,45010.30820924998,25287.589361179977,11427.942637730004,8294.776210340002,3168.05085058,7186.2323887400025,4167.195712969999,6414.916396949999,27955.80245393,7359.731593569999,3655.42676232,6156.376483239999,250.05957886000397,162389.39565607999
2026-03-01,Monthly,Bank-bank pelaburan / Investment banks,24.862667390000002,57.05536734,80.18461746999999,0.03028913,1.10670855,24.0414407,35.71047704000001,19.069168240000003,11.474866960000002,5.1664418400000045,110.33431927,11.087184979999998,4.99156335,695.6519630600003,472.20328982999996,199.8258599,18.78054022,29.700629029999995,31.077425449999055,1796.6443427099994
2026-03-01,Monthly,Institusi kewangan pembangunan / Development financial institutions,3012.740298699999,103.99966350000005,3185.4512290199987,140.84145944,93.18160937000002,2571.0340141899997,4732.965909709999,2546.81432463,1575.9785664699991,610.1730186100003,1856.1092584199994,3669.113034089999,841.5287712200001,226.47352978999996,374.1257758399999,319.52307633000004,448.6446462599999,990.9137052699998,787.9330756699892,23354.57905681998
2026-03-01,Monthly,Jumlah / Total,14728.739847539991,1837.8632083700002,62696.545079669995,5855.111941120001,2609.509448970001,54795.430977879994,126159.69978561997,72834.24233082999,29535.96740391001,23789.490050879976,15927.610462479997,17790.41678313,7691.86018381,16199.471322619995,77452.10890567,16155.356682459995,8874.93678792,12859.054601430002,1868.75764144992,443502.47366013995
2026-04-01,Monthly,Bank-bank perdagangan / Commercial banks,6932.673996790001,1076.9329892199999,37666.4454011,2633.882455499999,1527.5311653300005,32251.78014186999,76311.67075099,44856.860727930005,16534.211117269995,14920.59890579,10795.382823040001,6919.752610719997,2665.7528300800004,8616.711251190001,49030.26164514001,8209.198898999999,4755.38509741,5702.4167040699995,804.267641240207,255900.04640269023
2026-04-01,Monthly,Bank-bank Islam / Islamic banks,4769.692462020001,643.6915727200001,21778.938293590007,2486.57987029,1028.98042475,20672.524220249998,45002.55795195999,25195.747508199995,11410.099132319998,8396.711311439998,3191.1874231600004,7194.263360000002,2662.48508253,6398.69029484,27002.895974630002,7284.921008420001,3665.7529960800002,6286.611350530001,247.21202531005838,160316.98431108004
2026-04-01,Monthly,Bank-bank pelaburan / Investment banks,26.042747160000005,57.35675739,79.43367282999999,0.03028213,1.10659772,21.208697490000002,37.10531261,20.50040211,11.439101870000002,5.165808629999997,114.36685705,10.784043310000001,4.30260405,683.3055164200001,426.62349859000005,197.53990825999995,18.70747308,28.48614308,29.76686146999964,1736.1669726399996
2026-04-01,Monthly,Institusi kewangan pembangunan / Development financial institutions,3021.0536063500012,107.00349065999998,3141.8169106099995,146.23563797,88.0133971,2577.73000528,4678.20966084,2497.6125300699996,1571.0443226800003,609.5528080899999,1888.80955136,3683.9123843299985,825.51746065,253.74891945000002,364.93234244000007,326.74754558,449.11791763999986,988.52508049,789.0225812900098,23330.39649204001
2026-04-01,Monthly,Jumlah / Total,14749.462812320004,1884.9848099899998,62666.634278130005,5266.72824589,2645.6315849000016,55523.24306488999,126029.54367639999,72570.72116831,29526.793674139994,23932.028833949997,15989.74665461,17808.71239836,6158.05797731,15952.455981899999,76824.71346080002,16018.407361259999,8888.963484209999,13006.039278170001,1870.2691093102912,441283.5941784502
