date,frequency,period_1,june,sdr,end_of_period,gbp,eur,sf,100_hkd,100_jpy,cny,sgd,100_idr,100_thb
2011-06-01,Daily,425.19988754999997,1,4.84309175,3.0085,4.955,4.33885945,352.80002,38.6746386,3.7039091,0.46439295,2.44553855,0.035249,9.93068815
2011-06-02,Daily,431.67247633000005,2,4.83395273,3.0275,4.9437565,4.34673335,358.942485,38.9063816,3.7381161,0.4669726,2.44429285,0.0354695,9.9868161
2011-06-03,Daily,429.70773694999997,3,4.80828975,3.01425,4.9255862,4.36674425,357.22337500000003,38.75328705,3.7339738,0.46511895,2.44524295,0.03532255,9.93654645
2011-06-06,Daily,431.41236409999993,6,4.8515265,2.9975,4.92819005,4.3874409,359.132655,38.539177,3.7340402,0.46263075,2.4397691,0.035244,9.9041906
2011-06-07,Daily,433.06938279999997,7,4.86066875,3.0115,4.9224477,4.3967903,360.52925999999997,38.71171065,3.75498785,0.46481655,2.44618725,0.03534625,9.9356675
2011-06-08,Daily,432.61747935,8,4.8668301,3.0125,4.9451696,4.4146682,360.0025,38.7193385,3.76774485,0.4651145,2.44928675,0.0353601,9.93896675
2011-06-09,Daily,433.94625450000007,9,4.85968375,3.0195,4.95560365,4.4142078,361.249095,38.7985888,3.77178325,0.46607295,2.45188915,0.0354194,9.92441075
2011-06-10,Daily,431.4302116,10,4.88666625,3.0175,4.9305953,4.37959965,358.799075,38.77363585,3.76552165,0.4657642,2.4520568,0.0354375,9.9243594
2011-06-13,Daily,433.1046155,13,4.8409725,3.0475,4.94578825,4.36950625,359.99067,39.1490625,3.7854794,0.46985815,2.4618317,0.03572685,10.0082199
2011-06-14,Daily,434.9244291,14,4.86101025,3.0275,4.9679765,4.36732035,362.119535,38.90113205,3.7728212,0.467434,2.4567884,0.03547165,9.9474397
2011-06-15,Daily,431.7935093,15,4.8543825,3.0315,4.9607469,4.36839165,358.94859499999995,38.94502285,3.7702884,0.46786745,2.4604343,0.03551225,9.950768
2011-06-16,Daily,429.68028335,16,4.8322373,3.0435,4.9347312,4.32024855,356.82049,39.06154785,3.7611224,0.4694658,2.4570123,0.03546375,9.9444642
2011-06-17,Daily,431.55967986,17,4.84597436,3.047,4.91389705,4.31729475,358.66055,39.06610735,3.77922575,0.4712123,2.46053235,0.0354674,9.96241855
2011-06-20,Daily,429.90204754999996,20,4.8352077,3.0388,4.90675065,4.3315058,357.106835,38.9929692,3.7897367,0.4693744,2.45658935,0.0354297,9.93884905
2011-06-21,Daily,432.9510322000001,21,4.8433451,3.037,4.9235847,4.3526289,360.13292,38.9793755,3.78914565,0.46946615,2.45692185,0.035314,9.93133035
2011-06-22,Daily,432.54372005,22,4.8495148,3.0305,4.91562275,4.3542227,359.810115,38.90219,3.7760889,0.46875485,2.4572287,0.03526095,9.9442214
2011-06-23,Daily,433.00621419999993,23,4.8260967,3.0355,4.86909415,4.3416761,360.27544,38.9698759,3.7731513,0.46929595,2.4567021,0.0352863,9.9540957
2011-06-24,Daily,434.92536820000004,24,4.8595905,3.037,4.8657298,4.33045875,362.194505,38.99388915,3.77407755,0.4692558,2.458513,0.035314,9.90703465
2011-06-27,Daily,438.23018060000004,27,4.8492015,3.0575,4.87105635,4.31933055,365.20547,39.25710055,3.7884899,0.47213155,2.46195435,0.03546985,9.912476
2011-06-28,Daily,438.3087646,28,4.83371685,3.0525,4.87484265,4.3632438,365.37199999999996,39.20145915,3.77621125,0.4717091,2.4586205,0.03539955,9.86906175
2011-06-29,Daily,438.1636462,29,4.8243426,3.0395,4.85970495,4.36168265,365.456325,39.05406935,3.7513118,0.47004155,2.45407955,0.0352733,9.85731545
2011-06-30,Daily,435.94621495,30,4.8256061,3.0205,4.8648176,4.38199045,363.49965499999996,38.8089428,3.75380695,0.46728395,2.4576901,0.0351548,9.8307672
2011-07-01,Daily,430.3175903,1,4.8028004,3.01525,4.8370643,4.37015265,358.041955,38.7385024,3.73498105,0.4663635,2.4552162,0.0352331,9.8200717
2011-07-04,Daily,426.40876760000003,4,4.8148034,3.001,4.82665885,4.3700564,354.3094,38.5663263,3.7154893,0.4643031,2.45159815,0.0352437,9.8538884
2011-07-05,Daily,426.81733985000005,5,4.809202,3.0085,4.82894365,4.3591663,354.608785,38.66047405,3.71465645,0.4653699,2.4517161,0.035249,9.8752774
2011-07-06,Daily,430.18597625000007,6,4.7969307,3.005,4.8341436,4.344479,358.057955,38.615249,3.7158408,0.46468475,2.4510611,0.03522865,9.86540365
2011-07-07,Daily,430.7468519000001,7,4.7691261,3.0105,4.81695075,4.31284245,358.563715,38.67722795,3.7196517,0.46549205,2.4551469,0.03527865,9.92092035
2011-07-08,Daily,426.73974595,8,4.7759532,2.997,4.78126445,4.30054565,354.84266,38.5050242,3.6879351,0.4635839,2.4513343,0.0351761,9.89926905
2011-07-11,Daily,430.5479748,11,4.79781915,3.0045,4.8099042,4.2648882,358.46814,38.6036144,3.72074335,0.46470445,2.459279,0.0352641,9.91911795
2011-07-12,Daily,434.08769345000013,12,4.764669,3.0295,4.8079683,4.2300913,361.66662,38.87438215,3.78214815,0.46804995,2.4666189,0.03542445,9.96222125
2011-07-13,Daily,435.84686318,13,4.76558908,3.0225,4.81695855,4.2343716,363.45623,38.7848083,3.8054778,0.4671706,2.46916195,0.03533025,9.98926505
2011-07-14,Daily,442.7703915999999,14,4.78187235,3.00725,4.85385205,4.27345295,370.48792499999996,38.60323665,3.82382945,0.46559425,2.4688047,0.03523435,9.96933985
2011-07-15,Daily,440.57477395,15,4.79395935,3.0035,4.85140375,4.25656045,368.369485,38.54396635,3.7942147,0.4648014,2.4683609,0.03516985,9.9933522
2011-07-18,Daily,443.28585126999997,18,4.77325912,3.0145,4.8521395,4.2414018,370.92415,38.67421145,3.8150985,0.4661646,2.4714083,0.03523675,10.01828125
2011-07-19,Daily,440.72388785000004,19,4.7777877,3.0119,4.842985,4.2526523,368.36059,38.6363941,3.8079534,0.46573015,2.4762814,0.0351837,10.0564301
2011-07-20,Daily,436.19718935,20,4.7722377,3.0015,4.8397689,4.24832325,363.99473,38.51731155,3.79216705,0.46488755,2.470778,0.03514845,10.0603369
2011-07-21,Daily,436.4215794,21,4.7509254,2.9935,4.83674785,4.2670848,364.37230999999997,38.41514415,3.80344375,0.4639934,2.46662915,0.03505885,10.01674205
2011-07-22,Daily,436.94466644999994,22,4.77579425,2.9835,4.8638511,4.2923616,364.9765,38.2909911,3.797493,0.46280925,2.464685,0.0349971,10.00168405
2011-07-25,Daily,438.0014404,25,4.747476,2.9765,4.8515464,4.28020745,366.20327499999996,38.20262225,3.79704075,0.4616518,2.46297075,0.034915,9.983235
2011-07-26,Daily,440.87210060000007,26,4.7292219,2.96125,4.8382389,4.2872982,369.325425,38.01421175,3.79185675,0.4597322,2.45787805,0.03476875,9.9722191
2011-07-27,Daily,437.48341515,27,4.7535768,2.9385,4.82780865,4.2625884,366.37372,37.72337615,3.7748099,0.45630655,2.44915915,0.03461335,9.8889562
2011-07-28,Daily,439.72327285000006,28,4.7329377,2.954,4.8263934,4.2422396,368.37532500000003,37.911166,3.79447695,0.45859595,2.45563015,0.03473255,9.93777555
2011-07-29,Daily,440.80738215,29,4.7002605,2.9555,4.83194725,4.23818715,369.46064,37.92165605,3.81305715,0.45884665,2.45473515,0.03475015,9.9378021
2011-08-01,Daily,442.38162435000004,1,4.7515392,2.9395,4.8348899,4.22861795,371.289755,37.72095925,3.7953526,0.45677395,2.44723825,0.03466395,9.8823343
2011-08-02,Daily,448.1306017300001,2,4.75076953,2.952,4.8127933,4.20674775,376.84307,37.88330885,3.8119836,0.458499,2.45386595,0.034873,9.92269075
2011-08-03,Daily,459.6272625499999,3,4.7726752,2.97425,4.842228,4.22388125,387.87834499999997,38.14779505,3.84792045,0.46179705,2.4609053,0.0350737,9.98239155
2011-08-04,Daily,454.36196915,4,4.8041559,2.974,4.87334535,4.2516307,382.60674,38.140431,3.76503385,0.46199495,2.4613102,0.03507075,9.98825645
2011-08-05,Daily,466.07254604999997,5,4.8073475,3.0105,4.8938691,4.242999,393.684095,38.58799165,3.8301534,0.4671788,2.4647954,0.03521055,10.04840565
2011-08-08,Daily,468.83464304999995,8,4.8624576,3.0125,4.93854225,4.3125446,396.173145,38.59013225,3.8550141,0.468733,2.4755536,0.03525245,10.1107682
2011-08-09,Daily,476.61846739999993,9,4.82472415,3.036,4.9539934,4.3182547,403.56262999999996,38.8707523,3.9331523,0.4715311,2.48689455,0.03546735,10.12506755
2011-08-10,Daily,487.93869444999996,10,4.840485,3.0115,4.9045292,4.32150265,415.264845,38.58794955,3.91892875,0.4693552,2.4853521,0.0353173,10.0989297
2011-08-11,Daily,487.02433285,11,4.7900651,3.0125,4.8728696,4.28362475,414.459715,38.61659715,3.93225465,0.47106745,2.48187605,0.03524425,10.06851885
2011-08-12,Daily,466.26277189999996,12,4.77728915,2.9966,4.85569095,4.2503776,394.05625999999995,38.4416056,3.89979315,0.4685885,2.47111715,0.035089,10.0103608
2011-08-15,Daily,450.4498045,15,4.7627064,2.9845,4.85891545,4.26499995,378.455685,38.2871185,3.88429805,0.46693005,2.4714319,0.03494325,9.97827595
2011-08-16,Daily,451.1164371,16,4.7878389,2.97075,4.86237535,4.28649535,379.28514,38.13273785,3.8641393,0.4652119,2.4713013,0.03484755,9.9555996
2011-08-17,Daily,447.1456688,17,4.79841565,2.97955,4.89406025,4.2871256,375.11658,38.23686115,3.8839212,0.46631975,2.4745045,0.03493025,9.97340045
2011-08-18,Daily,448.31760105000006,18,4.801256,2.9765,4.9177736,4.28809495,376.31971000000004,38.20213195,3.88298325,0.46589345,2.4668499,0.03489245,9.9615155
2011-08-19,Daily,447.9013585999999,19,4.78192605,2.984,4.9194227,4.27204385,375.842405,38.25494005,3.8991253,0.4665781,2.45940915,0.0348802,9.9866282
2011-08-22,Daily,450.57780134999996,22,4.7870004,2.9755,4.9031779,4.27504985,378.682885,38.15330585,3.87611555,0.46519085,2.45827915,0.03478085,9.96651595
2011-08-23,Daily,449.25307845,23,4.7958315,2.972,4.8981536,4.2715075,377.420975,38.103054,3.8695404,0.46460735,2.4628136,0.034801,9.9597945
2011-08-24,Daily,446.3714855,24,4.8144173,2.9725,4.903288,4.28218375,374.48833,38.1236395,3.87776545,0.4652346,2.46619225,0.0347864,9.94314825
2011-08-25,Daily,447.8332148999999,25,4.81261165,2.9855,4.888458,4.3013592,375.723825,38.29822855,3.8782804,0.4670938,2.47144135,0.034792,9.97162495
2011-08-26,Daily,449.3233505,26,4.7953027,2.9905,4.87735635,4.3088623,377.183735,38.3579401,3.86794385,0.4678871,2.47722095,0.034895,9.96170715
2011-08-29,Daily,439.84525529999996,29,4.75497,2.9803,4.8774103,4.31711375,367.892965,38.2312765,3.88338095,0.46690115,2.4683624,0.0349268,9.93764845
2011-09-02,Daily,445.89324145000006,2,4.761374,2.97,4.80694535,4.23492335,374.24398,38.1363284,3.86316475,0.4652292,2.4665727,0.03480605,9.90991765
2011-09-05,Daily,448.68503045,5,4.7829875,2.974,4.81282455,4.21371215,376.956765,38.1668627,3.8746667,0.465637,2.46620875,0.0348448,9.9365213
2011-09-06,Daily,452.39952244999995,6,4.7619705,2.9875,4.8074853,4.2061014,380.452185,38.33470345,3.8897218,0.46754935,2.47248295,0.03486,9.9849627
2011-09-07,Daily,419.97351074999995,7,4.746438,2.985,4.7739109,4.19407435,348.16596,38.29967515,3.8683343,0.46700095,2.47000525,0.03483085,9.968281
2011-09-08,Daily,419.52226829999995,8,4.7590413,2.988,4.76840005,4.19948485,347.68449000000004,38.33669195,3.86096425,0.46786925,2.47074895,0.03486585,9.95171185
2011-09-09,Daily,415.7352919,9,4.7684267,2.9965,4.78915635,4.17277645,343.75368499999996,38.443528,3.867451,0.4691341,2.46463325,0.034965,9.97503605
2011-09-12,Daily,413.16231145,12,4.7779556,3.0245,4.79322775,4.10817865,340.76961,38.78608425,3.90283345,0.47343255,2.4531601,0.0351584,10.0381707
2011-09-13,Daily,419.2938475,13,4.83860025,3.046,4.83247935,4.1687559,346.313535,39.05378605,3.9553308,0.47622775,2.4675965,0.03535695,10.10617895
2011-09-14,Daily,422.84047435,14,4.86104745,3.0825,4.85694125,4.202681,349.153545,39.49796395,4.0076716,0.48202855,2.46728345,0.0353498,10.1934623
2011-09-15,Daily,425.69798785,15,4.9001931,3.0905,4.87294625,4.24155685,351.7129,39.64365145,4.02986095,0.4837713,2.47576825,0.0353605,10.2114792
2011-09-19,Daily,426.38829575,19,4.9288578,3.1065,4.8768945,4.2454986,352.151175,39.84965795,4.03940035,0.4865157,2.4699858,0.03518125,10.1986288
2011-09-20,Daily,429.08528055000005,20,4.88657925,3.139,4.91897045,4.27170865,354.26904,40.2670801,4.1013922,0.49147475,2.4688352,0.03476195,10.236438
2011-09-21,Daily,424.71591630000006,21,4.94565985,3.1095,4.8924877,4.2656125,350.287375,39.9211733,4.07402625,0.48752,2.46727075,0.03497755,10.2303134
2011-09-22,Daily,424.51891495,22,4.95270715,3.1495,4.8700721,4.2655257,349.536755,40.39711,4.10251595,0.4928448,2.44640475,0.034811,10.2706685
2011-09-23,Daily,426.8332003500001,23,4.97119035,3.1795,4.8972251,4.3024997,351.248395,40.76648015,4.1668316,0.4975199,2.4459582,0.0362132,10.32138715
2011-09-26,Daily,425.44065903,26,4.92331913,3.1885,4.9275082,4.2721121,349.827315,40.88135065,4.1720652,0.4992836,2.44488765,0.03538905,10.26892845
2011-09-27,Daily,424.17200540000005,27,4.9480122,3.15375,4.91086225,4.26686635,349.136605,40.4648583,4.1314612,0.493259,2.4478044,0.03527695,10.18324975
2011-09-28,Daily,427.23731865999997,28,5.00236536,3.1645,4.9437405,4.2910625,351.924125,40.5853427,4.1309329,0.49515725,2.4517715,0.03530835,10.2130126
2011-09-29,Daily,430.86322214999996,29,5.0009352,3.1848,4.9757726,4.33515015,355.14923999999996,40.85827085,4.16204955,0.49784285,2.4574084,0.0356841,10.20606845
2011-09-30,Daily,430.08414565,30,5.0119552,3.191,4.97381205,4.31598745,354.26041000000004,40.9401745,4.16634105,0.49879645,2.45367245,0.0362202,10.2357763
2011-10-03,Daily,428.2732497,3,4.99356135,3.2095,4.98339085,4.2773011,352.208595,41.1992008,4.16953625,0.503451,2.44365865,0.03596115,10.24909355
2011-10-04,Daily,425.32703174999995,4,4.93128595,3.2115,4.9572717,4.2383775,349.303945,41.23651915,4.18900465,0.5037647,2.4394235,0.0358427,10.2800969
2011-10-05,Daily,421.35345459999996,5,4.950764,3.1895,4.92092045,4.23836745,345.68921,40.98007915,4.161394,0.50031375,2.43827005,0.03559715,10.2490386
2011-10-06,Daily,420.04362365,6,4.90925655,3.185,4.9134997,4.2457644,344.51062,40.91700365,4.15010835,0.49960785,2.44257845,0.0356068,10.2345779
2011-10-07,Daily,418.62891204999994,7,4.8952485,3.1585,4.8863577,4.2439186,343.539335,40.58621055,4.1209481,0.495451,2.4410697,0.03522165,10.22665125
2011-10-10,Daily,415.27601689999995,10,4.86329925,3.141,4.90262995,4.2271581,340.58017,40.3595224,4.0935752,0.4940311,2.4342236,0.03505585,10.14535145
2011-10-11,Daily,419.48814842,11,4.94466187,3.1205,4.8753134,4.2523055,345.05453,40.10049245,4.07030695,0.49129355,2.4394155,0.03489515,10.10443405
2011-10-12,Daily,421.64240885000004,12,4.9295884,3.1561,4.913259,4.29687245,346.51961,40.5553703,4.11540005,0.4948572,2.4500087,0.0352934,10.17604935
2011-10-13,Daily,423.7204313,13,4.9378056,3.1295,4.9275546,4.3166762,348.982545,40.2306261,4.06191335,0.49075575,2.45547385,0.03509395,10.1524869
2011-10-14,Daily,424.18772877999993,14,4.91642653,3.1395,4.94188745,4.3199525,349.26034000000004,40.36488695,4.08124875,0.49194205,2.46767565,0.0354346,10.1684343
2011-10-17,Daily,423.34448160000005,17,4.9084875,3.12055,4.9287531,4.3204018,348.74279,40.12356465,4.04347315,0.48958255,2.46527975,0.03528045,10.16631865
2011-10-18,Daily,422.73184284999996,18,4.8858546,3.1165,4.92952425,4.2953165,348.23181999999997,40.07149005,4.0563585,0.4886328,2.4597483,0.0351948,10.16140305
2011-10-19,Daily,421.1993012,19,4.9378608,3.10805,4.8920711,4.29019715,346.82261,39.965669,4.0527465,0.48712465,2.4590959,0.03512915,10.14874695
2011-10-20,Daily,420.00293715,20,4.9795344,3.128,4.92441075,4.29364945,345.29206999999997,40.2123762,4.07530565,0.49028985,2.46202345,0.03538465,10.10989275
2011-10-21,Daily,430.36112840000004,21,4.92778125,3.158,4.988851,4.3499872,355.070905,40.5925649,4.1127826,0.49480595,2.46574355,0.0355531,10.16415385
2011-10-24,Daily,428.44731629,24,4.94237469,3.12875,4.9948934,4.3433311,353.63105,40.22175875,4.101935,0.49089985,2.4643598,0.0352139,10.0927498
2011-10-25,Daily,430.07023755,25,4.96499325,3.1267,5.00068785,4.3486145,355.165635,40.2103957,4.10921355,0.4914611,2.4763002,0.03531,10.1409264
2011-10-27,Daily,431.3425609,27,4.88963115,3.1315,5.013062,4.37454915,356.33824500000003,40.3003709,4.1166039,0.49287795,2.4783352,0.03521905,10.1721666
2011-10-28,Daily,430.65755685000005,28,4.90807215,3.0735,4.9424958,4.3546888,356.72009,39.55853195,4.0502089,0.483932,2.4673877,0.03479565,10.0638539
2011-10-31,Daily,425.82549135000005,31,4.91073935,3.0735,4.9083798,4.30751055,352.2031,39.5702452,3.88141795,0.48390145,2.4584075,0.0347878,9.99350175
2011-11-01,Daily,426.52487955,1,4.910175,3.0965,4.97808855,4.28694955,352.395655,39.8648224,3.9619988,0.48739605,2.45978515,0.03481955,10.0486895
2011-11-02,Daily,427.7992190999999,2,4.9574691,3.1275,4.9964943,4.2899919,353.03087,40.24811695,4.0019197,0.49215545,2.45737435,0.0348471,10.16248025
2011-11-03,Daily,430.36483130000005,3,4.92324575,3.147,5.00703465,4.31217685,355.25211,40.4982831,4.0322903,0.49566085,2.4593633,0.0350349,10.2026316
2011-11-04,Daily,429.72783125,4,4.9225122,3.1225,5.00068425,4.31076775,354.99111,40.2016214,4.00320695,0.49169385,2.46292905,0.03485905,10.18594675
2011-11-08,Daily,420.65935765000006,8,4.9002817,3.126,5.01598,4.3005948,345.911365,40.23399245,4.005896,0.4925433,2.45861065,0.0349958,10.17909795
2011-11-09,Daily,421.8878582,9,4.94690955,3.1105,5.0082165,4.30259945,347.347915,40.0378446,4.00941005,0.4908629,2.45017755,0.03496915,10.14845345
2011-11-10,Daily,419.824584,10,4.9360575,3.1515,5.0179761,4.2663432,344.671195,40.52594495,4.052857,0.4962758,2.43754435,0.0350752,10.2338149
2011-11-11,Daily,422.53877359999996,11,4.91551555,3.149,5.0168295,4.2901977,347.43757999999997,40.47870135,4.06060715,0.49642145,2.44316925,0.03500835,10.2157433
2011-11-14,Daily,422.59689725,14,4.940796,3.1315,5.0316945,4.31223245,347.71272999999997,40.2547834,4.05924015,0.4938418,2.44467005,0.0349771,10.1804318
2011-11-15,Daily,420.28454478,15,4.95724793,3.143,4.99532735,4.2810805,345.270855,40.39171015,4.07441055,0.49488275,2.43983955,0.03494165,10.20124935
2011-11-16,Daily,419.6012731,16,4.934358,3.16575,4.993971,4.2622078,344.234295,40.6647419,4.1078971,0.49853155,2.4427092,0.0350582,10.26175335
2011-11-17,Daily,418.53928662999994,17,4.93692413,3.159,4.9694233,4.25564715,343.332275,40.5769941,4.10153455,0.49742555,2.44353355,0.03494475,10.23158455
2011-11-18,Daily,419.4040779,18,4.978287,3.16125,4.98845275,4.2653169,344.13784,40.5897317,4.1111257,0.49756045,2.4403661,0.03491175,10.19923555
2011-11-21,Daily,421.6185051,21,4.97328,3.1725,4.9960533,4.29271005,346.11613,40.7326095,4.1316674,0.4992211,2.4420755,0.03497815,10.2272801
2011-11-22,Daily,423.1099270000001,22,4.97838475,3.188,4.9830037,4.2991779,347.39027500000003,40.9247887,4.13650025,0.5008917,2.44591165,0.0352071,10.22778625
2011-11-23,Daily,423.01887905,23,4.9588313,3.1825,4.96931485,4.2866686,347.491475,40.84160145,4.13231295,0.5007159,2.43795085,0.035127,10.18238115
2011-11-24,Daily,422.5885335,24,4.9673904,3.1865,4.95676045,4.26385595,347.05665,40.8855885,4.13509035,0.50071895,2.43839995,0.03492085,10.1626581
2011-11-25,Daily,421.84568459999997,25,4.947159,3.192,4.936109,4.24839265,346.2604,40.94985265,4.1232321,0.501154,2.4327422,0.03531955,10.21932345
2011-11-29,Daily,420.64325645,29,4.93165125,3.1835,4.93394785,4.2455159,345.28202,40.84657065,4.07566285,0.49895385,2.45120325,0.0346602,10.15957065
2011-11-30,Daily,419.66770595,30,4.88024325,3.1725,4.94672085,4.2252942,344.5,40.7289498,4.0693959,0.49812765,2.44848425,0.0345967,10.16339335
2011-12-01,Daily,419.0084592,1,4.8844421,3.1455,4.93513245,4.230855,344.165505,40.4576332,4.0490453,0.49435005,2.4499574,0.03450915,10.16152955
2011-12-02,Daily,415.90450410000005,2,4.89856185,3.13025,4.90698015,4.2131602,341.35771,40.27521395,4.0216485,0.4919458,2.43618255,0.03437965,10.13847145
2011-12-05,Daily,415.32068595000004,5,4.8850875,3.1395,4.8998181,4.21163945,340.5838,40.3996871,4.0262907,0.49324435,2.44719095,0.0346142,10.1998136
2011-12-06,Daily,414.9216918000001,6,4.8668552,3.1375,4.90359905,4.19703405,340.29289500000004,40.35966745,4.0317402,0.4927368,2.4431561,0.03455405,10.1619539
2011-12-07,Daily,412.51819,7,4.87102575,3.128,4.88140065,4.19730705,338.05255999999997,40.24160445,4.02392785,0.49161135,2.4387969,0.0344589,10.1574971
2011-12-08,Daily,413.3567084499999,8,4.917006,3.1335,4.92257205,4.19857695,338.70198999999997,40.2978454,4.03489605,0.4926502,2.4362471,0.03449095,10.18693375
2011-12-09,Daily,415.7015404500001,9,4.9075158,3.158,4.9291646,4.2058248,340.65053500000005,40.58708795,4.06592155,0.4962522,2.42979245,0.03480875,10.23663735
2011-12-12,Daily,415.12996735,12,4.924271,3.1515,4.92894615,4.2072528,340.206255,40.50511035,4.05807575,0.4955033,2.43415545,0.0346892,10.18420835
2011-12-13,Daily,414.5623879,13,4.9310625,3.179,4.9630551,4.1951676,339.18385,40.85304405,4.0832318,0.499458,2.4438815,0.0349918,10.19564555
2011-12-14,Daily,412.6731048,14,4.909824,3.1875,4.93600335,4.15426905,337.248205,40.97254465,4.0881129,0.5003571,2.44122005,0.0350661,10.2000026
2011-12-15,Daily,410.79048109999997,15,4.8817782,3.1965,4.94418675,4.15353225,335.291405,41.06606105,4.0944028,0.5015101,2.43989085,0.03478245,10.18643165
2011-12-16,Daily,413.76946390000006,16,4.889537,3.177,4.9334047,4.1407432,338.609265,40.8307525,4.0788299,0.50027575,2.43728505,0.0351634,10.1372074
2011-12-19,Daily,413.25408325,19,4.905451,3.1775,4.91670485,4.12646075,338.121995,40.8148849,4.0705881,0.5001811,2.4319777,0.03495605,10.1533838
2011-12-20,Daily,415.7930419,20,4.88641815,3.1895,4.95026385,4.1477855,340.37678,40.98034315,4.08989015,0.50282995,2.4409753,0.0348961,10.19335975
2011-12-21,Daily,416.11452253,21,4.90204293,3.1695,4.9670823,4.15679955,340.971505,40.73488695,4.0720766,0.4998108,2.45051825,0.0348872,10.15541295
2011-12-22,Daily,414.54463345,22,4.863396,3.17675,4.9770146,4.14359415,339.36017,40.8243928,4.0711914,0.50112,2.4523322,0.03501515,10.13965715
2011-12-23,Daily,412.5487284,23,4.87100115,3.156,4.95207995,4.12662805,337.77499,40.56190455,4.04097515,0.49780755,2.44442745,0.03500835,10.0879062
2011-12-27,Daily,412.4938522999999,27,4.8924928,3.1595,4.93371745,4.1308885,337.67972,40.61680605,4.0545407,0.49943095,2.43948645,0.03475805,10.05251135
2011-12-28,Daily,414.69705577999997,28,4.90090813,3.172,4.96687635,4.14596285,339.59639,40.79506695,4.0765971,0.50142665,2.44375985,0.03461005,10.06345785
2011-12-29,Daily,412.17083720000005,29,4.8620808,3.17725,4.9110758,4.10929685,337.16255,40.87073575,4.08465665,0.50237175,2.44272345,0.0346862,10.01340995
2011-12-30,Daily,412.55055125000007,30,4.839718,3.177,4.89623385,4.11183275,337.54787,40.89013735,4.097505,0.5034107,2.4427192,0.03466465,10.00945975
2012-01-03,Daily,410.25073213000013,3,4.84354883,3.1525,4.8953598,4.0895808,335.62238,40.5800275,4.10108,0.50087385,2.4388831,0.03441615,9.9920821
2012-01-04,Daily,410.82162095000007,4,4.8335742,3.13925,4.910886,4.0927973,336.39633,40.4063491,4.09262875,0.4985865,2.4400532,0.03419665,9.97696925
2012-01-05,Daily,407.57472155,5,4.82877135,3.1395,4.8998178,4.05890265,333.20956,40.42465665,4.09082135,0.498278,2.4376901,0.03426475,9.9524589
2012-01-06,Daily,405.31035360000004,6,4.8366461,3.1505,4.88563795,4.0313801,330.83064,40.5649877,4.0814886,0.4994689,2.43790165,0.03435665,9.95734595
2012-01-09,Daily,405.0351933,9,4.80106,3.161,4.86999505,4.0102029,330.47574000000003,40.70988075,4.10786435,0.5003047,2.4322871,0.03440555,9.9324529
2012-01-10,Daily,405.10447034999993,10,4.810234,3.14,4.8575802,4.0091523,330.909495,40.42172615,4.0874775,0.49742575,2.4318466,0.0341676,9.90536525
2012-01-11,Daily,404.9152339,11,4.7918642,3.146,4.86292975,4.00910535,330.63592,40.49792185,4.0915615,0.4979661,2.4344201,0.0341957,9.91334935
2012-01-12,Daily,403.70070505,12,4.7868716,3.142,4.8152724,3.9961532,329.592005,40.44851355,4.08821935,0.49723845,2.43047875,0.0343014,9.86965135
2012-01-13,Daily,405.7604824,13,4.80942525,3.134,4.80661615,4.0176314,331.74561,40.34422645,4.0807295,0.4961373,2.43351395,0.0341395,9.8584529
2012-01-16,Daily,403.92483300000004,16,4.78649775,3.1465,4.8179211,3.9801654,329.76999,40.5046188,4.0964721,0.49824625,2.43433555,0.034164,9.85592205
2012-01-17,Daily,403.3043885,17,4.7652394,3.1315,4.8107671,3.9865563,329.42357000000004,40.3148986,4.0817261,0.49596925,2.4358279,0.0340104,9.82432345
2012-01-18,Daily,403.13818113,18,4.75091013,3.118,4.7875334,3.9862072,329.49388,40.16747285,4.06571955,0.4939719,2.432328,0.0340394,9.8081187
2012-01-19,Daily,403.9624400999999,19,4.7626311,3.10375,4.79219035,3.9926642,330.55544499999996,39.9769452,4.0439743,0.49163255,2.42879035,0.03420115,9.7802159
2012-01-20,Daily,406.38774194999996,20,4.74119755,3.1035,4.8068562,4.02353265,332.904335,39.9822221,4.02581475,0.49129335,2.43755975,0.0346566,9.836774
2012-01-25,Daily,404.56910450000004,25,4.66990395,3.0805,4.810355,4.0109651,331.628895,39.6930734,3.9516404,0.4863436,2.43171855,0.0340952,9.7716143
2012-01-26,Daily,401.9317863,26,4.7016901,3.0405,4.76020695,3.98487945,329.7186,39.1837216,3.9101088,0.4800285,2.41654755,0.0338416,9.70166175
2012-01-27,Daily,402.35114955,27,4.70705175,3.041,4.7657034,3.9847746,330.077115,39.19774315,3.93021015,0.4801074,2.4179066,0.0338755,9.715662
2012-01-30,Daily,405.12236095000003,30,4.7126067,3.0425,4.780985,4.011689,332.65916,39.222638,3.9677893,0.4816369,2.42652655,0.0338621,9.7829674
2012-01-31,Daily,405.7726353,31,4.6799627,3.0455,4.7913331,4.0159488,333.22398999999996,39.2653622,3.9940987,0.4820241,2.42746735,0.0338295,9.81311885
2012-02-02,Daily,402.30132920999995,2,4.68555701,3.0205,4.788701,3.9823786,330.19967,38.95032145,3.967296,0.47938365,2.42328245,0.0338907,9.77034835
2012-02-03,Daily,401.25835494999995,3,4.650192,3.02255,4.7781984,3.96800395,329.200095,38.9679638,3.9679034,0.4793324,2.4214302,0.0336026,9.7690832
2012-02-08,Daily,400.8493616999999,8,4.6767871,3.004,4.77470805,3.979249,329.097335,38.7435434,3.89800925,0.47716625,2.4166375,0.03342235,9.7485038
2012-02-09,Daily,400.93578104999995,9,4.70977575,3.007,4.7542176,3.9847263,329.101505,38.775485,3.89735055,0.47750625,2.41409775,0.0336543,9.78046255
2012-02-10,Daily,404.48977830000007,10,4.6937607,3.0325,4.7901375,4.0227635,332.18323,39.09372405,3.9083656,0.4817928,2.41518115,0.0337132,9.8346098
2012-02-13,Daily,403.4879973999999,13,4.7249265,3.0255,4.77771865,4.0081828,331.30755,39.0095173,3.89833825,0.4800248,2.41239175,0.03353295,9.8103144
2012-02-14,Daily,404.15295745,14,4.69555465,3.045,4.7824773,4.0066113,331.66327,39.26726955,3.90835615,0.4833487,2.40978245,0.03372095,9.8575664
2012-02-15,Daily,403.029669,15,4.71706435,3.0335,4.7688139,3.9958781,330.77096,39.1227538,3.86162665,0.4815615,2.41088845,0.03355645,9.8330658
2012-02-16,Daily,402.46416784999997,16,4.68706875,3.0545,4.7885401,3.97986115,329.84196,39.3897783,3.89579795,0.48489135,2.4114794,0.03395775,9.8963331
2012-02-17,Daily,404.1905265499999,17,4.6664046,3.0485,4.81830705,4.0026808,331.665285,39.31138995,3.85495825,0.48398495,2.41714325,0.0337694,9.8881033
2012-02-20,Daily,402.19360479999995,20,4.6694934,3.0215,4.7969337,3.99245925,330.200605,38.96723675,3.7963315,0.4799498,2.41122045,0.03345145,9.8244235
2012-02-21,Daily,404.0984013,21,4.67712045,3.0235,4.7892243,4.0088588,332.070345,38.98624305,3.7962212,0.4798369,2.4107009,0.03339965,9.82295105
2012-02-22,Daily,403.58529331000005,22,4.67051011,3.0255,4.77650835,4.00364445,331.525335,39.01479805,3.78731975,0.48056615,2.4046261,0.0333941,9.86309125
2012-02-23,Daily,404.71395895,23,4.654407,3.02455,4.73977275,4.0090412,332.66067499999997,38.9980215,3.7752615,0.48006825,2.40262975,0.03342055,9.93611145
2012-02-24,Daily,405.22713205,24,4.6861775,3.0075,4.73425635,4.02042615,333.425775,38.7821816,3.747898,0.477525,2.3995695,0.0331588,9.91266415
2012-02-27,Daily,408.77843275000004,27,4.6754808,3.0175,4.78650975,4.0586886,336.793385,38.90987975,3.7140752,0.47886945,2.40122565,0.033123,9.90969555
2012-02-28,Daily,407.32784649999996,28,4.6641,3.011,4.7689726,4.0430205,335.45018,38.82431135,3.7529605,0.4780048,2.40265005,0.0329251,9.8997216
2012-02-29,Daily,407.2398716,29,4.668,3.0,4.77975025,4.04325025,335.514245,38.68571865,3.7269405,0.47661415,2.40481045,0.03299795,9.9075444
2012-03-01,Daily,403.43399368,1,4.64681228,3.0,4.77615025,4.00065025,331.8768,38.681727,3.70027845,0.4762207,2.4014412,0.0330034,9.84091015
2012-03-02,Daily,402.0319451,2,4.6588152,2.99775,4.7809618,3.9889561,330.530965,38.65221825,3.67980195,0.4759769,2.40165895,0.0329153,9.83192565
2012-03-05,Daily,401.46269534999993,5,4.6597573,3.016,4.7705585,3.9794617,329.7437,38.860722,3.69223345,0.4783733,2.39993665,0.033034,9.82891845
2012-03-06,Daily,402.58624255,6,4.66512705,3.0215,4.7904374,3.98792715,330.74287,38.9193021,3.709411,0.4788507,2.3974457,0.03294985,9.8404216
2012-03-07,Daily,402.08415855000004,7,4.6464817,3.0295,4.76510085,3.9800057,330.136795,39.02435995,3.75100615,0.47978405,2.40045965,0.0330191,9.8376464
2012-03-08,Daily,401.26821974999996,8,4.63650295,3.017,4.7508703,3.97323845,329.54676,38.86133975,3.71277415,0.47792925,2.40092415,0.0330088,9.85787195
2012-03-09,Daily,402.04721705,9,4.66408145,3.0035,4.7512371,3.98474375,330.509015,38.7173717,3.6708635,0.47627735,2.39934505,0.0329151,9.83786705
2012-03-12,Daily,400.06012015000005,12,4.6380025,3.0245,4.7402993,3.96103665,328.25054,38.9860672,3.67608645,0.47821965,2.4012546,0.0330276,9.8710862
2012-03-13,Daily,402.24983140000006,13,4.66104375,3.0215,4.7316693,3.9836969,330.43528000000003,38.9428783,3.67288735,0.4777831,2.40622845,0.03296785,9.8838964
2012-03-14,Daily,400.8608139,14,4.6856255,3.0375,4.76705295,3.97213905,328.78721,39.13572915,3.6536967,0.479411,2.4104281,0.03304325,9.8989782
2012-03-15,Daily,401.04267965,15,4.66955,3.0605,4.78998885,3.98783165,328.609075,39.42927255,3.6369589,0.4833539,2.41421555,0.03329345,9.9286398
2012-03-16,Daily,403.0214684500001,16,4.6733775,3.05,4.7950579,3.99412775,330.677115,39.29374395,3.6612457,0.482366,2.42140475,0.0333152,9.9397147
2012-03-19,Daily,405.56360435000005,19,4.704742,3.0525,4.8343971,4.0204479,333.078795,39.32569905,3.6570032,0.48304785,2.427436,0.033297,9.94623925
2012-03-20,Daily,408.21950495000004,20,4.743182,3.059,4.85509215,4.04873995,335.54563,39.40639395,3.66676715,0.4840841,2.4308647,0.03339525,9.9463557
2012-03-21,Daily,412.6528706000001,21,4.74050475,3.086,4.90103145,4.0945051,339.40068,39.7488334,3.6876383,0.4877972,2.44300275,0.03362575,10.0292519
2012-03-22,Daily,411.0676257,22,4.733195,3.08025,4.887125,4.0744008,337.95056,39.6727267,3.7011124,0.48752795,2.4366179,0.0335448,10.01056515
2012-03-23,Daily,410.23690955,23,4.7316405,3.0775,4.8693749,4.0649161,337.18646,39.62352835,3.71791045,0.48831775,2.4371415,0.0336064,10.0065136
2012-03-26,Daily,410.88143825000003,26,4.733169,3.0705,4.87226955,4.07317185,337.956095,39.52729515,3.7148389,0.4870756,2.43632555,0.03343865,9.977259
2012-03-27,Daily,412.68061705,27,4.71933,3.0695,4.8995362,4.09854995,339.715605,39.5215447,3.703324,0.48645395,2.4382406,0.0334096,9.99512305
2012-03-28,Daily,411.71867145,28,4.7469695,3.0645,4.89078885,4.08482535,338.843525,39.46911,3.69773765,0.4858348,2.43775385,0.0333824,9.96424405
2012-03-29,Daily,412.1267403499999,29,4.74006,3.0685,4.8813701,4.0889299,339.210755,39.5155382,3.71264395,0.4863109,2.43948025,0.03340415,9.9497479
2012-03-30,Daily,412.67392514999995,30,4.73382145,3.068,4.9008235,4.09547335,339.7188,39.51317035,3.7396395,0.48696485,2.4405384,0.03340595,9.9432878
2012-04-02,Daily,411.0613309,2,4.718304,3.05605,4.88448505,4.07508995,338.433095,39.3572372,3.67645205,0.4852067,2.434324,0.03331755,9.9077694
2012-04-03,Daily,410.29400835,3,4.7422635,3.048,4.8900592,4.06633695,337.728625,39.25053265,3.71934135,0.4839632,2.4354783,0.03329695,9.89611125
2012-04-04,Daily,408.2121695000001,4,4.71779,3.0615,4.86441765,4.04163945,335.56205,39.4259016,3.69969815,0.48610675,2.4358523,0.03343165,9.88378195
2012-04-05,Daily,407.32281825,5,4.704,3.0635,4.87096515,4.0275837,334.644295,39.45013275,3.7255265,0.48559545,2.4355056,0.03344985,9.88226425
2012-04-06,Daily,405.73835685,6,4.725505,3.0625,4.85605335,4.0025346,333.09769,39.43547775,3.72272545,0.48536765,2.4330667,0.0336169,9.88381945
2012-04-09,Daily,406.87119939999997,9,4.719353,3.0725,4.87329255,4.0119171,333.985615,39.5619541,3.7724854,0.4871417,2.43733225,0.0335152,9.9160931
2012-04-10,Daily,408.08911029999996,10,4.734711,3.0685,4.8878141,4.029708,335.22702999999996,39.5135031,3.76087935,0.48642655,2.4358983,0.03345695,9.91118295
2012-04-12,Daily,408.23729304999995,12,4.717749,3.0705,4.8906927,4.0324878,335.244075,39.54944305,3.79613125,0.4868439,2.4451525,0.0334423,9.97077555
2012-04-13,Daily,407.93054830000005,13,4.73893875,3.0595,4.8768433,4.028597,335.14081500000003,39.413342,3.7752964,0.4856889,2.44956055,0.0333497,9.9286167
2012-04-16,Daily,405.48970455,16,4.708608,3.07125,4.8602535,3.99861415,332.530335,39.58612725,3.7977621,0.4864114,2.4501404,0.0334559,9.96674685
2012-04-17,Daily,407.43290375,17,4.722375,3.0655,4.8704667,4.02070995,334.53378499999997,39.4992863,3.81020495,0.4863403,2.4508321,0.03338785,9.9400156
2012-04-18,Daily,407.30934460000003,18,4.7213442,3.0625,4.8790221,4.01907195,334.49846,39.460631,3.76297855,0.4857025,2.45274735,0.0333733,9.93351365
2012-04-19,Daily,407.6558215,19,4.7278,3.0678,4.91737685,4.02434015,334.73001999999997,39.52943095,3.76671445,0.48646205,2.4507117,0.0334256,9.92173975
2012-04-20,Daily,408.6300430500001,20,4.730044,3.07,4.9287316,4.0345942,335.64755,39.55319115,3.7634084,0.48678005,2.45344905,0.03343865,9.92885595
2012-04-23,Daily,409.21515985,23,4.73701,3.0635,4.93912825,4.0413695,336.315825,39.47224475,3.76837495,0.48574555,2.4523698,0.0333569,9.90623515
2012-04-24,Daily,408.97565815,24,4.73349375,3.07,4.9488403,4.03689675,335.95978,39.55777865,3.796451,0.48660645,2.4587541,0.0333986,9.89365855
2012-04-25,Daily,409.3321702,25,4.726895,3.06375,4.94473965,4.0427719,336.435715,39.4823336,3.76151105,0.48599325,2.45768525,0.0333379,9.8974376
2012-04-26,Daily,409.27598175,26,4.722174,3.0575,4.94321365,4.0433911,336.451205,39.40686845,3.76678605,0.4851404,2.46036945,0.03328075,9.9060529
2012-04-27,Daily,407.68308275000004,27,4.699666,3.0505,4.9354044,4.0265077,335.05426,39.3158875,3.74869525,0.48356165,2.4552306,0.0331973,9.88017235
2012-04-30,Daily,406.94344935000004,30,4.691696,3.034,4.94086935,4.01913995,334.527885,39.10524555,3.7837502,0.48083175,2.45231195,0.0330142,9.8747054
2012-05-02,Daily,404.9185671,2,4.68405375,3.023,4.9073873,3.9992781,332.783005,38.9692437,3.7707391,0.4797537,2.4454969,0.0328945,9.82371505
2012-05-03,Daily,403.88421495000006,3,4.692165,3.03175,4.9076455,3.985084,331.64691500000004,39.06818865,3.78000165,0.48064275,2.4425961,0.03296815,9.81625815
2012-05-04,Daily,404.8970712000001,4,4.7300175,3.037,4.91614385,3.9954774,332.51219000000003,39.13987705,3.7889091,0.48166595,2.4438731,0.0329573,9.81895995
2012-05-07,Daily,403.75072565,7,4.7146365,3.0615,4.93666905,3.97443945,330.91942,39.4355504,3.8367067,0.4851169,2.45214285,0.03317815,9.90136565
2012-05-08,Daily,404.09146810000004,8,4.7285585,3.0555,4.94120205,3.9811638,331.3812,39.36384125,3.8191368,0.4843734,2.4516572,0.03314015,9.85169495
2012-05-09,Daily,404.1860385500001,9,4.7224215,3.0685,4.949951,3.9783104,331.228545,39.53412035,3.84596195,0.48631475,2.45303465,0.0332449,9.88563405
2012-05-10,Daily,403.55539385000003,10,4.7251974,3.0685,4.95025785,3.9710995,330.621725,39.5282644,3.85441555,0.4861106,2.4532308,0.03319095,9.8634018
2012-05-11,Daily,403.50859554999994,11,4.7270435,3.0723,4.9542375,3.97017975,330.532695,39.5690598,3.8454222,0.48628885,2.45499235,0.0334491,9.8629275
2012-05-14,Daily,403.0238566,14,4.73239,3.0755,4.9406372,3.96416595,330.042545,39.60848775,3.84317415,0.4868339,2.45529365,0.0332219,9.8416071
2012-05-15,Daily,402.9107025,15,4.7683965,3.085,4.96592485,3.96021465,329.73511,39.7252078,3.8627694,0.48795535,2.45572145,0.03329735,9.83110515
2012-05-16,Daily,403.09424125000004,16,4.7234,3.1105,4.9666914,3.95826715,329.57212,40.0368139,3.86830025,0.49205875,2.45481895,0.03351835,9.8777525
2012-05-17,Daily,403.27663965,17,4.773082,3.1075,4.9479174,3.96081965,329.725865,40.0028326,3.87179195,0.4916386,2.4587573,0.0336237,9.90281145
2012-05-18,Daily,404.95416554999997,18,4.7686722,3.134,4.9416915,3.97406895,330.887435,40.34059135,3.94586185,0.4953531,2.4580401,0.03391045,9.97454105
2012-05-21,Daily,407.38040589999997,21,4.768124,3.12905,4.95438145,4.00361955,333.285455,40.295289,3.95107025,0.4947506,2.46314045,0.0337638,10.0017618
2012-05-22,Daily,406.09257805,22,4.788588,3.1205,4.934759,3.9898716,332.180135,40.1898419,3.9320824,0.4933636,2.4632936,0.03367145,9.9664715
2012-05-23,Daily,405.1510838,23,4.779841,3.138,4.9459591,3.97568935,331.012835,40.4071627,3.9446896,0.4956289,2.45712965,0.0338147,9.9603338
2012-05-24,Daily,403.17453774999996,24,4.805229,3.1405,4.92697415,3.9512204,329.00327,40.456546,3.94981855,0.4954838,2.46391095,0.03384165,9.94774325
2012-05-25,Daily,404.35793760000007,25,4.7706945,3.1655,4.95448255,3.9646307,329.77398500000004,40.77912585,3.9680356,0.4986728,2.47092405,0.0339467,9.97793985
2012-05-28,Daily,403.6245378500001,28,4.792326,3.14275,4.9363178,3.95892245,329.411465,40.4904863,3.9581241,0.4955143,2.4661595,0.0333451,9.9391273
2012-05-29,Daily,403.68800060000007,29,4.789802,3.157,4.9489137,3.95714175,329.23146,40.6701499,3.97231935,0.49723975,2.4702669,0.03314465,9.9605626
2012-05-30,Daily,402.21128895000004,30,4.808002,3.1595,4.93308555,3.9375271,327.765995,40.69737625,3.97771655,0.49712065,2.467974,0.0330148,9.93397705
2012-05-31,Daily,402.57045830000004,31,4.808595,3.182,4.92303145,3.93629315,327.72028,40.983502,4.0408916,0.4993135,2.4699223,0.0332672,9.9733621
2012-06-01,Daily,402.304846,1,4.816188,3.1845,4.8963282,3.93206175,327.370955,41.02811905,4.05849795,0.5000471,2.47311025,0.0340225,10.0110162
2012-06-04,Daily,405.65015070000004,4,4.8317655,3.198,4.9146867,3.96759895,330.371945,41.20762415,4.090561,0.5022498,2.4801275,0.0337253,10.0518668
2012-06-05,Daily,408.20152965,5,4.796515,3.1935,4.9167129,3.99922035,332.93374,41.15865555,4.07646235,0.50198845,2.48337835,0.0337402,10.1076165
2012-06-06,Daily,405.4731852,6,4.791671,3.1765,4.9013398,3.97062515,330.558365,40.94377705,4.0272593,0.49901815,2.48057495,0.0335074,10.0905474
2012-06-07,Daily,406.13579065,7,4.827094,3.167,4.9020413,3.9796524,331.362925,40.82132555,3.9916816,0.4979325,2.48246145,0.03371845,10.0699584
2012-06-08,Daily,406.65927585000003,8,4.778395,3.182,4.9274864,3.9845008,331.73483500000003,41.0162562,4.0070529,0.49956045,2.4811888,0.03383305,10.01416725
2012-06-11,Daily,407.30221544999995,11,4.822396,3.1645,4.92016475,3.99692195,332.59765,40.7914667,3.9752533,0.49700025,2.47797675,0.0335312,10.02535455
2012-06-12,Daily,405.8590345,12,4.8136095,3.181,4.9275286,3.9745007,330.92334,40.994646,4.0002518,0.4992153,2.47973195,0.0336614,10.03154925
2012-06-13,Daily,405.89298935000005,13,4.819062,3.1815,4.94834655,3.97432995,330.889285,41.0087527,3.99460155,0.499529,2.48225035,0.03364885,10.0616834
2012-06-14,Daily,408.2072552000001,14,4.802688,3.183,4.9419261,4.0021453,333.141515,41.02729365,4.00805945,0.49985865,2.48477835,0.0336204,10.0823703
2012-06-15,Daily,408.1125361499999,15,4.781812,3.168,4.9237061,4.00340175,333.33338499999996,40.83342475,4.0068308,0.49774935,2.48159255,0.033462,10.04917185
2012-06-18,Daily,407.19317495000007,18,4.79864,3.148,4.9455082,3.9973307,332.73440500000004,40.576161,3.9795219,0.49550225,2.4815736,0.0333476,10.0031847
2012-06-19,Daily,405.99469305,19,4.7994,3.157,4.95175495,3.9816087,331.356635,40.6869227,3.99696195,0.4966609,2.4913201,0.03347845,10.0429503
2012-06-20,Daily,407.93176289999997,20,4.830318,3.1575,4.96453755,4.0019736,333.227835,40.69546455,4.00443955,0.49680595,2.4893573,0.03335095,10.03018045
2012-06-21,Daily,409.24743425,21,4.85199,3.1695,4.9697763,4.016232,334.37089000000003,40.8488109,3.98203455,0.4980006,2.49409905,0.0334601,10.01264075
2012-06-22,Daily,408.5669660500001,22,4.830417,3.19,4.97911175,4.00424775,333.420495,41.109572,3.97161425,0.50118625,2.4967716,0.0336765,10.02987395
2012-06-25,Daily,408.3133441999999,25,4.830462,3.1905,4.973511,4.00184445,333.1941,41.1152208,3.97198925,0.50065125,2.49199415,0.0336551,10.0094162
2012-06-26,Daily,407.97293930000006,26,4.832688,3.19475,4.9772612,3.99599355,332.71718500000003,41.17927655,4.01703825,0.5019522,2.4940475,0.03369995,10.0290471
2012-06-27,Daily,407.39184439999997,27,4.82647,3.192,4.9900539,3.989681,332.18863999999996,41.14038335,4.0183802,0.5014926,2.49696885,0.03365315,10.01412135
2012-06-28,Daily,407.604037,28,4.816145,3.19,4.9738482,3.9935611,332.447585,41.1164608,4.01788605,0.50145805,2.5008821,0.03364985,10.01256085
2012-06-29,Daily,409.22871615,29,4.80889,3.1895,4.9804047,4.01334815,334.03159,41.11558135,4.0197875,0.5017738,2.50431935,0.0336446,10.0298767
2012-07-02,Daily,407.92625100000004,2,4.7947235,3.17,4.9640616,4.00228375,333.10580500000003,40.8713217,3.97317805,0.49936595,2.4991134,0.03375035,10.0126477
2012-07-03,Daily,405.5153961,3,4.77665375,3.1565,4.9549161,3.9760853,330.956815,40.7019853,3.95799445,0.49683235,2.49772505,0.03354415,10.00634465
2012-07-04,Daily,404.44404345000004,4,4.8005465,3.14875,4.9344065,3.9633318,330.005875,40.60755085,3.94555585,0.4960185,2.49327015,0.0336226,10.0151157
2012-07-05,Daily,404.65916244999994,5,4.804679,3.1645,4.9328229,3.9641693,329.97918999999996,40.80698545,3.9638005,0.4980837,2.49851965,0.0337457,10.01266625
2012-07-06,Daily,401.8601189499999,6,4.8050695,3.1735,4.9278111,3.9289519,327.063875,40.9277926,3.96910775,0.4985547,2.50009865,0.0337427,10.03161505
2012-07-09,Daily,401.28246925,9,4.794752,3.1885,4.9383491,3.91834795,326.239355,41.1249563,4.0036421,0.50025495,2.5058945,0.03379445,10.0346229
2012-07-10,Daily,401.14007280000004,10,4.7956825,3.188,4.9418786,3.9161394,326.0881,41.11161405,4.0100636,0.50067535,2.50688065,0.0337623,10.04727635
2012-07-11,Daily,400.1173830499999,11,4.793425,3.1865,4.9454483,3.9047374,325.086795,41.09386025,4.0167657,0.50040045,2.5147982,0.033684,10.04096875
2012-07-12,Daily,399.42277329999996,12,4.7765635,3.185,4.9405722,3.89812165,324.486815,41.0713379,3.99423155,0.5000275,2.5144078,0.0336628,10.0220334
2012-07-13,Daily,398.90765525000006,13,4.764,3.1865,4.9186817,3.89071665,323.97949,41.08485295,4.01651275,0.49974125,2.5099452,0.03361995,10.0235948
2012-07-16,Daily,398.48825249999993,16,4.744661,3.176,4.9456674,3.88758295,323.68541999999997,40.946832,4.0154246,0.498118,2.51077145,0.0334933,10.0442818
2012-07-17,Daily,398.38990925,17,4.7535425,3.161,4.95186525,3.88882035,323.82326,40.75344415,4.00659165,0.4958937,2.506244,0.03339675,10.0158509
2012-07-18,Daily,397.4727872,18,4.7352015,3.1585,4.9430528,3.87927,323.021115,40.71727415,3.99582615,0.49565315,2.5061502,0.033388,9.98735625
2012-07-19,Daily,396.68037625000005,19,4.756232,3.1505,4.93305305,3.8710195,322.35132000000004,40.61990385,4.00929065,0.49453745,2.5070626,0.03326825,9.9541889
2012-07-20,Daily,396.48226229999995,20,4.7731075,3.154,4.95335735,3.86822355,322.06686,40.6652928,4.01246795,0.4949237,2.51435015,0.03328765,9.94639165
2012-07-23,Daily,394.5780556499999,23,4.76475,3.1715,4.9392944,3.8419554,319.88505,40.8896058,4.0569241,0.49668775,2.51456965,0.0334547,9.98426385
2012-07-24,Daily,395.51847849999996,24,4.767385,3.1765,4.93183435,3.85198295,320.72904,40.9495828,4.05890695,0.4973306,2.52243395,0.0334809,10.000001
2012-07-25,Daily,394.8222686,25,4.75425,3.1825,4.93494415,3.8423916,319.945785,41.02402155,4.06891365,0.4979737,2.5237913,0.0335353,10.01416235
2012-07-26,Daily,394.76007265000004,26,4.74888,3.1695,4.9046433,3.84444525,320.119255,40.85802565,4.05696055,0.4964406,2.5221822,0.03341595,10.00632415
2012-07-27,Daily,397.55205795,27,4.7568775,3.1575,4.95143385,3.87977835,323.017945,40.7028084,4.0361757,0.4950301,2.52277175,0.03330705,9.99843025
2012-07-30,Daily,396.843011,30,4.738008,3.15025,4.95345335,3.87260245,322.45770500000003,40.61851405,4.01843325,0.4939593,2.52666885,0.033213,9.98020375
2012-07-31,Daily,395.76308845000005,31,4.70119,3.144,4.94346855,3.8627186,321.53828,40.54393985,4.0217462,0.4928595,2.5244902,0.0331471,9.95724845
2012-08-01,Daily,392.8631908,1,4.717024,3.1175,4.8851228,3.83343395,319.18714,40.20635245,3.99577065,0.48943805,2.5032125,0.03293715,9.89525925
2012-08-02,Daily,392.63398735,2,4.719804,3.128,4.8621635,3.8311746,318.825855,40.33422815,3.9872533,0.49075135,2.5081187,0.03300105,9.9136377
2012-08-03,Daily,391.44300434999997,3,4.6799885,3.134,4.86381155,3.8158021,317.57626,40.41498285,4.0074174,0.49177375,2.5113186,0.03305215,9.91459745
2012-08-06,Daily,393.5297588000001,6,4.685445,3.1055,4.8497043,3.84802535,320.15468500000003,40.0482321,3.95857365,0.48759235,2.5020151,0.0328104,9.85717555
2012-08-07,Daily,393.88289215000003,7,4.6910565,3.105,4.8408505,3.85051065,320.49975,40.03920215,3.96653175,0.48747945,2.50161145,0.03278775,9.86811195
2012-08-08,Daily,393.16523215,8,4.677225,3.1005,4.8415863,3.843225,319.91955,39.9824628,3.9491792,0.486922,2.4936665,0.03273855,9.8381768
2012-08-09,Daily,392.4320218499999,9,4.6926698,3.0975,4.8564156,3.83424045,319.214815,39.9342501,3.95190135,0.4874652,2.49205535,0.03268095,9.83802805
2012-08-10,Daily,391.97700715,10,4.696461,3.11185,4.8613324,3.82524205,318.51092,40.12054865,3.95834235,0.48900015,2.49627055,0.03284275,9.87419725
2012-08-13,Daily,392.79647615,13,4.71573,3.1185,4.8879372,3.83294865,319.109755,40.20576755,3.98250485,0.4904614,2.5042167,0.032913,9.9157418
2012-08-14,Daily,394.72801680000003,14,4.72177,3.123,4.8993627,3.85456315,320.93318,40.26196815,3.98214955,0.4908603,2.50762875,0.03293615,9.92059805
2012-08-15,Daily,394.6928679,15,4.722938,3.127,4.9009473,3.853715,320.84961500000003,40.3130167,3.9697857,0.4916087,2.5043048,0.03295055,9.92698615
2012-08-16,Daily,394.45197885000005,16,4.719051,3.134,4.91050845,3.84949255,320.51552000000004,40.40221845,3.9550735,0.49215605,2.50439575,0.03297215,9.93659095
2012-08-17,Daily,396.10957234999995,17,4.724244,3.1335,4.92789915,3.8690893,322.14468,40.397074,3.9484629,0.4924255,2.50259635,0.033019,9.93658215
2012-08-22,Daily,397.9796072499999,22,4.695671,3.1245,4.93046145,3.8932836,324.15196499999996,40.2805269,3.9401016,0.4917414,2.49570685,0.03292415,9.9427253
2012-08-23,Daily,397.4862483499999,23,4.7112975,3.1015,4.93169545,3.8916075,323.98417,39.98788195,3.94919565,0.48826375,2.4942703,0.03265945,9.9137068
2012-08-24,Daily,397.36883705000014,24,4.722571,3.0975,4.9134099,3.8906151,323.95554500000003,39.9339919,3.9400888,0.48744985,2.4814746,0.03260015,9.91359075
2012-08-27,Daily,397.507541,27,4.739955,3.109,4.9134638,3.8893592,323.871085,40.08432065,3.9484385,0.48902105,2.4846167,0.03265755,9.94562355
2012-08-28,Daily,398.35084529999995,28,4.740799,3.1225,4.9237142,3.89703635,324.466185,40.26019375,3.97618775,0.4911329,2.48814715,0.0327478,9.9522014
2012-08-29,Daily,400.19664589999996,29,4.75988,3.121,4.9361738,3.9182596,326.276845,40.2387771,3.9699811,0.4914187,2.48992825,0.0326721,9.96171025
2012-08-30,Daily,401.0239643500001,30,4.738747,3.1315,4.95606855,3.92611835,326.91321000000005,40.37493325,3.9828309,0.4929323,2.49720955,0.0327135,9.97770095
2012-09-03,Daily,399.78402134999993,3,4.722005,3.1135,4.9397238,3.91491505,325.986855,40.1415638,3.97789735,0.4907826,2.49629235,0.03249155,9.96799485
2012-09-04,Daily,399.57114055,4,4.735703,3.1025,4.93142405,3.9144244,325.96137999999996,40.00000065,3.960302,0.4893495,2.4933704,0.03239535,9.9502912
2012-09-05,Daily,398.43315259999997,5,4.740957,3.1115,4.93499475,3.9010433,324.68962,40.11577785,3.96647375,0.4901158,2.49338895,0.03247915,9.95680205
2012-09-06,Daily,399.93168585,6,4.741926,3.117,4.9579005,3.93069325,326.029075,40.18487405,3.9760199,0.4911601,2.5009028,0.03250945,9.9696248
2012-09-07,Daily,399.9691661,7,4.735941,3.1115,4.9572421,3.93106925,326.187405,40.1150017,3.941851,0.4904789,2.50462875,0.03246225,9.96158615
2012-09-10,Daily,402.3062219000001,10,4.7492,3.1035,4.9635829,3.9686009,328.517025,40.01779505,3.966895,0.48976985,2.5119386,0.0323872,9.9855274
2012-09-11,Daily,401.4972694499999,11,4.716283,3.1,4.96356515,3.96040505,327.81685,39.9773042,3.96368775,0.48903225,2.51154575,0.0323439,9.9662524
2012-09-12,Daily,400.72182570000007,12,4.74628,3.0745,4.94210525,3.95426855,327.457715,39.6489704,3.94951555,0.4859756,2.5014239,0.0321147,9.92895675
2012-09-13,Daily,402.6176366999999,13,4.69392,3.082,4.96679735,3.9827146,329.22081,39.7400532,3.9629685,0.48699175,2.5104881,0.03216115,9.93873205
2012-09-14,Daily,399.2315272,14,4.736842,3.048,4.93577905,3.97002015,326.408275,39.3122942,3.92657105,0.48231285,2.4946809,0.0318762,9.8848758
2012-09-18,Daily,402.91666654999995,18,4.736171,3.058,4.9697088,4.0058272,329.8992,39.44483165,3.8918241,0.4836924,2.49714255,0.03221665,9.8980522
2012-09-19,Daily,403.23135394999997,19,4.7254375,3.0635,4.97788145,3.99771455,330.118585,39.5167962,3.8815341,0.48505335,2.50081725,0.0321122,9.93192235
2012-09-20,Daily,402.52770875,20,4.7209101,3.0625,4.9632407,3.98262835,329.442905,39.5016033,3.9114891,0.4862732,2.50020505,0.0321017,9.92385225
2012-09-21,Daily,401.35039125000014,21,4.7377425,3.06155,4.97241665,3.97236145,328.26358500000003,39.4908773,3.9122745,0.48530555,2.5014714,0.032033,9.9207739
2012-09-24,Daily,401.28819484999997,24,4.72318,3.0665,4.97325015,3.97111765,328.143575,39.55319725,3.9256235,0.48654145,2.5004086,0.03207635,9.9127249
2012-09-25,Daily,401.1269973000001,25,4.7455095,3.067,4.97697465,3.96731795,327.933715,39.5593921,3.93912185,0.4865937,2.50020445,0.03201465,9.91915345
2012-09-26,Daily,401.8142399,26,4.735503,3.0795,4.985403,3.9725553,328.392495,39.71780315,3.9612815,0.4883832,2.5040666,0.03214515,9.945104
2012-09-27,Daily,401.08180985000007,27,4.718574,3.077,4.9804325,3.9631762,327.74145,39.684793,3.962143,0.48797895,2.5035604,0.03208555,9.93061625
2012-09-28,Daily,400.8123848500001,28,4.734711,3.066,4.9828634,3.96387825,327.59914000000003,39.54317745,3.9535786,0.4871074,2.50183675,0.03200425,9.94808775
2012-10-01,Daily,398.82931999999994,1,4.69931,3.0705,4.95194925,3.9366882,325.66159,39.59840685,3.9423514,0.48858305,2.4949225,0.03201775,9.953001
2012-10-02,Daily,397.9989876500001,2,4.71779,3.0515,4.92344305,3.93460425,325.18134000000003,39.3538824,3.90617075,0.48555975,2.4860484,0.03183625,9.9268128
2012-10-03,Daily,399.80055460000005,3,4.7070315,3.0635,4.9411196,3.9531407,326.7385,39.5063486,3.91852165,0.4874692,2.48388555,0.0319448,9.969093
2012-10-04,Daily,399.18409750000006,4,4.70162,3.0585,4.924797,3.9532644,326.24002,39.4380547,3.8887479,0.4866736,2.4849698,0.03190925,9.97554085
2012-10-05,Daily,400.90339665,5,4.737764,3.053,4.9437235,3.9731744,327.927115,39.3744964,3.89811125,0.4857984,2.48818335,0.03183855,9.9901918
2012-10-08,Daily,402.19781595,8,4.730816,3.0685,4.94381385,3.9862886,328.955875,39.58001485,3.90742415,0.4881483,2.4918799,0.0319986,10.0130567
2012-10-09,Daily,400.98112269999996,9,4.737042,3.064,4.9152689,3.9789105,327.82327499999997,39.52426485,3.90816385,0.48751775,2.4944032,0.031925,10.01635165
2012-10-10,Daily,400.22637430000003,10,4.723968,3.078,4.9217222,3.95723095,326.87305000000003,39.70306555,3.93229015,0.48955055,2.50081335,0.03203745,10.0146461
2012-10-11,Daily,400.76497535000004,11,4.70628,3.0755,4.9271049,3.9570922,327.44212,39.6733792,3.9411815,0.4897449,2.5026457,0.03200315,10.0179238
2012-10-12,Daily,400.2081211000001,12,4.718542,3.06,4.9047211,3.95581525,327.18525500000004,39.47266725,3.9023156,0.4882096,2.50337485,0.03189995,9.9853205
2012-10-15,Daily,399.98311649999994,15,4.70624,3.062,4.91175465,3.95135815,326.96218,39.5005042,3.9023774,0.4885131,2.50368015,0.03192075,9.9625881
2012-10-16,Daily,400.5578238,16,4.693848,3.056,4.91068655,3.96134025,327.650955,39.4261545,3.87718925,0.48764925,2.5012286,0.0318832,9.9608892
2012-10-17,Daily,402.30918125,17,4.7036535,3.044,4.9092111,3.98550935,329.579955,39.2675395,3.86687065,0.48658845,2.4977436,0.031758,9.9363521
2012-10-18,Daily,401.6517253,18,4.7153,3.0405,4.90311045,3.9795588,329.00504,39.2246676,3.84168315,0.4860795,2.49589625,0.0317215,9.92816805
2012-10-19,Daily,402.61204899999996,19,4.7130935,3.05,4.8989104,3.9861976,329.81888499999997,39.35179395,3.84469975,0.48776585,2.50051335,0.0317957,9.9283939
2012-10-22,Daily,402.22783735,22,4.702329,3.0545,4.89178205,3.9823046,329.379485,39.41036205,3.84964495,0.4883801,2.50225345,0.0318426,9.93495355
2012-10-23,Daily,401.44246225,23,4.7070315,3.0495,4.882707,3.9806649,328.71627,39.34585005,3.81951475,0.488045,2.49601,0.0317161,9.92515295
2012-10-24,Daily,401.0487546499999,24,4.684032,3.0585,4.876167,3.97192125,328.2005,39.46298995,3.83006715,0.4892426,2.5004097,0.0318097,9.9431153
2012-10-25,Daily,399.8368524499999,25,4.68566425,3.0495,4.89170325,3.9567264,327.147025,39.3453421,3.8137826,0.48850625,2.4952959,0.0316947,9.931612
2012-10-29,Daily,399.20283025,29,4.698635,3.05255,4.9091112,3.9477107,326.423635,39.38571055,3.82764965,0.48937505,2.5000411,0.0317231,9.9366889
2012-10-30,Daily,399.88100569999995,30,4.6917275,3.061,4.90754835,3.9515982,326.960135,39.49448165,3.83487875,0.49008155,2.50491065,0.0317861,9.95285795
2012-10-31,Daily,400.76224725,31,4.68520375,3.0565,4.91607475,3.96107125,327.88041,39.43743815,3.84030685,0.48972955,2.5045074,0.03173275,9.9592728
2012-11-01,Daily,400.3930074,1,4.693207,3.05225,4.9228216,3.9570896,327.61767499999996,39.38361745,3.8115013,0.4892289,2.5014348,0.0316985,9.93248325
2012-11-02,Daily,399.8999102,2,4.703244,3.0515,4.91795005,3.94574215,327.15092,39.37419455,3.80249245,0.4888188,2.49846495,0.03169405,9.9348892
2012-11-05,Daily,398.7532713,5,4.6810335,3.066,4.91372515,3.93137865,325.80633,39.5600147,3.8082228,0.49092915,2.50439135,0.03184625,9.95939975
2012-11-06,Daily,397.2899952,6,4.669566,3.0615,4.89426735,3.91764885,324.466175,39.5029716,3.82162055,0.49025575,2.50071495,0.03178305,9.9334921
2012-11-07,Daily,396.95193735,7,4.685625,3.054,4.8900651,3.91904565,324.221085,39.4041641,3.82347495,0.4891252,2.50030715,0.03171345,9.93333175
2012-11-08,Daily,396.61136475,8,4.6764375,3.0625,4.89310965,3.9048408,323.73152,39.5135808,3.83603695,0.49055335,2.50030645,0.0317769,9.97070235
2012-11-09,Daily,397.3499759,9,4.6749105,3.0625,4.9026032,3.9121908,324.417475,39.51103185,3.84978025,0.4907382,2.503475,0.03179345,9.99347765
2012-11-12,Daily,395.74815865,12,4.674901,3.0615,4.86916275,3.89637135,322.87496999999996,39.49838445,3.85215525,0.49148355,2.50398745,0.03176655,9.9934763
2012-11-14,Daily,396.65639710000005,14,4.680204,3.0635,4.8666764,3.89646595,323.751715,39.5264836,3.8532178,0.4921127,2.50726365,0.0317873,9.9869707
2012-11-16,Daily,398.4660193499999,16,4.666472,3.071,4.8710668,3.9235098,325.52473499999996,39.6145618,3.7843505,0.4926369,2.50040785,0.0319065,9.9853722
2012-11-19,Daily,397.11286774999996,19,4.6626875,3.064,4.8772754,3.91104295,324.30150499999996,39.5260491,3.77177365,0.49145095,2.50132675,0.03179415,9.9739623
2012-11-20,Daily,397.7619225000001,20,4.6840725,3.0575,4.86585845,3.91482315,325.041205,39.442962,3.76284585,0.49079415,2.49948925,0.0317168,9.97065535
2012-11-21,Daily,397.90394695000003,21,4.6687875,3.0675,4.8816198,3.9158172,325.03312,39.5775825,3.74656575,0.4921229,2.5004085,0.0318123,9.9886105
2012-11-22,Daily,398.99826049999996,22,4.66840625,3.0615,4.8872256,3.9323439,326.24688499999996,39.49838475,3.713836,0.4914914,2.4989806,0.0317633,9.9674437
2012-11-23,Daily,400.25838815,23,4.65735,3.06125,4.88223465,3.945033,327.511545,39.4956688,3.7230169,0.4915539,2.500409,0.03179695,9.95852995
2012-11-26,Daily,401.50761574999996,26,4.678716,3.054,4.89510405,3.95844225,328.829125,39.40441885,3.71216745,0.4905591,2.49734245,0.0317464,9.9559942
2012-11-27,Daily,401.6921276,27,4.6794825,3.052,4.89372945,3.96225915,329.038875,39.3806462,3.72172435,0.490486,2.4981584,0.03177515,9.9429914
2012-11-28,Daily,400.3991172500001,28,4.6661175,3.0525,4.88751045,3.94795105,327.767675,39.38608055,3.7298392,0.49017245,2.49652485,0.0317473,9.9429989
2012-11-29,Daily,400.6857496500001,29,4.668729,3.04975,4.8846321,3.94988375,328.12416,39.35135915,3.71558245,0.48967585,2.49590805,0.03172695,9.92434235
2012-11-30,Daily,400.91740315000004,30,4.667195,3.0435,4.8834481,3.95563705,328.47666000000004,39.27071485,3.69110455,0.4888136,2.49334375,0.0316866,9.91529965
2012-12-03,Daily,401.36490575,3,4.67328,3.0425,4.8801702,3.9674202,328.91895500000004,39.2580655,3.6914586,0.48852745,2.49272885,0.0316762,9.92012375
2012-12-04,Daily,401.12563324999996,4,4.6870245,3.0425,4.8984253,3.9736572,328.61696,39.2578119,3.70471935,0.4886373,2.49600075,0.0316762,9.92822075
2012-12-05,Daily,401.127601,5,4.687794,3.0455,4.9055392,3.9918892,328.550635,39.29550725,3.7031865,0.4892999,2.49989745,0.03168275,9.92666975
2012-12-06,Daily,401.12068430000005,6,4.6932839,3.046,4.9004051,3.97548715,328.56912500000004,39.30246575,3.69077975,0.48906195,2.49733635,0.0316797,9.92505965
2012-12-07,Daily,399.99890389999996,7,4.6810325,3.05155,4.8985007,3.9570977,327.36685,39.3745853,3.69952125,0.4898076,2.50024645,0.03170445,9.94800795
2012-12-10,Daily,399.33298945,10,4.694046,3.0575,4.8999497,3.94356365,326.58627,39.4508498,3.7069598,0.49078625,2.50235305,0.03168395,9.96902725
2012-12-11,Daily,401.2314689,11,4.687904,3.066,4.92874845,3.96571785,328.26554,39.5600147,3.72245565,0.49196905,2.5080781,0.03177205,10.00326905
2012-12-12,Daily,400.60452640000005,12,4.686336,3.056,4.9229105,3.9737169,327.844235,39.4304778,3.6972961,0.4890774,2.5021493,0.0316848,9.9706426
2012-12-13,Daily,402.0833424499999,13,4.695552,3.051,4.9224837,3.9907083,329.428345,39.36647275,3.6506137,0.48887575,2.49846475,0.03162475,9.95920175
2012-12-14,Daily,403.7046495000001,14,4.695552,3.057,4.9265084,4.0008489,330.93370000000004,39.4451623,3.64340655,0.49004915,2.503583,0.0316788,9.9771604
2012-12-17,Daily,405.51091035,17,4.704007,3.057,4.9407236,4.0216364,332.680415,39.44439835,3.6382036,0.49065875,2.5054297,0.0316952,9.99674275
2012-12-18,Daily,405.70151764999997,18,4.7023615,3.05455,4.95280015,4.02360605,332.902845,39.41049825,3.63399,0.49020255,2.5053729,0.0316616,9.99362965
2012-12-19,Daily,407.51700875000006,19,4.71163,3.0515,4.96280755,4.0426276,334.75952,39.37292435,3.62045495,0.48988605,2.5034869,0.0315727,9.97059865
2012-12-20,Daily,407.9870028000001,20,4.7306298,3.0595,4.9753592,4.04649485,335.049015,39.47742075,3.6316704,0.49115065,2.5088152,0.03163095,9.985316
2012-12-21,Daily,407.7933587,21,4.7201,3.0615,4.97447835,4.040874,334.82809,39.5029716,3.64659725,0.4913731,2.5088096,0.0316026,9.9869622
2012-12-24,Daily,407.4904624,24,4.72857,3.065,4.9548792,4.0405896,334.479315,39.548132,3.6345312,0.4917612,2.5094155,0.031737,10.0065317
2012-12-26,Daily,408.2298434,26,4.7193644,3.0705,4.951335,4.0479939,335.170885,39.61680035,3.60154915,0.49252905,2.509296,0.03163855,10.017952
2012-12-27,Daily,408.66897864,27,4.71769954,3.065,4.94522435,4.05637435,335.74329,39.54226585,3.57101305,0.4914458,2.50664495,0.031647,9.99837375
2012-12-28,Daily,407.9949076,28,4.6791225,3.0605,4.9304658,4.0533265,335.231975,39.4811542,3.5424505,0.4910944,2.50132845,0.0316495,9.99184075
2012-12-31,Daily,407.53951015,31,4.66833375,3.05825,4.94197935,4.0411719,334.80216,39.45340045,3.55755265,0.49093815,2.50296705,0.03173285,9.991024
2013-01-02,Daily,406.50176081000006,2,4.67607756,3.0375,4.9658571,4.0357746,334.15851000000004,39.18419485,3.4817747,0.4875367,2.4890406,0.03136305,9.95413165
2013-01-03,Daily,402.15988174999995,3,4.6697511,3.036,4.9262138,3.98900055,329.89248,39.1656029,3.4798557,0.487296,2.4839436,0.03137985,9.99835825
2013-01-04,Daily,400.4731384199999,4,4.64100272,3.045,4.89361965,3.96793965,328.17805999999996,39.2799331,3.47087715,0.48870915,2.47651655,0.0314729,10.00000755
2013-01-07,Daily,400.93810372,7,4.64213717,3.0435,4.8836003,3.97313715,328.68951000000004,39.2671678,3.4544016,0.48867235,2.4728825,0.03129585,9.991799
2013-01-08,Daily,402.2164897199999,8,4.65982132,3.0395,4.8966348,3.989192,329.96801,39.2117669,3.47153295,0.48821035,2.47375285,0.03120645,9.9868621
2013-01-09,Daily,401.2041772,9,4.64221125,3.0415,4.8793266,3.97630525,328.95311,39.23655595,3.47838545,0.48875925,2.47679165,0.03122695,10.00000485
2013-01-10,Daily,400.04908185,10,4.619996,3.0375,4.8656195,3.9640895,327.93524,39.18596625,3.44876635,0.4881008,2.47585385,0.0312342,9.9967154
2013-01-11,Daily,401.62358995000005,11,4.63252955,3.02,4.87654525,4.0034631,329.78434,38.9526649,3.3930679,0.48590945,2.4669173,0.031263,9.9768895
2013-01-14,Daily,402.19204955,14,4.6157133,3.0165,4.87255275,4.041507,330.43055,38.9100304,3.36606665,0.48536975,2.4605414,0.03119445,9.96202385
2013-01-15,Daily,396.4529671,15,4.64269515,3.00555,4.8335258,4.01466365,324.854135,38.7665347,3.3781614,0.48358835,2.4547132,0.03085785,9.988542
2013-01-16,Daily,395.87019215,16,4.6522863,3.0165,4.84615815,4.0081746,323.95432,38.9087744,3.42297885,0.48531115,2.4627509,0.03105,10.0818878
2013-01-17,Daily,396.1393593,17,4.6345966,3.02175,4.83238295,4.01424405,324.13527,38.97599025,3.42388615,0.4860385,2.4677429,0.031112,10.1163459
2013-01-18,Daily,392.8492209500001,18,4.64253475,3.013,4.8153768,4.03275,321.044285,38.8633794,3.34870805,0.4847793,2.45929085,0.03098225,10.11413455
2013-01-21,Daily,395.280599,21,4.66558225,3.0215,4.7933078,4.02433595,323.276115,38.9712569,3.3705171,0.48587325,2.45730375,0.03111745,10.18368955
2013-01-22,Daily,397.6487582,22,4.66865525,3.0365,4.81072725,4.04704735,325.350955,39.1619499,3.37858145,0.4881519,2.4731233,0.03148265,10.20158415
2013-01-23,Daily,399.17372059,23,4.68466254,3.0385,4.8096418,4.0451552,326.773145,39.1905227,3.4312011,0.48863835,2.4741475,0.03151975,10.20658665
2013-01-25,Daily,400.79170311,25,4.72802346,3.05325,4.8161968,4.07792085,328.14781,39.3749287,3.3743165,0.4908486,2.4801999,0.03153375,10.21667455
2013-01-29,Daily,405.29129716000006,29,4.72940856,3.078,4.8319984,4.1406796,332.12844,39.6764527,3.38464945,0.4944499,2.4875743,0.03153695,10.3081073
2013-01-30,Daily,407.01124788,30,4.77524468,3.078,4.84861955,4.15206815,333.73093,39.6754298,3.38744345,0.4948712,2.49089595,0.0315127,10.3462324
2013-01-31,Daily,414.74979114,31,4.78822309,3.0995,4.8999997,4.2067966,340.96035,39.95256545,3.4107294,0.4985123,2.50201875,0.03182245,10.3992734
2013-02-04,Daily,415.0000087899999,4,4.76202434,3.101,4.86733,4.22650805,341.256805,39.98452895,3.3432168,0.49783275,2.5034318,0.03204345,10.42528765
2013-02-05,Daily,413.69686602999997,5,4.75894328,3.0955,4.87587705,4.1767583,340.090145,39.91850015,3.35174125,0.4969697,2.5007071,0.0319206,10.3998036
2013-02-06,Daily,414.48061393999996,6,4.75792569,3.094,4.8445854,4.202271,340.95561499999997,39.90172965,3.3000915,0.4964778,2.50121315,0.03193975,10.394765
2013-02-07,Daily,414.06954471,7,4.76184286,3.099,4.85086505,4.18566445,340.45599000000004,39.9638922,3.3188762,0.4970887,2.50161535,0.03187455,10.40283535
2013-02-08,Daily,411.14902460999997,8,4.73910036,3.098,4.870211,4.1544183,337.601515,39.94507295,3.3147876,0.4971915,2.4989926,0.0320124,10.3977229
2013-02-13,Daily,410.9106316,13,4.7304625,3.0965,4.8526802,4.16262525,337.401265,39.9249608,3.32724505,0.49683115,2.50111095,0.03210305,10.38484765
2013-02-14,Daily,409.79737239,14,4.72023734,3.0865,4.7916373,4.1494909,336.56841499999996,39.79807645,3.3031897,0.49522665,2.4987863,0.0319018,10.35391095
2013-02-15,Daily,409.1228147099999,15,4.73088116,3.094,4.8008052,4.13451235,335.720535,39.8968422,3.34558845,0.49643,2.50607575,0.03198265,10.36516195
2013-02-18,Daily,408.24617349,18,4.73049954,3.09925,4.7967094,4.1308355,334.83689499999997,39.96376605,3.29287115,0.4965991,2.4995968,0.03203195,10.367119
2013-02-19,Daily,408.89876921,19,4.72205016,3.099,4.7924486,4.1363903,335.480385,39.960801,3.30612905,0.49642775,2.50171545,0.03193365,10.37148825
2013-02-20,Daily,409.51462566999993,20,4.73744357,3.096,4.78177235,4.15266495,336.10165,39.9259777,3.31229295,0.4960108,2.50353785,0.03193235,10.37534315
2013-02-21,Daily,407.83885397999995,21,4.70240643,3.1065,4.7257632,4.1199957,334.37386,40.054413,3.3240598,0.49769695,2.5055456,0.0320241,10.3965892
2013-02-22,Daily,406.90846666,22,4.70452036,3.0995,4.73107695,4.0941297,333.56656,39.9620958,3.3238611,0.49681825,2.50393835,0.03192725,10.3940389
2013-02-25,Daily,406.53007488000003,25,4.71018448,3.103,4.694684,4.0923917,333.1902,40.0038677,3.298783,0.49775425,2.5032276,0.03194855,10.4040336
2013-02-26,Daily,407.16851135999997,26,4.68886161,3.1025,4.7196783,4.0524857,333.81755499999997,39.9969064,3.36442015,0.4979976,2.50423835,0.03196975,10.3918985
2013-02-27,Daily,405.59787023,27,4.68218468,3.0995,4.6834997,4.04934185,332.33261,39.954625,3.3715876,0.49771975,2.5042424,0.03200475,10.3905545
2013-02-28,Daily,405.95969487,28,4.68688402,3.092,4.6907187,4.06489805,332.81312,39.8635981,3.3479512,0.4969144,2.5010112,0.0319752,10.370624
2013-03-01,Daily,403.65430992,1,4.68044167,3.094,4.69375295,4.0457146,330.467295,39.89735625,3.33854875,0.4972158,2.5010105,0.0319711,10.4070033
2013-03-04,Daily,402.76402819,4,4.67022114,3.10475,4.6689234,4.04378175,329.468895,40.0315896,3.3250336,0.49876305,2.4961812,0.0320061,10.42388335
2013-03-05,Daily,402.9507394299999,5,4.68337888,3.1005,4.69183185,4.0413468,329.70014499999996,39.9773075,3.32618205,0.4982644,2.4919628,0.0319623,10.40785785
2013-03-06,Daily,403.08881885000005,6,4.69070375,3.1025,4.69765075,4.0534164,329.75516,40.00257915,3.32993505,0.49909115,2.4936706,0.03202585,10.43208615
2013-03-07,Daily,401.32039156,7,4.67696001,3.109,4.6635002,4.0399902,327.97101,40.0827703,3.31326315,0.499787,2.4903878,0.03207635,10.44164655
2013-03-08,Daily,402.22143285,8,4.6895379,3.1065,4.6617693,4.0685833,328.921605,40.0466673,3.25782605,0.4998632,2.4914788,0.0320671,10.4455349
2013-03-11,Daily,400.19872215999993,11,4.66267011,3.11,4.6407422,4.04471075,326.93829999999997,40.09462915,3.234866,0.50013265,2.4902911,0.03210325,10.45027695
2013-03-12,Daily,400.50186176,12,4.66109056,3.1065,4.6260447,4.046061,327.275685,40.05208835,3.2178376,0.49970245,2.48988105,0.0320357,10.49493535
2013-03-13,Daily,401.18390846,13,4.67796736,3.104,4.63628985,4.04684025,327.96245,40.0126335,3.2434694,0.49946905,2.48937375,0.0320066,10.4794087
2013-03-14,Daily,400.2373091200001,14,4.66814302,3.113,4.65097775,4.0330474,326.87569,40.1265805,3.2452443,0.50078825,2.4925936,0.03208455,10.49915975
2013-03-15,Daily,402.60803367000005,15,4.72061642,3.1165,4.7010845,4.05503405,329.03976,40.17143735,3.24162725,0.5014723,2.49609555,0.0321289,10.53227735
2013-03-18,Daily,406.28779134,18,4.68880089,3.133,4.7336499,4.0451731,332.378595,40.3711111,3.3079932,0.50406645,2.5050974,0.0322607,10.5880436
2013-03-19,Daily,403.3285503199999,19,4.69928857,3.1205,4.7121114,4.04213975,329.618695,40.21003945,3.26600095,0.502015,2.49719935,0.03215185,10.628409
2013-03-20,Daily,404.0663370699999,20,4.68165202,3.1285,4.72059375,4.0277874,330.14988999999997,40.3084497,3.29056015,0.5035896,2.4981038,0.0321482,10.72506245
2013-03-21,Daily,403.87884571000006,21,4.67791671,3.1195,4.71808785,4.03928465,330.17572,40.19119775,3.25100375,0.50211665,2.49420335,0.0320755,10.6777395
2013-03-22,Daily,402.68996620999997,22,4.65004881,3.1145,4.72952405,4.0225327,329.08923,40.12264185,3.2803208,0.5012513,2.4927967,0.0319682,10.6551518
2013-03-25,Daily,402.12014457000004,25,4.65908942,3.0915,4.71283725,4.02837915,328.970575,39.8232655,3.26038855,0.49779805,2.48253445,0.03175985,10.56201735
2013-03-26,Daily,399.180643,26,4.650403,3.0935,4.69670645,3.9805612,326.06064,39.85724335,3.27927135,0.4979918,2.49254705,0.03173635,10.54004245
2013-03-27,Daily,399.78555485,27,4.6433636,3.1,4.6983602,3.9816402,326.55645999999996,39.94639595,3.268836,0.49898595,2.49386595,0.0318635,10.5657835
2013-03-28,Daily,398.68429437,28,4.62663477,3.1035,4.69699215,3.9661179,325.38271499999996,39.9783592,3.2958106,0.49938855,2.49618005,0.03196355,10.6066326
2013-03-29,Daily,398.5193182,29,4.643772,3.0885,4.6971456,3.9617736,325.499435,39.78282735,3.2811011,0.49729495,2.49112825,0.0317829,10.54455745
2013-04-01,Daily,398.61436266000004,1,4.63257746,3.0975,4.7027796,3.95922465,325.43606,39.89721565,3.29381165,0.49894495,2.494564,0.0318149,10.5698698
2013-04-02,Daily,399.12601678000004,2,4.63811188,3.083,4.7006503,3.9673587,326.15715500000005,39.7122381,3.324348,0.49715385,2.49393375,0.0316676,10.5203996
2013-04-03,Daily,398.09002036000004,3,4.60756401,3.0895,4.6612832,3.95641385,325.142155,39.80237445,3.3030423,0.49820205,2.49283905,0.0317132,10.50493325
2013-04-04,Daily,397.9029601100001,4,4.58292911,3.073,4.65021765,3.94834415,325.2885,39.5913333,3.3087484,0.4955253,2.4822303,0.03151635,10.45061555
2013-04-05,Daily,398.32353859999995,5,4.59022475,3.0645,4.66585455,3.9620922,325.941335,39.4767366,3.16302895,0.49415465,2.47157095,0.03142275,10.4626182
2013-04-08,Daily,399.35797545,8,4.59034765,3.0575,4.68653615,3.97153985,327.145355,39.3804754,3.10295895,0.492724,2.4640368,0.0313397,10.43516195
2013-04-09,Daily,399.27326948999996,9,4.56089759,3.05325,4.6620077,3.98311735,327.093075,39.32700105,3.07399955,0.4922612,2.4623977,0.03136045,10.5339019
2013-04-10,Daily,397.41885606000005,10,4.57242801,3.0335,4.652024,3.9710034,325.60517500000003,39.07865395,3.0655354,0.4897719,2.45190815,0.03128935,10.4675669
2013-04-11,Daily,397.39701572999996,11,4.57686108,3.03725,4.65595245,3.9660412,325.53595,39.12721535,3.0496014,0.49005685,2.4534513,0.0313523,10.4732838
2013-04-12,Daily,398.47903625000004,12,4.5776173,3.036,4.6752886,3.9812587,326.60966,39.11640285,3.05263745,0.49042885,2.4539289,0.03126515,10.45454845
2013-04-15,Daily,399.19404434999996,15,4.5819488,3.041,4.6589643,3.97671585,327.18285,39.1777949,3.11322735,0.4914827,2.4579703,0.0312989,10.48079125
2013-04-16,Daily,398.82001433000005,16,4.57038428,3.04,4.6521121,3.9714562,326.84668,39.1631464,3.1201892,0.4915634,2.45587115,0.0312677,10.4773439
2013-04-17,Daily,400.13412324000006,17,4.57615609,3.031,4.6551616,3.99288795,328.29679,39.04820825,3.08781625,0.49098935,2.45773365,0.03121685,10.46616325
2013-04-18,Daily,397.58976695,18,4.5697739,3.0335,4.62775615,3.960386,325.710055,39.07664095,3.08690365,0.49082585,2.4550827,0.03120405,10.5476387
2013-04-19,Daily,398.02578539999996,19,4.5789626,3.037,4.64493975,3.9679926,326.033365,39.12021395,3.08559875,0.49145975,2.45861165,0.0312819,10.57635945
2013-04-22,Daily,398.20775612999995,22,4.59042638,3.0405,4.63220205,3.97560585,326.16396499999996,39.16302935,3.0461359,0.49192665,2.4563751,0.0313018,10.61628805
2013-04-23,Daily,398.8356653800001,23,4.58207723,3.05625,4.66261515,3.9835164,326.4876,39.3648813,3.0965047,0.49478705,2.46402275,0.0314235,10.6119873
2013-04-24,Daily,395.00073495000004,24,4.5654112,3.0525,4.65338385,3.9685554,322.810965,39.31227675,3.06999915,0.49411595,2.45971055,0.0313882,10.5824289
2013-04-25,Daily,393.3226917,25,4.5741836,3.04,4.65834415,3.9659842,321.37006,39.1558313,3.05850405,0.49272265,2.4530967,0.0312854,10.52267965
2013-04-26,Daily,393.67694588,26,4.55862963,3.0365,4.69275915,3.957926,321.901855,39.11226245,3.062995,0.4923711,2.45453165,0.0312349,10.375881
2013-04-29,Daily,393.56040081,29,4.57526106,3.0305,4.70379095,3.954348,321.811665,39.036989,3.10820535,0.4915653,2.4544425,0.03117315,10.3624605
2013-04-30,Daily,395.1769470400001,30,4.62384104,3.0315,4.6941264,3.97020405,323.377315,39.06093985,3.095105,0.4917275,2.45634655,0.03117865,10.344663
2013-05-02,Daily,401.16466919,2,4.60973834,3.052,4.7452497,4.01902625,328.87938,39.3352194,3.1360464,0.4959134,2.4744616,0.0313782,10.3862559
2013-05-03,Daily,397.6415817,3,4.48371445,3.0445,4.72704315,3.980075,325.78924,39.2340065,3.10742595,0.4944939,2.4660808,0.0312545,10.28374745
2013-05-06,Daily,387.4685407,6,4.4780505,2.9675,4.6241072,3.89454725,317.31183,38.2461553,2.9947525,0.4819561,2.41211145,0.03048595,10.02704445
2013-05-07,Daily,386.86474265000004,7,4.49545005,2.9715,4.61934555,3.8865735,316.656135,38.2898126,3.00015205,0.4825352,2.4141857,0.03050665,10.01854635
2013-05-08,Daily,387.18715285,8,4.4752092,2.9785,4.6105693,3.8990055,316.844885,38.37655085,3.0070673,0.4848648,2.41908685,0.03060205,10.060812
2013-05-09,Daily,387.54299684000006,9,4.51719864,2.9645,4.60698145,3.90261625,317.34733,38.2028133,3.00111375,0.4833214,2.4135968,0.03046765,10.0730576
2013-05-10,Daily,385.40899733,10,4.50560948,2.988,4.6151158,3.89680045,314.92416,38.5044105,2.95826995,0.4866053,2.4183563,0.030695,10.08097455
2013-05-13,Daily,383.77515509000006,13,4.48102134,3.004,4.60918765,3.8954371,313.11241,38.7066023,2.9491463,0.4886301,2.4207266,0.03083555,10.07715815
2013-05-14,Daily,383.8818497,14,4.48995155,2.9895,4.57797105,3.8884428,313.39771,38.51877635,2.94184235,0.4866515,2.4126391,0.03069145,10.14767355
2013-05-15,Daily,381.0979818999999,15,4.48446315,2.9995,4.5674889,3.8798535,310.555475,38.64563145,2.9363682,0.48802515,2.41447335,0.0307736,10.0959296
2013-05-16,Daily,382.26278954,16,4.50320304,3.009,4.5803001,3.8724328,311.52301,38.76653185,2.9439391,0.4893996,2.4127983,0.0308536,10.13132115
2013-05-17,Daily,383.38183484999996,17,4.5017909,3.0205,4.6039975,3.88375905,312.438725,38.90692365,2.95215785,0.49194615,2.40667735,0.0309398,10.1444176
2013-05-20,Daily,382.25741333,20,4.48939363,3.0185,4.58736575,3.8765087,311.426425,38.88341455,2.93928675,0.4916204,2.40680945,0.0309352,10.1071539
2013-05-21,Daily,381.9118667,21,4.4966785,3.0115,4.5928388,3.8810707,311.13753,38.79973985,2.9373324,0.4910642,2.4003673,0.030835,10.13290995
2013-05-22,Daily,382.19691671000004,22,4.52989416,3.0175,4.5716636,3.89876095,311.30717500000003,38.88005,2.94447715,0.4920185,2.39693445,0.0308996,10.1275433
2013-05-23,Daily,381.2405385800001,23,4.53410303,3.036,4.56326005,3.900653,310.11237500000004,39.1085923,2.95330755,0.49490185,2.3947003,0.0310668,10.1115787
2013-05-27,Daily,385.99142381000013,27,4.54232646,3.0325,4.58589835,3.9185968,314.786955,39.0622491,3.001881,0.4950132,2.39799205,0.0309518,10.13706005
2013-05-28,Daily,385.74611884999996,28,4.56564245,3.038,4.589051,3.92433675,314.4277,39.13133225,2.9854564,0.49619035,2.40367145,0.0309921,10.1537461
2013-05-29,Daily,385.15206505000003,29,4.58241555,3.0575,4.5955756,3.93072215,313.525505,39.38326425,2.99168335,0.49894745,2.4092826,0.0311545,10.1460146
2013-05-30,Daily,391.59329155,30,4.61753545,3.0675,4.6440417,3.97624695,319.61449000000005,39.5115643,3.03923555,0.50048135,2.4269164,0.03126115,10.1640187
2013-05-31,Daily,395.66989820000003,31,4.62895115,3.085,4.6972211,4.0212976,323.239765,39.7367211,3.0568769,0.5028033,2.44608315,0.0314796,10.2236993
2013-06-03,Daily,395.25627978000006,3,4.64283308,3.0885,4.70023395,4.01952855,322.82852,39.78359645,3.0691647,0.50366105,2.45089875,0.0314752,10.13786805
2013-06-04,Daily,398.68161238999994,4,4.64145594,3.0945,4.7387628,4.0406436,326.011465,39.864221,3.1036559,0.50498545,2.4710541,0.0315846,10.179284
2013-06-05,Daily,398.20599144999994,5,4.64755495,3.0855,4.7277576,4.0387653,325.74966,39.75826835,3.08519165,0.5035167,2.47186095,0.0314606,10.10645535
2013-06-06,Daily,400.48551168999995,6,4.65376709,3.089,4.75783235,4.0453546,327.919345,39.79977775,3.1150104,0.50374265,2.47041035,0.03154455,10.09972695
2013-06-07,Daily,405.59957685,7,4.7422128,3.0855,4.81168315,4.09029315,332.82995,39.75340235,3.20205515,0.5029094,2.48479975,0.0315249,10.0652462
2013-06-10,Daily,406.45801832999996,10,4.76603893,3.12,4.84395605,4.11886805,333.04871,40.19246015,3.179132,0.50868185,2.48714605,0.0318043,10.16122095
2013-06-11,Daily,411.65402319000003,11,4.77783439,3.1475,4.9052216,4.17736215,337.67841,40.54280515,3.20079385,0.5131654,2.49940505,0.0320275,10.1794981
2013-06-12,Daily,414.67684838,12,4.78817583,3.1465,4.9225423,4.18846355,340.677875,40.52600745,3.2662071,0.5130024,2.50527495,0.03193605,10.11086375
2013-06-13,Daily,417.1980433,13,4.7663673,3.1485,4.93700565,4.20529425,343.04865,40.5462837,3.32032755,0.5128017,2.50318105,0.0318352,10.1777969
2013-06-14,Daily,411.83485267000003,14,4.77677007,3.1235,4.9037392,4.1694042,338.077805,40.23236505,3.29083985,0.5091778,2.4954069,0.0316144,10.2242302
2013-06-17,Daily,413.07851644,17,4.81366634,3.1335,4.92006525,4.1742921,339.105035,40.37469195,3.30468305,0.51152505,2.49750945,0.0317076,10.21184065
2013-06-18,Daily,416.07943578000004,18,4.82682888,3.154,4.9535148,4.2118518,341.656295,40.649307,3.32472525,0.51458175,2.50128905,0.03179435,10.2552479
2013-06-19,Daily,418.51884527,19,4.88863122,3.1625,4.9450435,4.23474585,343.91823,40.7662115,3.31916475,0.5159054,2.51012,0.03192835,10.2263647
2013-06-20,Daily,419.52759921999996,20,4.85712892,3.201,4.9413838,4.2432457,344.323185,41.27047575,3.294566,0.52222005,2.51967955,0.0322357,10.32247875
2013-06-21,Daily,422.14382715,21,4.8718074,3.2095,4.97857655,4.24809435,346.80433,41.3757986,3.29856165,0.52336345,2.516269,0.032305,10.28522115
2013-06-24,Daily,418.70320157,24,4.84485232,3.2165,4.948103,4.2134544,343.33138499999995,41.4681789,3.2653171,0.52410755,2.5197815,0.0323999,10.3391219
2013-06-25,Daily,419.60357218,25,4.82358018,3.212,4.9575618,4.21205645,344.24743,41.4096293,3.3001135,0.5224803,2.516749,0.0323139,10.36965775
2013-06-26,Daily,415.10985775999995,26,4.79910701,3.1925,4.92299485,4.1717996,340.26113499999997,41.1574378,3.2629806,0.51921545,2.5087426,0.0321339,10.28181095
2013-06-27,Daily,413.42670885999996,27,4.77970116,3.1885,4.8913188,4.1542968,338.733715,41.1013651,3.2613927,0.51849745,2.5134012,0.0321017,10.25241895
2013-06-28,Daily,411.24214437000006,28,4.75928142,3.1785,4.8537285,4.15350495,336.84829,40.9732531,3.2159661,0.5172498,2.51304565,0.03201715,10.1973077
2013-07-01,Daily,409.045493,1,4.7604718,3.1645,4.814154,4.1212868,334.938665,40.8030385,3.1860056,0.5162064,2.497928,0.031844,10.2113929
2013-07-02,Daily,409.4844942600001,2,4.77643656,3.169,4.82115855,4.1391896,335.23754,40.86000775,3.18284595,0.5168646,2.5021722,0.03189575,10.2473833
2013-07-03,Daily,409.20522968999995,3,4.77468224,3.182,4.820571,4.1278496,334.82402,41.032916,3.1594105,0.51888755,2.4997057,0.03202015,10.23316695
2013-07-04,Daily,410.49191003000004,4,4.77543168,3.1855,4.8615509,4.13971675,335.95238,41.08387675,3.1912444,0.5199458,2.5058017,0.03203925,10.2444228
2013-07-05,Daily,407.37794482,5,4.81365312,3.186,4.7925406,4.109303,332.93278499999997,41.09138525,3.1772631,0.51980685,2.4968653,0.03204425,10.22629835
2013-07-08,Daily,407.04862621000007,8,4.74972926,3.2115,4.7766246,4.1174643,332.35025,41.4109257,3.1720088,0.52322455,2.4980555,0.0322602,10.2065833
2013-07-09,Daily,405.07656606,9,4.74323271,3.1905,4.76644755,4.1033022,330.758915,41.13324365,3.15703585,0.5203967,2.4976523,0.03204925,10.17379085
2013-07-10,Daily,401.51574912000007,10,4.69761132,3.1865,4.7381664,4.0718691,327.35776,41.07929085,3.15510725,0.5193631,2.49432545,0.0319769,10.18377875
2013-07-11,Daily,408.45208564999996,11,4.7533236,3.156,4.7811826,4.14414375,334.53471,40.68976675,3.1967593,0.51463515,2.500397,0.03161535,10.14955215
2013-07-12,Daily,408.27941675,12,4.7813857,3.165,4.80352085,4.14092785,334.16039,40.8026458,3.19583995,0.51545555,2.51060965,0.0316976,10.1719438
2013-07-15,Daily,411.0032480500001,15,4.7693407,3.185,4.81556085,4.1621582,336.520695,41.0530732,3.2090682,0.51901285,2.51938,0.0317865,10.21817255
2013-07-16,Daily,410.01151500000003,16,4.79883105,3.182,4.80688855,4.15871515,335.54787500000003,41.01678455,3.19029495,0.51851975,2.52179435,0.03170905,10.2381026
2013-07-17,Daily,413.4867810799999,17,4.81687388,3.1905,4.8233982,4.1921577,338.76624,41.12608585,3.21121295,0.5203373,2.5295331,0.03176205,10.27868005
2013-07-18,Daily,413.9858987,18,4.812512,3.1975,4.85348555,4.1874463,339.14947,41.2184423,3.19622195,0.5208164,2.5252731,0.0317922,10.2929389
2013-07-19,Daily,414.6049661,19,4.7843418,3.2,4.8745604,4.2035202,339.738885,41.2477461,3.19888075,0.5212321,2.52465585,0.0316676,10.2794763
2013-07-22,Daily,412.9935041999999,22,4.7832764,3.18,4.8612662,4.1836081,338.495935,40.99047525,3.1804775,0.5181516,2.5189117,0.03159465,10.2498078
2013-07-23,Daily,413.14944195,23,4.79630755,3.17,4.87260715,4.1842416,338.76572999999996,40.86104805,3.18416965,0.51637075,2.51238395,0.0309951,10.25558815
2013-07-24,Daily,414.35761087,24,4.83363717,3.1795,4.88418915,4.1996428,339.744685,40.98482175,3.18762905,0.5181039,2.5147312,0.03100445,10.2796664
2013-07-25,Daily,416.27495268,25,4.83827078,3.1985,4.9020214,4.2236194,341.31901500000004,41.2323962,3.1940288,0.52110655,2.52367135,0.03113655,10.29118665
2013-07-26,Daily,420.38908964,26,4.87863149,3.206,4.9356374,4.2580492,345.13944,41.3290801,3.2437909,0.5227373,2.5391045,0.0312476,10.30537115
2013-07-29,Daily,422.52944507,29,4.89640767,3.2199,4.95413835,4.2773153,346.95331999999996,41.510407,3.28997685,0.5251835,2.5429639,0.0313602,10.3284723
2013-07-30,Daily,422.11578686,30,4.92139026,3.2285,4.94767655,4.2788927,346.40563000000003,41.62288685,3.2838327,0.5262386,2.54473105,0.0314133,10.32459485
2013-07-31,Daily,425.5035996,31,4.89917925,3.249,4.94644055,4.30671225,349.43005,41.8923104,3.31209615,0.5299558,2.5508369,0.03162815,10.35539015
2013-08-01,Daily,424.79782062,1,4.91217852,3.2375,4.9086978,4.29794335,348.94379,41.74645305,3.2916482,0.528442,2.54630575,0.03148555,10.3533764
2013-08-02,Daily,423.30557361,2,4.89487791,3.252,4.9207641,4.2984938,347.268985,41.92612685,3.27410055,0.5304668,2.54978935,0.03162655,10.3583427
2013-08-05,Daily,425.17554075000004,5,4.89410675,3.2465,4.9572434,4.31005355,349.14234500000003,41.8565677,3.28643075,0.5298505,2.55529405,0.0315654,10.36558365
2013-08-06,Daily,424.29327278,6,4.93105568,3.2315,4.9609991,4.28593875,348.52248499999996,41.66210095,3.2929129,0.5277211,2.5508152,0.03141955,10.29632455
2013-08-07,Daily,427.8160668,7,4.93842525,3.2545,4.9881723,4.3275088,351.53386,41.95835895,3.34704645,0.53159865,2.5666406,0.0316432,10.3383126
2013-08-12,Daily,426.99163262,12,4.94795867,3.2415,5.02173195,4.3186506,350.79272000000003,41.7996481,3.357328,0.52969155,2.56976385,0.0315245,10.3811154
2013-08-13,Daily,428.1354460999999,13,4.9616364,3.2565,5.03552625,4.33440165,351.654885,41.9892858,3.3463496,0.5317603,2.57930385,0.03165495,10.4141423
2013-08-14,Daily,427.24191725,14,4.9667235,3.27,5.05051515,4.33700115,350.519935,42.1630836,3.33843845,0.53434865,2.57947525,0.0317707,10.4506258
2013-08-15,Daily,428.38154375,15,4.9764957,3.2775,5.08569705,4.35563385,351.436895,42.2622393,3.35208395,0.53589825,2.5818271,0.0317896,10.48548395
2013-08-16,Daily,430.5656607499999,16,4.999009,3.278,5.1244976,4.3748189,353.53754999999995,42.27223,3.35929505,0.5363834,2.57775335,0.0316028,10.47452065
2013-08-19,Daily,431.49826327,19,5.02200172,3.2845,5.1318674,4.3772533,354.334175,42.358784,3.3652666,0.53678395,2.57607855,0.0313332,10.48021955
2013-08-20,Daily,434.72532199000005,20,5.02124184,3.299,5.1622754,4.40433005,357.34407500000003,42.5411201,3.38254915,0.5388323,2.5803685,0.03143405,10.4200956
2013-08-21,Daily,436.63649857999997,21,5.05766058,3.294,5.1592276,4.421207,359.312825,42.47691895,3.38732075,0.53801555,2.57897835,0.0306277,10.3797171
2013-08-22,Daily,436.66036227999996,22,5.02059078,3.318,5.1772418,4.426544,359.07149,42.7822665,3.381402,0.5417895,2.58511955,0.0307224,10.32519575
2013-08-23,Daily,435.00365017,23,5.02270747,3.306,5.1520706,4.41301435,357.637435,42.62946295,3.34057555,0.5400373,2.58362075,0.0304982,10.348228
2013-08-26,Daily,435.66538877,26,5.06545737,3.3035,5.1433844,4.4210742,358.29732,42.59585265,3.3476897,0.53969945,2.58297855,0.03044715,10.3379853
2013-08-27,Daily,439.1179599,27,5.07056735,3.3305,5.1849227,4.4543773,361.22565,42.9401186,3.38534275,0.54396825,2.5974888,0.03059725,10.3544269
2013-08-28,Daily,441.33328765000005,28,5.0445905,3.335,5.17958865,4.46389765,363.36898,42.997583,3.4358423,0.54485455,2.6009989,0.03047065,10.33148145
2013-08-29,Daily,437.28310071000004,29,5.00266891,3.3175,5.1570539,4.42455005,359.718115,42.7794045,3.39994885,0.54202205,2.5991075,0.03032465,10.3124053
2013-08-30,Daily,431.53716043,30,4.97542188,3.2995,5.1190095,4.3688681,354.44196,42.54592175,3.3598092,0.5391032,2.58652455,0.03021525,10.270827
2013-09-02,Daily,428.90536492,2,4.94208572,3.2835,5.10846945,4.3366827,352.19352000000003,42.343429,3.3289401,0.5368442,2.5776194,0.0300756,10.22419875
2013-09-03,Daily,425.16783922999997,3,4.99262043,3.2615,5.07342685,4.3020817,348.89822499999997,42.05863595,3.27772545,0.53286825,2.5631656,0.02970405,10.17788595
2013-09-04,Daily,429.43618964999996,4,4.9610656,3.3025,5.1400113,4.3480718,352.398295,42.58103755,3.3147648,0.53964185,2.5839137,0.02973905,10.237149
2013-09-05,Daily,426.76089985000004,5,5.0260938,3.28,5.1222124,4.32664815,350.09074999999996,42.2917487,3.29069485,0.53599155,2.57143995,0.02948335,10.1958371
2013-09-06,Daily,429.51197513999995,6,5.00136544,3.3215,5.1853598,4.36229225,352.07768,42.82325475,3.3281565,0.54270215,2.59472005,0.0297228,10.2452214
2013-09-09,Daily,430.48390436,9,4.95259736,3.3155,5.18643695,4.3670109,353.144815,42.75030765,3.32664435,0.54203175,2.6010043,0.0296689,10.2678872
2013-09-10,Daily,427.36337389000005,10,4.97183054,3.272,5.13802175,4.33949025,350.82832,42.19621565,3.2859654,0.5346886,2.5791199,0.0293191,10.1884027
2013-09-11,Daily,427.01067015999996,11,4.95219606,3.281,5.1583886,4.34945795,350.347065,42.3084619,3.26272925,0.53613305,2.58295615,0.02858015,10.20370205
2013-09-12,Daily,427.87065656,12,5.00063866,3.2655,5.16749055,4.3498095,351.26129499999996,42.11239035,3.2781211,0.53371365,2.5769422,0.02836485,10.2963907
2013-09-13,Daily,430.02335159999996,13,4.9668382,3.2905,5.19652235,4.37110035,352.96327,42.43424725,3.3028864,0.53782155,2.5919662,0.0288389,10.3393604
2013-09-17,Daily,427.95396410999996,17,4.93072556,3.26,5.1824224,4.3468842,351.520445,42.0401076,3.2844694,0.53257535,2.57952285,0.0284592,10.24835255
2013-09-18,Daily,425.09898703000005,18,4.82063038,3.236,5.14540185,4.32054555,349.23380000000003,41.73060905,3.2599608,0.52861565,2.56774455,0.0280988,10.2275804
2013-09-19,Daily,421.43531005,19,4.846673,3.1625,5.100322,4.27917895,346.765415,40.7861906,3.2137596,0.5166471,2.5415907,0.02798925,10.19504385
2013-09-20,Daily,421.67403975,20,4.86109485,3.1595,5.06989175,4.27748915,347.08343,40.75065335,3.1835358,0.516157,2.5361215,0.02775145,10.2084149
2013-09-23,Daily,423.0658073299999,23,4.91200878,3.1725,5.08218645,4.2912822,348.205485,40.91515895,3.20066605,0.5184713,2.5394222,0.0276592,10.2009672
2013-09-24,Daily,427.63151741,24,4.95303081,3.206,5.1388978,4.3261766,352.056235,41.3496033,3.2457607,0.5238905,2.5581489,0.0276857,10.2460881
2013-09-25,Daily,430.4200512,25,4.9302396,3.237,5.17353555,4.3592681,354.27386,41.74861855,3.2788055,0.5287747,2.57436085,0.02794735,10.287641
2013-09-26,Daily,429.47919157000007,26,4.93878882,3.2175,5.17341855,4.3510254,353.649175,41.49498015,3.25345075,0.5258384,2.5643589,0.02781505,10.28284055
2013-09-27,Daily,430.12348278,27,4.99254223,3.2235,5.1713001,4.3449558,354.133515,41.56753555,3.26298225,0.52663395,2.5672994,0.0278886,10.3053299
2013-09-30,Daily,436.7642766700001,30,4.97272032,3.2575,5.2665632,4.3987652,360.004435,42.0097632,3.3255067,0.53240175,2.5911785,0.02793145,10.37751135
2013-10-01,Daily,434.99584295,1,4.9679646,3.2415,5.26533075,4.38688425,358.533405,41.79803135,3.2990691,0.5295272,2.58657925,0.02800435,10.3595471
2013-10-02,Daily,432.77826224,2,4.90969614,3.2325,5.22792255,4.3700169,356.57163,41.68735465,3.30707515,0.52805695,2.58032335,0.0279447,10.33574185
2013-10-03,Daily,430.28160389,3,4.92739664,3.1965,5.190477,4.3489983,354.77253,41.22042945,3.2730905,0.522176,2.5603752,0.02771855,10.24191225
2013-10-04,Daily,431.89387239999996,4,4.905263,3.2015,5.17650565,4.36108345,356.335925,41.2873038,3.29101585,0.5229928,2.5659214,0.0277186,10.21864285
2013-10-07,Daily,427.8032053,7,4.9175978,3.19,5.11388915,4.3270756,352.564155,41.1374055,3.2830758,0.5211142,2.55547635,0.0276718,10.1657441
2013-10-08,Daily,429.12159957,8,4.93601342,3.1985,5.14286845,4.33780585,353.659935,41.2502101,3.2996344,0.52276745,2.55982455,0.02772745,10.1863129
2013-10-09,Daily,430.05587622,9,4.91343012,3.211,5.15927435,4.35620325,354.35638,41.409818,3.29840805,0.5247504,2.56613215,0.02782495,10.23265495
2013-10-10,Daily,426.65899503,10,4.87494318,3.204,5.1033315,4.32507975,351.277325,41.3182115,3.27909135,0.52356795,2.55747215,0.0277583,10.16821435
2013-10-11,Daily,424.1687560499999,11,4.8786248,3.1805,5.08275735,4.3060791,349.21769,41.014896,3.23008185,0.51985095,2.547559,0.027747,10.16297
2013-10-14,Daily,424.35987400000005,14,4.8501634,3.1795,5.08147705,4.3125149,349.453215,41.00173515,3.23432185,0.5198872,2.5522778,0.0279763,10.14680535
2013-10-16,Daily,421.24606549999993,16,4.8549834,3.17,5.0621734,4.2836212,346.542815,40.8792259,3.2177848,0.5197957,2.5518214,0.027948,10.1358967
2013-10-17,Daily,421.5056557,17,4.84848195,3.165,5.056879,4.2879422,346.868355,40.81553725,3.2091261,0.51908225,2.5435997,0.0278732,10.16377905
2013-10-18,Daily,423.59736812,18,4.89139427,3.1525,5.0906573,4.3077337,349.036815,40.6559125,3.21552445,0.5174055,2.54367315,0.02786125,10.157891
2013-10-21,Daily,425.90171894,21,4.90685589,3.1695,5.1215952,4.33413285,350.95786499999997,40.8801588,3.23583485,0.5200079,2.55326895,0.02790055,10.19459895
2013-10-22,Daily,427.56491909,22,4.85925489,3.1835,5.13227975,4.350412,352.41051,41.0636434,3.2369092,0.5223691,2.5621739,0.0280608,10.21580605
2013-10-23,Daily,427.31406365000004,23,4.875231,3.1545,5.12495865,4.34879385,352.61575,40.68878855,3.2327326,0.5183122,2.5511534,0.02800265,10.17584075
2013-10-24,Daily,428.5426538499999,24,4.8748276,3.156,5.11161565,4.35165085,353.871205,40.7070864,3.24307695,0.5189339,2.5500979,0.02815975,10.12999985
2013-10-25,Daily,427.83165629,25,4.85842939,3.1495,5.10722935,4.3485148,353.30081,40.62141455,3.2383945,0.51785655,2.54525685,0.02862015,10.11563015
2013-10-28,Daily,425.67597469,28,4.86374894,3.1385,5.07856385,4.3337978,351.396755,40.478495,3.21518215,0.51587825,2.5382128,0.028422,10.0884189
2013-10-29,Daily,425.1508733499999,29,4.873636,3.1435,5.05899195,4.33111445,350.778365,40.5427198,3.22410275,0.51630125,2.53794695,0.0283454,10.1158498
2013-10-30,Daily,425.07590302,30,4.87465367,3.1565,5.06034335,4.33576855,350.469225,40.7132737,3.2151773,0.51811305,2.54536015,0.02816795,10.1593203
2013-10-31,Daily,425.06272895000006,31,4.8717417,3.1581,5.0581711,4.32959725,350.45224,40.73312175,3.20668155,0.51824805,2.54891135,0.027985,10.1579312
2013-11-01,Daily,423.58800962999993,1,4.86866738,3.1675,5.0787698,4.2941799,348.843665,40.8554167,3.23428865,0.519748,2.5505281,0.0278707,10.1473754
2013-11-04,Daily,422.9584058,4,4.873292,3.1785,5.06064885,4.28414145,348.08083,41.0010001,3.2185715,0.5211425,2.55732625,0.0279675,10.15498565
2013-11-06,Daily,423.9426476599999,6,4.87315606,3.181,5.117593,4.29800825,348.927805,41.03483705,3.2227345,0.5218518,2.5585145,0.02794025,10.17920725
2013-11-07,Daily,423.83629814,7,4.88608929,3.1795,5.11295425,4.2983662,348.839835,41.01760365,3.22480865,0.52174695,2.55957185,0.02792715,10.16789515
2013-11-08,Daily,422.85595264,8,4.88777064,3.1885,5.1322099,4.2756193,347.709975,41.1331785,3.24859925,0.5234515,2.562897,0.02795705,10.1657945
2013-11-11,Daily,421.64549329,11,4.88972344,3.196,5.11823425,4.2704954,346.506215,41.2270067,3.2290983,0.5247215,2.5630539,0.0277732,10.0931716
2013-11-12,Daily,423.36565340000004,12,4.88901605,3.20375,5.11991305,4.2925445,348.06353,41.3227146,3.21774725,0.5259335,2.5677251,0.02753555,10.1352438
2013-11-13,Daily,425.21923023999994,13,4.87751534,3.2085,5.0979858,4.3131867,349.83376499999997,41.3823805,3.2244612,0.5267349,2.568856,0.0275408,10.158304
2013-11-14,Daily,424.40706398,14,4.88509693,3.1955,5.1239844,4.30353985,349.215965,41.2144432,3.20591955,0.52451455,2.56440185,0.02764275,10.1460559
2013-11-15,Daily,423.81306328,15,4.88310448,3.199,5.1393537,4.3039348,348.607895,41.25479615,3.19102285,0.52519685,2.564124,0.0276073,10.11702815
2013-11-18,Daily,424.65660032999995,18,4.87996688,3.196,5.1538699,4.31252285,349.461555,41.22301845,3.19089475,0.52467415,2.5646993,0.02745705,10.121942
2013-11-19,Daily,424.30790412,19,4.86581142,3.1875,5.1323535,4.30583445,349.315095,41.11550405,3.193248,0.52329165,2.5579818,0.02744295,10.0838413
2013-11-20,Daily,424.37703223000005,20,4.91003388,3.1795,5.1216978,4.3099713,349.51085,41.0173398,3.1788644,0.52187545,2.55689675,0.02735525,10.0426476
2013-11-21,Daily,424.54635970000004,21,4.91553485,3.204,5.15491595,4.30072935,349.247895,41.3320698,3.1915531,0.52589255,2.56617685,0.02736125,10.080231
2013-11-22,Daily,427.13743083,22,4.93811148,3.2155,5.20476915,4.33047485,351.574485,41.4766761,3.17533215,0.5278017,2.569523,0.02740095,10.09735645
2013-11-25,Daily,430.75573583000005,25,4.93045668,3.2255,5.23321285,4.36926245,354.99672000000004,41.6037884,3.172363,0.5294649,2.57514675,0.02751545,10.09230535
2013-11-26,Daily,429.02661959,26,4.93920024,3.2205,5.2019127,4.35685365,353.41564999999997,41.54170685,3.1727507,0.5286181,2.5737242,0.02733875,10.0483644
2013-11-27,Daily,431.6491013500001,27,4.96563675,3.224,5.22981185,4.38238335,355.88919500000003,41.58846325,3.17792035,0.52917525,2.5744639,0.02719535,10.0608563
2013-11-28,Daily,432.20063022000005,28,4.95335507,3.2345,5.2733673,4.39180425,356.28136,41.7222949,3.16874875,0.53088995,2.5785245,0.0269767,10.0388088
2013-11-29,Daily,432.28338288000003,29,4.94798183,3.2265,5.2811355,4.39384785,356.48,41.6174907,3.1485734,0.5295856,2.57050735,0.0269493,10.06081135
2013-12-02,Daily,431.77560317999996,2,4.92857268,3.223,5.29248845,4.38376355,356.093305,41.5728822,3.14869105,0.5289807,2.5691512,0.0270046,10.00776375
2013-12-03,Daily,429.23996841999997,3,4.93766702,3.217,5.2638165,4.3540489,353.74978,41.49762985,3.11679515,0.52800895,2.5604904,0.02714775,9.9875839
2013-12-04,Daily,431.18037089999996,4,4.95106425,3.218,5.2736586,4.37213595,355.59979500000003,41.50785275,3.13660565,0.5282728,2.5661891,0.0267944,10.0000024
2013-12-05,Daily,433.29650529,5,4.94400384,3.2265,5.28468465,4.38352305,357.56639,41.6137334,3.15334265,0.52968995,2.5709172,0.02680935,9.9969112
2013-12-06,Daily,434.87796152000004,6,4.95098637,3.2215,5.2613541,4.40314635,359.24172,41.54549565,3.1634508,0.5293644,2.5695941,0.02690755,9.9644422
2013-12-09,Daily,436.17762712999996,9,4.92393083,3.2185,5.259351,4.4107934,360.596055,41.50600455,3.1270348,0.53001235,2.5728447,0.02686565,10.00623485
2013-12-10,Daily,434.7846444,10,4.9449402,3.1985,5.2618525,4.3990572,359.563865,41.2536685,3.0964718,0.5267709,2.55951675,0.0266753,9.95332625
2013-12-11,Daily,437.15296516999996,11,4.97818932,3.2085,5.2747743,4.4147358,361.62302999999997,41.38104545,3.12612715,0.5284831,2.56792995,0.0267175,10.0234326
2013-12-12,Daily,439.89345364,12,4.98964619,3.228,5.2816538,4.4520578,363.984985,41.62958985,3.14880815,0.5313799,2.57539505,0.02681065,10.04512725
2013-12-13,Daily,439.49340027,13,4.97424052,3.2335,5.28741935,4.44800275,363.51889,41.70186465,3.11677725,0.5325527,2.5754688,0.02676185,10.0779224
2013-12-16,Daily,440.17552674,16,4.99613809,3.2345,5.2735291,4.4498636,364.122535,41.718528,3.14823845,0.5327042,2.5775993,0.02669505,10.09519595
2013-12-17,Daily,441.54082616,17,5.01522631,3.2405,5.28719995,4.4611965,365.332635,41.7956462,3.1470333,0.53373195,2.5822784,0.0267203,10.11865825
2013-12-18,Daily,444.54917906,18,5.05015236,3.257,5.30402485,4.4860292,368.022695,42.0130674,3.1618291,0.53644075,2.5888247,0.0267516,10.1023641
2013-12-19,Daily,442.85020504999994,19,5.0450712,3.278,5.366742,4.476601,365.970815,42.28040825,3.15298425,0.53980175,2.59407315,0.0268579,10.11885055
2013-12-20,Daily,442.35246498,20,5.05645283,3.2825,5.3734528,4.47880735,365.43286,42.3264393,3.14445845,0.5406585,2.5915839,0.02679595,10.0984559
2013-12-23,Daily,444.78228290000004,23,5.0559404,3.29475,5.3844454,4.50573545,367.656095,42.49069895,3.1660501,0.54267175,2.6017689,0.02689045,10.0572365
2013-12-24,Daily,444.67932148,24,5.06357888,3.29,5.3801372,4.5017074,367.65943,42.42944095,3.1534559,0.54187155,2.59463825,0.02691205,10.0381493
2013-12-26,Daily,444.65634663000003,26,5.06194483,3.296,5.40033145,4.50711545,367.529015,42.5032575,3.1469903,0.54285975,2.59762785,0.02701645,10.04418805
2013-12-27,Daily,445.58630614000003,27,5.08992174,3.2935,5.415173,4.523787,368.441685,42.47430535,3.14220345,0.5426714,2.59811465,0.0268441,10.03810045
2013-12-30,Daily,446.29106835,30,5.05351,3.294,5.42768875,4.52743835,369.19975,42.48047845,3.1292453,0.54317895,2.59523365,0.0268569,10.013688
2013-12-31,Daily,446.3455038,31,5.04812,3.2815,5.407584,4.52633725,369.49683000000005,42.3179113,3.12806855,0.54224435,2.59427715,0.02694175,9.97568945
2014-01-02,Daily,444.35113136,2,5.06284496,3.278,5.4373826,4.51265895,367.550605,42.2725017,3.11345405,0.54176895,2.59304675,0.0268524,9.962016
2014-01-03,Daily,443.12599201999996,3,5.04901992,3.29325,5.4121273,4.49841505,366.099785,42.4697111,3.15823595,0.54419045,2.5985324,0.02695525,9.9757696
2014-01-06,Daily,439.71063523999993,6,5.03807304,3.288,5.38081215,4.4662549,362.89392,42.40091365,3.14912405,0.54319725,2.5914256,0.02687925,9.93203535
2014-01-07,Daily,439.64662028000004,7,5.03967998,3.2865,5.38920285,4.4778564,362.84851,42.38239075,3.1436229,0.54311545,2.5889168,0.0268067,9.92001845
2014-01-08,Daily,438.00479194999997,8,5.02364555,3.2835,5.38428345,4.47278385,361.28078,42.34342925,3.1296769,0.54260175,2.58380635,0.02683145,9.9334534
2014-01-09,Daily,436.0841829899999,9,5.01059564,3.2785,5.3946082,4.4520393,359.464975,42.2794949,3.1266993,0.54145345,2.57723465,0.02674145,9.9318411
2014-01-10,Daily,436.83726549,10,4.99400969,3.268,5.385501,4.4484019,360.44784,42.1430003,3.11430915,0.53994665,2.572419,0.0268034,9.8970344
2014-01-13,Daily,438.06375214,13,5.04820344,3.2585,5.37831755,4.4586057,361.73407000000003,42.02103375,3.15181175,0.53911195,2.57802925,0.02705835,9.8690104
2014-01-15,Daily,439.17540732,15,5.05494902,3.283,5.3913428,4.47637065,362.322095,42.3364351,3.14538975,0.54292285,2.583514,0.0271828,10.01220535
2014-01-16,Daily,439.64725791999996,16,5.08131852,3.2945,5.3937557,4.4867797,362.59089,42.4841873,3.1425579,0.5443206,2.58655945,0.02718795,10.0152008
2014-01-20,Daily,440.87528708,20,5.08591908,3.3135,5.4386136,4.4823372,363.40211999999997,42.72259075,3.18713035,0.5474869,2.5952615,0.02736735,10.07296035
2014-01-21,Daily,441.24153294000007,21,5.08841399,3.3165,5.44834635,4.49269695,363.69125,42.75796315,3.16943825,0.54823625,2.5985271,0.0273492,10.1028117
2014-01-22,Daily,443.44668035000007,22,5.1076228,3.3265,5.4832365,4.51406065,365.62983,42.88633545,3.1971748,0.5498075,2.60299775,0.0273955,10.1217194
2014-01-23,Daily,443.21965817999995,23,5.12128603,3.332,5.5194583,4.51302745,365.31084,42.94866135,3.19034865,0.55051635,2.59997665,0.02738445,10.10615895
2014-01-24,Daily,448.82599878,24,5.16073073,3.3325,5.5439473,4.56052655,370.751525,42.9268861,3.22151875,0.5510678,2.60687675,0.02736045,10.14305935
2014-01-27,Daily,451.9693837,27,5.1433996,3.3445,5.5187596,4.57611235,373.687205,43.08562415,3.26372295,0.5529653,2.61800415,0.0273132,10.1517774
2014-01-28,Daily,450.80049607,28,5.10842862,3.34,5.5490762,4.5682851,372.622315,43.01213795,3.252666,0.5519476,2.6210479,0.027232,10.1473597
2014-01-29,Daily,446.64841527,29,5.15106662,3.321,5.5043917,4.5344936,368.856565,42.77820025,3.2173999,0.5483999,2.6092089,0.0273221,10.1003673
2014-01-30,Daily,451.65483115,30,5.11111425,3.346,5.5396377,4.5676248,373.395845,43.0819159,3.26933455,0.55226375,2.6227715,0.0273926,10.1409311
2014-02-04,Daily,447.60969929999993,4,5.09529785,3.3375,5.43979155,4.5081282,369.601385,42.9807735,3.29678525,0.5506563,2.62609265,0.0273678,10.1459212
2014-02-05,Daily,445.71721621,5,5.08877051,3.3255,5.430708,4.4930832,367.926135,42.83892585,3.27683925,0.5486764,2.618711,0.0272806,10.1425864
2014-02-06,Daily,444.94327615000003,6,5.0903358,3.3215,5.41587205,4.49133245,367.219555,42.80504205,3.2719308,0.54801645,2.6165914,0.02729255,10.1358076
2014-02-07,Daily,446.68373125,7,5.1073542,3.3225,5.42315085,4.51561005,368.920775,42.8187569,3.25735335,0.5479599,2.6195451,0.0273232,10.1234027
2014-02-10,Daily,448.48452739000004,10,5.13533419,3.33,5.4650302,4.5374584,370.47343,42.9300761,3.25227095,0.54943245,2.62545835,0.02740065,10.1586361
2014-02-11,Daily,451.47076011,11,5.11443936,3.34125,5.48649975,4.56665365,373.219805,43.0728876,3.2704454,0.55137505,2.633187,0.0274774,10.1867399
2014-02-12,Daily,447.87452658,12,5.10659823,3.324,5.4673155,4.53027975,369.970545,42.8563147,3.2415038,0.548361,2.62766885,0.0274654,10.17447435
2014-02-13,Daily,448.07113441999996,13,5.11443902,3.3245,5.52565175,4.5268055,370.06736,42.85668315,3.2540504,0.54815865,2.62339715,0.0275321,10.2025567
2014-02-14,Daily,449.76407791,14,5.08861451,3.3185,5.5261325,4.53937645,371.86245,42.7837484,3.26030365,0.54739055,2.62238735,0.02791005,10.18726445
2014-02-17,Daily,447.45171302999995,17,5.09247478,3.2955,5.5334742,4.5179658,369.90689,42.49160355,3.24184795,0.5435877,2.61630685,0.0281908,10.1838714
2014-02-18,Daily,447.16801475999995,18,5.09825586,3.298,5.51738915,4.5222177,369.62735499999997,42.52438625,3.22054595,0.54378475,2.61393435,0.027843,10.17430275
2014-02-19,Daily,449.58548281,19,5.10443606,3.3023,5.5084017,4.5439649,371.985365,42.58037945,3.2313718,0.54366905,2.6153727,0.02802125,10.1422009
2014-02-20,Daily,449.9462805300001,20,5.09395038,3.3035,5.5080911,4.5434688,372.35124,42.59255745,3.24142675,0.5430084,2.61146335,0.0280195,10.1295548
2014-02-21,Daily,448.82045913999997,21,5.09006009,3.3015,5.49666765,4.5286677,371.288855,42.56896655,3.2211333,0.54218055,2.60843865,0.0280026,10.14598705
2014-02-24,Daily,449.21282908999996,24,5.05778364,3.299,5.48854645,4.5315067,371.78116,42.53563505,3.2251444,0.5413033,2.6033784,0.02818455,10.1211866
2014-02-25,Daily,445.4354411,25,5.06518415,3.276,5.45830765,4.49942245,368.48325,42.2194879,3.19438375,0.53617025,2.59505795,0.0281746,10.0800024
2014-02-26,Daily,446.4009722,26,5.0636905,3.2785,5.46689905,4.50465915,369.40851000000004,42.25334,3.20212975,0.534916,2.5926219,0.0281477,10.06755815
2014-02-27,Daily,445.19516285999987,27,5.05334876,3.278,5.4655737,4.4869267,368.252555,42.24825715,3.20054695,0.5353148,2.58823615,0.0281012,10.05830245
2014-02-28,Daily,445.98083560000003,28,5.0746983,3.2785,5.4685383,4.49203685,369.01349,42.2408191,3.22068875,0.5318399,2.5876094,0.02819005,10.04442495
2014-03-03,Daily,449.91920674000005,3,5.08103764,3.2795,5.491851,4.51833135,372.839985,42.2591477,3.23358355,0.5333648,2.58809155,0.0283204,10.06599375
2014-03-04,Daily,448.53701572,4,5.06219332,3.284,5.4693382,4.5081111,371.4302,42.3174081,3.2314884,0.5339838,2.5845043,0.0282434,10.0875451
2014-03-05,Daily,445.84813715,5,5.04204155,3.274,5.4564486,4.49569335,368.943035,42.1866447,3.2043069,0.5333942,2.57622855,0.0282839,10.1080604
2014-03-06,Daily,444.26881702,6,5.03193472,3.265,5.45597835,4.4815393,367.53536,42.07149075,3.18024655,0.5339155,2.5751251,0.02829295,10.1099338
2014-03-07,Daily,446.92052676000003,7,5.09520396,3.257,5.4515669,4.51338785,370.23988,41.9686756,3.16474815,0.5327118,2.57745425,0.02849525,10.091403
2014-03-10,Daily,451.56861781000003,10,5.07604856,3.2835,5.49411645,4.5599607,374.38003499999996,42.30851015,3.1843089,0.5347808,2.58818435,0.02882035,10.13035255
2014-03-11,Daily,450.16810432000005,11,5.08378557,3.278,5.4552479,4.5459307,373.093615,42.2387304,3.1737431,0.534307,2.5888486,0.02885565,10.1470404
2014-03-12,Daily,451.28767981000004,12,5.07860091,3.2855,5.4609942,4.55156765,374.096255,42.32746435,3.1884134,0.53481905,2.58945545,0.02869435,10.14591545
2014-03-13,Daily,452.11885365000006,13,5.10015155,3.2795,5.45315275,4.55916105,375.01434,42.23710515,3.1917278,0.53416405,2.58942035,0.02883075,10.1313002
2014-03-14,Daily,452.17529883000003,14,5.08601258,3.2825,5.4558434,4.55003745,374.99287,42.2754706,3.2281065,0.53403515,2.59168685,0.02876485,10.14997145
2014-03-17,Daily,452.73362861999993,17,5.06550442,3.2795,5.4556123,4.560473,375.59412499999996,42.23085035,3.2292852,0.53217905,2.59115875,0.0290981,10.16584245
2014-03-18,Daily,451.19977418999997,18,5.09150004,3.26655,5.4350493,4.55063095,374.28245000000004,42.0624657,3.20894945,0.5279998,2.58327495,0.0289716,10.1619324
2014-03-19,Daily,452.47618761,19,5.11587846,3.279,5.44018925,4.5650241,375.257555,42.2233246,3.234685,0.52902885,2.59158275,0.0289409,10.2109787
2014-03-20,Daily,451.1518913,20,5.1109379,3.294,5.4486056,4.55609625,373.76607,42.4235794,3.21884015,0.5294288,2.5867763,0.02887575,10.18868115
2014-03-21,Daily,452.48426751,21,5.10408386,3.31,5.4644792,4.5621731,374.81601,42.6329384,3.2341594,0.5317141,2.59160735,0.02892095,10.20818115
2014-03-24,Daily,451.59871718,24,5.09228333,3.30355,5.4468934,4.5593946,374.06444,42.57234425,3.2243913,0.53124975,2.5978461,0.0290269,10.17729755
2014-03-25,Daily,452.11260884000006,25,5.10472044,3.2995,5.4431853,4.56469335,374.62394,42.53440395,3.2254756,0.53365365,2.60171985,0.0290066,10.1523101
2014-03-26,Daily,451.30574178,26,5.08978998,3.303,5.4600243,4.5622689,373.79063,42.5762297,3.22921255,0.5319269,2.6048903,0.0289724,10.12879675
2014-03-27,Daily,449.2725747100001,27,5.06265121,3.294,5.4621111,4.54012035,371.951245,42.45584,3.2279882,0.5300891,2.60457115,0.0288,10.1151586
2014-03-28,Daily,446.37693288,28,5.04574688,3.2765,5.44537925,4.5042047,369.43288,42.2351843,3.2076955,0.52736205,2.5979235,0.02871605,10.07534065
2014-03-31,Daily,445.07189632000006,31,5.03952662,3.2685,5.43535215,4.49337045,368.30245,42.13206215,3.1770025,0.5250687,2.5927102,0.02877205,10.0770815
2014-04-01,Daily,445.1959170500001,1,5.0490717,3.2605,5.4341126,4.49150195,368.56387,42.0327318,3.15741075,0.5259083,2.59016595,0.0289244,10.0617196
2014-04-02,Daily,446.8217537,2,5.0663536,3.2675,5.43205565,4.50947685,370.045345,42.12080045,3.1465165,0.5266636,2.59325405,0.02890955,10.08487845
2014-04-03,Daily,446.6668195,3,5.06826225,3.28,5.4569362,4.5126241,369.660815,42.2827532,3.15430115,0.5284569,2.59822565,0.02902915,10.0954159
2014-04-04,Daily,445.20248855,4,5.0364213,3.285,5.4488296,4.5043922,368.170385,42.3458442,3.16123775,0.52850465,2.59909875,0.029058,10.0937171
2014-04-07,Daily,443.23451244999995,7,5.0329123,3.27,5.4190442,4.4792462,366.50982,42.1549301,3.16707045,0.5263751,2.5939009,0.0289509,10.0522623
2014-04-08,Daily,444.38339156,8,4.99341616,3.2645,5.4247831,4.4865658,367.72748,42.0965094,3.1704949,0.52593425,2.5923141,0.028883,10.07251085
2014-04-09,Daily,441.5719019,9,5.0050737,3.2305,5.4104417,4.45550575,365.482545,41.66183195,3.1685553,0.52146895,2.5840907,0.02861765,10.0232712
2014-04-10,Daily,443.70716086999994,10,5.02793077,3.2325,5.4281757,4.4760429,367.51752,41.68520485,3.17550005,0.52085435,2.58858865,0.0284764,10.0263672
2014-04-11,Daily,445.91869146,11,5.04371856,3.2395,5.43312765,4.5007994,369.57398,41.7770904,3.1873865,0.5214529,2.5932606,0.0282679,10.02010755
2014-04-14,Daily,447.01126924000005,14,5.04323829,3.2485,5.4366898,4.50030955,370.47386,41.8958573,3.19860195,0.52294795,2.59620385,0.0284333,10.06662725
2014-04-15,Daily,446.14444016,15,5.02184176,3.2545,5.43924615,4.4962547,369.535655,41.9699917,3.19460175,0.5231727,2.59550215,0.0284534,10.08522085
2014-04-16,Daily,444.88003475000005,16,5.0220972,3.244,5.42559035,4.4825595,368.51079000000004,41.83323525,3.1740131,0.5213548,2.59002085,0.02836285,10.04801085
2014-04-17,Daily,444.481419,17,5.0256936,3.24,5.45454045,4.4839981,368.1192,41.7840776,3.1775615,0.5210637,2.5910674,0.02834395,10.0558727
2014-04-18,Daily,443.18217502,18,5.03063232,3.24,5.4399602,4.4754121,366.84787,41.7830001,3.16329025,0.52068685,2.58692975,0.0283713,10.06602215
2014-04-21,Daily,444.19258177999995,21,5.05052733,3.248,5.45517845,4.4858129,367.67041,41.8891392,3.1656921,0.52176715,2.59383495,0.02839285,10.08382685
2014-04-22,Daily,445.6318188,22,5.0640079,3.2635,5.4803958,4.5023248,368.79878,42.08822645,3.17925,0.5235002,2.6013312,0.02834745,10.102155
2014-04-23,Daily,446.71752133,23,5.05999148,3.269,5.5020542,4.5167774,369.77549500000003,42.1681313,3.18771345,0.52356775,2.59877645,0.0280613,10.087953
2014-04-24,Daily,446.49522286,24,5.06606991,3.2635,5.47925355,4.51146255,369.65513,42.090398,3.1896597,0.52272875,2.59770845,0.02809125,10.0912207
2014-04-25,Daily,447.87366411,25,5.07236261,3.2705,5.49656605,4.5239192,370.86809999999997,42.181496,3.19509595,0.522891,2.6016237,0.02824385,10.11286575
2014-04-28,Daily,447.9843219900001,28,5.06362129,3.2715,5.49301215,4.5228489,370.939405,42.1952091,3.20264335,0.52364525,2.6031431,0.02825135,10.1410425
2014-04-29,Daily,447.80895885,29,5.0659204,3.263,5.4870611,4.52349705,370.943,42.0872062,3.1835705,0.52184625,2.596483,0.02815965,10.1092147
2014-04-30,Daily,446.59216983000005,30,5.07649548,3.26705,5.49730195,4.51065275,369.638545,42.13890065,3.19079025,0.52148065,2.60012015,0.0282837,10.12254925
2014-05-02,Daily,448.56866605,2,5.054787,3.269,5.51970665,4.53116125,371.58288,42.16595535,3.19394255,0.5222587,2.60956425,0.02834595,10.09106435
2014-05-05,Daily,448.05759342,5,5.06082627,3.258,5.4968979,4.52047515,371.28211000000005,42.0237987,3.1959981,0.5216013,2.6047336,0.02827515,10.06487725
2014-05-06,Daily,448.17162571999995,6,5.05749087,3.2587,5.50133765,4.5230759,371.382995,42.0333699,3.1932388,0.52282665,2.60560515,0.02827875,10.06470705
2014-05-07,Daily,448.3201111500001,7,5.05849665,3.249,5.5166397,4.5245575,371.67537500000003,41.9120353,3.1976775,0.52208285,2.602949,0.02809945,10.0331982
2014-05-08,Daily,447.56779799000003,8,5.02353144,3.2495,5.5088776,4.5218419,370.989885,41.91902625,3.1900068,0.52162675,2.6001201,0.02797075,10.0154114
2014-05-09,Daily,442.33636174,9,5.01270104,3.2265,5.46133545,4.4649921,366.33552,41.62285945,3.1724107,0.51800955,2.58616635,0.0279896,9.9078775
2014-05-12,Daily,440.46473970999995,12,4.98082326,3.2335,5.45135775,4.44864945,364.42017,41.7137001,3.1702539,0.51875445,2.58835365,0.0280625,9.91111465
2014-05-14,Daily,438.624767,14,4.9835248,3.2235,5.4325648,4.4218362,362.78209000000004,41.58415885,3.1551902,0.5175653,2.57776965,0.02810375,9.91846345
2014-05-15,Daily,438.64014822999997,15,4.98410403,3.226,5.4119378,4.42655595,362.73686,41.61721465,3.1675586,0.5180665,2.5791501,0.02818575,9.94451485
2014-05-16,Daily,438.8941362300001,16,4.97023283,3.2315,5.42585025,4.43264865,362.88606500000003,41.6857481,3.18547005,0.5185875,2.5812772,0.02832165,9.948435
2014-05-19,Daily,436.5427229,19,4.96848575,3.217,5.4116377,4.4084162,360.85255,41.49896825,3.1697706,0.51552835,2.5720568,0.02832365,9.8999856
2014-05-20,Daily,435.72064007999995,20,4.97847423,3.21275,5.40336365,4.4051623,360.113235,41.44360965,3.16355675,0.51511145,2.5688647,0.0280835,9.88842885
2014-05-21,Daily,437.07355619,21,4.95712074,3.221,5.42319805,4.4134144,361.32148,41.54761995,3.1839076,0.51629345,2.57052795,0.0280026,9.89099145
2014-05-22,Daily,434.20545944,22,4.95713484,3.2065,5.41577865,4.3840872,358.7291,41.3579175,3.1541414,0.51433615,2.56356005,0.02782215,9.8950815
2014-05-23,Daily,434.10407456999997,23,4.94394327,3.209,5.4121391,4.3788411,358.647695,41.38696015,3.1531887,0.51448135,2.56228115,0.02776915,9.8677756
2014-05-26,Daily,433.17475038000003,26,4.95242213,3.207,5.3993055,4.36777375,357.804365,41.3616995,3.1472033,0.51421425,2.5587429,0.0276109,9.83441315
2014-05-27,Daily,434.69487019,27,4.97003264,3.2125,5.41691785,4.3871508,359.15932000000004,41.43316855,3.1505913,0.5147,2.5608833,0.0277478,9.86185795
2014-05-28,Daily,434.93770091000005,28,4.96391271,3.22175,5.41656765,4.3930175,359.249615,41.5546148,3.1602826,0.5148334,2.56631425,0.02774265,9.86905035
2014-05-29,Daily,434.53564465,29,4.9536077,3.2215,5.38908655,4.38317305,358.92154,41.5511217,3.16765025,0.51539055,2.56672825,0.0276999,9.8381467
2014-05-30,Daily,433.6179746,30,4.96570505,3.215,5.3796596,4.3736861,358.13750500000003,41.4680868,3.1654606,0.5150345,2.562366,0.0276595,9.80781145
2014-06-02,Daily,435.52477133,2,4.97195928,3.2235,5.39742855,4.39330825,359.886165,41.57423705,3.1596747,0.5159334,2.56678745,0.0274691,9.80830855
2014-06-03,Daily,435.03239494,3,4.97800559,3.228,5.4046405,4.39120995,359.26546,41.6314691,3.15219005,0.5167694,2.57026905,0.02734435,9.86703695
2014-06-04,Daily,435.98743614000006,4,4.97827039,3.2335,5.40802905,4.4014405,360.09804,41.70643705,3.1468056,0.5169465,2.57014635,0.02732845,9.90049225
2014-06-05,Daily,436.16775257000006,5,4.96126782,3.233,5.414467,4.3962336,360.303175,41.7002565,3.152455,0.516945,2.57138385,0.02718065,9.89138815
2014-06-06,Daily,437.05866363,6,4.92865848,3.222,5.4161822,4.4012523,361.37287,41.55971495,3.1484832,0.5155159,2.57122425,0.0271784,9.89558395
2014-06-09,Daily,433.02432697,9,4.93431402,3.1975,5.37451795,4.36282895,357.842325,41.245026,3.11829565,0.51251435,2.55626175,0.02712045,9.85362285
2014-06-10,Daily,432.16674593999994,10,4.92518904,3.202,5.38272235,4.3518384,356.908015,41.307335,3.12878655,0.51367615,2.56016705,0.02712065,9.85989575
2014-06-11,Daily,431.17869691000004,11,4.94085006,3.2035,5.36778475,4.3354568,355.90492,41.32348745,3.13254805,0.51437885,2.56259585,0.02714255,9.86603255
2014-06-12,Daily,432.83474215,12,4.9346367,3.214,5.3985559,4.3530417,357.30966,41.4616057,3.14804885,0.5165833,2.57150865,0.02720845,9.8998929
2014-06-13,Daily,432.84555180999996,13,4.96187296,3.21,5.44560475,4.3524392,357.282015,41.41000465,3.1513844,0.5171539,2.57201265,0.027238,9.9158263
2014-06-16,Daily,434.1471428699999,16,4.97259542,3.223,5.4732988,4.3645867,358.290265,41.5782451,3.16710075,0.518605,2.576957,0.02727315,9.95521595
2014-06-17,Daily,435.4264312000001,17,4.9843645,3.229,5.4773528,4.3793313,359.45677,41.65564795,3.16661775,0.51813635,2.5782505,0.02719735,9.9537627
2014-06-18,Daily,435.60233373999995,18,4.96027989,3.2345,5.48652085,4.38145385,359.56871,41.72794675,3.1647183,0.5191814,2.57975845,0.0269542,9.95231005
2014-06-19,Daily,435.04526789999994,19,4.97029695,3.22025,5.4729761,4.37648095,359.242575,41.54678835,3.15943125,0.5171597,2.57939875,0.0269929,9.93291795
2014-06-20,Daily,436.24959271,20,4.96061616,3.219,5.4874295,4.3844391,360.4704,41.53119735,3.1603753,0.51688425,2.57705625,0.02689785,9.91529695
2014-06-23,Daily,434.98808628,23,4.95749858,3.2155,5.4772829,4.3742055,359.29382,41.48309655,3.15399715,0.5165462,2.57559375,0.0268686,9.91367705
2014-06-24,Daily,434.71590257,24,4.98357717,3.214,5.47231735,4.37007595,359.046005,41.46107125,3.15329955,0.5160234,2.57284755,0.0267889,9.89989645
2014-06-25,Daily,437.0607128500001,25,4.96312245,3.2285,5.48134765,4.3928587,361.109585,41.65027235,3.16814705,0.5179315,2.58073615,0.026715,9.941497
2014-06-26,Daily,436.28834702000006,26,4.95263872,3.2175,5.46637185,4.3867398,360.564835,41.50836365,3.16200705,0.51627865,2.5770934,0.0266074,9.9099115
2014-06-27,Daily,435.17280736000004,27,4.95739726,3.208,5.46851735,4.37138135,359.621125,41.3860732,3.16573785,0.5156479,2.5694841,0.02650695,9.8829364
2014-06-30,Daily,435.9410196199999,30,4.95921512,3.2105,5.46716075,4.3805668,360.32552999999996,41.4209977,3.1689867,0.51722615,2.5702515,0.0268999,9.893685
2014-07-01,Daily,437.23815126999995,1,4.96407422,3.208,5.4869635,4.39078975,361.6278,41.39248045,3.16105885,0.51718585,2.573607,0.0271634,9.88902825
2014-07-02,Daily,436.7305405,2,4.96279625,3.206,5.49845055,4.385167,361.137735,41.36747515,3.15504625,0.51607715,2.5722087,0.02687345,9.902711
2014-07-03,Daily,435.96284628000006,3,4.92708528,3.2065,5.5017129,4.37655195,360.422665,41.3717914,3.14717595,0.5159292,2.5684884,0.0268102,9.898136
2014-07-04,Daily,431.79693954,4,4.92986894,3.186,5.46860985,4.3358275,356.71503,41.1056997,3.11970645,0.51325015,2.5559574,0.0268182,9.84017135
2014-07-07,Daily,431.04183982999996,7,4.90722258,3.1878,5.4646862,4.33046695,355.960035,41.13157665,3.12085805,0.51416135,2.55750335,0.02711865,9.84041105
2014-07-08,Daily,430.5548721,8,4.899498,3.1785,5.44461195,4.3237137,355.6762,41.0115804,3.12137895,0.51216155,2.5513735,0.0271783,9.80867575
2014-07-09,Daily,430.07016114,9,4.90001044,3.17325,5.43641215,4.3197455,355.2676,40.9441059,3.12235575,0.51209535,2.55361595,0.0272968,9.8136733
2014-07-10,Daily,430.9723056599999,10,4.92390726,3.172,5.44109045,4.32819415,356.104445,40.9282408,3.1241999,0.51186065,2.5553864,0.0274573,9.85552375
2014-07-11,Daily,432.0838285,11,4.9087827,3.1865,5.45943075,4.33443685,356.93084,41.11586445,3.1463842,0.51328105,2.5648972,0.02744615,9.89596515
2014-07-14,Daily,430.92992462,14,4.93572612,3.177,5.4369592,4.3216732,355.946505,40.9932844,3.1337543,0.51181675,2.55951665,0.0272704,9.8864186
2014-07-16,Daily,431.75390381,16,4.90681731,3.1945,5.47425515,4.33301995,356.44951,41.2145689,3.1398665,0.5145117,2.5681326,0.02711805,9.93160365
2014-07-17,Daily,429.55276117999995,17,4.91318063,3.183,5.4556622,4.3059625,354.493835,41.06672875,3.13472535,0.51307675,2.56342185,0.0273102,9.89585795
2014-07-18,Daily,430.26691289,18,4.89080779,3.1875,5.44871295,4.31205015,355.153295,41.12293055,3.1461287,0.5139471,2.5667355,0.02727275,9.8975324
2014-07-21,Daily,428.34180519999995,21,4.89460125,3.1735,5.42573325,4.2961257,353.475215,40.94019915,3.13494045,0.51137235,2.55710895,0.02742635,9.90558275
2014-07-22,Daily,428.5779681900001,22,4.87982019,3.17625,5.4248763,4.2958782,353.62395000000004,40.97382625,3.12961895,0.5117536,2.56035635,0.02754175,9.9740966
2014-07-23,Daily,426.2828920900001,23,4.87771914,3.171,5.41384865,4.26975165,351.43524,40.9087405,3.1270653,0.51151355,2.55932295,0.02756915,9.9811212
2014-07-24,Daily,426.10397589999997,24,4.8904584,3.1705,5.40094705,4.26749315,351.282515,40.9059835,3.12287645,0.5120069,2.56139935,0.02749785,9.96229825
2014-07-25,Daily,427.2764312400001,25,4.87896094,3.18,5.40297925,4.2821882,352.296055,41.0304052,3.12453975,0.5131764,2.56265705,0.0274268,9.97804265
2014-07-30,Daily,425.33532472,30,4.88931102,3.178,5.38623355,4.2613803,350.42456500000003,41.0056584,3.11278715,0.51439765,2.5590853,0.0274498,9.97645655
2014-07-31,Daily,426.1470379000001,31,4.9090736,3.189,5.3964259,4.2721439,351.03751,41.1481221,3.1028949,0.51659625,2.5602127,0.0275448,9.98751375
2014-08-01,Daily,428.0846687100001,1,4.90092306,3.2058,5.409948,4.29192515,352.731535,41.3648949,3.115452,0.51921255,2.56802985,0.0272256,9.9497226
2014-08-04,Daily,428.49932435,4,4.88886715,3.201,5.3863229,4.2975026,353.23332,41.3029598,3.1185157,0.51819595,2.5689184,0.02726575,9.9564561
2014-08-05,Daily,426.93459390000004,5,4.89636535,3.19075,5.38088095,4.28214625,351.869255,41.1707027,3.11004485,0.51663285,2.56141205,0.02719815,9.92920575
2014-08-06,Daily,426.69523212000007,6,4.90258787,3.197,5.3944581,4.2737497,351.51186,41.24921825,3.11735185,0.5182616,2.5610838,0.02719115,9.9424698
2014-08-07,Daily,428.68435239,7,4.92609559,3.2055,5.4030308,4.2915236,353.30102,41.35835565,3.13665095,0.5204156,2.5657342,0.0272345,9.9487915
2014-08-08,Daily,429.75975629999994,8,4.8983142,3.217,5.4066512,4.2966253,354.19768999999997,41.50057505,3.16089415,0.52241835,2.56487945,0.0272396,9.967469
2014-08-11,Daily,428.1014631399999,11,4.89320524,3.1975,5.3654052,4.28465015,352.924985,41.25194335,3.13050725,0.51964835,2.55912615,0.0273759,9.94711655
2014-08-12,Daily,427.08371273,12,4.87782783,3.1955,5.35869395,4.27302275,351.9855,41.2266732,3.1238089,0.51905335,2.55537875,0.02735875,9.94089525
2014-08-13,Daily,426.5021825,13,4.8602155,3.1905,5.3619545,4.2639439,351.47345,41.16110315,3.11861635,0.51792155,2.55219655,0.02728905,9.97499195
2014-08-14,Daily,425.05526283,14,4.85154873,3.1795,5.3030883,4.2484481,350.28096999999997,41.01972015,3.09923005,0.5165803,2.5477784,0.0272334,9.9811654
2014-08-15,Daily,424.52817475,15,4.81497845,3.173,5.294944,4.24008005,349.93111,40.9379744,3.0951571,0.5161742,2.5477767,0.02714985,9.94983
2014-08-18,Daily,422.92007665,18,4.82406775,3.149,5.2679622,4.218243,348.78441499999997,40.6270169,3.07835225,0.51231575,2.5292163,0.02697105,9.90251645
2014-08-19,Daily,421.87134904999994,19,4.839155,3.1528,5.27226995,4.21151035,347.66499999999996,40.6789284,3.0727548,0.5137531,2.534609,0.02700125,9.9035672
2014-08-20,Daily,422.41287058,20,4.83333548,3.1685,5.2614529,4.21600625,347.976535,40.88149735,3.07069855,0.5154799,2.53825215,0.02706385,9.92404915
2014-08-21,Daily,421.41426249,21,4.81370814,3.1725,5.25635685,4.20213495,347.00578,40.93257965,3.0535638,0.51587465,2.5345539,0.02706915,9.9001414
2014-08-22,Daily,421.50943038,22,4.82172768,3.1635,5.2455578,4.202868,347.217665,40.8180386,3.0487159,0.51364695,2.5336384,0.0271324,9.91693965
2014-08-25,Daily,420.21001528,25,4.80329988,3.168,5.2468418,4.1833441,345.9271,40.87504645,3.0397238,0.5149629,2.5323742,0.02704685,9.8922753
2014-08-26,Daily,420.03310368,26,4.78785938,3.1625,5.2472203,4.1757653,345.83637,40.80513545,3.04481785,0.5140145,2.52949415,0.02699645,9.9029303
2014-08-27,Daily,417.49366879,27,4.77891584,3.1525,5.2188062,4.14932065,343.54059,40.6758454,3.0322705,0.51275175,2.52482855,0.02693985,9.88090005
2014-08-28,Daily,418.50267141999996,28,4.79283112,3.148,5.22520795,4.1600821,344.589815,40.61804505,3.0334863,0.5125158,2.52587735,0.02692325,9.8698875
2014-08-29,Daily,418.92639837,29,4.81174622,3.157,5.2358847,4.1609261,344.838905,40.73469555,3.0414261,0.51385135,2.5270152,0.0269737,9.87797445
2014-09-02,Daily,418.60185877,2,4.82343692,3.169,5.254836,4.1570943,344.325555,40.88953125,3.0235666,0.515729,2.5307466,0.02699895,9.88536415
2014-09-03,Daily,420.96911995,3,4.80723575,3.1865,5.24290795,4.18228135,346.415205,41.11427275,3.02669085,0.51851795,2.53944925,0.0270157,9.9090434
2014-09-04,Daily,420.34681198000004,4,4.82115078,3.175,5.2265264,4.1748076,345.954805,40.96615675,3.0288578,0.51750555,2.5377675,0.02700635,9.91722825
2014-09-05,Daily,416.08985591000004,5,4.77062456,3.186,5.1966848,4.1201353,341.680575,41.10835185,3.0243486,0.5187996,2.5374324,0.02707455,9.91982925
2014-09-08,Daily,414.37470724,8,4.79141414,3.172,5.1411779,4.10472665,340.23387,40.927449,3.0193712,0.5165703,2.5301116,0.0270614,9.91095505
2014-09-09,Daily,414.90944601,9,4.79208866,3.191,5.1298519,4.1077744,340.50048,41.1723346,3.00385965,0.5201898,2.53013075,0.02711245,9.9346238
2014-09-10,Daily,417.02692,10,4.7974011,3.1985,5.15534245,4.13502095,342.433555,41.26910465,3.0079471,0.5217101,2.5309602,0.02715195,9.9502265
2014-09-11,Daily,415.90444069000006,11,4.79774624,3.1975,5.18122915,4.12941155,341.321555,41.2567341,2.9948954,0.52150445,2.5312705,0.02702305,9.94557125
2014-09-12,Daily,416.3911682899999,12,4.82181429,3.1995,5.19502845,4.13375415,341.77222,41.27987685,2.9805767,0.52172425,2.52944905,0.02705595,9.9301686
2014-09-15,Daily,419.3577762,15,4.8291438,3.2145,5.22002685,4.1671173,344.40463,41.47260345,2.99916045,0.52361095,2.54020325,0.02705465,9.9597255
2014-09-17,Daily,420.16015335,17,4.8680847,3.219,5.2397274,4.168927,345.034595,41.53039315,3.00279865,0.5239727,2.55111815,0.02696545,9.99457115
2014-09-18,Daily,419.80028812999996,18,4.84916798,3.2415,5.2729485,4.1700279,344.32765,41.8179831,2.9832958,0.52761795,2.55377065,0.02692835,10.0293979
2014-09-19,Daily,422.21393402000007,19,4.83117397,3.2385,5.34951645,4.18414215,346.71598,41.78143645,2.96443825,0.52759765,2.55382155,0.0270213,10.04030625
2014-09-22,Daily,419.00348667,22,4.86006632,3.227,5.27711345,4.1499222,343.755005,41.63092105,2.96626545,0.5257327,2.5502826,0.0269715,10.0342064
2014-09-23,Daily,421.78140478000006,23,4.86168858,3.25025,5.3261848,4.17722145,346.04744,41.9308649,2.98804915,0.5293136,2.5641987,0.0271137,10.0790799
2014-09-24,Daily,421.16603805,24,4.85903655,3.2445,5.3240625,4.1717784,345.545595,41.85668555,2.9874316,0.5287992,2.56057225,0.02710755,10.06046945
2014-09-25,Daily,418.6752388400001,25,4.85909944,3.2465,5.29942465,4.14513135,343.091185,41.87681535,2.9747563,0.5291165,2.560938,0.0271617,10.06511055
2014-09-26,Daily,420.27661744,26,4.88114859,3.26125,5.31828365,4.15711565,344.395195,42.0505317,2.99430755,0.53169375,2.5671056,0.02713865,10.0928473
2014-09-29,Daily,419.89664676,29,4.86583281,3.2735,5.3123997,4.15063455,343.87311500000004,42.18128935,2.99209405,0.5331521,2.5686606,0.02695345,10.11901515
2014-09-30,Daily,420.04377186000005,30,4.86582756,3.2715,5.3192957,4.1526786,344.060585,42.1449277,2.9921804,0.5323364,2.5702165,0.02685965,10.10736435
2014-10-01,Daily,419.31369902,1,4.82534952,3.282,5.31405045,4.1408995,343.251635,42.26794195,2.98675925,0.53465835,2.57099215,0.02694585,10.112467
2014-10-02,Daily,416.91864766000003,2,4.82192906,3.2545,5.28335545,4.12003435,341.35726,41.91701695,2.9948471,0.5301784,2.56179205,0.026775,10.0509593
2014-10-03,Daily,415.2100887699999,3,4.82678177,3.2465,5.2374162,4.1084458,339.87647499999997,41.82286665,2.9832302,0.5288321,2.5512776,0.0267202,10.00154325
2014-10-07,Daily,415.29173518,7,4.86069123,3.2635,5.23547025,4.1178846,339.611855,42.0855123,2.9910184,0.53160125,2.554399,0.026761,10.01304215
2014-10-08,Daily,417.85238483,8,4.81011563,3.279,5.2659102,4.1431805,341.88303,42.27940035,3.0256056,0.53439595,2.56131925,0.02676955,10.0436578
2014-10-09,Daily,415.71949545999996,9,4.85574896,3.2375,5.2407032,4.1257082,340.431175,41.74322345,2.9997686,0.52794225,2.55041835,0.02656415,9.9807433
2014-10-10,Daily,416.78226356,10,4.84275636,3.254,5.2451228,4.1322547,341.17961,41.94920775,3.0181333,0.5307541,2.56210445,0.02665795,10.04166215
2014-10-13,Daily,417.73774705999995,13,4.83532426,3.258,5.25157055,4.1350539,342.04729,41.99969115,3.04059745,0.53183155,2.5623286,0.02670495,10.04935465
2014-10-14,Daily,417.91634917,14,4.86346152,3.253,5.2269207,4.1381414,342.313025,41.9409115,3.0336661,0.53115405,2.56010715,0.0266705,10.02929125
2014-10-15,Daily,418.83800843999995,15,4.86269784,3.274,5.2082794,4.1396457,342.89905,42.2100319,3.0541046,0.5344128,2.56522835,0.02677355,10.0637843
2014-10-16,Daily,424.13815975,16,4.900917,3.276,5.236031,4.19966835,347.973895,42.2298282,3.08794435,0.53499695,2.5757755,0.02679205,10.09631135
2014-10-17,Daily,424.82260642,17,4.89130212,3.287,5.2840171,4.2065384,348.42067499999996,42.36780295,3.09612435,0.5366531,2.5800635,0.02689855,10.12553135
2014-10-20,Daily,421.8383653100001,20,4.86487481,3.273,5.2721487,4.1756936,345.763835,42.19170025,3.04833765,0.534459,2.5711939,0.0272183,10.1159041
2014-10-21,Daily,422.1048449,21,4.87427155,3.26005,5.27215305,4.17612415,346.206155,42.0212425,3.05878225,0.5325661,2.56919455,0.0271898,10.10711595
2014-10-23,Daily,419.20893922000005,23,4.87495422,3.2755,5.25701395,4.13957705,343.110075,42.2288261,3.051803,0.53527365,2.57568695,0.0272029,10.1330264
2014-10-24,Daily,420.26420794,24,4.85772939,3.2805,5.2615942,4.15245705,344.13849999999996,42.28647315,3.0376408,0.53595935,2.57052255,0.02719585,10.1156356
2014-10-27,Daily,420.37240675,27,4.8742221,3.271,5.2682731,4.1561328,344.388315,42.1670057,3.02842345,0.53490105,2.56599365,0.02712835,10.09101155
2014-10-28,Daily,421.54739464999994,28,4.8626206,3.278,5.2864309,4.16617425,345.41627,42.25615425,3.03982955,0.5361904,2.5723934,0.0269628,10.1063685
2014-10-29,Daily,421.03451825,29,4.8999286,3.268,5.273245,4.1617981,345.08977500000003,42.13213395,3.0211705,0.53472965,2.56837545,0.02688055,10.05848145
2014-10-30,Daily,420.41917022999996,30,4.86214113,3.29,5.25758465,4.15148655,344.17828,42.4212343,3.0169648,0.5381269,2.57262385,0.0270793,10.10364875
2014-10-31,Daily,419.3814169599999,31,4.89622896,3.2835,5.2519585,4.13852355,343.229025,42.3398797,3.00150865,0.53738015,2.57005395,0.02717005,10.10618845
2014-11-03,Daily,419.39169130000005,3,4.89709325,3.312,5.2892642,4.1340385,342.82169,42.70545255,2.93786345,0.5414242,2.5722281,0.02735495,10.1532821
2014-11-04,Daily,422.26226776,4,4.91294906,3.325,5.3198339,4.1652277,345.40074,42.8824763,2.927839,0.54354935,2.57891945,0.0274193,10.1783137
2014-11-05,Daily,424.8355736500001,5,4.914008,3.334,5.33873455,4.18850435,347.76264000000003,43.01019795,2.93189135,0.54552895,2.5868029,0.0275446,10.195721
2014-11-06,Daily,424.09130902,6,4.92641612,3.344,5.33886345,4.1769905,346.92402000000004,43.13475105,2.90177035,0.54687885,2.5820401,0.0274436,10.188135
2014-11-07,Daily,421.0120705,7,4.8733225,3.3465,5.2963384,4.1424652,343.953965,43.1658855,2.90242855,0.54719825,2.58237585,0.02753755,10.1740537
2014-11-10,Daily,421.77646655000007,10,4.91541365,3.3265,5.28930155,4.1523037,344.96528,42.910123,2.9121073,0.5440525,2.58138365,0.0273899,10.1526113
2014-11-11,Daily,422.35032808,11,4.89570318,3.3425,5.29552305,4.15422635,345.29961000000003,43.1076179,2.90791255,0.5461423,2.5892789,0.02746845,10.1843454
2014-11-12,Daily,423.0266876299999,12,4.89738143,3.3405,5.3150698,4.16460145,346.02241,43.08015755,2.88608595,0.5452008,2.58362665,0.02734195,10.16431205
2014-11-13,Daily,422.18629744,13,4.90361054,3.3365,5.2631623,4.1516071,345.30406999999997,43.02690725,2.88337735,0.54454805,2.58223055,0.02732265,10.16296165
2014-11-14,Daily,423.41302640000004,14,4.8974145,3.3435,5.242441,4.16416225,346.4408,43.11273055,2.88145825,0.5458419,2.58384875,0.0273889,10.1734403
2014-11-17,Daily,426.54242113000004,17,4.91249898,3.345,5.25666785,4.1986442,349.456795,43.1340199,2.88585985,0.54601105,2.5813178,0.02743155,10.19817495
2014-11-18,Daily,425.10915427000003,18,4.92632032,3.351,5.2444826,4.180205,347.93896,43.211668,2.8733121,0.547254,2.5825595,0.0275746,10.22581815
2014-11-19,Daily,427.12142627,19,4.93796257,3.358,5.24133455,4.20304075,349.82812,43.3024923,2.86469895,0.54874665,2.58248115,0.0276538,10.22689555
2014-11-20,Daily,428.81911853,20,4.92338133,3.3655,5.275085,4.2220199,351.396535,43.39417135,2.8433238,0.5495412,2.5830841,0.0276507,10.23882615
2014-11-21,Daily,427.9937796699999,21,4.88902832,3.3565,5.27087985,4.2167711,350.73147,43.2758947,2.85331785,0.54820585,2.5862003,0.02759145,10.23792025
2014-11-24,Daily,421.4026027,24,4.8921704,3.344,5.23653705,4.143885,344.49368499999997,43.1091718,2.837024,0.5450071,2.57300045,0.027551,10.2005709
2014-11-25,Daily,422.7008566299999,25,4.89568528,3.3475,5.2468718,4.15843195,345.70899499999996,43.15763025,2.8404753,0.5451111,2.56995965,0.0275118,10.2026845
2014-11-26,Daily,424.17991951,26,4.90007916,3.3475,5.2562448,4.1746674,347.143055,43.1668131,2.84035475,0.54573765,2.5737132,0.0275107,10.20424375
2014-11-27,Daily,425.3003047899999,27,4.93229244,3.3465,5.28462585,4.1858025,348.176725,43.15920545,2.8512398,0.5452546,2.57909155,0.02748105,10.21208655
2014-11-28,Daily,426.43734272999995,28,5.03259288,3.3685,5.29157675,4.19294045,348.83241499999997,43.44797795,2.8473015,0.54807115,2.58558495,0.0275994,10.2627827
2014-12-01,Daily,434.55498675,1,5.00973165,3.437,5.3658446,4.2797525,355.594645,44.32236605,2.8896924,0.55913,2.62596995,0.028008,10.4428466
2014-12-02,Daily,433.45649566,2,5.03213516,3.423,5.3855771,4.267112,354.678285,44.1358508,2.89080325,0.55659445,2.6216829,0.02788255,10.43757245
2014-12-03,Daily,433.16608123000003,3,5.02083558,3.442,5.38449295,4.2629171,354.11524000000003,44.38627155,2.88407585,0.5596475,2.6245759,0.02798945,10.45803535
2014-12-04,Daily,431.76442194000003,4,5.04264904,3.4475,5.40636965,4.24266595,352.59526999999997,44.46694515,2.8745937,0.5605327,2.6235684,0.0279886,10.47633875
2014-12-05,Daily,436.3711805900001,5,5.10448704,3.4645,5.4238482,4.28939775,356.74204000000003,44.6939995,2.88888895,0.5630358,2.63680725,0.0281724,10.5360037
2014-12-16,Daily,442.44504883,16,5.12452743,3.491,5.46428815,4.3497862,362.17458,45.02802195,2.97448175,0.5634372,2.66732945,0.0271991,10.5803976
2014-12-17,Daily,442.87316918,17,5.09436363,3.4865,5.4835675,4.35585885,362.685965,44.9659194,2.98080625,0.56294255,2.6734914,0.02739345,10.55636115
2014-12-18,Daily,437.35522738000003,18,5.06491113,3.4775,5.42037955,4.2933218,357.528435,44.84117075,2.93299075,0.5596415,2.64891915,0.02767605,10.5602817
2014-12-19,Daily,434.10618824999995,19,5.06852885,3.477,5.4435917,4.2685393,354.271805,44.8439754,2.91389105,0.558487,2.64652235,0.0277605,10.5860871
2014-12-22,Daily,434.97425139,22,5.08086124,3.487,5.4547143,4.270006,354.947105,44.96540925,2.91921315,0.56019665,2.64758405,0.02804745,10.6141143
2014-12-23,Daily,435.66232506,23,5.07285311,3.497,5.4528723,4.2771808,355.512635,45.08011825,2.91113425,0.5616769,2.647037,0.0280579,10.62175955
2014-12-24,Daily,434.18785936,24,5.05142316,3.497,5.4248963,4.2579473,354.126595,45.07053195,2.90352055,0.56127115,2.6416382,0.02804895,10.6249868
2014-12-26,Daily,434.15133667,26,5.06736282,3.486,5.4231704,4.25867205,354.26831,44.92412935,2.90004605,0.56157875,2.63771195,0.0279607,10.5963946
2014-12-29,Daily,434.3176696,29,5.07262305,3.497,5.4437801,4.2610946,354.234235,45.0577561,2.9015932,0.5618348,2.6441346,0.02815055,10.6154676
2014-12-30,Daily,433.49019515,30,5.0620881,3.5015,5.4343283,4.250471,353.34783,45.1360916,2.90641235,0.5622371,2.64184475,0.0280907,10.61930125
2014-12-31,Daily,433.64835740000007,31,5.0853231,3.495,5.4396182,4.2513181,353.53028,45.05753065,2.92554335,0.56371875,2.64492215,0.0281231,10.62698
2015-01-02,Daily,432.31473994999993,2,5.1284252,3.51,5.4598052,4.2323581,351.897385,45.25703735,2.91722085,0.56557265,2.64626065,0.0280856,10.67258935
2015-01-05,Daily,432.6023763,5,5.09612805,3.53975,5.4121011,4.2282315,351.793915,45.63797795,2.9352381,0.5690642,2.6501093,0.02794915,10.71191195
2015-01-06,Daily,434.56569013,6,5.11881888,3.555,5.4247526,4.2460922,353.34463500000004,45.8443488,2.9798827,0.571948,2.6640189,0.02809725,10.7880958
2015-01-07,Daily,434.71778026999993,7,5.10006352,3.572,5.40997285,4.2421074,353.19131,46.0614974,3.0015548,0.5753125,2.6754558,0.0280597,10.8604463
2015-01-08,Daily,432.68707585,8,5.0702121,3.568,5.3855395,4.21969545,351.33677,46.0063575,2.9810345,0.5736704,2.6661688,0.0280393,10.8515883
2015-01-09,Daily,430.4185845,9,5.0743391,3.555,5.36556185,4.1961445,349.33431,45.84464475,2.97402475,0.5727036,2.66003285,0.02813055,10.81369255
2015-01-12,Daily,431.53122112,12,5.10810232,3.5505,5.38433355,4.20929535,350.40711,45.79074655,3.0011415,0.57271675,2.6658408,0.02826045,10.81317385
2015-01-13,Daily,434.39065373000005,13,5.13553848,3.5755,5.4270729,4.23571615,352.7004,46.1140634,3.0304702,0.57653545,2.68098835,0.02838825,10.88598055
2015-01-14,Daily,434.37703419,14,5.10495924,3.594,5.445629,4.2315757,352.335695,46.3505698,3.0587235,0.5801172,2.6899185,0.0285272,10.95731905
2015-01-15,Daily,431.9488248500001,15,5.0963178,3.5715,5.4411804,4.20722715,350.35322,46.0580197,3.0335079,0.57652265,2.6776886,0.0282947,10.90534595
2015-01-16,Daily,494.50720558,16,5.07341758,3.57,5.4221162,4.1553018,412.93163499999997,46.0529295,3.07110035,0.57539815,2.69617195,0.0283277,10.93080735
2015-01-19,Daily,492.72716361999994,19,5.11893822,3.5665,5.39932465,4.12287415,411.21878499999997,46.0077791,3.0450374,0.57375205,2.6855164,0.0282977,10.96035895
2015-01-20,Daily,490.9625839800001,20,5.14391378,3.5985,5.42293965,4.16760285,408.87422000000004,46.41758455,3.04454545,0.5790071,2.68795525,0.0284523,10.99786305
2015-01-21,Daily,497.65124658999997,21,5.12999129,3.6225,5.4946083,4.1908704,415.02022,46.72294525,3.07695585,0.5827703,2.71033665,0.02883585,11.0712127
2015-01-22,Daily,500.9430255,22,5.11622425,3.6115,5.4694364,4.19168755,418.53070499999995,46.5828699,3.0536063,0.58153865,2.70504165,0.02898475,11.07143105
2015-01-23,Daily,494.7446634300001,23,5.05427268,3.595,5.3968143,4.0853582,412.886205,46.37303595,3.03670235,0.5777282,2.688152,0.02885815,11.0225366
2015-01-26,Daily,492.26773844999997,26,5.0677902,3.607,5.40941825,4.0311834,410.18947499999996,46.526027,3.0678295,0.57664035,2.6814855,0.02879265,11.0820966
2015-01-27,Daily,482.3436931,27,5.0982432,3.61,5.44929535,4.05655715,400.13303,46.56532435,3.05362895,0.5774522,2.68571235,0.0289182,11.08553135
2015-01-28,Daily,482.74543218,28,5.13037218,3.624,5.49652115,4.1096162,400.17689,46.7453071,3.0675471,0.58007205,2.6797797,0.0289804,11.1063463
2015-01-29,Daily,481.60041729,29,5.10529409,3.634,5.50242135,4.0976985,398.858705,46.8785278,3.0809666,0.58145865,2.68509005,0.029014,11.14724125
2015-01-30,Daily,475.91981401999993,30,5.01621072,3.6235,5.4617017,4.10415735,393.537915,46.7421745,3.0701123,0.5796673,2.6813927,0.0287135,11.07426895
2015-02-04,Daily,465.30901175,4,5.0607972,3.558,5.3917935,4.07853555,384.150315,45.88540285,3.01742785,0.56938935,2.64496,0.02822465,10.9241658
2015-02-05,Daily,468.60855072999993,5,5.02902558,3.573,5.4327466,4.0582135,387.17021,46.0821173,3.0440896,0.5713783,2.6509874,0.0282395,10.96854295
2015-02-06,Daily,465.99852365000004,6,5.0456948,3.5525,5.4456277,4.07400725,384.886305,45.8245192,3.0279142,0.56920145,2.6406759,0.0281464,10.90393175
2015-02-09,Daily,466.18480607000004,9,5.04816007,3.56,5.4307804,4.0359722,385.052235,45.91652515,2.99650695,0.56961825,2.6316764,0.02810345,10.9152282
2015-02-10,Daily,469.60434109,10,5.06320914,3.5815,5.45856445,4.060884,387.98628,46.19174455,3.0230007,0.57350345,2.6477664,0.0283201,10.9895683
2015-02-11,Daily,470.1204185600001,11,5.10222271,3.597,5.4848857,4.07144445,388.193485,46.3877655,3.0081541,0.5761838,2.65157955,0.0283195,11.01937825
2015-02-12,Daily,471.80029693,12,5.05356813,3.6215,5.5130099,4.09736525,389.45050000000003,46.70342085,3.011267,0.57975545,2.659641,0.0282268,11.08204255
2015-02-13,Daily,467.48652469999996,13,5.0519195,3.5815,5.51712205,4.08756625,385.81287,46.18400165,3.0205787,0.57384805,2.6420043,0.02807365,10.98704055
2015-02-16,Daily,465.50329125,16,5.08518375,3.569,5.5076811,4.07615505,384.052565,46.01598905,3.01410365,0.57136,2.63540775,0.02799215,10.94785375
2015-02-17,Daily,467.32619437000005,17,5.09100882,3.5925,5.52310995,4.08143955,385.420075,46.31032145,3.0289619,0.57440945,2.65119435,0.0281599,11.025014
2015-02-18,Daily,465.95535095,18,5.13872535,3.594,5.51786855,4.09895735,383.97438,46.3290602,3.0171257,0.57457115,2.647904,0.0280617,11.03469695
2015-02-23,Daily,468.93329916000005,23,5.11635501,3.641,5.5998583,4.1449146,385.96495000000004,46.93855205,3.0595357,0.58208505,2.6769107,0.0284198,11.18071795
2015-02-24,Daily,464.55808242000006,24,5.11619922,3.627,5.59972575,4.110298,381.89001,46.75987715,3.04585165,0.57984685,2.6661277,0.0281545,11.1349916
2015-02-25,Daily,464.1781454099999,25,5.08638466,3.6245,5.6085516,4.1134452,381.54643,46.7378907,3.0518254,0.57902605,2.67106385,0.0281242,11.13090375
2015-02-26,Daily,461.14645698,26,5.10695753,3.598,5.59381105,4.09038655,378.97625,46.39378045,3.02480045,0.57476965,2.65907925,0.027963,11.10065905
2015-02-27,Daily,462.1618866800001,27,5.10460353,3.61125,5.5741454,4.0494754,379.81186,46.5628285,3.0274135,0.5760121,2.66179015,0.0280671,11.154441
2015-03-02,Daily,462.46759838,2,5.10320328,3.627,5.5848551,4.0535354,379.830435,46.7659068,3.0264095,0.5781739,2.65840885,0.0279215,11.21174905
2015-03-03,Daily,461.84703144,3,5.09263604,3.6275,5.576012,4.0586286,379.2077,46.7771783,3.0291015,0.5781061,2.65887345,0.0280008,11.21329465
2015-03-04,Daily,460.28688822999993,4,5.12696148,3.6285,5.5721064,4.05466755,377.595155,46.7873598,3.03272185,0.5785513,2.6630217,0.02798905,11.2198541
2015-03-05,Daily,462.01351623,5,5.09668823,3.6565,5.5776254,4.0466487,378.872675,47.1456668,3.0520433,0.583481,2.67209955,0.028074,11.28201425
2015-03-06,Daily,457.85088942999994,6,5.13354848,3.6475,5.56207305,4.02228085,374.89086,47.0281075,3.03895045,0.58224455,2.66299265,0.02808685,11.25424505
2015-03-09,Daily,457.26471510000005,9,5.1271564,3.688,5.55394385,3.9972389,373.714355,47.5269984,3.0459202,0.5886625,2.67004585,0.02821945,11.32417455
2015-03-10,Daily,457.08157649000003,10,5.12758554,3.6965,5.57617055,3.9916656,373.40284,47.6405283,3.03464425,0.59019825,2.66808705,0.0282932,11.32506375
2015-03-11,Daily,455.85834828,11,5.08266528,3.714,5.6010836,3.9672949,371.920755,47.8537331,3.05943415,0.59300655,2.67694975,0.02815135,11.3612746
2015-03-12,Daily,448.23769851,12,5.08775171,3.696,5.5144324,3.880061,364.910935,47.59789145,3.0385996,0.59012315,2.6633041,0.0279682,11.2306319
2015-03-13,Daily,451.36224288000005,13,5.08264883,3.6965,5.49688085,3.92365,367.957415,47.6092348,3.04301335,0.5905801,2.669628,0.02802395,11.264668
2015-03-16,Daily,452.0726032500001,16,5.0653554,3.7075,5.47189955,3.90029015,368.575485,47.74537585,3.05533815,0.5920727,2.6622869,0.02800015,11.2689994
2015-03-17,Daily,450.51388755,17,5.078324,3.6995,5.48339935,3.9075971,367.123175,47.6533972,3.04824325,0.5914469,2.66294765,0.02800535,11.23785175
2015-03-18,Daily,451.37762734999995,18,5.044176,3.7,5.4615703,3.92440515,367.976195,47.69362655,3.0491575,0.59314835,2.66445835,0.02810485,11.2427853
2015-03-19,Daily,454.43247125000005,19,5.13027505,3.68,5.4797044,3.96299215,371.15494,47.44377405,3.05635165,0.59396035,2.66213365,0.0282642,11.24007575
2015-03-20,Daily,460.31741826999996,20,5.07942102,3.7225,5.49813265,3.97693295,376.2762,47.98303745,3.08281585,0.60170375,2.6844314,0.02844865,11.38379455
2015-03-23,Daily,460.55763101,23,5.09792781,3.68825,5.5089552,3.98644535,377.025385,47.55013525,3.07328575,0.5942656,2.67720415,0.0282246,11.3275523
2015-03-24,Daily,462.37737715000003,24,5.08897235,3.6745,5.48511025,4.00740985,379.08808999999997,47.385084,3.0673234,0.5916594,2.6825085,0.0283253,11.2783941
2015-03-25,Daily,464.27959119,25,5.11991714,3.6575,5.43851985,3.99911065,381.307385,47.16524935,3.0579826,0.58881775,2.6768399,0.0282542,11.24001475
2015-03-26,Daily,466.85485149999994,26,5.10772725,3.679,5.4750883,4.0378867,383.428955,47.44433805,3.08317645,0.5920598,2.68442185,0.02825655,11.29394155
2015-03-27,Daily,463.49724848000005,27,5.14090813,3.6675,5.44733805,3.9904236,380.32772,47.29664445,3.07353905,0.5898958,2.6782782,0.02809265,11.25690855
2015-03-30,Daily,469.32297505,30,5.14177775,3.7085,5.5100896,4.0298416,385.298725,47.82507915,3.11089685,0.59702825,2.6977777,0.02836115,11.374898
2015-03-31,Daily,467.6562253999999,31,5.0841104,3.7165,5.49354485,4.01530675,383.57939999999996,47.9267018,3.0902591,0.59925185,2.69966955,0.0283973,11.4230838
2015-04-01,Daily,463.46616681,1,5.08234596,3.6855,5.47720605,3.97352205,379.98771,47.52264635,3.082295,0.59488655,2.6952612,0.0282793,11.33651435
2015-04-02,Daily,464.93428925,2,5.06625415,3.6835,5.46373585,3.96639295,381.49257,47.50819175,3.07856265,0.59430945,2.7028912,0.02831935,11.3495619
2015-04-03,Daily,464.5283529,3,5.0426649,3.6635,5.43113905,3.98295735,381.495385,47.25389715,3.06133545,0.59126385,2.6979161,0.02817535,11.2801187
2015-04-06,Daily,462.59555324999997,6,5.0645001,3.6225,5.40513255,3.97949745,380.31501,46.7277668,3.04475735,0.5848874,2.67906735,0.02799245,11.1444418
2015-04-07,Daily,462.29304557999995,7,5.04865268,3.635,5.4154235,3.976145,379.813035,46.89082255,3.03790085,0.5870005,2.67988875,0.02799925,11.1811775
2015-04-08,Daily,460.30337041999996,8,5.03364467,3.644,5.404417,3.9499141,377.734115,47.0102564,3.0341384,0.5871879,2.6825679,0.0280416,11.19508745
2015-04-09,Daily,457.40625680000005,9,5.03196115,3.6295,5.4016039,3.91260115,375.14216500000003,46.82953965,3.0161636,0.58503995,2.6765246,0.0280487,11.1531091
2015-04-10,Daily,455.9222036,10,5.0679414,3.6445,5.36306435,3.8914151,373.41197,47.0236835,3.02335235,0.58693285,2.68106095,0.02821915,11.20006395
2015-04-13,Daily,460.8836734600001,13,5.06555336,3.6975,5.403342,3.91787115,377.33450500000004,47.70936975,3.0702484,0.5949125,2.70166615,0.0285576,11.36014755
2015-04-14,Daily,462.64021118,14,5.10343583,3.704,5.4309904,3.91253555,378.887155,47.79200685,3.08962775,0.59606385,2.7157417,0.02853625,11.380118
2015-04-15,Daily,465.95794978000004,15,5.02032108,3.7225,5.49199075,3.95497035,381.83412,48.02977935,3.1094685,0.5995668,2.7296059,0.0286699,11.43695715
2015-04-16,Daily,462.64514068999995,16,5.02022384,3.6575,5.428645,3.91279375,379.76329999999996,47.18898195,3.0700472,0.5902431,2.6998599,0.0284453,11.28510065
2015-04-17,Daily,462.60066302,17,5.02369287,3.637,5.42822285,3.91595825,380.08160000000004,46.91722795,3.0565595,0.58728075,2.6960713,0.02827275,11.2287768
2015-04-20,Daily,462.36675433999994,20,5.03134559,3.6235,5.4203941,3.90830735,380.08085,46.75333145,3.04790395,0.5841905,2.6930518,0.0281382,11.1957414
2015-04-21,Daily,463.1778017399999,21,4.98810389,3.6435,5.42243925,3.9074718,380.60177999999996,47.01199395,3.0511246,0.5874434,2.69739035,0.0281189,11.2384356
2015-04-22,Daily,460.89971787999997,22,5.00990308,3.619,5.40352935,3.8815587,378.794305,46.69526855,3.0247817,0.58395935,2.68014535,0.0280217,11.1792451
2015-04-23,Daily,455.48234822999996,23,4.97360913,3.6205,5.44070675,3.87701265,373.36298,46.7155277,3.01922215,0.5842297,2.68962195,0.0280008,11.1709374
2015-04-24,Daily,457.90620491000004,24,4.94210796,3.5995,5.4127485,3.88458055,376.24133,46.4442625,3.01074825,0.58082685,2.6851922,0.02781685,11.07709125
2015-04-27,Daily,454.3536887,27,4.93845035,3.5645,5.4080597,3.8689086,373.38298499999996,45.99206545,2.9968893,0.57507245,2.6752478,0.0275113,10.92399875
2015-04-28,Daily,453.52588140000006,28,4.9623137,3.5575,5.417895,3.86931495,372.64973000000003,45.90263495,2.98711135,0.5731202,2.6763213,0.02739385,10.9025461
2015-04-29,Daily,453.14721257,29,4.98813132,3.559,5.4584387,3.9035114,372.124735,45.91991525,2.9937756,0.57357905,2.69488515,0.0274392,10.9038019
2015-04-30,Daily,461.04482284999995,30,5.0478591,3.5705,5.5071395,3.9659331,379.71933,46.0668077,3.00155525,0.57548805,2.7001179,0.02760125,10.862491
2015-05-05,Daily,467.37564934000005,5,4.99191744,3.606,5.4510103,4.01510095,385.54484,46.5149284,3.00187325,0.58084475,2.69920285,0.02773315,10.94219825
2015-05-06,Daily,466.71659168,6,5.05041628,3.568,5.4251444,4.0068642,385.646455,46.02891015,2.9754414,0.57539115,2.6881649,0.0274251,10.7243791
2015-05-07,Daily,473.90585958,7,5.08812623,3.5945,5.47765915,4.07760105,392.198695,46.36838015,3.0085797,0.57935635,2.70578575,0.0274442,10.779732
2015-05-08,Daily,472.2974891,8,5.0648975,3.6075,5.57881875,4.0420236,390.401025,46.5273762,3.0083811,0.5810395,2.7064034,0.0274137,10.75261035
2015-05-11,Daily,467.18638194999994,11,5.09163875,3.6015,5.55207255,4.01351175,385.434595,46.44969145,3.0050064,0.5800265,2.6993708,0.02743895,10.7315298
2015-05-12,Daily,470.24761371,12,5.08551696,3.625,5.64448795,4.0435065,388.03263499999997,46.760618,3.01618345,0.583783,2.70673955,0.0274611,10.7216822
2015-05-13,Daily,470.44647523,13,5.03690348,3.6045,5.65041465,4.051278,388.604395,46.4895826,3.0056286,0.58079025,2.69979785,0.02733685,10.69584795
2015-05-14,Daily,471.76548460000004,14,5.06621325,3.5725,5.628653,4.06246875,390.35197,46.0845843,2.99857335,0.5760285,2.70439075,0.0271932,10.6929095
2015-05-15,Daily,471.98658910999995,15,5.05788056,3.5665,5.6250841,4.0684851,390.74234,46.01282425,2.9878943,0.574797,2.70025825,0.027246,10.62327955
2015-05-18,Daily,470.6502479999999,18,5.08399605,3.572,5.61482715,4.08315355,389.25516999999996,46.08170095,2.9857484,0.57580405,2.7015586,0.0272308,10.66905845
2015-05-19,Daily,468.4909368,19,5.07948705,3.585,5.61285535,4.05355985,386.8775,46.24971,2.98886995,0.57782045,2.6997519,0.02722095,10.7391613
2015-05-20,Daily,467.23498371999995,20,5.05388112,3.609,5.5988224,4.0204261,385.32999,46.5548272,2.9859761,0.58167465,2.70144865,0.02740735,10.77153015
2015-05-21,Daily,467.8424427,21,5.04553175,3.606,5.6084121,4.00969175,385.99872999999997,46.5131279,2.97561585,0.5813879,2.69950655,0.0273898,10.7770491
2015-05-22,Daily,465.29090757,22,5.07268612,3.5875,5.6243035,3.9989864,383.71037,46.27957525,2.9696619,0.57904005,2.6940264,0.0273021,10.74745585
2015-05-25,Daily,464.14725854000005,25,5.09027274,3.6055,5.57951155,3.96154335,382.384225,46.51057935,2.9638308,0.58151355,2.69308345,0.0273455,10.74985325
2015-05-26,Daily,464.07636868,26,5.06169928,3.618,5.5898102,3.95917755,382.14953,46.67092425,2.97105355,0.58312985,2.69056355,0.02742465,10.7550558
2015-05-27,Daily,464.51059084999997,27,5.0698135,3.6385,5.60019765,3.959234,382.275775,46.9338542,2.95632765,0.58631585,2.695086,0.02750605,10.76798095
2015-05-28,Daily,467.00150432000004,28,5.07416092,3.65,5.6014729,3.98087275,384.574945,47.0749086,2.94034755,0.5887287,2.70240285,0.02761075,10.7860543
2015-05-29,Daily,470.23607555,29,5.10661125,3.6515,5.59884525,4.0011312,387.67387,47.098202,2.95106515,0.5888139,2.7095317,0.0276179,10.8288872
2015-06-01,Daily,472.75242541999995,1,5.13700142,3.6725,5.6152528,4.02138765,389.717205,47.37334365,2.9590687,0.59246295,2.7193633,0.0277746,10.91706535
2015-06-02,Daily,475.1926457899999,2,5.12194059,3.70005,5.62611145,4.0434148,391.726335,47.70380355,2.9660909,0.5969219,2.7298591,0.027983,10.9501355
2015-06-03,Daily,477.37778759,3,5.17206894,3.679,5.6463455,4.1044766,394.10829,47.441586,2.9663375,0.59368395,2.73095085,0.0278417,10.90720655
2015-06-04,Daily,480.08455126,4,5.22928186,3.7015,5.6747701,4.17140565,396.24264500000004,47.7397319,2.97464575,0.5968814,2.7485707,0.0279517,10.9771672
2015-06-05,Daily,481.05832861,5,5.27439471,3.7105,5.6995136,4.1598417,396.993595,47.8635251,2.98115975,0.5975426,2.753005,0.02791635,10.9973348
2015-06-08,Daily,484.83587221000005,8,5.25584066,3.7635,5.7453594,4.1793669,399.84065000000004,48.54437835,3.00023925,0.60656125,2.76677115,0.02815725,11.105048
2015-06-09,Daily,491.4243600799999,9,5.27466578,3.7635,5.778102,4.2593412,406.20624999999995,48.55001565,3.02155715,0.60656615,2.7785163,0.02812045,11.1577254
2015-06-10,Daily,488.35675648,10,5.25831393,3.7575,5.778096,4.23902385,403.295145,48.4688618,3.0169822,0.60549175,2.7758286,0.02817775,11.1333356
2015-06-11,Daily,485.1781183199999,11,5.25666747,3.7355,5.78871765,4.2216754,400.43955,48.18414625,3.0346484,0.60177695,2.77970015,0.02809175,11.1076443
2015-06-12,Daily,485.32006346000003,12,5.27992706,3.7385,5.8010309,4.20824275,400.52505500000007,48.22439935,3.02724845,0.602299,2.78027745,0.0280774,11.1050061
2015-06-15,Daily,489.1358907,15,5.270011,3.7635,5.8496085,4.2215181,403.85244,48.54281285,3.04884975,0.60607775,2.79181045,0.028228,11.1610343
2015-06-16,Daily,488.7473777,16,5.2765551,3.7525,5.85840345,4.2326326,403.62492000000003,48.40561415,3.037355,0.6044523,2.78768305,0.0281139,11.13914815
2015-06-17,Daily,487.97995597,17,5.24414017,3.75075,5.8669237,4.2239072,402.916635,48.38116905,3.0383981,0.6042483,2.79177535,0.0280556,11.1339535
2015-06-18,Daily,489.2051931699999,18,5.26993257,3.7235,5.89783805,4.23064085,404.55239,48.02811945,3.0236715,0.59965545,2.7877814,0.027928,11.0637359
2015-06-19,Daily,488.29833720000005,19,5.27066325,3.7185,5.9073954,4.2290502,403.72405000000003,47.96424485,3.0232937,0.59893695,2.78706355,0.02789995,11.04723935
2015-06-22,Daily,491.72616617,22,5.30657932,3.7325,5.9316894,4.24870495,406.789865,48.1516605,3.04172455,0.6010952,2.8021779,0.0280418,11.09212755
2015-06-23,Daily,489.69320473,23,5.28190643,3.754,5.91968305,4.2286934,404.48233,48.42746345,3.0346389,0.60464035,2.8036895,0.0282468,11.12791285
2015-06-24,Daily,487.26537628000005,24,5.28587923,3.7525,5.90681055,4.19754665,402.1542,48.40436655,3.02816345,0.6043549,2.79630455,0.02824935,11.10700105
2015-06-25,Daily,487.87254548,25,5.29043933,3.7585,5.9002816,4.2149699,402.624625,48.48613935,3.0401198,0.6053505,2.7993155,0.02820745,11.12459705
2015-06-26,Daily,487.46042862999985,26,5.32139478,3.763,5.9259726,4.20985635,402.07296499999995,48.54356555,3.0500507,0.60600695,2.8004764,0.02823485,11.13890545
2015-06-29,Daily,488.82636067,29,5.31192717,3.783,5.94574145,4.1671639,403.133045,48.8009394,3.0783629,0.6091543,2.79704265,0.02833175,11.17165215
2015-06-30,Daily,492.89891135999994,30,5.25849221,3.7855,5.95269905,4.2363532,407.08688000000006,48.8319297,3.0946254,0.60991525,2.80958925,0.02841435,11.20451295
2015-07-01,Daily,484.5549447599999,1,5.29105076,3.739,5.86985645,4.1654332,399.722135,48.2336484,3.05212055,0.6029721,2.77951255,0.02807585,11.0711399
2015-07-02,Daily,484.14860041,2,5.29510256,3.7735,5.8911888,4.1774534,398.67940000000004,48.67995885,3.06004985,0.60816315,2.7914638,0.02828185,11.16403815
2015-07-03,Daily,486.91124698000004,3,5.32728738,3.784,5.9079594,4.1977805,401.16619499999996,48.8135245,3.0752977,0.6097276,2.80265235,0.02840625,11.1984163
2015-07-06,Daily,489.24965465,6,5.3204074,3.807,5.9221694,4.2015956,403.07042500000006,49.10483975,3.1077552,0.61323115,2.81707875,0.02849765,11.25665475
2015-07-07,Daily,489.3003863800001,7,5.31053658,3.806,5.9335545,4.1989696,403.17799,49.08434505,3.1027596,0.61296635,2.81436025,0.02861655,11.2302879
2015-07-08,Daily,488.3753685399999,8,5.31043524,3.807,5.8761048,4.1844642,402.3462999999999,49.0921762,3.1188302,0.61309285,2.80648775,0.028519,11.1919583
2015-07-09,Daily,488.51476101,9,5.29427721,3.8045,5.84922875,4.2142448,402.48615,49.07069575,3.139415,0.6127988,2.81616645,0.0285184,11.19876585
2015-07-10,Daily,486.08514964,10,5.33844834,3.7885,5.83410095,4.2044776,400.32769,48.8725214,3.10698345,0.61014305,2.80900135,0.0284689,11.1648146
2015-07-13,Daily,490.08908502,13,5.32495092,3.8005,5.89115535,4.23128675,404.07212000000004,49.032067,3.0982762,0.6121397,2.8110213,0.02857625,11.18699155
2015-07-14,Daily,486.71742042000005,14,5.31576842,3.8065,5.8958883,4.19114705,400.705335,49.10219115,3.0830604,0.61308145,2.7975609,0.02855805,11.1783297
2015-07-15,Daily,488.6221264499999,15,5.32143815,3.80475,5.95291225,4.1873178,402.57662999999997,49.08436545,3.082142,0.61278975,2.79576025,0.02853315,11.17548765
2015-07-16,Daily,485.29695575,16,5.295537,3.8075,5.94959955,4.1633109,399.318495,49.12459555,3.0756495,0.6131783,2.7862139,0.0285324,11.13434365
2015-07-20,Daily,481.12329029,20,5.28628599,3.807,5.9353037,4.1197452,395.28627,49.1168778,3.0653411,0.613083,2.77397325,0.02852865,11.0908816
2015-07-21,Daily,480.4210364,21,5.2683893,3.807,5.9254054,4.1216487,394.671385,49.1159265,3.06065855,0.61307315,2.7759958,0.02852865,11.03302535
2015-07-22,Daily,481.27257308,22,5.30330328,3.7925,5.90245775,4.1469092,395.753085,48.92917185,3.06501835,0.61078725,2.77920325,0.02836045,10.9617767
2015-07-23,Daily,482.83336929,23,5.31445779,3.807,5.9457727,4.1665712,397.05884,49.1181452,3.07053285,0.61310275,2.7842182,0.02841575,10.92631285
2015-07-24,Daily,481.75400972,24,5.31348407,3.807,5.9065607,4.1776116,396.02638,49.117511,3.0725154,0.61307315,2.77700825,0.0282996,10.91456595
2015-07-27,Daily,483.08585616000005,27,5.33365016,3.8145,5.922393,4.1976666,397.136925,49.2145928,3.0895396,0.61429075,2.7853237,0.0283501,10.94862445
2015-07-28,Daily,482.5772370699999,28,5.32960732,3.814,5.93477495,4.2240052,396.61002,49.2094112,3.08800915,0.6142202,2.79178735,0.02833265,10.93306905
2015-07-29,Daily,482.79890320000004,29,5.335786,3.814,5.9559426,4.2259121,396.79571,49.2087761,3.090261,0.6142894,2.79680325,0.0283537,10.93306905
2015-07-30,Daily,479.48909843,30,5.32300748,3.814,5.9494588,4.1847209,393.60181,49.20655505,3.0719668,0.6142103,2.78231695,0.02831795,10.9127342
2015-07-31,Daily,480.89152620000004,31,5.3584374,3.8175,5.9594995,4.17901735,394.961515,49.2444034,3.0804924,0.61476405,2.780813,0.0283019,10.8667822
2015-08-03,Daily,484.5097352,3,5.39245525,3.842,6.004278,4.219861,397.969965,49.5623634,3.09876205,0.61871445,2.7988637,0.0284624,10.97400995
2015-08-04,Daily,485.84843372999995,4,5.40922883,3.8675,6.02943265,4.23143205,398.855295,49.8790909,3.11719205,0.62283605,2.8018263,0.0286217,11.0059782
2015-08-05,Daily,483.57121470000004,5,5.407795,3.8775,6.02505375,4.2121284,396.43191,50.0077384,3.11621005,0.62442635,2.79903345,0.0286957,11.0407236
2015-08-06,Daily,484.8628147400001,6,5.45799144,3.8905,6.0771559,4.24453565,397.35490000000004,50.1899627,3.11913745,0.62652995,2.81136025,0.02875465,11.06198675
2015-08-07,Daily,487.96370853,7,5.46341063,3.923,6.08594635,4.2815624,399.81661,50.6085803,3.14342965,0.6317536,2.8292227,0.0289681,11.1512248
2015-08-10,Daily,487.66141478000003,10,5.49991153,3.9265,6.08057805,4.3059963,399.35928,50.6511185,3.15673115,0.63231725,2.83655495,0.0290014,11.18342565
2015-08-11,Daily,490.62033699,11,5.61105664,3.9535,6.15461165,4.34074555,401.73764500000004,50.97574095,3.1701549,0.6253217,2.82746305,0.0291341,11.19496345
2015-08-12,Daily,497.8110142499999,12,5.6096034,4.018,6.2471867,4.44370725,407.58777999999995,51.80839675,3.2081122,0.6251605,2.8442998,0.02906855,11.3896991
2015-08-13,Daily,499.90511174000005,13,5.70941624,4.002,6.252125,4.4592286,409.747135,51.61639895,3.2174302,0.6245465,2.87273,0.02912555,11.3749757
2015-08-14,Daily,509.45689241,14,5.77808406,4.076,6.36386,4.5457592,417.730025,52.56032025,3.27586915,0.63688,2.9031353,0.02957265,11.5573868
2015-08-17,Daily,513.43704026,17,5.77063326,4.1165,6.44129425,4.5649932,420.91031499999997,53.0818858,3.3094828,0.6437564,2.92334025,0.0298568,11.6449825
2015-08-18,Daily,514.0713474,18,5.7524793,4.123,6.4285826,4.5672535,421.51015,53.1739302,3.31284495,0.64309365,2.9300373,0.02977435,11.60020155
2015-08-19,Daily,512.83554007,19,5.75211252,4.11,6.43995955,4.5390845,420.546645,53.004903,3.30824705,0.64228795,2.92735115,0.02972335,11.535226
2015-08-20,Daily,518.43277655,20,5.8768187,4.114,6.4513701,4.5811453,425.836005,53.0770244,3.3192143,0.6428728,2.93218465,0.029704,11.5724373
2015-08-21,Daily,531.84080515,21,5.9666265,4.1855,6.5657941,4.718105,437.630735,53.99426045,3.40104875,0.6540866,2.9705472,0.030009,11.72409255
2015-08-24,Daily,544.0916669200001,24,6.02543177,4.23,6.63412155,4.84567665,448.806755,54.55425095,3.4948575,0.6612476,2.9935251,0.03015505,11.81564575
2015-08-25,Daily,549.15611108,25,6.03544518,4.2395,6.6854804,4.8934434,453.471125,54.693702,3.53247585,0.66141955,3.01636525,0.03013685,11.8970176
2015-08-26,Daily,546.1178298299999,26,6.02410473,4.2435,6.66972175,4.8893612,450.35824,54.74954245,3.5532767,0.66174415,3.02836795,0.0300606,11.9099103
2015-08-27,Daily,541.3656323700001,27,5.93997012,4.249,6.5868002,4.82070305,445.76171,54.8226241,3.5372962,0.66290675,3.0306706,0.03027975,11.9236716
2015-08-28,Daily,531.4460463999999,28,5.8341928,4.214,6.5047307,4.74686045,436.81977500000005,54.3724409,3.48422905,0.65918945,3.00635055,0.03003565,11.77424185
2015-09-01,Daily,525.77698889,1,5.93976134,4.156,6.3998248,4.6833972,432.264055,53.62581,3.43997065,0.6525204,2.95118175,0.02952755,11.6349402
2015-09-02,Daily,533.25300856,2,5.94962636,4.219,6.4622435,4.75713405,438.428935,54.4383602,3.50735755,0.66287495,2.98626945,0.0298955,11.811312
2015-09-03,Daily,531.1310192499999,3,5.9859599,4.2285,6.46749145,4.74543465,436.1527,54.5609392,3.5091289,0.66528745,2.98580805,0.02985175,11.7999179
2015-09-04,Daily,534.0667916699999,4,6.03344547,4.2605,6.48938095,4.7391673,438.413325,54.97029305,3.56825815,0.6703221,3.0038429,0.0300363,11.88822045
2015-09-07,Daily,539.40878785,7,6.08670855,4.3045,6.53939745,4.79779605,442.84994500000005,55.54014475,3.6036001,0.67595805,3.0212329,0.03023355,11.95927145
2015-09-08,Daily,544.6051405599999,8,6.07795216,4.3425,6.6435915,4.86512,447.24248500000004,56.0311747,3.65115435,0.68188255,3.0446985,0.03038095,11.99420085
2015-09-09,Daily,539.1969520800001,9,6.09438993,4.331,6.6688746,4.8398933,441.9842,55.87918605,3.5989699,0.67947915,3.06337635,0.03036635,12.02721645
2015-09-10,Daily,541.6771786200001,10,6.06440522,4.3455,6.67121295,4.8706539,444.27984,56.0648206,3.6068234,0.6806116,3.058167,0.0303351,12.00480885
2015-09-11,Daily,540.6176022799999,11,6.07827948,4.3195,6.67319645,4.87326035,443.61724499999997,55.73584465,3.57456175,0.6777814,3.0601116,0.0301694,11.9776522
2015-09-14,Daily,542.90119744,14,6.07464644,4.3165,6.66748225,4.90009115,445.91972999999996,55.69641575,3.58721875,0.677534,3.06113135,0.0301169,11.97033085
2015-09-15,Daily,541.7216186799999,15,5.98906923,4.306,6.6443743,4.875254,445.01876999999996,55.56093355,3.5846002,0.67614045,3.07209395,0.0299444,11.9644386
2015-09-17,Daily,534.3462333699999,17,5.99804177,4.2585,6.60237885,4.8118923,438.56854,54.94590925,3.53329275,0.66885515,3.0440689,0.02945835,11.88529605
2015-09-18,Daily,538.0055488400001,18,6.02130774,4.2495,6.61689715,4.8427309,442.28772000000004,54.83049025,3.5416935,0.66774055,3.03470815,0.02936765,11.88339295
2015-09-21,Daily,534.2834461000001,21,6.0532835,4.2455,6.59878155,4.80569395,438.65309,54.77888005,3.5448596,0.66666165,3.0218164,0.0293766,11.8855028
2015-09-22,Daily,538.1138616500001,22,6.10378995,4.2925,6.66088775,4.808459,441.61548,55.3860254,3.56490345,0.67349185,3.03850795,0.02961875,11.94019755
2015-09-23,Daily,543.48740422,23,6.17229697,4.3465,6.67144355,4.83982845,445.95502500000003,56.0827864,3.6278277,0.6809121,3.05757805,0.02968925,12.02351675
2015-09-25,Daily,546.8031864000001,25,6.1703679,4.391,6.6811268,4.9043085,448.427325,56.656604,3.65490285,0.68850365,3.08270235,0.0298962,12.11644915
2015-09-28,Daily,548.0283602800001,28,6.27138423,4.4025,6.6931215,4.926398,449.32664000000005,56.80608535,3.6576253,0.69120085,3.08698285,0.0299541,12.1364681
2015-09-29,Daily,559.9669800800002,29,6.24481613,4.4725,6.782547,5.0340225,459.87354,57.7081905,3.7384551,0.70277035,3.1229279,0.03042515,12.25678545
2015-09-30,Daily,557.25563563,30,6.18979153,4.4455,6.74115695,5.0051887,457.732775,57.3609209,3.7084469,0.69944,3.1191028,0.03032405,12.2229888
2015-10-01,Daily,550.42499143,1,6.22087718,4.4095,6.6724561,4.9157113,451.70062499999995,56.8964074,3.6693853,0.6937485,3.0922169,0.0300569,12.12400685
2015-10-02,Daily,553.48087271,2,6.16562496,4.4425,6.7272785,4.966493,454.19716,57.3222115,3.70208355,0.6989404,3.0945251,0.0302211,12.1338346
2015-10-05,Daily,551.7520632299999,5,6.13787703,4.401,6.6956819,4.9405629,453.2442,56.78709905,3.6656674,0.69241115,3.073325,0.03021625,12.08402255
2015-10-06,Daily,545.54755171,6,6.07900896,4.369,6.6251525,4.8856344,447.781115,56.3738306,3.6272315,0.6873766,3.0691958,0.03074595,12.0192604
2015-10-07,Daily,545.87008965,7,5.9448137,4.332,6.6089004,4.8869296,448.86573500000003,55.89677775,3.61346335,0.6815554,3.0420281,0.03103155,11.9668548
2015-10-08,Daily,529.1205427200001,8,5.81999842,4.2255,6.46755065,4.7568568,434.36502,54.5225838,3.5241871,0.6653075,2.98917785,0.03053225,11.75382835
2015-10-09,Daily,520.4912872,9,5.89077005,4.1305,6.34775265,4.6596173,427.49960500000003,53.29574335,3.44308815,0.6505903,2.9468841,0.0307216,11.5960147
2015-10-12,Daily,528.42304545,12,5.92111665,4.1735,6.39943675,4.7475651,434.445555,53.84987675,3.4734309,0.65940415,2.9756516,0.03109335,11.7464152
2015-10-13,Daily,529.7187880300002,13,5.82292733,4.195,6.4231755,4.764682,435.39186,54.12868435,3.4986041,0.6619696,2.98906415,0.0309025,11.8119185
2015-10-15,Daily,526.66568695,15,5.919816,4.1175,6.36977385,4.7275083,433.580875,53.12869145,3.4584865,0.64917665,2.9921533,0.0309006,11.6908053
2015-10-16,Daily,533.1035527500001,16,5.94428065,4.175,6.4612315,4.751777,438.87352000000004,53.87062065,3.5050172,0.6567306,3.01738305,0.0308346,11.8171575
2015-10-19,Daily,535.85220855,19,5.9947041,4.207,6.4960295,4.7791528,440.91614000000004,54.28387165,3.5222709,0.66132205,3.04281835,0.031048,11.9178512
2015-10-20,Daily,539.5662350000001,20,6.0749339,4.245,6.571685,4.8123445,443.805935,54.77419795,3.55289625,0.6675211,3.0559368,0.03116745,11.97461705
2015-10-21,Daily,546.45462434,21,6.06739844,4.295,6.6331984,4.8795499,449.64410499999997,55.41864185,3.58185375,0.6770926,3.0868201,0.03133325,12.13963105
2015-10-22,Daily,544.3726083799999,22,5.96365808,4.2945,6.6285621,4.87339905,447.76358500000003,55.41075985,3.5854737,0.6764058,3.0849089,0.03153675,12.05981915
2015-10-23,Daily,529.2947623499999,23,5.9650038,4.22505,6.51080355,4.69656655,434.27394499999997,54.51537165,3.50118145,0.66463485,3.05112875,0.0312793,11.85979745
2015-10-26,Daily,531.9555927300001,26,5.95279438,4.2595,6.5327965,4.701637,436.29026,54.96093765,3.517196,0.6707505,3.0534066,0.03122235,11.98509175
2015-10-27,Daily,530.29793264,27,5.98398084,4.2625,6.54549545,4.71773545,434.483485,54.99964635,3.53529105,0.6710908,3.0603822,0.0312787,12.0070468
2015-10-28,Daily,529.3671348,28,5.9958115,4.278,6.54726635,4.71927595,433.25912000000005,55.19964605,3.55478105,0.67286375,3.0624968,0.03140975,12.0464636
2015-10-29,Daily,527.65922645,29,5.9961176,4.2875,6.54186775,4.68345075,431.46828,55.32222485,3.5535207,0.6743156,3.05682315,0.0315838,12.04354225
2015-10-30,Daily,531.2437506299999,30,5.99606448,4.304,6.59265265,4.72127295,434.65977999999996,55.53512625,3.5618822,0.6782119,3.07001055,0.03146205,12.0932876
2015-11-02,Daily,531.33874325,2,5.9867774,4.2925,6.624616,4.73505725,434.90399,55.38602585,3.5677187,0.677307,3.0655244,0.03147,12.06775665
2015-11-03,Daily,529.91207495,3,5.9468695,4.283,6.60502945,4.7181536,433.72184000000004,55.26344825,3.5500858,0.6759254,3.06827245,0.0316264,12.0478241
2015-11-04,Daily,525.5923421699999,4,5.98836042,4.2625,6.5732016,4.66935615,429.817775,54.99503585,3.5176405,0.6729344,3.05687135,0.0316209,12.007046
2015-11-05,Daily,529.2558793400001,5,5.97834699,4.298,6.6111844,4.67386025,432.82984000000005,55.4541302,3.5375947,0.6774373,3.06190795,0.03163785,12.1019397
2015-11-06,Daily,528.67747762,6,6.05105787,4.301,6.5435417,4.6818537,432.21790000000004,55.4878248,3.5351176,0.6773709,3.0583805,0.03177695,12.0916536
2015-11-09,Daily,531.70686786,9,6.02312401,4.3615,6.57256295,4.69559125,434.30445000000003,56.2654418,3.53544435,0.6858622,3.06834675,0.0319642,12.16258035
2015-11-11,Daily,532.75013093,11,6.02722848,4.3655,6.62508305,4.701644,435.179385,56.31958745,3.5536655,0.68612435,3.0766801,0.0321584,12.1830746
2015-11-12,Daily,532.9894840000001,12,6.04156285,4.368,6.6524644,4.7014974,435.32022,56.35838505,3.55425445,0.686113,3.08137315,0.03215905,12.19345465
2015-11-13,Daily,535.0729739999998,13,6.0795714,4.3775,6.65817775,4.724636,437.18177999999995,56.48277885,3.57128295,0.6868984,3.0820961,0.03211075,12.1961418
2015-11-16,Daily,534.23202985,16,6.05337195,4.3925,6.68187175,4.71095675,436.11007500000005,56.673398,3.5873255,0.6886417,3.08440495,0.0319745,12.21750975
2015-11-17,Daily,531.2385584900002,17,6.05742424,4.3825,6.6524165,4.6717455,433.39619000000005,56.5429163,3.5524668,0.68745105,3.0797618,0.03191915,12.18376715
2015-11-18,Daily,530.3024112400001,18,5.98607544,4.396,6.6797223,4.67448675,432.29448,56.714898,3.56341005,0.68859665,3.0828573,0.0319361,12.18994865
2015-11-19,Daily,524.50345288,19,5.91357578,4.344,6.638719,4.649601,427.51707000000005,56.04835955,3.5256885,0.6810486,3.0636871,0.03152395,12.0901794
2015-11-20,Daily,518.28691906,20,5.92912951,4.2825,6.5468725,4.58976975,422.462375,55.25628315,3.48298215,0.67113305,3.03293275,0.03125915,12.00168205
2015-11-23,Daily,516.9767132000001,23,5.8667634,4.297,6.5179049,4.5606214,421.06835,55.44301785,3.48881645,0.6726045,3.0308592,0.0313307,11.9994448
2015-11-24,Daily,513.9851479299999,24,5.77396368,4.265,6.45507805,4.53497505,418.835535,55.0319037,3.4741173,0.66751185,3.0158401,0.0311087,11.9001145
2015-11-25,Daily,506.79499889,25,5.78474794,4.194,6.3350374,4.4756273,413.03924,54.11578095,3.4280114,0.65651275,2.98420515,0.0306411,11.7511949
2015-11-26,Daily,505.97077604,26,5.81908694,4.2115,6.37052635,4.47324525,411.842625,54.33983515,3.4350156,0.6591489,2.9954846,0.03068935,11.7936189
2015-11-27,Daily,508.54896219000005,27,5.85342594,4.2365,6.3933025,4.49386755,413.922855,54.6627537,3.454561,0.6625225,3.0062095,0.03081655,11.83214795
2015-11-30,Daily,508.4772656,30,5.81518785,4.2615,6.4052477,4.5105848,413.43690000000004,54.98532415,3.47211525,0.666255,3.0162442,0.03081345,11.8770932
2015-12-01,Daily,507.14584156,1,5.80549896,4.23795,6.39188835,4.48396375,412.57319,54.6729988,3.44871315,0.6623453,3.00734585,0.0307031,11.8312443
2015-12-02,Daily,505.9015069999999,2,5.83811085,4.2255,6.3674067,4.4868473,411.52144499999997,54.5166025,3.4346683,0.6603583,3.003626,0.030664,11.81627805
2015-12-03,Daily,511.28365869999993,3,5.7747713,4.251,6.3452558,4.5028719,416.56053999999995,54.84984465,3.4464313,0.6644161,3.00998445,0.03071425,11.84782895
2015-12-04,Daily,518.8593717300001,4,5.83323768,4.2155,6.37552245,4.6073311,424.52189000000004,54.39214515,3.4382777,0.6589809,3.01743025,0.0304886,11.7685679
2015-12-07,Daily,515.3566933100001,7,5.89520216,4.2065,6.35139485,4.5682595,421.197625,54.27601955,3.41173665,0.6564195,3.00410685,0.0303938,11.75903545
2015-12-08,Daily,521.96540451,8,5.90392121,4.2645,6.4153011,4.6278361,426.66337,55.0250996,3.4629909,0.6644595,3.028335,0.03075735,11.87883375
2015-12-09,Daily,524.85543638,9,5.91101093,4.2655,6.40123605,4.6521677,429.513855,55.0369348,3.4736759,0.6639635,3.03464725,0.03074785,11.8716974
2015-12-10,Daily,527.8640046900002,10,5.95284819,4.2585,6.46206145,4.68669255,432.48891000000003,54.94378,3.50162455,0.6613862,3.0353909,0.0304832,11.84232765
2015-12-11,Daily,528.5454027699998,11,6.01130882,4.2785,6.47850575,4.6789683,432.78377499999993,55.2036055,3.50309155,0.66319985,3.04140895,0.0306813,11.87235775
2015-12-14,Daily,534.7538810199999,14,6.02561472,4.3185,6.5593707,4.732213,438.11513499999995,55.72114585,3.56385465,0.6686228,3.0594039,0.03072575,11.95929465
2015-12-15,Daily,536.8132268200001,15,6.00601347,4.328,6.5625467,4.76664295,439.97180499999996,55.84300065,3.5764165,0.66938885,3.06972165,0.03076815,11.9889229
2015-12-16,Daily,531.63836983,16,6.01424653,4.309,6.4865542,4.7129689,435.2306,55.5982073,3.53965595,0.6665431,3.06385155,0.03064725,11.98609505
2015-12-17,Daily,531.7986369800001,17,5.97226958,4.3325,6.47362225,4.69578025,435.142965,55.8927691,3.5360136,0.6684255,3.058704,0.0308451,11.9947426
2015-12-18,Daily,530.13925575,18,5.9591652,4.3185,6.43715645,4.68125435,433.845975,55.70533055,3.5108333,0.6660242,3.04473615,0.0308244,11.93945615
2015-12-21,Daily,530.21215553,21,5.95191803,4.307,6.4236756,4.680202,434.086,55.55734845,3.55172625,0.6646299,3.05071555,0.03127825,11.9076615
2015-12-22,Daily,529.0493226600001,22,5.97989641,4.2985,6.3972435,4.6928879,433.03304,55.4426983,3.54442455,0.6635025,3.0550827,0.0315417,11.9105051
2015-12-23,Daily,532.45627,23,5.9791168,4.3085,6.3912296,4.71651565,436.21549000000005,55.5784916,3.5603026,0.6652515,3.0650212,0.03151795,11.9448331
2015-12-28,Daily,532.65287015,28,5.96803445,4.304,6.4241516,4.7247162,436.445035,55.52903675,3.5751964,0.66447445,3.06094895,0.0315312,11.92574515
2015-12-29,Daily,530.35649015,29,5.9590245,4.2925,6.39840075,4.71337975,434.41976999999997,55.3853108,3.56801475,0.66172855,3.0462717,0.03137795,11.8807114
2015-12-30,Daily,528.15777672,30,5.95240312,4.29,6.3612124,4.6887557,432.329335,55.35376835,3.5600191,0.6609254,3.03341115,0.0311039,11.8968426
2015-12-31,Daily,530.1170089100001,31,5.99120366,4.292,6.3607442,4.6917999,434.19344000000007,55.3735009,3.56448835,0.6609637,3.0355758,0.0310677,11.9222247
2016-01-04,Daily,529.2947498300001,4,6.02560958,4.3235,6.3635441,4.70029315,432.804455,55.7831386,3.61149455,0.664071,3.03755315,0.0311155,11.9499752
2016-01-05,Daily,530.3568037199999,5,6.02798742,4.3425,6.3917261,4.6985857,433.46989999999994,56.02141835,3.63313195,0.6660533,3.04833215,0.0314105,12.02575825
2016-01-06,Daily,530.35522672,6,6.08968682,4.3695,6.40656125,4.6954654,432.92395,56.36937215,3.68190515,0.66744585,3.0527133,0.03151465,12.06711215
2016-01-07,Daily,537.9929000200001,7,6.05021427,4.414,6.4576828,4.7752861,439.685535,56.93610595,3.7341908,0.6695489,3.0754236,0.0317783,12.1631343
2016-01-08,Daily,536.07821634,8,6.08901949,4.3705,6.39928715,4.7566342,438.629155,56.32995095,3.69520265,0.6632221,3.0472383,0.0314651,12.0665414
2016-01-11,Daily,540.2679031800002,11,6.10205028,4.3985,6.3894819,4.8005236,442.28292500000003,56.662352,3.7480303,0.668262,3.0579125,0.03159845,12.12626715
2016-01-12,Daily,538.5554734299999,12,6.07385818,4.404,6.4034164,4.7915528,440.48841000000004,56.76391645,3.7476072,0.66982015,3.0588659,0.03180935,12.122217
2016-01-13,Daily,534.9750888400001,13,6.06225214,4.3945,6.3522501,4.75704695,437.176965,56.63635985,3.716437,0.6679587,3.06268975,0.0317178,12.11691155
2016-01-14,Daily,534.0399692299999,14,6.06253108,4.393,6.32657945,4.78112165,436.35468499999996,56.5306929,3.7382467,0.66650495,3.05228495,0.031559,12.10276355
2016-01-15,Daily,533.0348821800001,15,6.09938018,4.3775,6.3057895,4.76359575,435.74580000000003,56.23209715,3.71431055,0.66458675,3.0410923,0.03149855,12.05923145
2016-01-18,Daily,536.3729290999999,18,6.07240095,4.4085,6.29335505,4.8030611,438.56964999999997,56.55983965,3.759114,0.6701478,3.0647577,0.03165325,12.1404496
2016-01-19,Daily,533.34213674,19,6.04690704,4.389,6.25366765,4.77940215,436.06588000000005,56.2277825,3.7351611,0.6670872,3.05162535,0.0315472,12.09407655
2016-01-20,Daily,534.27331766,20,6.04964496,4.3795,6.1956797,4.79423935,437.294345,56.0081367,3.74284315,0.6657092,3.04449145,0.0314959,12.06723225
2016-01-21,Daily,532.2680710200001,21,5.99204257,4.376,6.2025427,4.76437045,435.37975500000005,56.0171048,3.73618005,0.6651064,3.04174175,0.03148205,12.06174525
2016-01-22,Daily,526.24513754,22,5.91278579,4.337,6.1628773,4.702176,430.17284,55.5637437,3.6821328,0.65915875,3.02725765,0.0312464,11.99391915
2016-01-26,Daily,518.5249572399999,26,5.87260269,4.2915,6.1063764,4.65434685,423.308425,55.0425211,3.6317865,0.65223355,3.00021065,0.03085745,11.93409705
2016-01-27,Daily,514.0220794500001,27,5.8490432,4.2615,6.11099205,4.6313989,419.315305,54.69562515,3.60761985,0.64767885,2.98518545,0.03069805,11.88703295
2016-01-28,Daily,510.95687223000004,28,5.73354548,4.235,6.0327585,4.6138215,416.9745,54.3565468,3.5673678,0.64376395,2.95926335,0.0304841,11.80982075
2016-01-29,Daily,501.32948679000003,29,5.79304419,4.1475,5.96182425,4.5336325,409.06407500000006,53.22391365,3.4473448,0.6305827,2.90593885,0.0299567,11.59167415
2016-02-02,Daily,506.296375,2,5.8574115,4.2045,6.0612079,4.5850076,412.65103500000004,54.04589295,3.48328645,0.6390596,2.9509407,0.0308135,11.7872198
2016-02-03,Daily,509.84331129,3,5.74251964,4.2375,6.10645025,4.6241724,415.808335,54.3234439,3.54054435,0.643997,2.9597683,0.0307233,11.82585715
2016-02-04,Daily,505.32569390999987,4,5.78449591,4.1485,6.0518327,4.601309,412.70417999999995,53.27537755,3.5161259,0.63066295,2.93304605,0.03034195,11.6498219
2016-02-05,Daily,509.16847363000005,5,5.82386043,4.1395,6.03063095,4.6354126,416.532735,53.1789183,3.54788975,0.63017125,2.96165205,0.03042075,11.65728255
2016-02-10,Daily,520.5841872,10,5.76299295,4.161,6.02159215,4.698602,427.514965,53.3838013,3.6294658,0.632958,2.9845083,0.0309253,11.7633764
2016-02-11,Daily,514.6249452,11,5.8659027,4.1085,5.9739646,4.6376755,422.3813,52.7457723,3.6421263,0.6249718,2.95958815,0.03064905,11.6544948
2016-02-12,Daily,520.66391737,12,5.82852972,4.165,6.0263389,4.7052013,427.39899,53.47147685,3.68731005,0.63356645,2.98438055,0.03089195,11.7322316
2016-02-15,Daily,516.0286702999999,15,5.83063845,4.146,6.0208219,4.6501543,423.234015,53.2559215,3.6392372,0.6376011,2.9578373,0.03078415,11.6256594
2016-02-16,Daily,512.6037385,16,5.88110765,4.1475,5.9846359,4.6252926,419.8302,53.25842965,3.6107612,0.63665675,2.9576416,0.03103835,11.6404748
2016-02-17,Daily,520.05197435,17,5.81859045,4.2065,6.0152957,4.69298225,426.14739000000003,54.00045275,3.6981854,0.64463485,2.99235315,0.0311824,11.8044074
2016-02-18,Daily,513.4022954000001,18,5.8948045,4.167,5.9604776,4.64141355,420.208875,53.5143292,3.65734945,0.63938015,2.9696413,0.0309642,11.71806045
2016-02-19,Daily,520.44791292,19,5.87423097,4.225,6.04999,4.699891,426.03646499999996,54.30835705,3.74307885,0.6479863,3.0020976,0.0312154,11.82960075
2016-02-22,Daily,518.7012791400001,22,5.81954464,4.2095,6.0128503,4.677807,424.64458,54.1627288,3.72802615,0.64568335,3.0001433,0.03134985,11.76906575
2016-02-23,Daily,513.61698357,23,5.89316637,4.186,5.90623715,4.62364645,420.02813000000003,53.87248995,3.7343326,0.641169,2.9866943,0.03127385,11.7138439
2016-02-24,Daily,521.6859741599999,24,5.83753716,4.241,5.9314632,4.6729463,427.068345,54.5806722,3.7888068,0.6494044,3.0130373,0.0315199,11.8712419
2016-02-25,Daily,519.53485465,25,5.86402425,4.212,5.8711072,4.6422561,425.49773999999996,54.2130311,3.7488324,0.6446479,3.0016036,0.03136735,11.80824475
2016-02-26,Daily,521.7703792,26,5.85877575,4.221,5.9123559,4.6701148,427.50825,54.34285925,3.73953585,0.64575355,3.01500045,0.03154125,11.8251924
2016-02-29,Daily,516.9407108400001,29,5.79321414,4.2195,5.84527385,4.6093823,423.007685,54.25893295,3.72270565,0.6443658,2.9954212,0.0315171,11.81271285
2016-03-01,Daily,513.9260017900001,1,5.75238344,4.194,5.84664675,4.56328205,420.45128500000004,53.9539252,3.7268421,0.641157,2.9874992,0.03138405,11.777597
2016-03-02,Daily,509.73047606999995,2,5.71854147,4.162,5.8064065,4.5195164,417.01327499999996,53.5264187,3.65472485,0.6352938,2.96703005,0.0313286,11.6959407
2016-03-03,Daily,507.54112248,3,5.70801218,4.143,5.8329303,4.4980557,415.130515,53.2892609,3.63532705,0.63311355,2.97170365,0.0312444,11.66795975
2016-03-04,Daily,508.40367593999997,4,5.68671794,4.129,5.8460454,4.5191911,416.12519,53.15567875,3.63244535,0.6335836,2.98381355,0.03145905,11.6605512
2016-03-07,Daily,503.5697228199999,7,5.69240792,4.097,5.8214282,4.5021939,411.90390499999995,52.7681724,3.603818,0.629069,2.96970255,0.03141635,11.5506095
2016-03-08,Daily,504.86492369,8,5.75194289,4.1045,5.8493237,4.5223386,412.948425,52.84469335,3.6324623,0.6308114,2.96514385,0.0312843,11.5839983
2016-03-09,Daily,506.77808297,9,5.72429242,4.1355,5.86331285,4.5374712,414.25449,53.2482696,3.67029145,0.63479525,2.97946775,0.0314654,11.69872705
2016-03-10,Daily,504.8778195,10,5.69950515,4.1195,5.8482487,4.5201219,412.693055,53.0607003,3.62106185,0.63225185,2.9786698,0.03142265,11.6732823
2016-03-11,Daily,508.63035156,11,5.70764436,4.105,5.8594773,4.5840541,416.54008999999996,52.88074535,3.6172189,0.63250675,2.98371895,0.03139585,11.6885
2016-03-14,Daily,507.94322710000006,14,5.74597125,4.092,5.8845007,4.5656491,416.02292500000004,52.72550485,3.59373,0.6301638,2.9807699,0.0314238,11.6705887
2016-03-15,Daily,509.86491606999994,15,5.76381177,4.1175,5.87855495,4.5745429,417.46954,53.05133865,3.6275938,0.6328774,2.9894366,0.03145535,11.72826465
2016-03-16,Daily,511.41004739,16,5.68427094,4.1355,5.8438758,4.59081905,418.76381,53.286003,3.64634375,0.6342403,2.9957623,0.03140095,11.7980213
2016-03-17,Daily,509.4510173,17,5.7121485,4.083,5.821746,4.5819432,417.61285,52.6220846,3.6294954,0.62829885,2.99219575,0.0311205,11.7361345
2016-03-18,Daily,511.19837513999994,18,5.72439594,4.0575,5.8663342,4.5926846,419.70546,52.31400155,3.6473554,0.627552,2.99601375,0.030997,11.6360807
2016-03-21,Daily,511.55169795999996,21,5.68164316,4.071,5.8805604,4.5888318,419.86406,52.4995655,3.6552193,0.62775645,2.994043,0.03093935,11.658079
2016-03-22,Daily,508.26841632,22,5.58101192,4.0435,5.81334085,4.55257755,417.3077,52.1479553,3.614949,0.6228436,2.9711958,0.03069655,11.58264575
2016-03-23,Daily,498.3983267,23,5.63035005,3.982,5.6552376,4.464221,408.82989,51.3412301,3.5447551,0.61344125,2.92332105,0.03022855,11.383652
2016-03-24,Daily,503.05534767000006,24,5.64884307,4.027,5.6764595,4.50097845,412.72956,51.89934705,3.57304505,0.61859635,2.94188645,0.03040395,11.4092278
2016-03-25,Daily,504.42424272999995,25,5.63679413,4.047,5.712746,4.5164528,413.719395,52.1537438,3.5774591,0.6207199,2.94756115,0.03053765,11.4618332
2016-03-28,Daily,503.5328638,28,5.59989775,4.0375,5.707007,4.50685975,413.085915,52.03701785,3.553825,0.6198427,2.9428924,0.03028885,11.4118175
2016-03-29,Daily,500.51335971,29,5.53780961,4.0025,5.6991605,4.48099925,410.78677,51.59622965,3.5250348,0.614918,2.92345415,0.02991405,11.3165697
2016-03-30,Daily,498.50198625,30,5.5166852,3.959,5.69126145,4.4697114,409.516495,51.05159675,3.5192685,0.6104481,2.91940145,0.0296388,11.2184796
2016-03-31,Daily,494.2880408700001,31,5.49580682,3.922,5.6233651,4.437744,406.06752000000006,50.58002075,3.4891698,0.60644955,2.9022837,0.0295354,11.13414575
2016-04-01,Daily,493.8968025,1,5.4674244,3.901,5.5905233,4.4385582,406.10041499999994,50.3062741,3.4735767,0.6033843,2.8879192,0.0295755,11.0981518
2016-04-04,Daily,492.1209855,4,5.5161043,3.88,5.51794245,4.4181566,404.736065,50.03546375,3.48122575,0.5988949,2.87237315,0.0294889,11.0352707
2016-04-05,Daily,497.23846971000006,5,5.51028576,3.9205,5.5939663,4.4678025,409.04598,50.5508967,3.53660235,0.6060021,2.89250425,0.02967385,11.0842559
2016-04-06,Daily,496.79806705,6,5.4901957,3.914,5.54281185,4.44923995,408.79443499999996,50.4560263,3.54352495,0.60432955,2.8892018,0.0296201,11.08468185
2016-04-07,Daily,496.5564444,7,5.5444937,3.905,5.5099555,4.4505295,408.62257,50.345197,3.57322665,0.60341035,2.89130895,0.02958335,11.0811694
2016-04-08,Daily,499.91893844,8,5.46534504,3.935,5.5353649,4.47311145,411.41751,50.7300097,3.6218884,0.60727195,2.9117967,0.02994105,11.19169925
2016-04-11,Daily,494.9546213400001,11,5.49421964,3.8807,5.48342915,4.4286549,407.46548,50.0244922,3.5970712,0.60021655,2.88206465,0.0295526,11.06874045
2016-04-12,Daily,495.41032465,12,5.4623272,3.892,5.5398732,4.43902115,407.66763499999996,50.1805085,3.59870625,0.6017782,2.89228375,0.0296771,11.1065143
2016-04-13,Daily,491.09423224,13,5.49238064,3.865,5.514196,4.393733,403.90884,49.83753275,3.55092175,0.5979734,2.8723264,0.02949485,11.03183345
2016-04-14,Daily,491.62310826000004,14,5.48340011,3.9035,5.51954935,4.3976838,403.796515,50.31612885,3.56858855,0.6020669,2.86443005,0.0295239,11.14172175
2016-04-15,Daily,491.58947100999995,15,5.52959106,3.9055,5.52882195,4.3983748,403.66954499999997,50.34807585,3.5622753,0.6020689,2.86810625,0.0296816,11.1474303
2016-04-18,Daily,495.20671493000003,18,5.48272148,3.934,5.5732987,4.43892905,406.657155,50.7262736,3.6410763,0.6071316,2.8987217,0.02983925,11.21756825
2016-04-19,Daily,492.1641539,19,5.4607904,3.8955,5.5758248,4.4106804,404.34932999999995,50.22757575,3.57106895,0.6016682,2.8905879,0.0296202,11.1515073
2016-04-20,Daily,490.3768602299999,20,5.47698363,3.874,5.5673262,4.402027,402.93335,49.9474628,3.55625015,0.59922205,2.88727475,0.02949375,11.1034699
2016-04-21,Daily,487.02156367000003,21,5.49737712,3.881,5.5665186,4.383784,399.54725,50.03384225,3.53348285,0.59914175,2.8865759,0.0294618,11.0631294
2016-04-22,Daily,488.86232881000007,22,5.50093301,3.9035,5.5987905,4.41134555,400.89360000000005,50.31612785,3.5689149,0.60200185,2.89480595,0.0296371,11.1426721
2016-04-25,Daily,488.73826977000004,25,5.53329602,3.9135,5.65031205,4.40033965,400.62466,50.4499069,3.5163308,0.60144315,2.89053925,0.0296085,11.12833345
2016-04-26,Daily,492.46931928999993,26,5.53590584,3.937,5.7047139,4.4366059,403.81580499999995,50.75677645,3.5492451,0.60627065,2.9068231,0.02978855,11.1903848
2016-04-27,Daily,492.54365083000005,27,5.52018893,3.9315,5.73409345,4.44456145,403.95607,50.6826036,3.53966035,0.60582015,2.9112521,0.02978975,11.18811105
2016-04-28,Daily,491.77076927,28,5.51885457,3.917,5.69336,4.4373737,403.44048,50.4920962,3.5812584,0.60341385,2.90406425,0.02967425,11.15319405
2016-04-29,Daily,493.29252855,29,5.5831296,3.9045,5.7173598,4.4448837,404.968415,50.3348594,3.63767765,0.60301625,2.90383785,0.0295572,11.1652921
2016-05-03,Daily,499.97689842999995,3,5.67454503,3.9225,5.7597995,4.5234275,411.03445,50.55387,3.6941991,0.6058151,2.92636545,0.0297723,11.25215445
2016-05-04,Daily,505.35978491,4,5.68393976,3.9765,5.774276,4.5650227,415.517335,51.2293645,3.70613825,0.61189635,2.9362034,0.03004535,11.3290636
2016-05-05,Daily,508.31170429,5,5.67997799,4.003,5.81115535,4.5986469,417.89356,51.5847198,3.73640775,0.6155337,2.9526097,0.0302307,11.4058624
2016-05-06,Daily,504.47279170000013,6,5.6702687,4.0095,5.80495485,4.5716324,413.99088500000005,51.6631557,3.7438724,0.61623945,2.94762035,0.0302798,11.42438305
2016-05-09,Daily,501.8937889999999,9,5.74003485,4.0005,5.77232195,4.5613706,411.57424999999995,51.549184,3.72781105,0.6152013,2.9352852,0.03012425,11.3877058
2016-05-10,Daily,509.14985611,10,5.72329166,4.059,5.8461786,4.6187364,417.74325,52.2979425,3.7332725,0.6227371,2.96039695,0.0304787,11.5145717
2016-05-11,Daily,507.53764495999997,11,5.69093431,4.0545,5.856726,4.6156433,416.23043500000006,52.2419814,3.72673415,0.6224382,2.9587334,0.0305309,11.5089883
2016-05-12,Daily,505.5029219,12,5.6906964,4.0265,5.81446795,4.59947145,414.76126500000004,51.88955895,3.7074724,0.6191092,2.9443169,0.0302801,11.41978355
2016-05-13,Daily,505.3703568899999,13,5.69396944,4.0275,5.8147035,4.58108025,414.693195,51.889407,3.70293825,0.61758215,2.92973045,0.03025925,11.3899916
2016-05-16,Daily,503.91322730999997,16,5.65769286,4.0355,5.79780335,4.56294035,413.17719999999997,51.98812325,3.7034835,0.61829695,2.94218535,0.03028295,11.39971875
2016-05-17,Daily,500.96950805,17,5.68947105,4.014,5.815283,4.5430456,410.576565,51.7081484,3.68493575,0.61571035,2.93678675,0.03021,11.35535215
2016-05-18,Daily,501.43031184999995,18,5.7452928,4.035,5.8239179,4.55430505,410.68719500000003,51.9759916,3.6938714,0.61765255,2.9357202,0.03027575,11.3310896
2016-05-19,Daily,504.7768812900001,19,5.73749039,4.08,5.9468044,4.57878015,413.14384000000007,52.53331845,3.7085859,0.6235482,2.9560941,0.03023345,11.43818625
2016-05-20,Daily,503.3199406899999,20,5.71891644,4.0795,5.954031,4.57087615,411.71741,52.5356743,3.70745745,0.62312905,2.9557321,0.0300405,11.4271737
2016-05-23,Daily,502.64207204999997,23,5.7873162,4.068,5.9079573,4.5708054,411.199915,52.3757725,3.70340065,0.62144825,2.9521047,0.029989,11.42536305
2016-05-24,Daily,507.87750681999995,24,5.77085982,4.1185,5.96585405,4.61519145,415.46462999999994,53.02118495,3.7651424,0.6284621,2.98042595,0.0301943,11.5170618
2016-05-25,Daily,506.24535723,25,5.73154423,4.106,5.99907205,4.5806542,414.07851500000004,52.8663863,3.7366342,0.6260149,2.97611765,0.0301137,11.514305
2016-05-26,Daily,504.6258844,26,5.744213,4.0825,6.0059705,4.5646435,412.853515,52.57193695,3.7210051,0.62262665,2.96499485,0.0299997,11.46447915
2016-05-27,Daily,504.62010129,27,5.77725839,4.0855,5.99445,4.5708579,412.781205,52.6051498,3.7169638,0.62292265,2.9724626,0.03008475,11.4632464
2016-05-30,Daily,505.27874834000005,30,5.79131669,4.1095,6.01055545,4.5631893,413.07755000000003,52.9025957,3.70241975,0.62444925,2.9736968,0.03013605,11.49333935
2016-05-31,Daily,507.83151681000004,31,5.80020736,4.1195,6.0585489,4.59365495,415.35615,53.0303053,3.70142455,0.62583085,2.9861191,0.03024595,11.52952985
2016-06-01,Daily,508.6254834,1,5.839155,4.1345,5.9888236,4.5992185,415.88316000000003,53.2059334,3.7384151,0.6270571,2.99775255,0.03023405,11.5812341
2016-06-02,Daily,515.08717625,2,5.8305425,4.1625,6.0033665,4.66574695,421.647295,53.58073885,3.8203851,0.63270465,3.02760355,0.0304388,11.68585435
2016-06-03,Daily,512.27035652,3,5.75685527,4.15,5.9834709,4.6301556,419.191995,53.3985275,3.81311205,0.6302442,3.0158793,0.0305203,11.6695964
2016-06-06,Daily,512.51480765,6,5.7571317,4.1055,5.9041203,4.6554321,420.129115,52.84872325,3.8349454,0.62536185,3.01498145,0.03055825,11.60893835
2016-06-07,Daily,511.78403490000005,7,5.74738125,4.077,5.9022735,4.628007,419.963115,52.48590385,3.78095215,0.62038745,3.0020991,0.0306081,11.5463075
2016-06-08,Daily,512.59995969,8,5.71374339,4.0625,5.91439125,4.61723475,421.006485,52.31338035,3.78946955,0.61832685,3.0023651,0.03069515,11.5313683
2016-06-09,Daily,512.13930794,9,5.75556489,4.0355,5.8532917,4.6016811,420.97861500000005,51.9988424,3.78334105,0.61498515,2.9931396,0.0304681,11.49387895
2016-06-10,Daily,513.89499011,10,5.77893636,4.0705,5.88044845,4.59925845,422.1197,52.44307085,3.80473975,0.62031895,3.00483545,0.0305708,11.54261105
2016-06-13,Daily,516.6796377300001,13,5.76228093,4.0945,5.81378105,4.60733625,424.52055,52.7373324,3.85636995,0.621792,3.0127672,0.030728,11.62219995
2016-06-14,Daily,516.98953928,14,5.76653913,4.0925,5.8076675,4.62207,424.79777500000006,52.7299093,3.8599395,0.621144,3.0215217,0.03082285,11.6396503
2016-06-15,Daily,517.8491204599999,15,5.75983616,4.101,5.7994298,4.5972215,425.59177999999997,52.8496419,3.8614009,0.62194795,3.0252295,0.03064455,11.6109882
2016-06-16,Daily,519.011589,16,5.7674092,4.096,5.8105864,4.6137347,426.71119,52.7852064,3.91082335,0.6225161,3.0336248,0.03073925,11.6297588
2016-06-17,Daily,517.55365836,17,5.75134236,4.0985,5.84466655,4.6142966,425.200035,52.81198105,3.9253909,0.6222955,3.0373893,0.03069465,11.61706645
2016-06-20,Daily,517.588338,20,5.7478196,4.077,5.9564976,4.6377921,425.46332500000005,52.5444161,3.8993836,0.6197982,3.0324671,0.0307385,11.5791002
2016-06-21,Daily,513.5749365,21,5.6933652,4.0555,5.94353865,4.5946791,421.94268,52.2599154,3.89970715,0.61678735,3.0201819,0.03054415,11.5180376
2016-06-23,Daily,510.37737480000004,23,5.8508716,4.02,5.9491983,4.56089175,419.27437000000003,51.8171461,3.84156005,0.61135575,3.0052719,0.0303019,11.41640745
2016-06-24,Daily,514.26498688,24,5.74466963,4.115,5.5317995,4.52053675,421.96585000000005,53.027328,4.081134,0.62276355,3.0189663,0.03065205,11.6062871
2016-06-27,Daily,514.31839673,27,5.69393598,4.109,5.5089371,4.5318173,422.172095,52.9629759,4.03218805,0.61897925,3.02744585,0.03067565,11.63034665
2016-06-28,Daily,510.5177889999999,28,5.66175435,4.0915,5.4445593,4.5237676,418.80350999999996,52.73468985,4.00911355,0.61547145,3.0152182,0.03083275,11.58737195
2016-06-29,Daily,504.8887460799999,29,5.61488708,4.0575,5.40519925,4.49043575,413.903935,52.2957953,3.96143605,0.6099624,3.0032207,0.0308309,11.51554365
2016-06-30,Daily,500.26991067000006,30,5.58556812,4.0225,5.39095475,4.46638325,409.99921500000005,51.84569425,3.9144624,0.60542445,2.9816175,0.03051975,11.4275712
2016-07-01,Daily,498.4365473,1,5.5768602,3.993,5.3242671,4.4284368,408.80494,51.46414665,3.88291975,0.6001624,2.9683328,0.03035925,11.36312235
2016-07-04,Daily,500.1625877299999,4,5.58453798,3.995,5.3075583,4.4496316,410.43819499999995,51.49722485,3.8867544,0.59963385,2.97236015,0.0304325,11.4012591
2016-07-05,Daily,501.7291865,5,5.6318493,4.0005,5.30146285,4.45355675,411.87093,51.5677873,3.91534145,0.5998651,2.96971355,0.0304744,11.3877058
2016-07-08,Daily,504.02244934000004,8,5.55008774,4.0425,5.23564475,4.4794945,413.47063,52.10783885,4.0269969,0.60453575,2.99688715,0.03079435,11.47703935
2016-07-11,Daily,495.13187522999993,11,5.56056443,3.9855,5.16421225,4.40577135,405.73161999999996,51.3750945,3.9575994,0.5959849,2.96231715,0.0304121,11.36279915
2016-07-12,Daily,496.63437425999996,12,5.54896881,4.0015,5.22655985,4.4324618,406.987625,51.5780182,3.88024325,0.5981584,2.96308685,0.03044125,11.38731085
2016-07-13,Daily,492.53838949,13,5.51134684,3.9865,5.30363985,4.4098668,403.206465,51.3929557,3.81538065,0.59632175,2.9577834,0.0304313,11.3276982
2016-07-14,Daily,491.26708576999994,14,5.50714437,3.9595,5.22574885,4.39702525,402.51099999999997,51.05343465,3.78374585,0.5920748,2.9393863,0.03023675,11.26778895
2016-07-15,Daily,492.91483417000006,15,5.54571072,3.9585,5.32893305,4.40620705,404.01106000000004,51.04909595,3.73144235,0.59225295,2.94651885,0.03025105,11.3148622
2016-07-18,Daily,493.7657513,18,5.5365708,3.9785,5.26156675,4.4018129,404.54542499999997,51.3090041,3.7691259,0.59390795,2.9495501,0.03036215,11.38992565
2016-07-19,Daily,495.20993455000007,19,5.5797198,3.9865,5.27374105,4.4162451,405.79209000000003,51.4072022,3.764934,0.5951066,2.9511049,0.03046265,11.41282825
2016-07-20,Daily,497.66434655999996,20,5.61200826,4.02,5.25876375,4.4256186,407.64612,51.83785915,3.79316915,0.6011485,2.966352,0.03070105,11.4726061
2016-07-21,Daily,502.11483419000007,21,5.64297594,4.0505,5.35516655,4.4701323,411.40643,52.22307525,3.7814506,0.6070212,2.98423355,0.0308998,11.562949
2016-07-22,Daily,504.4160858800001,22,5.65471418,4.071,5.38288025,4.4874637,413.19480000000004,52.49279545,3.8451007,0.61042725,3.0027668,0.0310633,11.64307425
2016-07-25,Daily,504.62110098,25,5.64293668,4.0815,5.35554035,4.47863045,413.29562,52.6247931,3.8394247,0.6111998,2.9997803,0.03107935,11.66059625
2016-07-26,Daily,504.49929667000004,26,5.65361632,4.076,5.3460819,4.4787091,413.24094,52.5491361,3.8887572,0.61022535,2.99738945,0.0309974,11.62744385
2016-07-27,Daily,502.34092946000004,27,5.61535756,4.0765,5.34714555,4.4835389,411.14484500000003,52.55185615,3.8466627,0.61104115,2.99908045,0.03105195,11.63385005
2016-07-28,Daily,502.26725796999995,28,5.63566212,4.054,5.3589835,4.4889945,411.34414499999997,52.2661787,3.86629245,0.60850775,3.00085155,0.0309206,11.6127218
2016-07-29,Daily,505.39266835000006,29,5.61880485,4.0535,5.3506207,4.49594005,414.426145,52.26411515,3.91585865,0.6094024,3.0060443,0.03096045,11.6212768
2016-08-01,Daily,506.94156631,1,5.66036036,4.0325,5.345281,4.50732725,416.23675999999995,51.97960795,3.9343391,0.6077985,3.01078905,0.03082595,11.59597715
2016-08-02,Daily,509.91308599,2,5.67881554,4.052,5.34154965,4.5268949,418.833225,52.2181773,3.954136,0.60954335,3.0175754,0.03096085,11.650208
2016-08-03,Daily,511.6293335000001,3,5.67224745,4.0585,5.40551665,4.55079655,420.26527500000003,52.31003235,4.0240949,0.6122757,3.0290714,0.03094905,11.67057445
2016-08-04,Daily,507.0801970300001,4,5.64415488,4.0475,5.3955205,4.5105345,416.06727,52.1773343,3.9993088,0.609747,3.01737005,0.0307912,11.5806658
2016-08-05,Daily,505.4019559799999,5,5.64912218,4.038,5.302904,4.4963134,414.62177999999994,52.06594005,3.9911049,0.60765215,3.01006345,0.03077745,11.5882984
2016-08-08,Daily,503.64518972999997,8,5.61344163,4.043,5.291075,4.4891455,412.90938500000004,52.12906575,3.9631432,0.60727595,2.9999267,0.03078035,11.56895065
2016-08-09,Daily,500.68156335000003,9,5.5607301,4.0325,5.2418472,4.4702282,410.28659000000005,51.98563885,3.94010525,0.60533055,2.99013805,0.03070745,11.5377477
2016-08-10,Daily,497.85622363,10,5.61580423,3.9965,5.2216277,4.4562977,407.99361000000005,51.52951055,3.94307225,0.6012623,2.9805725,0.03046695,11.48749945
2016-08-11,Daily,502.5876470300001,11,5.59484803,4.0195,5.225753,4.48877715,412.298785,51.82406085,3.96185565,0.6050776,2.99136735,0.0306493,11.5469731
2016-08-12,Daily,501.47643774999995,12,5.60689595,4.0105,5.20322345,4.4676975,411.396835,51.707355,3.93128505,0.60360015,2.9807878,0.03056785,11.53769
2016-08-15,Daily,502.52104939000003,15,5.57599994,4.0215,5.2008051,4.48719,412.208005,51.8478412,3.9712638,0.60493245,2.98685395,0.0306575,11.58600045
2016-08-16,Daily,501.0412872499999,16,5.60844,3.9955,5.15619325,4.47296275,411.16562999999996,51.51130355,3.97582055,0.6020901,2.9774954,0.0304965,11.54535515
2016-08-17,Daily,505.6833409000001,17,5.5970934,4.0,5.2140006,4.5096004,415.64938500000005,51.58328465,3.9755511,0.60329095,2.9767446,0.0305437,11.5438465
2016-08-18,Daily,505.85707254999994,18,5.63766105,3.9945,5.21462015,4.51897835,415.81242,51.5133562,3.99709895,0.60285695,2.98030405,0.0304575,11.55481935
2016-08-19,Daily,509.91658748,19,5.66946428,4.011,5.27085535,4.5452655,419.495065,51.73047555,3.99800695,0.6035437,2.98326625,0.03054255,11.57910235
2016-08-22,Daily,509.1654371899999,22,5.65512119,4.034,5.260538,4.5491422,418.399815,52.0291234,4.00019875,0.6052468,2.9830666,0.030519,11.61866625
2016-08-23,Daily,509.50530976999994,23,5.67651292,4.0295,5.2943603,4.565424,418.6931,51.96907285,4.0160471,0.60612215,2.98547845,0.03046305,11.63922895
2016-08-24,Daily,509.73047112999996,24,5.66505763,4.036,5.3202558,4.5598731,418.802735,52.05223305,4.0237282,0.6065844,2.9856497,0.03044315,11.6479111
2016-08-25,Daily,507.83426800000007,25,5.6471943,4.0325,5.33278025,4.545031,416.99002500000006,52.0037401,4.01303765,0.6057261,2.97920325,0.030403,11.65462735
2016-08-26,Daily,506.45342225999997,26,5.67008761,4.0205,5.310076,4.539145,415.83513999999997,51.8439739,4.0010952,0.6031806,2.9731929,0.0303652,11.62666585
2016-08-29,Daily,503.86618075000007,29,5.65597715,4.037,5.2989668,4.5218441,413.09816,52.0480145,3.95145185,0.6049481,2.9686013,0.0304186,11.65079835
2016-08-30,Daily,504.08185256,30,5.68402701,4.0495,5.29877105,4.52450665,413.02464,52.21018225,3.96640415,0.6064395,2.9746209,0.03054035,11.7122207
2016-09-01,Daily,506.08147729000007,1,5.69959299,4.0765,5.3587636,4.5475397,414.48922,52.5525351,3.94761125,0.61022715,2.9903904,0.03070465,11.77839245
2016-09-02,Daily,508.64482540999995,2,5.69244321,4.0845,5.4256462,4.5756615,416.80718499999995,52.65464785,3.952679,0.6115208,3.00651525,0.03081365,11.80321295
2016-09-05,Daily,507.69048826,5,5.69942866,4.0745,5.4243826,4.54999465,416.083945,52.5386031,3.93044985,0.61008295,2.999375,0.0308768,11.74884965
2016-09-06,Daily,507.99454151000003,6,5.67508506,4.0795,5.43430225,4.55068255,416.339245,52.60138115,3.94097505,0.61068075,3.0055999,0.0310169,11.7260729
2016-09-07,Daily,510.60216095,7,5.6964006,4.061,5.44864425,4.56923455,419.07043,52.36081425,4.0031549,0.60890035,3.013841,0.0310474,11.73869365
2016-09-08,Daily,510.2929651,8,5.70821875,4.059,5.4183597,4.5665781,418.86406999999997,52.3313164,3.99213235,0.6088424,3.0126927,0.0309729,11.7007818
2016-09-09,Daily,509.56344142000006,9,5.74756992,4.0625,5.41307825,4.58046925,418.08196000000004,52.36698895,3.9746603,0.60857325,3.00592015,0.0310708,11.69065055
2016-09-13,Daily,514.67521681,13,5.78604571,4.104,5.473095,4.6104338,422.30933500000003,52.90364355,4.0344069,0.6144127,3.02231455,0.03119725,11.78633235
2016-09-14,Daily,515.5320942,14,5.7765972,4.1305,5.451228,4.63648675,422.795645,53.238386,4.01350675,0.6191308,3.0244574,0.0312219,11.8149344
2016-09-15,Daily,517.00173842,15,5.78360422,4.1285,5.4739786,4.64125985,424.21926,53.21466465,4.0382458,0.61865495,3.02354565,0.0313561,11.8286686
2016-09-19,Daily,514.77256441,19,5.78415376,4.1315,5.38727005,4.61385275,422.01243,53.2571077,4.04870485,0.6194432,3.0290704,0.03138485,11.85764685
2016-09-20,Daily,515.6188262,20,5.7924378,4.144,5.4029481,4.6288486,422.57708999999994,53.4209935,4.0657348,0.62131265,3.03957215,0.0315109,11.8943777
2016-09-21,Daily,517.0032620500001,21,5.74054845,4.1505,5.38402935,4.6273927,423.88816,53.5134113,4.069717,0.6219888,3.0476929,0.0315532,11.92826835
2016-09-22,Daily,515.2305279400001,22,5.76985374,4.115,5.3692525,4.6063315,422.658245,53.05912165,4.09881055,0.6170063,3.03936885,0.03139425,11.8661436
2016-09-23,Daily,517.34360023,23,5.78169503,4.1205,5.37333865,4.61331205,424.68456999999995,53.1293521,4.07304945,0.6177754,3.03379485,0.0314674,11.8847453
2016-09-26,Daily,519.0240978200001,26,5.76433497,4.133,5.3644275,4.64073945,426.126435,53.28571845,4.09674395,0.6196077,3.03707285,0.03160635,11.9244116
2016-09-27,Daily,517.37670341,27,5.79761091,4.1185,5.34684275,4.63063585,424.697235,53.10938475,4.08642245,0.6175033,3.0308721,0.0318031,11.9098932
2016-09-28,Daily,519.37697675,28,5.7558974,4.1405,5.384721,4.642536,426.284435,53.3937718,4.11723805,0.62063905,3.0448214,0.03204725,11.9603698
2016-09-29,Daily,516.5989542500001,29,5.79665265,4.114,5.35683995,4.62125675,424.03631500000006,53.0585421,4.05860095,0.61677775,3.0223343,0.03175365,11.88588115
2016-09-30,Daily,522.1671362,30,5.76543,4.1455,5.37754285,4.65000785,429.05220499999996,53.45583725,4.0880636,0.62151425,3.0358851,0.0319032,11.9432471
2016-10-04,Daily,515.5392122100001,4,5.76803271,4.125,5.29381905,4.61979385,422.947005,53.18634615,4.03956395,0.61829275,3.01513115,0.0317613,11.8944663
2016-10-05,Daily,516.4441856,5,5.75908155,4.1415,5.27502875,4.6463493,423.618045,53.39151935,4.02889315,0.6207659,3.0234342,0.03186015,11.90770825
2016-10-06,Daily,516.44497911,6,5.77776771,4.1335,5.26091275,4.62993385,423.81849,53.28975895,3.9954571,0.6195668,3.0167137,0.03182185,11.8710564
2016-10-07,Daily,515.5730804299999,7,5.74889123,4.1535,5.16238565,4.6164077,422.7697,53.5406992,4.00144535,0.6225646,3.0243567,0.0319808,11.9011492
2016-10-10,Daily,516.8289452500001,10,5.75928705,4.1475,5.144145,4.64250425,424.12324,53.46129015,4.0323765,0.61902995,3.02097765,0.0319715,11.8466232
2016-10-11,Daily,515.29144642,11,5.78211907,4.155,5.1202069,4.62513835,422.57826500000004,53.55175075,4.0001931,0.61881925,3.01392785,0.03197755,11.8140486
2016-10-12,Daily,516.54386461,12,5.80754496,4.183,5.14237175,4.62200615,423.31631,53.9140191,4.04408635,0.6225815,3.03423775,0.0321349,11.82557215
2016-10-13,Daily,519.0114974,13,5.8113965,4.208,5.12723775,4.6388995,425.45900000000006,54.24358265,4.05258395,0.6255157,3.03925515,0.0322662,11.77376
2016-10-14,Daily,520.56179588,14,5.81717148,4.2125,5.14936025,4.6470195,426.75538,54.2959912,4.05106585,0.62641735,3.03275815,0.03224265,11.94188945
2016-10-17,Daily,520.39055899,17,5.79815324,4.2195,5.1338664,4.63448795,426.55684,54.3802569,4.04903585,0.6266941,3.0308147,0.032316,11.92859385
2016-10-18,Daily,520.3094699999999,18,5.7793089,4.2105,5.146284,4.64018165,426.55269999999996,54.2698608,4.05557725,0.6246662,3.03306455,0.03227675,11.9650499
2016-10-19,Daily,517.0269015,19,5.762444,4.19,5.1488819,4.60501965,423.59622,54.0063289,4.0375814,0.62171705,3.022652,0.0322159,12.0038407
2016-10-20,Daily,515.52652053,20,5.77688768,4.1785,5.13474985,4.58423285,422.326895,53.86018505,4.0327174,0.6199877,3.010014,0.0321423,11.9702087
2016-10-21,Daily,514.63171709,21,5.74444584,4.1925,5.130572,4.57171175,421.33562500000005,54.0382051,4.02757175,0.62043095,3.00764025,0.0321634,11.93085105
2016-10-24,Daily,513.57574865,24,5.73482175,4.18225,5.1029727,4.54526975,420.51700500000004,53.9099108,4.02545915,0.61741565,3.0026568,0.03207125,11.9059158
2016-10-25,Daily,512.9834784499999,25,5.7090381,4.175,5.1051906,4.54219155,420.06248,53.82617065,3.99655455,0.6161089,2.99777475,0.0320599,11.92090945
2016-10-26,Daily,510.7860477,26,5.74700595,4.1605,5.0604164,4.53078475,418.140935,53.6419967,3.98648985,0.61449955,2.9944586,0.03199525,11.87696565
2016-10-27,Daily,513.87537591,27,5.76575466,4.1825,5.10787825,4.55850725,420.753575,53.93086155,4.0045001,0.61713825,3.00337605,0.0321027,11.9191821
2016-10-28,Daily,515.88983564,28,5.76666884,4.197,5.1127862,4.5782976,422.50989,54.1279509,3.99087195,0.6190905,3.00957365,0.03218065,11.94552535
2016-10-31,Daily,519.14641533,31,5.75437073,4.204,5.1236257,4.6111575,425.549295,54.2091386,4.01240765,0.621007,3.02033205,0.0322244,12.0088567
2016-11-01,Daily,516.48572455,1,5.7808292,4.1885,5.1231644,4.59059625,423.16653,54.0113613,3.9938026,0.6181421,3.0135263,0.03212655,11.96714585
2016-11-02,Daily,524.6967961700001,2,5.79129092,4.196,5.13569485,4.64392315,431.133015,54.10807455,4.0429736,0.6202834,3.0187052,0.0321188,11.9747167
2016-11-03,Daily,525.10449827,3,5.80548007,4.187,5.1640377,4.6544791,431.56059500000003,53.9913226,4.0804998,0.61944745,3.0261643,0.0320683,11.98340395
2016-11-04,Daily,524.19317758,4,5.83120988,4.1965,5.23387555,4.65580705,430.410435,54.1082429,4.07249345,0.62068765,3.0307302,0.03205025,12.00114565
2016-11-07,Daily,525.4357567,7,5.8086963,4.2095,5.2437749,4.6639159,431.50039,54.27306185,4.03692245,0.62135135,3.03168905,0.03218275,12.01427215
2016-11-08,Daily,525.3025888000001,8,5.8211102,4.206,5.2116548,4.6430038,431.451075,54.23143145,4.02622955,0.62046385,3.02600835,0.0321363,12.0334755
2016-11-09,Daily,534.5688765699999,9,5.88114247,4.22,5.27014875,4.73800575,440.13371,54.4168612,4.14355175,0.62412665,3.0391423,0.03210955,12.07007815
2016-11-10,Daily,527.2341743799999,10,5.86535078,4.2515,5.2786629,4.64986605,432.50260999999995,54.8223418,4.0400061,0.6260492,3.04091345,0.03241955,12.12445455
2016-11-11,Daily,528.8051173499999,11,5.9437044,4.2775,5.37083055,4.66375875,433.58182999999997,55.1419652,4.01605715,0.62789455,3.0339044,0.0319933,12.11567905
2016-11-14,Daily,532.9026645499999,14,5.92311675,4.33,5.43869825,4.6755345,436.734105,55.81047725,4.03147235,0.63437185,3.06342785,0.0324102,12.22905055
2016-11-15,Daily,531.10818848,15,5.92939718,4.3355,5.4137396,4.6619634,434.876575,55.89253395,4.0123087,0.6320155,3.06840385,0.03251705,12.25323425
2016-11-16,Daily,531.6175857600001,16,5.96467366,4.3485,5.42410235,4.6739854,435.15469500000006,56.05687605,3.9903657,0.63307545,3.0756456,0.03254015,12.2631264
2016-11-17,Daily,535.22372288,17,6.00932048,4.3885,5.4474461,4.69262375,437.93043,56.57434295,4.02670145,0.63885695,3.0982391,0.0327867,12.3844754
2016-11-18,Daily,535.0151105499999,18,6.00836065,4.412,5.47242495,4.6784854,437.41657,56.8772936,3.99095585,0.64032045,3.09342705,0.03288245,12.39239015
2016-11-21,Daily,536.64954436,21,5.99793816,4.4315,5.4686931,4.69561775,438.697465,57.13457045,3.98856955,0.64248385,3.1038352,0.0329602,12.4559111
2016-11-22,Daily,536.71543113,22,6.02340863,4.426,5.5282963,4.7055025,438.69577,57.06733745,3.99801375,0.642343,3.1115338,0.0329132,12.4843125
2016-11-23,Daily,537.832091,23,6.04134725,4.4445,5.51940285,4.7231705,439.48403999999994,57.30587135,4.002072,0.6447425,3.1151223,0.0329833,12.51883895
2016-11-24,Daily,536.7258008000001,24,6.0433775,4.4635,5.5492465,4.70162785,438.17802500000005,57.54788155,3.95717935,0.64502845,3.10958645,0.03297135,12.4973768
2016-11-25,Daily,538.18722955,25,6.0379635,4.465,5.560936,4.7221845,439.576815,57.56536625,3.93635045,0.64574915,3.1229243,0.0329035,12.5210369
2016-11-28,Daily,540.4246678100001,28,6.03294951,4.461,5.58138035,4.75163475,441.72695,57.5193579,3.9832141,0.64630635,3.1351476,0.03308125,12.553646
2016-11-29,Daily,538.6808888500001,29,6.0384786,4.463,5.5318891,4.7281026,440.05147500000004,57.5384688,3.98073465,0.6475389,3.13017295,0.0329251,12.53810315
2016-11-30,Daily,539.5662585799998,30,6.04859968,4.466,5.5737918,4.7482518,440.825335,57.58382615,3.96607675,0.64863765,3.1340352,0.032923,12.53878155
2016-12-01,Daily,538.2048796400001,1,6.01961184,4.468,5.596617,4.7358569,439.54756499999996,57.6103566,3.91123615,0.6480481,3.1229469,0.03291345,12.5117277
2016-12-02,Daily,538.7591815400001,2,6.02960644,4.448,5.6098178,4.7509094,440.39614,57.3517373,3.9043233,0.64616415,3.12337705,0.0329116,12.4661945
2016-12-05,Daily,535.90518859,5,6.03410764,4.4495,5.6479737,4.6937778,437.490795,57.3747774,3.92147425,0.6458238,3.12158005,0.0329227,12.49245625
2016-12-06,Daily,539.6337761699999,6,6.03193972,4.444,5.6629894,4.7790778,441.22334,57.30053155,3.9069862,0.6470777,3.1293572,0.03321375,12.47526285
2016-12-07,Daily,537.6057576599999,7,6.01099451,4.436,5.6146455,4.75650115,439.469245,57.1947991,3.88935175,0.64386905,3.11823505,0.0332783,12.43883825
2016-12-08,Daily,538.36075434,8,6.02187724,4.429,5.60157805,4.77291195,440.28033999999997,57.1030732,3.90995395,0.64388575,3.12815625,0.0333321,12.43664585
2016-12-09,Daily,533.0587957,9,5.97665885,4.4245,5.5680129,4.69262545,435.310965,57.0325543,3.86638715,0.64127835,3.10534825,0.03317835,12.4072871
2016-12-13,Daily,534.3039872500001,13,6.0055492,4.4245,5.6091605,4.7050138,436.470585,57.0288788,3.8467235,0.64114825,3.10643835,0.0332519,12.43273795
2016-12-14,Daily,537.59625349,14,6.04457584,4.4425,5.62265025,4.724821,439.35125,57.27417495,3.8561695,0.64334645,3.1157948,0.0334425,12.4875282
2016-12-15,Daily,535.05452534,15,5.99618539,4.4645,5.6009391,4.6937522,436.668915,57.540744,3.80443235,0.64382855,3.10660385,0.03339815,12.50122675
2016-12-16,Daily,533.6373091899999,16,6.00485934,4.4755,5.553649,4.66817115,435.21198,57.650939,3.78878385,0.6442906,3.1000214,0.0333495,12.50576535
2016-12-19,Daily,535.21952164,19,6.00441139,4.4795,5.5908647,4.6846616,436.68359,57.6950346,3.81007105,0.64503355,3.0968928,0.03347035,12.4959916
2016-12-20,Daily,534.8581164499999,20,5.9909281,4.4795,5.55637195,4.66517535,436.42830999999995,57.6697794,3.82095835,0.6444721,3.09336385,0.0334516,12.47580575
2016-12-21,Daily,534.32416844,21,5.99372699,4.4795,5.5453974,4.66271205,435.918755,57.7013504,3.80667105,0.6445695,3.10225505,0.0332554,12.4359756
2016-12-22,Daily,534.6985798699999,22,6.00329152,4.4745,5.5338381,4.67182575,436.36641999999995,57.6406558,3.8069512,0.6441142,3.0936498,0.03329865,12.43003485
2016-12-23,Daily,535.26943922,23,5.99980167,4.4795,5.5001542,4.6786139,436.875225,57.7080401,3.8131518,0.6445463,3.0966789,0.03326155,12.4404658
2016-12-27,Daily,533.62535268,27,6.00364148,4.4785,5.49332885,4.67398665,435.24960999999996,57.7103982,3.81424895,0.6444024,3.0913924,0.0333346,12.43250915
2016-12-28,Daily,534.6180552800001,28,5.99824298,4.4815,5.50776365,4.69190665,436.15584,57.76133805,3.81144785,0.6444029,3.09250265,0.0333098,12.43980075
2016-12-29,Daily,535.3854810400002,29,6.01164374,4.4845,5.4928402,4.68293935,436.83055,57.80894535,3.8416071,0.64481115,3.0930792,0.0332925,12.46127245
2016-12-30,Daily,538.1629374800001,30,6.03940253,4.486,5.51082725,4.7237583,439.41644,57.84505905,3.8442095,0.6455187,3.1016009,0.033378,12.51674325
2017-01-03,Daily,538.5717877000001,3,6.0140317,4.4925,5.5273475,4.71038675,439.75183,57.91954105,3.82747665,0.6459614,3.10416325,0.0333445,12.5452049
2017-01-04,Daily,536.6543463799999,4,6.01356413,4.4995,5.5078384,4.68195495,437.80117,58.01576925,3.81523765,0.64693535,3.10642435,0.03339765,12.53255465
2017-01-05,Daily,539.28984028,5,6.01519943,4.4875,5.52972275,4.7208505,440.469345,57.8670125,3.852924,0.6480379,3.12022075,0.0335954,12.54543205
2017-01-06,Daily,541.02467405,6,6.0444971,4.4725,5.54142825,4.73593075,442.362095,57.67656015,3.86309715,0.647302,3.1241276,0.0335082,12.52362785
2017-01-09,Daily,538.60321381,9,6.01368326,4.4785,5.48437185,4.715861,440.03939,57.75132865,3.81522405,0.64595925,3.1078037,0.0334466,12.51764545
2017-01-10,Daily,540.9046278000001,10,6.02330525,4.4745,5.4445721,4.749682,442.25372,57.6971434,3.87923195,0.64620255,3.1230156,0.03365555,12.5795994
2017-01-11,Daily,538.31244533,11,5.99389613,4.475,5.44540385,4.7197829,439.73879,57.70731125,3.8582576,0.6462607,3.1177068,0.0336277,12.5764084
2017-01-12,Daily,539.57314274,12,6.03795499,4.4625,5.44960575,4.7360515,441.00218499999994,57.55057145,3.8997649,0.64574255,3.1269718,0.03356525,12.62822955
2017-01-13,Daily,540.05105315,13,6.0346825,4.4635,5.42583085,4.7348813,441.5591,57.55678655,3.8787748,0.6468888,3.1255909,0.03350975,12.5915077
2017-01-16,Daily,540.23535275,16,6.03603375,4.466,5.372152,4.738873,441.71902,57.5875388,3.91273895,0.6478238,3.1246071,0.0334269,12.59713845
2017-01-17,Daily,540.8531257699999,17,6.03134322,4.467,5.39233955,4.74596425,442.27725,57.59783415,3.91704685,0.64766355,3.1272759,0.03343565,12.61597265
2017-01-18,Daily,541.7554003299999,18,6.03498758,4.4455,5.48730345,4.75579615,443.35305,57.3180246,3.93267915,0.648103,3.1329506,0.03333085,12.61367495
2017-01-19,Daily,540.4026911999999,19,6.0185698,4.4515,5.4655521,4.73595105,442.07774000000006,57.3902059,3.8838724,0.64916235,3.11751585,0.03331965,12.5793021
2017-01-20,Daily,541.1028183,20,6.009096,4.447,5.49938265,4.75184195,442.796125,57.323322,3.88028505,0.64747215,3.12355195,0.0332486,12.59149295
2017-01-23,Daily,542.7719752500001,23,6.02295175,4.44,5.5173665,4.7703364,444.48899500000005,57.23604115,3.90759105,0.64832675,3.1276417,0.03321615,12.5795088
2017-01-24,Daily,543.14882112,24,6.03334182,4.435,5.5535073,4.7720603,444.834555,57.1715863,3.9347031,0.64722805,3.13051465,0.0333083,12.6030163
2017-01-25,Daily,541.67378059,25,6.03303404,4.4385,5.5618846,4.7631764,443.362415,57.2167044,3.9093678,0.64523875,3.1249344,0.0332821,12.5852431
2017-01-26,Daily,542.45800532,26,6.01818447,4.4355,5.6097987,4.7710458,444.12749500000007,57.1728722,3.9129289,0.64468075,3.13584835,0.0332708,12.59638035
2017-01-27,Daily,540.5533358099999,27,5.99927051,4.4295,5.56965405,4.7282699,442.551875,57.09479775,3.85257675,0.6436689,3.10613275,0.03316115,12.54442905
2017-01-31,Daily,543.3133832699999,31,6.04894962,4.4295,5.5408618,4.73845775,445.17594999999994,57.0940618,3.90144075,0.6436689,3.12079515,0.03320715,12.58649035
2017-02-02,Daily,546.40904487,2,6.04005517,4.438,5.6198396,4.7883806,447.92103000000003,57.1933021,3.93666575,0.644904,3.14528715,0.03319995,12.64838055
2017-02-03,Daily,543.6561478500001,3,6.0103544,4.4255,5.5418325,4.75984705,445.557695,57.0329467,3.91325515,0.6441309,3.13187865,0.0331374,12.6055701
2017-02-06,Daily,543.97493444,6,6.03380284,4.4225,5.522376,4.76856075,445.83902,57.00750885,3.9351338,0.64496145,3.14209665,0.0331783,12.6257958
2017-02-07,Daily,544.5062727,7,6.0217944,4.436,5.531249,4.7502907,446.143075,57.18373965,3.9639007,0.64511915,3.13708865,0.0332933,12.66072215
2017-02-08,Daily,543.8559924000002,8,6.0365,4.44,5.5531082,4.7459162,445.40303000000006,57.2286635,3.96234055,0.6453489,3.13382335,0.03331455,12.67394715
2017-02-10,Daily,542.3255765199999,10,6.02335797,4.4455,5.5608772,4.73979235,443.86203,57.29844915,3.91036645,0.6463879,3.12843145,0.0334022,12.67698185
2017-02-13,Daily,541.3424239599999,13,6.02635831,4.4485,5.55728915,4.7238623,442.85723,57.33231125,3.90527645,0.64620865,3.12394675,0.0333721,12.688069
2017-02-14,Daily,541.16028305,14,6.025923,4.4495,5.57633595,4.71847265,442.60433,57.34372095,3.9180206,0.64676735,3.1327894,0.0333796,12.71104355
2017-02-15,Daily,540.8870278700001,15,6.01654887,4.45,5.5489276,4.7098803,442.38995,57.3494257,3.89377455,0.6481165,3.1354592,0.0333821,12.71156305
2017-02-16,Daily,542.62612821,16,6.03800436,4.457,5.5543143,4.7304371,443.946635,57.42631795,3.91239605,0.64977965,3.1400603,0.03343835,12.73774515
2017-02-17,Daily,545.8522404,17,6.0393776,4.458,5.573838,4.7586922,447.07434,57.4480836,3.9348609,0.6492249,3.14541745,0.03344335,12.7369624
2017-02-20,Daily,543.02029761,20,6.04208736,4.4575,5.53376345,4.73074505,444.32828000000006,57.4316492,3.9406799,0.6491285,3.1437338,0.0333795,12.72935085
2017-02-21,Daily,541.97743848,21,6.01623688,4.4595,5.5473951,4.7181513,443.3123,57.45852805,3.9230262,0.64766075,3.13894565,0.03334825,12.7223463
2017-02-22,Daily,540.4461812,22,6.002872,4.457,5.57013605,4.7007983,441.81210999999996,57.423729,3.92877665,0.6477963,3.14094445,0.03336825,12.7286502
2017-02-23,Daily,539.0653859800001,23,6.00801318,4.45,5.5415856,4.7018702,440.5505,57.34055835,3.9291864,0.64690575,3.1455435,0.03330095,12.71792205
2017-02-24,Daily,540.2308819900001,24,6.01678869,4.446,5.58017535,4.7047577,441.68494999999996,57.2919689,3.94411215,0.64720875,3.16508965,0.0333471,12.7164837
2017-02-27,Daily,539.25937575,27,6.0129293,4.443,5.5204281,4.69247475,440.79575,57.2485157,3.9597167,0.64617935,3.1627279,0.0332996,12.74435435
2017-02-28,Daily,539.2452832800001,28,6.02142578,4.445,5.52535735,4.7054772,440.75365,57.27096495,3.94637605,0.6470255,3.1659547,0.0333146,12.73073715
2017-03-01,Daily,539.6323265,1,6.000647,4.4475,5.50222525,4.6961155,441.22030499999994,57.29431805,3.92247665,0.6467398,3.1606448,0.03330215,12.7080523
2017-03-02,Daily,538.7990913799999,2,6.00133573,4.45,5.4648226,4.6867402,440.419785,57.3217249,3.9057363,0.64643125,3.1540153,0.03330465,12.71519545
2017-03-03,Daily,538.43309013,3,5.99435088,4.4555,5.46779035,4.6876318,439.984395,57.3973765,3.90371115,0.6457528,3.1523279,0.0333184,12.71093535
2017-03-06,Daily,539.86923014,6,6.00650484,4.452,5.4692824,4.7215689,441.42588500000005,57.3463784,3.91058025,0.6457087,3.1534213,0.03332585,12.7045745
2017-03-07,Daily,538.6362843100001,7,5.99787486,4.452,5.451029,4.71400045,440.24723000000006,57.3389918,3.90783415,0.64507255,3.15699915,0.0333546,12.69189775
2017-03-08,Daily,537.30045342,8,6.00587622,4.449,5.43178455,4.7008137,439.01725000000005,57.2922369,3.91344515,0.6447499,3.15565535,0.0333571,12.65628455
2017-03-09,Daily,537.4010832999999,9,6.00220205,4.4595,5.4218606,4.6960766,439.07843499999996,57.41340415,3.89663195,0.6445249,3.1407143,0.0333483,12.61438545
2017-03-10,Daily,538.78615539,10,5.99161429,4.4575,5.42098925,4.72272175,440.50802500000003,57.39874045,3.8695259,0.644963,3.1389742,0.03328355,12.599818
2017-03-13,Daily,539.03088136,13,6.01156096,4.4465,5.41494845,4.75642155,440.83696000000003,57.2696305,3.8724149,0.6437206,3.15108795,0.0332797,12.59435675
2017-03-14,Daily,539.60315402,14,6.00337527,4.448,5.4281169,4.7388996,441.42329,57.2682973,3.8743963,0.64302085,3.14457415,0.0332922,12.59789145
2017-03-15,Daily,539.2081976,15,5.9895248,4.451,5.41397395,4.72495915,441.020575,57.29253855,3.8756588,0.64366855,3.1476971,0.033281,12.6153207
2017-03-16,Daily,541.88947279,16,6.02366294,4.438,5.44320745,4.7582018,443.68908999999996,57.15131975,3.91168355,0.64369215,3.15725835,0.03326215,12.64009465
2017-03-17,Daily,544.1413782,17,6.01410465,4.442,5.4872028,4.7851446,445.737805,57.21535635,3.91520925,0.64360955,3.165509,0.03330085,12.70213615
2017-03-20,Daily,543.1707500100001,20,6.01320901,4.4325,5.48920875,4.7693705,444.82916,57.08821375,3.9389501,0.64201445,3.1693542,0.03326955,12.7654997
2017-03-21,Daily,541.6921696300001,21,6.03249633,4.429,5.47668005,4.76361105,443.45432999999997,57.02770945,3.9285085,0.64128465,3.1663988,0.0332408,12.73891
2017-03-22,Daily,544.0198055,22,6.03391425,4.431,5.5272299,4.7828217,445.61775,57.05015585,3.96829695,0.6437226,3.1624025,0.03324205,12.7692697
2017-03-23,Daily,544.8126052499998,23,6.0346789,4.431,5.5316606,4.7814923,446.38093999999995,57.0479521,3.9784515,0.6432647,3.16590545,0.0332533,12.7840064
2017-03-24,Daily,543.4029194000001,24,6.0174491,4.43,5.53351355,4.77044565,445.024875,57.0321403,3.9804125,0.64265775,3.1625921,0.0332408,12.77559265
2017-03-27,Daily,545.16574885,27,6.03916425,4.4145,5.53026525,4.7879672,446.902275,56.8347877,4.00027255,0.6423193,3.16587795,0.0331643,12.81515535
2017-03-28,Daily,546.5971011799999,28,6.03996558,4.4175,5.551473,4.7985095,448.24969,56.86792055,3.99430425,0.64184065,3.16859825,0.0331881,12.8341113
2017-03-29,Daily,543.8956098799999,29,6.02287008,4.422,5.489471,4.7830566,445.63141999999993,56.92804855,3.9757252,0.64166935,3.16467485,0.0331982,12.80347605
2017-03-30,Daily,541.56063968,30,6.01968588,4.4225,5.5038015,4.75485125,443.31402,56.9114063,3.9743885,0.64160225,3.16911575,0.03321195,12.8160563
2017-03-31,Daily,540.38562745,31,6.0054181,4.4265,5.5267067,4.72573165,442.097465,56.96618165,3.9495877,0.64179155,3.1667626,0.0332208,12.8462617
2017-04-03,Daily,540.5765584,3,6.0126592,4.426,5.5515324,4.7263042,442.17994000000004,56.95534715,3.9778907,0.6426511,3.1711689,0.033222,12.89984275
2017-04-04,Daily,540.94741566,4,6.00941406,4.4315,5.53427885,4.72774585,442.48632,57.02905875,4.00768715,0.6434497,3.1727231,0.03325955,12.87197865
2017-04-05,Daily,540.44300896,5,6.02272621,4.4295,5.51339895,4.7295987,442.06591499999996,57.008089,4.00443005,0.64326175,3.1676622,0.0332358,12.8251913
2017-04-06,Daily,540.5883024999999,6,6.02142125,4.4365,5.53675245,4.73618565,442.058635,57.09524065,4.0156591,0.6430176,3.16542445,0.03326335,12.846203
2017-04-07,Daily,540.1257217599999,7,6.01769786,4.4375,5.53267515,4.7230532,441.63025999999996,57.10811005,4.0149288,0.6430181,3.16579975,0.03327585,12.819403
2017-04-10,Daily,538.2083698,10,5.9977056,4.4395,5.49698935,4.69810095,439.81578,57.13752555,3.98393705,0.64273045,3.15406205,0.0333233,12.8087155
2017-04-11,Daily,537.63626725,11,6.00435315,4.4345,5.5092013,4.6936966,439.29869,57.05665185,4.00551005,0.64236465,3.15162935,0.03337345,12.80629685
2017-04-12,Daily,538.3293812000001,12,5.9981333,4.4325,5.533312,4.69933675,439.90677500000004,57.037524,4.04813045,0.6425776,3.16200615,0.03334965,12.8357363
2017-04-13,Daily,540.0687260800001,13,5.98119248,4.4235,5.55680085,4.7207595,441.731625,56.91585205,4.06478315,0.64308615,3.17324255,0.033356,12.82452835
2017-04-14,Daily,535.68531081,14,5.98234956,4.4025,5.506427,4.6725935,437.863735,56.6379999,4.03251735,0.63938725,3.15094505,0.0332101,12.7636461
2017-04-17,Daily,536.31091786,17,5.99216546,4.404,5.52327685,4.67594725,438.31800000000004,56.65146775,4.06591895,0.63937755,3.1572157,0.0332202,12.85032815
2017-04-18,Daily,537.34144191,18,5.99783886,4.4085,5.53883955,4.69395045,439.290525,56.7115412,4.0476524,0.63986365,3.1529826,0.0331529,12.8265953
2017-04-19,Daily,540.0144827000001,19,6.00670485,4.407,5.6533,4.7243042,441.804615,56.6853193,4.05782435,0.64015695,3.1537147,0.03314405,12.8483993
2017-04-20,Daily,539.15268365,20,6.00097695,4.401,5.62953925,4.7178722,441.13667999999996,56.60632215,4.03872645,0.6389883,3.1485193,0.03300955,12.8010495
2017-04-21,Daily,537.65438015,21,5.9932854,4.395,5.62494125,4.70990185,439.78587500000003,56.52587905,4.0234358,0.63873395,3.1444517,0.0329955,12.77988065
2017-04-25,Daily,537.1288892499999,25,5.96169015,4.38,5.5969831,4.7568991,439.60457,56.2891568,3.9805519,0.63619795,3.1430521,0.0329621,12.74682605
2017-04-26,Daily,535.7222822300001,26,5.94719678,4.355,5.59073175,4.7626282,438.74678500000005,55.958884,3.91654315,0.63239215,3.12679585,0.03279495,12.6525304
2017-04-27,Daily,534.5631878800002,27,5.95211878,4.346,5.5913468,4.740617,437.79593500000004,55.8450325,3.90950425,0.63011995,3.1154123,0.0326902,12.6044111
2017-04-28,Daily,533.9511302999999,28,5.9262516,4.3475,5.61436195,4.7242111,437.22035999999997,55.87938575,3.9119092,0.63065745,3.11336305,0.0326083,12.5505219
2017-05-02,Daily,531.0183775999999,2,5.9082763,4.3275,5.5848552,4.7236827,434.684355,55.6269698,3.86781095,0.62749225,3.1041533,0.03251195,12.53077015
2017-05-03,Daily,531.2890885099999,3,5.91935421,4.3145,5.58361025,4.71553285,435.17071999999996,55.4509528,3.8510292,0.6260384,3.0954949,0.0324484,12.5294075
2017-05-04,Daily,530.9837683300001,4,5.93632158,4.323,5.56607875,4.71055705,434.80011,55.55626985,3.83431645,0.62692615,3.09448835,0.03244525,12.5032549
2017-05-05,Daily,536.2277127700002,5,5.93988512,4.3365,5.60015655,4.7634285,439.71815999999995,55.71830575,3.8641125,0.6289249,3.0942955,0.0325136,12.53143035
2017-05-08,Daily,534.2773818,8,5.9482212,4.3335,5.6149164,4.7547165,437.860045,55.67260655,3.8436299,0.6277844,3.0870888,0.0325277,12.50234535
2017-05-09,Daily,531.2287451299999,9,5.94423603,4.3405,5.621382,4.74373275,434.72382999999996,55.7585961,3.83216375,0.6284614,3.08559095,0.0325839,12.51766825
2017-05-11,Daily,528.0035372,11,5.9369766,4.3515,5.63018835,4.73116845,431.396895,55.88339235,3.81025355,0.63042835,3.0834367,0.0325772,12.51672065
2017-05-12,Daily,528.06430557,12,5.92153412,4.348,5.60305045,4.72605885,431.56329500000004,55.8004637,3.82409865,0.6301495,3.08587705,0.03259985,12.5291784
2017-05-15,Daily,529.5346815600001,15,5.91104786,4.3365,5.59430195,4.7395778,433.19515500000006,55.6571629,3.8239056,0.62846465,3.0905465,0.03256365,12.52545565
2017-05-16,Daily,529.2782257500002,16,5.92905005,4.3135,5.57023845,4.7401053,433.27819500000004,55.40178695,3.8002732,0.625857,3.0857001,0.03242865,12.50109105
2017-05-17,Daily,535.5373739800001,17,5.96048213,4.3175,5.58425525,4.798038,439.32843,55.4335847,3.84136315,0.6268694,3.0980914,0.03244775,12.5163122
2017-05-18,Daily,538.61290259,18,5.97752649,4.3275,5.61103695,4.8301392,442.055275,55.5894539,3.89970275,0.62816625,3.1145422,0.03244245,12.5471174
2017-05-19,Daily,538.1829021499999,19,5.9462442,4.329,5.6077874,4.8086535,441.667105,55.62194275,3.88878965,0.628033,3.10902055,0.0323156,12.5440105
2017-05-22,Daily,538.2260265599999,22,5.94507956,4.307,5.6003927,4.82017915,442.06102999999996,55.3250542,3.86122225,0.62524955,3.10548775,0.03237495,12.54295645
2017-05-23,Daily,537.6867686999999,23,5.9513868,4.298,5.5790194,4.833316,441.70393499999994,55.20235485,3.86545575,0.6237619,3.09576125,0.03232065,12.5014571
2017-05-24,Daily,536.50744384,24,5.90865129,4.302,5.5790488,4.8098512,440.598165,55.2331568,3.8446763,0.6241567,3.09374055,0.03231185,12.48168535
2017-05-25,Daily,535.63713963,25,5.91360098,4.2785,5.5532793,4.80860645,440.08443,54.9272102,3.8332664,0.62226395,3.09240815,0.0321486,12.4914256
2017-05-26,Daily,534.64815966,26,5.90559781,4.2775,5.51348375,4.79144175,439.14593,54.88231275,3.8327143,0.62375605,3.08655385,0.03217495,12.55669445
2017-05-29,Daily,532.8168202400001,29,5.92565899,4.2685,5.47157695,4.7655669,437.52567500000004,54.763678,3.8335806,0.6226344,3.08295145,0.03205425,12.5249437
2017-05-30,Daily,533.0151213900001,30,5.90340284,4.283,5.48845045,4.7652662,437.46497,54.9595795,3.8608197,0.62474955,3.08662485,0.0321209,12.5461374
2017-05-31,Daily,533.8282561799999,31,5.93734848,4.276,5.4826876,4.7790715,438.33937499999996,54.8792623,3.8493047,0.62547085,3.088034,0.03210455,12.5395972
2017-06-01,Daily,538.9182267199999,1,5.92893557,4.289,5.52401765,4.82362395,443.078575,55.05635475,3.8658796,0.63179915,3.09831775,0.03219365,12.58952965
2017-06-02,Daily,536.49104243,2,5.90327543,4.2815,5.51350225,4.80320115,440.93725,54.9530262,3.836986,0.6282788,3.0883259,0.0321736,12.5135231
2017-06-05,Daily,538.1336162900002,5,5.89901004,4.2675,5.49077895,4.80989955,442.755625,54.7722799,3.85919735,0.6273383,3.087023,0.0321082,12.532856
2017-06-06,Daily,537.15626561,6,5.92700526,4.257,5.5047269,4.7967878,441.89548500000006,54.6262981,3.87475545,0.6261814,3.08433605,0.03204125,12.5316484
2017-06-07,Daily,538.9826160100001,7,5.90689806,4.2715,5.51044865,4.8116314,443.469735,54.80533015,3.9007352,0.62862865,3.0927129,0.032096,12.5529
2017-06-08,Daily,537.05811498,8,5.91551278,4.263,5.52293015,4.7975804,441.73878,54.6871494,3.87774655,0.62732695,3.08321015,0.03203455,12.51284405
2017-06-09,Daily,535.8308395499998,9,5.89350705,4.267,5.44021215,4.77925345,440.57832,54.7317943,3.8683656,0.6275231,3.08688515,0.03210565,12.5258731
2017-06-13,Daily,534.4607249199998,13,5.89454942,4.2605,5.3891067,4.76771265,439.36276000000004,54.63405275,3.8740624,0.6268253,3.08084515,0.0320495,12.53826105
2017-06-14,Daily,535.1918022699999,14,5.88298422,4.2615,5.4321345,4.77948555,440.01035,54.64582625,3.87215535,0.6270324,3.0841325,0.0320739,12.5641276
2017-06-15,Daily,533.1334106500001,15,5.9137427,4.254,5.4227874,4.774477,438.03742000000005,54.54405765,3.88191825,0.62616375,3.08887695,0.0320283,12.55793865
2017-06-16,Daily,534.1607022100002,16,5.89566716,4.2785,5.46407265,4.7690301,438.73057,54.85186235,3.8475723,0.62793535,3.0861617,0.03216315,12.57716745
2017-06-19,Daily,533.9428125299999,19,5.92051343,4.2695,5.4549272,4.78077275,438.59477499999997,54.7526229,3.844838,0.62681225,3.09025835,0.0321305,12.57566215
2017-06-20,Daily,534.72946186,20,5.91066496,4.2825,5.4546204,4.7777712,439.20825499999995,54.91053415,3.83393055,0.62695355,3.0882677,0.03221985,12.6037445
2017-06-21,Daily,535.65033167,21,5.90919392,4.288,5.41681625,4.775117,440.088275,54.9733019,3.85472865,0.6278644,3.0860027,0.0322321,12.59879975
2017-06-22,Daily,536.2750476,22,5.914531,4.286,5.4312196,4.7868192,440.69715,54.9483666,3.85605085,0.62734655,3.0835645,0.03217475,12.61182455
2017-06-23,Daily,537.5422419500001,23,5.9448177,4.289,5.4478882,4.7878109,441.846155,54.9966983,3.85303,0.6268498,3.08749965,0.03218155,12.63031085
2017-06-28,Daily,543.69456442,28,5.96100072,4.2975,5.50681675,4.877018,447.726305,55.084502,3.8331179,0.6318692,3.10076165,0.0322454,12.6434278
2017-06-29,Daily,544.5365880200001,29,5.97136522,4.296,5.56654225,4.8995881,448.50452,55.0430506,3.826149,0.6336751,3.1106769,0.03223415,12.6527867
2017-06-30,Daily,544.83130467,30,5.98019422,4.294,5.590144,4.9125508,448.78772,55.00720615,3.8395852,0.63450785,3.11837385,0.0322191,12.6348035
2017-07-03,Daily,543.7938545899998,3,5.96897644,4.298,5.58718535,4.9014394,447.73166,55.04575445,3.8194263,0.63337685,3.1187871,0.0322491,12.6569996
2017-07-04,Daily,542.2524893099999,4,5.96758766,4.298,5.5652657,4.88790075,446.2905,55.03623865,3.79698795,0.63237035,3.1121251,0.0321382,12.63337495
2017-07-05,Daily,541.34682266,5,5.95570071,4.297,5.55709535,4.8805328,445.40044500000005,55.03471075,3.80114125,0.6323442,3.11185195,0.0321861,12.64381455
2017-07-06,Daily,541.47242085,6,5.9666189,4.2985,5.56139975,4.8738543,445.509675,55.057799,3.8061718,0.6319465,3.11169865,0.03215515,12.6226018
2017-07-07,Daily,543.3184848399999,7,5.97127459,4.2985,5.5747248,4.90609305,447.36438,55.0366507,3.78272565,0.6321184,3.11012285,0.03207,12.6098248
2017-07-10,Daily,541.85121263,10,5.96062038,4.2995,5.54399035,4.90336485,445.959985,55.03219265,3.76637035,0.63214465,3.11095865,0.0320978,12.60998795
2017-07-11,Daily,540.3470142399999,11,5.96077944,4.2965,5.5341072,4.89543225,444.54221,54.991329,3.76308325,0.63143895,3.1044079,0.0320802,12.59564605
2017-07-12,Daily,542.0967930000002,12,5.96345945,4.2955,5.52057725,4.9314489,446.19306500000005,54.9904955,3.78875445,0.63284985,3.11245655,0.0321315,12.63605455
2017-07-13,Daily,540.78376081,13,5.96782406,4.2885,5.53045005,4.9036854,444.95750999999996,54.9174045,3.79782185,0.6325268,3.1143799,0.0321646,12.64149365
2017-07-14,Daily,540.3019038399999,14,5.96789724,4.2955,5.5639613,4.90116565,444.32377499999996,54.9954233,3.7877519,0.63341915,3.12468235,0.03218685,12.6761411
2017-07-17,Daily,541.2116317299999,17,5.97750388,4.292,5.6231643,4.9199198,445.06664,54.99990405,3.81189225,0.63399685,3.13319015,0.03223435,12.7211861
2017-07-18,Daily,542.9223226,18,5.9920583,4.2875,5.6131953,4.94263015,446.75424499999997,54.94118395,3.8228347,0.63408615,3.13436695,0.03220295,12.76801915
2017-07-19,Daily,544.4902680900001,19,5.99341809,4.285,5.5842122,4.94467585,448.43285000000003,54.89191365,3.82469785,0.63416655,3.13311205,0.03219265,12.7340292
2017-07-20,Daily,544.6296247200002,20,5.98499007,4.2895,5.58321365,4.93549885,448.52833,54.94217095,3.82461775,0.63413805,3.13136505,0.0321853,12.74361505
2017-07-21,Daily,547.13653376,21,6.00473881,4.2905,5.5634918,4.98899355,450.89598000000007,54.94829225,3.83165935,0.634089,3.14161275,0.03219645,12.8049798
2017-07-24,Daily,549.0019440000001,24,6.0091447,4.2835,5.5739046,4.9997015,452.77741000000003,54.87375405,3.86092215,0.6334665,3.14558505,0.0321717,12.81238375
2017-07-25,Daily,548.54114767,25,6.01101372,4.282,5.5796604,4.9913136,452.355865,54.845052,3.85540035,0.63432345,3.14552315,0.0321387,12.8088573
2017-07-26,Daily,546.02703268,26,5.99586683,4.2855,5.58079275,4.98982215,449.874125,54.87231045,3.82958785,0.63434855,3.143822,0.03213485,12.78872225
2017-07-27,Daily,546.36819175,27,6.0178512,4.2765,5.6240256,5.02788135,450.134275,54.7707485,3.8570465,0.6357832,3.15597245,0.03212035,12.8359876
2017-07-28,Daily,537.64819976,28,6.01430566,4.28,5.5982405,5.00053825,441.44197500000007,54.8018877,3.8518657,0.63422915,3.1440541,0.03210685,12.84899685
2017-07-31,Daily,538.0345146799999,31,6.02165063,4.279,5.61533205,5.02033685,441.77168,54.7946961,3.8704722,0.6360225,3.1510736,0.03211135,12.8421394
2017-08-01,Daily,538.61177664,1,6.05290104,4.2775,5.6525026,5.05857165,442.25605,54.76006085,3.88210765,0.63660855,3.15414965,0.0321182,12.84920645
2017-08-02,Daily,539.9738651500002,2,6.05365445,4.287,5.65819765,5.0635903,443.490475,54.86341805,3.8735036,0.6373395,3.15070075,0.0321533,12.86383255
2017-08-03,Daily,537.82263999,3,6.04092034,4.2855,5.66371695,5.07446085,441.37186499999996,54.82352485,3.8709242,0.63697915,3.14936645,0.03214445,12.87323775
2017-08-04,Daily,538.2219679099999,4,6.05228456,4.277,5.61933695,5.0806485,441.907335,54.71688645,3.88482685,0.63650575,3.14994895,0.0321012,12.8650937
2017-08-07,Daily,536.84870808,7,6.03737908,4.2805,5.58883505,5.05056225,440.629995,54.72630495,3.8664079,0.6366902,3.14592325,0.0321395,12.8539709
2017-08-08,Daily,536.4423514699998,8,6.04989632,4.2835,5.5871836,5.05774285,440.14596499999993,54.74996045,3.87104115,0.63909465,3.1469718,0.03215965,12.878836
2017-08-09,Daily,540.2190056600001,9,6.04828791,4.288,5.5681825,5.0313249,443.892445,54.79032155,3.9045713,0.64057375,3.143926,0.0321741,12.87919865
2017-08-10,Daily,541.69252998,10,6.04999698,4.2945,5.58027345,5.04131385,445.14124,54.9502579,3.90462365,0.6437808,3.1467305,0.03217455,12.9076383
2017-08-11,Daily,543.97546371,11,6.05174456,4.2955,5.58157285,5.05816625,447.35477000000003,54.94758535,3.9417298,0.6441334,3.1512732,0.0321327,12.9168556
2017-08-14,Daily,541.7219707999999,14,6.0577605,4.2915,5.5856025,5.07555735,445.1764,54.87465755,3.91828375,0.64411315,3.1552831,0.03216055,12.91065235
2017-08-15,Daily,537.7048075099999,15,6.04953696,4.294,5.565883,5.059191,441.20217,54.9010085,3.8963752,0.64347425,3.15156025,0.03217445,12.9094339
2017-08-16,Daily,538.3665796500001,16,6.0308064,4.2985,5.5323845,5.04643915,441.89155500000004,54.95502995,3.88459655,0.6427087,3.1440174,0.0321311,12.9084109
2017-08-17,Daily,541.5719781599998,17,6.03828576,4.293,5.5403314,5.0560808,445.12417,54.88190785,3.90645655,0.64363305,3.14920845,0.0320888,12.9068155
2017-08-18,Daily,543.1721874100001,18,6.04262516,4.296,5.53625555,5.03963795,446.66256000000004,54.91043195,3.9274126,0.6434461,3.14736835,0.03214245,12.9343073
2017-08-21,Daily,540.5638876500002,21,6.03746475,4.2885,5.5229448,5.04070305,444.197015,54.82017465,3.9252209,0.6428379,3.14752335,0.03211035,12.9093929
2017-08-22,Daily,541.0780464499999,22,6.0334621,4.2835,5.51993235,5.05817105,444.80794499999996,54.7457626,3.9202858,0.64340005,3.1488223,0.03211625,12.88464895
2017-08-23,Daily,538.5925408199998,23,6.03105917,4.283,5.491877,5.0368081,442.41299,54.73027825,3.91356005,0.64295795,3.14348635,0.0320968,12.87442715
2017-08-24,Daily,538.9861774599998,24,6.03131901,4.2785,5.47155995,5.0496997,442.908995,54.6748709,3.9182198,0.64211855,3.14399135,0.0320403,12.8348629
2017-08-25,Daily,539.2721826900001,25,6.01977219,4.2765,5.47776915,5.045415,443.252505,54.6576954,3.9028064,0.6416066,3.14298345,0.03203855,12.82309095
2017-08-28,Daily,541.7467998900001,28,6.05106829,4.2655,5.49503075,5.0853294,445.76241000000005,54.52407295,3.9077461,0.64218185,3.14518545,0.03198005,12.83629505
2017-08-29,Daily,544.3722760899999,29,6.07515694,4.2685,5.52386615,5.1089678,448.23064999999997,54.5589339,3.9223525,0.64579825,3.1508827,0.03198215,12.8551857
2017-08-30,Daily,542.98316818,30,6.04862648,4.2695,5.5217448,5.1157152,446.88093999999995,54.56195185,3.89038235,0.64857935,3.15185355,0.03199685,12.86187775
2017-09-05,Daily,542.69631507,5,6.02145207,4.2675,5.51809125,5.0810991,446.67160499999994,54.5391808,3.9052851,0.6525979,3.1493306,0.03199265,12.8581806
2017-09-06,Daily,540.33396355,6,5.99122485,4.2465,5.5344639,5.0580063,444.706305,54.26802425,3.9084217,0.6494064,3.1375377,0.03184,12.80223345
2017-09-07,Daily,535.9807995,7,5.95998335,4.2165,5.50147875,5.0281764,440.9873,53.88360705,3.865689,0.64640515,3.12808355,0.03163525,12.731941
2017-09-08,Daily,537.21576421,8,6.00814066,4.1845,5.495295,5.05152865,442.52333999999996,53.61203885,3.8698791,0.6483982,3.1298859,0.03163485,12.661123
2017-09-11,Daily,537.2015122000001,11,5.99633,4.1995,5.5341014,5.04548935,442.332025,53.7412183,3.87264865,0.64539205,3.12707135,0.0319111,12.675825
2017-09-12,Daily,534.41334198,12,5.97800753,4.205,5.54092885,5.02686735,439.50882499999994,53.80712625,3.84474735,0.64272085,3.1248846,0.0318392,12.702395
2017-09-13,Daily,533.1340227799999,13,5.97987803,4.2035,5.5948588,5.036634,438.18414499999994,53.812377,3.81980105,0.6437657,3.12400165,0.0318254,12.70323615
2017-09-14,Daily,530.2087713699999,14,5.95016672,4.1995,5.5450201,4.9866965,435.497305,53.76082585,3.80028075,0.64173295,3.10878365,0.0317219,12.68673795
2017-09-15,Daily,529.68744841,15,5.95935676,4.192,5.6158131,4.9922532,435.01279999999997,53.65966085,3.79813375,0.6399024,3.11279475,0.03165565,12.67307795
2017-09-18,Daily,530.5786819700002,18,5.96366817,4.1855,5.6893504,4.9993706,435.989615,53.5490396,3.76512405,0.6392126,3.1140959,0.0316185,12.65208715
2017-09-19,Daily,530.90301758,19,5.96852468,4.1905,5.66471835,5.0162381,436.14701,53.7098989,3.75863325,0.6357961,3.11041045,0.031593,12.66969475
2017-09-20,Daily,531.0899529899999,20,5.98533274,4.1935,5.66919295,5.0353452,436.254945,53.72665875,3.76183025,0.6384453,3.1152963,0.03160375,12.67780275
2017-09-21,Daily,527.3617139800001,21,5.96542303,4.201,5.6677793,4.9930987,432.513165,53.82412695,3.7360489,0.63743755,3.10782325,0.0316305,12.6841808
2017-09-25,Daily,526.8478992700001,25,5.95950632,4.193,5.6718715,5.0035071,432.156745,53.67452255,3.73591155,0.6349904,3.113884,0.0314991,12.67246175
2017-09-26,Daily,530.0564756799998,26,5.96474808,4.204,5.6678332,4.9865749,435.19674999999995,53.80397005,3.76922075,0.63553975,3.1132673,0.0314824,12.68308925
2017-09-27,Daily,529.91998144,27,5.96963094,4.2185,5.6694533,4.9740335,434.829675,54.0476484,3.7542832,0.63585735,3.11225055,0.0315343,12.6771149
2017-09-28,Daily,529.53535378,28,5.96808858,4.2315,5.6600547,4.9637613,434.35644499999995,54.1968461,3.7438622,0.6355417,3.10534635,0.0312403,12.64266755
2017-09-29,Daily,530.5158677499999,29,5.97896565,4.2275,5.6716143,4.9816863,435.33109,54.12551015,3.75394045,0.63312475,3.1124612,0.0314079,12.66856705
2017-10-02,Daily,531.2257251,2,5.9753896,4.2305,5.6563901,4.98289465,436.02165,54.15906585,3.750111,0.6358403,3.10883365,0.0312907,12.67375925
2017-10-03,Daily,528.8568674300001,3,5.95577248,4.24,5.61906025,4.96292035,433.62656,54.27964285,3.74740405,0.63726815,3.10406705,0.0312304,12.65294185
2017-10-04,Daily,529.7072954500001,4,5.9690376,4.2265,5.60708645,4.97353395,434.623895,54.12032925,3.7508876,0.6352391,3.10669335,0.03136315,12.66273
2017-10-05,Daily,528.7846189700001,5,5.96884722,4.23,5.6011549,4.97236515,433.64602,54.17763415,3.7514967,0.6357652,3.10151415,0.0313554,12.6684661
2017-10-06,Daily,527.7532020900002,6,5.94964184,4.2365,5.54536675,4.95543435,432.60494500000004,54.2643604,3.75326715,0.6367421,3.0990091,0.03139195,12.67654345
2017-10-09,Daily,527.7409692000001,9,5.93769195,4.232,5.543074,4.9668869,432.63142500000004,54.2268641,3.7567689,0.6377002,3.1027536,0.03134815,12.6744564
2017-10-10,Daily,526.5912061699999,10,5.95283402,4.2235,5.5562255,4.9695815,431.585985,54.1165621,3.74805885,0.63986135,3.10654295,0.0312991,12.6607558
2017-10-11,Daily,526.91690795,11,5.96160495,4.2155,5.5644603,4.97787325,431.96029,54.01820935,3.7482775,0.64020115,3.10659965,0.03118785,12.69270395
2017-10-12,Daily,528.90455806,12,5.96686716,4.2175,5.5915618,5.00849235,433.80996500000003,54.03483665,3.7543954,0.639912,3.11542085,0.03122225,12.7343846
2017-10-13,Daily,527.7102821500001,13,5.96820725,4.218,5.5991846,4.9972756,432.61545,54.02324665,3.76019645,0.6413405,3.1148693,0.03123285,12.74127895
2017-10-16,Daily,527.50439386,16,5.97288451,4.2185,5.6068085,4.98057225,432.378485,54.02342315,3.7687053,0.6413142,3.1222708,0.03129455,12.7601356
2017-10-17,Daily,527.5641361400001,17,5.95587084,4.223,5.59906465,4.97427185,432.396465,54.09352055,3.76818075,0.6396063,3.1168353,0.0312966,12.7660243
2017-10-19,Daily,526.2459895200001,19,5.96610432,4.226,5.5825462,4.98646875,431.04856500000005,54.1725422,3.74131295,0.63706945,3.10986835,0.03124005,12.74427225
2017-10-20,Daily,525.5718568500001,20,5.97376485,4.224,5.5376642,4.99234575,430.449425,54.14031145,3.73326285,0.63774375,3.1071391,0.03123455,12.74496535
2017-10-23,Daily,525.3191928000001,23,5.9597784,4.2335,5.5869504,4.9830414,430.037145,54.25859865,3.7215949,0.63838775,3.108183,0.03128165,12.76073165
2017-10-24,Daily,525.47757591,24,5.96301176,4.234,5.59798335,4.98193635,430.131565,54.2733543,3.73648685,0.6388051,3.11495315,0.031305,12.77417505
2017-10-25,Daily,522.2341626499999,25,5.9647203,4.2335,5.560914,4.976691,427.00086500000003,54.2585984,3.7157152,0.63737855,3.1074984,0.0311895,12.7470923
2017-10-26,Daily,523.3969540999999,26,5.98488375,4.233,5.6152864,5.0055227,428.051405,54.25427635,3.7286943,0.6384327,3.11192855,0.0311984,12.74232595
2017-10-27,Daily,520.2494625300001,27,5.94229223,4.2415,5.572059,4.936682,424.978715,54.3506818,3.71735335,0.63780525,3.10017205,0.031136,12.74106585
2017-10-30,Daily,520.2764954099999,30,5.93759136,4.2385,5.56938945,4.9228059,425.01887,54.33730635,3.73140255,0.6378433,3.10421915,0.0311964,12.74737095
2017-10-31,Daily,519.99920702,31,5.94675512,4.2305,5.58658685,4.92324445,424.834325,54.2270998,3.738512,0.6384842,3.10963335,0.0311834,12.73288285
2017-11-01,Daily,519.1044309499999,1,5.94006025,4.2335,5.61870135,4.9241956,423.85867499999995,54.26485775,3.71897945,0.63912505,3.10829685,0.0311493,12.76689035
2017-11-02,Daily,518.1711757,2,5.9432765,4.2275,5.6143316,4.92736285,423.003825,54.18552005,3.7115893,0.64051575,3.11165965,0.031182,12.774413
2017-11-03,Daily,518.9206039,3,5.950204,4.2325,5.53124285,4.93403695,423.75853,54.244044,3.7122309,0.6395775,3.1095033,0.03137515,12.77735925
2017-11-06,Daily,518.99168015,6,5.92187595,4.24,5.54464835,4.9243363,423.74580000000003,54.3429504,3.70742825,0.6390982,3.1077073,0.0313447,12.7864907
2017-11-07,Daily,518.4856681800001,7,5.92095713,4.2265,5.5690481,4.90802335,423.45461,54.16263565,3.7105485,0.6381694,3.1027016,0.03130045,12.761174
2017-11-08,Daily,518.39381288,8,5.92632088,4.2285,5.5687233,4.90358025,423.33684500000004,54.1858352,3.71540305,0.636971,3.10086915,0.0312574,12.75950765
2017-11-09,Daily,517.76408153,9,5.88578693,4.2275,5.5492281,4.90072945,422.750015,54.2105333,3.7078457,0.6375118,3.10389145,0.03127775,12.75976205
2017-11-10,Daily,515.9888286400001,10,5.87777424,4.1935,5.5125655,4.8843792,421.64799000000005,53.7538618,3.69878745,0.63174155,3.0857249,0.03101815,12.67148585
2017-11-13,Daily,514.4761930699999,13,5.88025652,4.188,5.49528445,4.88111435,420.270995,53.67476055,3.6845117,0.6300824,3.0781672,0.0308884,12.6621325
2017-11-14,Daily,514.65401888,14,5.88239348,4.1895,5.49473895,4.88977515,420.40039,53.7015556,3.68712895,0.6309821,3.0780252,0.0309451,12.66858435
2017-11-15,Daily,517.21736744,15,5.90396979,4.1825,5.4970599,4.9338862,423.00886,53.59740155,3.69691085,0.63071625,3.07819705,0.03088195,12.6569839
2017-11-16,Daily,516.57166605,16,5.8652985,4.1785,5.50287565,4.9214376,422.49752,53.51391255,3.69762425,0.629515,3.07967335,0.03085475,12.6544544
2017-11-17,Daily,513.47313337,17,5.86668852,4.162,5.5079914,4.914698,419.61997999999994,53.2998667,3.6997203,0.6280558,3.07362895,0.03078745,12.66971625
2017-11-20,Daily,514.29651304,20,5.84548299,4.158,5.488768,4.8804526,420.59483,53.2227413,3.7118373,0.62670505,3.0639994,0.0307283,12.6729681
2017-11-21,Daily,510.64793925,21,5.80981195,4.143,5.48843935,4.86326065,417.30465,53.03209755,3.6816851,0.6243925,3.0542962,0.03059035,12.6157156
2017-11-22,Daily,509.27705232999995,22,5.80070978,4.1245,5.46599385,4.8415444,416.279795,52.79866905,3.6734059,0.62233125,3.04570975,0.03049765,12.5938957
2017-11-23,Daily,511.76194692999997,23,5.81199658,4.1115,5.4812466,4.86493245,418.878315,52.64910215,3.69373835,0.62365855,3.0513193,0.0304263,12.56571165
2017-11-24,Daily,512.54708375,24,5.80846945,4.1195,5.4760518,4.88119585,419.50106500000004,52.7481675,3.6961108,0.6250191,3.05929975,0.03048885,12.60171565
2017-11-27,Daily,512.90279355,27,5.84693235,4.117,5.4826091,4.9095229,419.759405,52.78239015,3.696189,0.6237123,3.0585792,0.03046025,12.5959933
2017-11-28,Daily,512.6651463,28,5.82146715,4.1175,5.4867747,4.90147215,419.532335,52.7644476,3.703454,0.6232782,3.0574741,0.03044585,12.62649755
2017-11-29,Daily,510.17286026,29,5.78915376,4.107,5.4877735,4.8682325,417.31444,52.6184302,3.68473005,0.6223812,3.0502434,0.03038285,12.6000928
2017-11-30,Daily,507.73886269,30,5.79080684,4.087,5.506211,4.8494301,415.303345,52.3494493,3.6495962,0.61876435,3.0325741,0.0302371,12.5214487
2017-12-04,Daily,507.64984353000006,4,5.73935313,4.082,5.4996788,4.8455382,415.44960499999996,52.2365623,3.62056,0.61711515,3.02695525,0.03017555,12.50230015
2017-12-05,Daily,503.25797038,5,5.75964473,4.0525,5.4575022,4.8123439,411.651185,51.8418077,3.601262,0.61290085,3.01166775,0.0299841,12.42717215
2017-12-06,Daily,504.13924572999997,6,5.77245088,4.067,5.46381145,4.81634505,412.20299,52.0452762,3.62397,0.6147916,3.0194143,0.0300747,12.48312155
2017-12-07,Daily,504.8198412,7,5.7728692,4.0825,5.4634057,4.81918735,412.60297,52.25165305,3.6326023,0.617242,3.0281117,0.0301314,12.5191685
2017-12-08,Daily,503.27635489000005,8,5.75753854,4.088,5.50858035,4.8107586,410.95759000000004,52.35219955,3.6079611,0.61777,3.02512305,0.0301586,12.5206751
2017-12-11,Daily,503.67436035000003,11,5.7612456,4.082,5.469268,4.8088002,411.53348000000005,52.2639836,3.5941009,0.61697515,3.0206834,0.0301344,12.4936891
2017-12-12,Daily,503.47370238999997,12,5.75081579,4.08,5.4423124,4.8017522,411.37332000000004,52.25443315,3.5945554,0.6161513,3.01875665,0.0301029,12.5115026
2017-12-13,Daily,503.65485598999993,13,5.75061499,4.0755,5.4301965,4.79176935,411.625135,52.21218,3.59692885,0.61574605,3.01565005,0.03000225,12.51113295
2017-12-14,Daily,506.64571570999993,14,5.78487186,4.079,5.47911685,4.82770075,414.3852049999999,52.231926,3.62239745,0.61709535,3.0280988,0.0300656,12.56023805
2017-12-15,Daily,506.09269047000004,15,5.77926322,4.089,5.49336735,4.81745545,413.677995,52.34255025,3.64130225,0.6188048,3.0354095,0.03011825,12.5674244
2017-12-18,Daily,504.97862455999996,18,5.75672496,4.087,5.4504234,4.80815125,412.72407,52.3008807,3.6270857,0.6181233,3.0296522,0.03007695,12.5464361
2017-12-19,Daily,505.14349056000003,19,5.76039156,4.074,5.4506048,4.8030424,413.24746,52.1018509,3.6173142,0.6158358,3.0222553,0.02999555,12.42074005
2017-12-20,Daily,505.57093422,20,5.76960732,4.074,5.4577342,4.8262644,413.62507,52.10584985,3.6069059,0.61766115,3.0257347,0.03000115,12.43210555
2017-12-21,Daily,505.43807171000003,21,5.79182076,4.077,5.448503,4.83797215,413.467885,52.0812713,3.5949213,0.62057635,3.03156495,0.0300919,12.456465
2017-12-22,Daily,505.99733078,22,5.77472188,4.0905,5.4732939,4.8468337,413.704185,52.30651215,3.60905265,0.62228085,3.042056,0.0301826,12.49771205
2017-12-26,Daily,504.35632103999995,26,5.78676869,4.079,5.45505095,4.8421813,412.27011999999996,52.1918267,3.6006535,0.6223303,3.03474455,0.0300789,12.44356615
2017-12-27,Daily,504.8787116399999,27,5.78085984,4.0835,5.4624981,4.8444603,412.70409499999994,52.26512095,3.6055806,0.6227934,3.04137345,0.0301088,12.4383212
2017-12-28,Daily,506.09802990000003,28,5.7708834,4.077,5.47113025,4.8557072,413.97168500000004,52.16189815,3.6030227,0.62294215,3.04287835,0.0300708,12.4908119
2017-12-29,Daily,506.8459039299999,29,5.74280423,4.062,5.4660306,4.8510436,415.04042,51.95602595,3.602022,0.6229919,3.0391684,0.02996905,12.4334282
2018-01-02,Daily,505.52564126,2,5.74889706,4.0325,5.4509321,4.8436376,414.22706500000004,51.5971777,3.57808355,0.6202654,3.0238839,0.02976895,12.37343
2018-01-03,Daily,505.27896434999997,3,5.7337662,4.0255,5.4724662,4.84952,414.03960499999994,51.4937739,3.58331865,0.61880795,3.02714755,0.02981745,12.40524145
2018-01-04,Daily,502.1623285600001,4,5.70330716,4.02,5.4344371,4.82982925,411.064025,51.4155261,3.5677835,0.61773455,3.0224428,0.02984965,12.45739345
2018-01-05,Daily,500.53785469999997,5,5.690641,3.9945,5.41873935,4.8231594,409.92364,51.0835029,3.54012535,0.61619755,3.0107406,0.02978635,12.4068222
2018-01-08,Daily,499.31065093,8,5.69901633,3.9875,5.41044,4.7979595,408.869535,50.97964075,3.5229937,0.61460575,3.0002638,0.0297497,12.3989464
2018-01-09,Daily,500.27222229999995,9,5.6984836,4.0015,5.4334369,4.7903961,409.57017999999994,51.15470475,3.5529413,0.61553495,3.00593535,0.02980305,12.4193063
2018-01-10,Daily,498.45928772,10,5.69050312,4.0085,5.42490355,4.78675035,407.637165,51.24648455,3.56977485,0.6145697,3.00205985,0.0298163,12.44876045
2018-01-11,Daily,498.03747917,11,5.64978327,3.9895,5.38742125,4.7688489,407.590975,50.9889128,3.57178055,0.61225275,2.9927613,0.0297302,12.45551315
2018-01-12,Daily,497.23625548,12,5.67089963,3.9705,5.3796309,4.7850483,407.04297,50.7489969,3.5685077,0.61237725,2.9887097,0.02970265,12.43891245
2018-01-15,Daily,499.31912965000004,15,5.66731725,3.9575,5.43780295,4.8281503,409.23428,50.58380715,3.573525,0.6156472,2.99323105,0.0296831,12.39818565
2018-01-16,Daily,500.36104155,16,5.68410615,3.955,5.4511767,4.84784155,410.29099999999994,50.5460383,3.564669,0.6148706,2.99020915,0.02965655,12.38647355
2018-01-17,Daily,500.8491773900001,17,5.69745649,3.951,5.44823185,4.84669185,410.81369,50.50137125,3.5712029,0.6142009,2.99012405,0.02962545,12.38558265
2018-01-18,Daily,500.44716071999994,18,5.67084317,3.9605,5.46865855,4.8238893,410.28700999999995,50.64480895,3.5536118,0.6151039,2.98939535,0.02964335,12.40369635
2018-01-19,Daily,501.36641596999993,19,5.68671737,3.9365,5.48039545,4.8289047,411.53109,50.34821075,3.55151585,0.61540525,2.9875158,0.02958995,12.37057085
2018-01-22,Daily,499.3272455,22,5.6631267,3.9415,5.46764895,4.8200605,409.48523000000006,50.4044251,3.5574711,0.6152922,2.9832734,0.02954095,12.3596766
2018-01-23,Daily,497.7846053799999,23,5.64868243,3.927,5.49053515,4.81352035,408.169735,50.2267046,3.5456642,0.61359395,2.97838525,0.02948645,12.341298
2018-01-24,Daily,499.41946322999996,24,5.64999508,3.9175,5.4982114,4.82420545,409.88753,50.10455835,3.5628212,0.6127895,2.97829525,0.02940735,12.35414965
2018-01-25,Daily,502.51299589999996,25,5.63700125,3.898,5.5712166,4.845994,413.07697,49.86504015,3.57532705,0.6161044,2.98594445,0.02935795,12.41204005
2018-01-26,Daily,501.5186875500001,26,5.6324829,3.875,5.49765655,4.81643155,412.62917500000003,49.5584511,3.5425336,0.6124691,2.96491895,0.0291189,12.3604499
2018-01-29,Daily,502.39385515,29,5.65754015,3.8695,5.4726343,4.8043716,413.58489499999996,49.48811005,3.5596342,0.61182715,2.95822065,0.0290405,12.35808155
2018-01-30,Daily,504.71610402,30,5.65967287,3.8945,5.47391455,4.82100185,415.47982,49.80847825,3.5791751,0.61491945,2.9684822,0.02905045,12.3870893
2018-02-02,Daily,509.01457728,2,5.68150268,3.8885,5.54947315,4.86043065,419.74314499999997,49.72411055,3.5503312,0.61891695,2.9657179,0.02893765,12.40351155
2018-02-05,Daily,507.97816830000005,5,5.69296845,3.8975,5.50073685,4.8545312,418.6809,49.82454385,3.5443098,0.6188178,2.95803035,0.02888215,12.37694785
2018-02-06,Daily,509.73684870000005,6,5.67251775,3.9135,5.46265905,4.8398256,420.2191,50.04827715,3.6030936,0.62173335,2.96006365,0.0288001,12.36727845
2018-02-07,Daily,507.21246597,7,5.69370222,3.9075,5.45623825,4.83982975,417.73580499999997,49.9779374,3.573552,0.6246754,2.9652822,0.0288419,12.40910185
2018-02-08,Daily,505.42111369,8,5.68920264,3.9255,5.4515385,4.8185514,415.77083500000003,50.21008845,3.58984925,0.62256215,2.95428065,0.0288163,12.35988935
2018-02-09,Daily,509.93848976000004,9,5.68028516,3.9385,5.4886939,4.82741975,420.039535,50.3692811,3.6131371,0.62283065,2.95638805,0.02886935,12.3735497
2018-02-12,Daily,509.03919321,12,5.68807701,3.932,5.4497524,4.8310519,419.18983000000003,50.27843715,3.61646365,0.6236174,2.965533,0.028864,12.4355667
2018-02-13,Daily,508.7548716499999,13,5.69393545,3.9335,5.44475115,4.8350585,418.836255,50.2899006,3.62267495,0.6217008,2.97283,0.0288422,12.475423
2018-02-14,Daily,511.7758779699999,14,5.64842702,3.9265,5.464903,4.8647374,421.84148,50.1997639,3.67409015,0.61977655,2.9786837,0.02879615,12.5287201
2018-02-15,Daily,509.20003398999995,15,5.67562464,3.8945,5.4579474,4.85235265,419.82438999999994,49.78619295,3.65423485,0.6134864,2.96610905,0.0287237,12.44647235
2018-02-19,Daily,508.39216106,19,5.68511321,3.888,5.4587522,4.8292852,419.14625,49.704687,3.65671325,0.6124624,2.96443225,0.02870435,12.4177612
2018-02-20,Daily,507.68189359,20,5.67518109,3.8945,5.4417856,4.82372795,418.4261,49.7871474,3.64670645,0.6134864,2.96103505,0.02867825,12.3835454
2018-02-21,Daily,506.47142048999996,21,5.68080619,3.9085,5.46779645,4.819376,417.017905,49.95047805,3.62586445,0.61569165,2.96266835,0.02875485,12.3935795
2018-02-22,Daily,506.87270512,22,5.65645282,3.9185,5.4508298,4.8109386,417.327905,50.06548095,3.6510604,0.61720815,2.95713545,0.02863775,12.3885562
2018-02-23,Daily,507.34192874999997,23,5.6761978,3.9055,5.4475873,4.8066945,417.9241,49.92426095,3.65358545,0.61604355,2.95703245,0.028573,12.40235375
2018-02-26,Daily,508.36965555999996,26,5.68199561,3.913,5.47761315,4.81709895,418.7042,50.0137402,3.67159285,0.61939555,2.96866775,0.0286488,12.4737027
2018-02-27,Daily,506.63537617,27,5.69719592,3.9105,5.4576894,4.81949595,417.00883500000003,49.9728447,3.655698,0.61997635,2.9689103,0.02861905,12.4956115
2018-02-28,Daily,507.3566845499999,28,5.68307065,3.9255,5.4566418,4.79853145,417.606495,50.14146445,3.66133505,0.6202696,2.9609657,0.028623,12.47378785
2018-03-01,Daily,505.72181420000004,1,5.6531376,3.9305,5.4075822,4.79363795,415.903955,50.2143103,3.6826576,0.61991365,2.96607985,0.02853355,12.5215065
2018-03-02,Daily,506.04270913,2,5.65362798,3.916,5.3982062,4.8090439,416.50719,50.01756285,3.69381725,0.6163,2.962851,0.02846245,12.4396475
2018-03-05,Daily,505.76754674,5,5.66164214,3.899,5.37808595,4.8062975,416.537665,49.7781755,3.69380925,0.61569325,2.95557945,0.0283512,12.4132475
2018-03-06,Daily,505.13260793,6,5.67539133,3.9045,5.40578055,4.8218625,415.74836,49.8522121,3.6708509,0.6157789,2.9628933,0.02837055,12.4466078
2018-03-07,Daily,505.85773035000005,7,5.68246345,3.903,5.42224325,4.8471361,416.431065,49.8206562,3.692701,0.6168655,2.9654681,0.0283525,12.44777925
2018-03-08,Daily,503.65589012000004,8,5.68765107,3.9055,5.4313791,4.84535895,414.15702000000005,49.8535224,3.68148225,0.61729965,2.97267505,0.0283572,12.47564445
2018-03-09,Daily,500.66801786,9,5.66326016,3.9145,5.40416335,4.8187498,411.187025,49.9234794,3.6681819,0.6170885,2.96867955,0.02838135,12.47450885
2018-03-12,Daily,500.91757999,12,5.66398164,3.9085,5.41718115,4.8164447,411.48603,49.85681435,3.6656509,0.6173103,2.9740529,0.02837905,12.483235
2018-03-13,Daily,501.9698864900001,13,5.65300324,3.908,5.4319251,4.8193458,412.51921500000003,49.85043645,3.6677618,0.6178071,2.9763901,0.02839705,12.49760485
2018-03-14,Daily,502.52045989,14,5.69410999,3.8965,5.4488659,4.83341365,413.18071,49.69074845,3.6598885,0.616857,2.97420055,0.0283722,12.49679365
2018-03-15,Daily,504.20501895999996,15,5.70270996,3.9145,5.47345025,4.84615125,414.452165,49.9202972,3.69205415,0.6202024,2.9883964,0.02847535,12.566617
2018-03-16,Daily,502.59160931,16,5.68622006,3.924,5.4657402,4.8298555,412.74852500000003,50.02836745,3.7055575,0.6199592,2.98357675,0.02851955,12.5712881
2018-03-19,Daily,500.03473562,19,5.68424882,3.914,5.4523978,4.8032612,410.42312,49.8976944,3.69890885,0.6180668,2.9693137,0.02844685,12.5452772
2018-03-20,Daily,501.20770061,20,5.69401781,3.9155,5.49677475,4.83368505,411.486595,49.91808885,3.6848298,0.61888995,2.9775672,0.02844635,12.55330585
2018-03-21,Daily,500.75444363,21,5.67170713,3.9245,5.4995983,4.81281065,410.94255000000004,50.01879935,3.68566885,0.6197395,2.97806965,0.02851795,12.57248225
2018-03-22,Daily,502.23273108999996,22,5.69098894,3.9095,5.537025,4.8335104,412.56864999999993,49.8295259,3.6995506,0.6187093,2.97832645,0.0284555,12.538489
2018-03-23,Daily,503.56001027,23,5.68201267,3.913,5.5243736,4.82649015,413.877075,49.85634375,3.7352045,0.6179723,2.97555245,0.02838075,12.5236051
2018-03-26,Daily,501.85349929,26,5.65815249,3.9035,5.52930805,4.8299958,412.327085,49.73593525,3.71939035,0.6182637,2.97624965,0.0283376,12.5272814
2018-03-27,Daily,499.04710685000003,27,5.6261214,3.8755,5.5165807,4.82577275,410.08413,49.38641365,3.66876535,0.61896105,2.96518755,0.0282677,12.4514067
2018-03-28,Daily,496.08736941,28,5.63788076,3.858,5.4745022,4.79202195,407.5424,49.17123915,3.6560058,0.61446335,2.951347,0.02808375,12.36142545
2018-03-29,Daily,493.14736874,29,5.61407354,3.868,5.4469182,4.7682771,404.56025,49.28738495,3.62919895,0.61461715,2.94895765,0.0281258,12.3815654
2018-03-30,Daily,492.6203238899999,30,5.61771504,3.862,5.4181932,4.75586,404.165225,49.2046611,3.63191835,0.61604735,2.9464048,0.0280567,12.37424235
2018-04-02,Daily,493.38399578,2,5.62485333,3.864,5.4262154,4.7598687,404.861755,49.23421965,3.6327743,0.6152475,2.94838085,0.02809165,12.3885894
2018-04-03,Daily,493.39474305,3,5.6137579,3.8675,5.43615815,4.75953895,404.80429000000004,49.27442085,3.6504793,0.6150409,2.95161425,0.02809455,12.3938482
2018-04-04,Daily,492.01203194,4,5.61322119,3.865,5.4457854,4.74718655,403.486855,49.24225585,3.62859725,0.61432585,2.94891855,0.0280907,12.3917956
2018-04-05,Daily,490.94634110000004,5,5.6183208,3.867,5.4451233,4.750223,402.3934,49.2658536,3.616554,0.61330335,2.94628585,0.028093,12.4021842
2018-04-06,Daily,490.74052334999993,6,5.59420345,3.8715,5.42087475,4.7394906,402.19203,49.3256975,3.6102954,0.61401705,2.93963565,0.02809815,12.4046808
2018-04-09,Daily,490.8619809200001,9,5.60607557,3.863,5.44509175,4.74086685,402.43781500000006,49.2142667,3.60910015,0.61353985,2.942566,0.02805575,12.3616033
2018-04-10,Daily,492.4406741099999,10,5.62623621,3.8645,5.4630505,4.7591319,403.91953,49.2352582,3.6086471,0.6137001,2.94820045,0.02809725,12.3743224
2018-04-11,Daily,493.35672009,11,5.64453289,3.8705,5.48894965,4.7850993,404.631235,49.30793135,3.61526265,0.6160127,2.95762845,0.0281491,12.411419
2018-04-12,Daily,493.42389051,12,5.64308191,3.8765,5.49804015,4.79464915,404.560665,49.3831094,3.62713485,0.61762135,2.96029035,0.02815385,12.4346445
2018-04-13,Daily,491.89516553000004,13,5.65260333,3.8795,5.5226626,4.78322975,402.98125000000005,49.42132665,3.61371175,0.61667465,2.95772535,0.0281971,12.43828435
2018-04-16,Daily,492.94655893999993,16,5.66475629,3.8865,5.54350965,4.79535825,403.855155,49.50986965,3.62360735,0.6186183,2.9602408,0.0282162,12.46072745
2018-04-17,Daily,494.07595377000007,17,5.67178342,3.889,5.5748817,4.8149711,404.87222,49.5429796,3.63203375,0.6190753,2.9680227,0.02823845,12.46274775
2018-04-18,Daily,491.66940596000006,18,5.66216151,3.8915,5.56562375,4.81845545,402.4510700000001,49.5735643,3.62607195,0.6190151,2.9689111,0.0282638,12.464769
2018-04-19,Daily,490.64939310999995,19,5.66706336,3.8885,5.51992025,4.81337995,401.517925,49.5492345,3.6200722,0.62046245,2.9694541,0.0282215,12.4551598
2018-04-20,Daily,489.54647592,20,5.65902362,3.892,5.4797415,4.8031174,400.43224999999995,49.59636105,3.6164284,0.61919805,2.9657854,0.0281672,12.4544033
2018-04-23,Daily,488.79993843,23,5.65294118,3.8985,5.4645276,4.78423935,399.64123,49.7076957,3.61608405,0.6193847,2.9597997,0.02805485,12.4274813
2018-04-24,Daily,488.74868935,24,5.6485642,3.9075,5.44998585,4.7724252,399.539895,49.81736855,3.5922777,0.6189511,2.9530684,0.02811655,12.4205368
2018-04-25,Daily,487.67612175,25,5.6330747,3.9085,5.46486515,4.7771642,398.48091999999997,49.8050362,3.5852865,0.62002285,2.95137065,0.028142,12.4217395
2018-04-26,Daily,488.40748954,26,5.65826859,3.9205,5.46772595,4.7743854,399.03315,49.9544481,3.58708095,0.61997425,2.95318465,0.0281949,12.41057675
2018-04-27,Daily,485.6477852,27,5.6354571,3.9195,5.46084375,4.74867045,396.34952499999997,49.94107005,3.5901077,0.6186617,2.95421175,0.02821815,12.40151955
2018-04-30,Daily,485.87050265000005,30,5.6330747,3.9195,5.4010713,4.75239405,396.59015,49.94011545,3.59142375,0.6188766,2.96068315,0.02825065,12.434963
2018-05-02,Daily,483.4948725,2,5.64035435,3.9265,5.3455374,4.71376355,394.28635,50.02133865,3.5791443,0.61747625,2.94395575,0.028152,12.39230025
2018-05-03,Daily,484.20874153000005,3,5.63239413,3.93775,5.35396225,4.7176215,394.781705,50.1672136,3.59038075,0.6186616,2.9530543,0.02819225,12.42780615
2018-05-04,Daily,483.87606589,4,5.64052299,3.9345,5.34324785,4.7186461,394.455875,50.12453165,3.609799,0.62001155,2.959606,0.02821745,12.4411083
2018-05-07,Daily,483.97584944999994,7,5.64218,3.9415,5.34250655,4.7167932,394.485345,50.21562855,3.616553,0.62035215,2.955534,0.02821405,12.41124295
2018-05-08,Daily,483.28570189999994,8,5.65885355,3.95,5.3538304,4.7060304,393.700845,50.3213562,3.6233549,0.6205716,2.95481765,0.02813395,12.36790825
2018-05-11,Daily,477.77051889999996,11,0.0,3.9505,5.3448296,4.70820615,393.84877500000005,50.327726,3.60858655,0.62264085,2.9548604,0.0281375,12.37625685
2018-05-14,Daily,485.59245946,14,5.65958016,3.955,5.366342,4.73196,395.83648500000004,50.3837706,3.6169928,0.62400905,2.96855095,0.02828035,12.42148855
2018-05-15,Daily,484.57733196000004,15,5.67748116,3.952,5.3599005,4.715922,394.92361,50.34491125,3.6014037,0.6227889,2.95775195,0.0281833,12.3933792
2018-05-16,Daily,486.14775566000003,16,5.66717696,3.9645,5.3530662,4.69119315,396.410405,50.5041499,3.59494035,0.62251715,2.9535132,0.028124,12.35816975
2018-05-17,Daily,486.9365210000001,17,5.655294,3.968,5.3798148,4.6933508,397.07801,50.5500247,3.6000728,0.62387495,2.96373775,0.02821185,12.39612935
2018-05-18,Daily,487.25500741999997,18,5.64957792,3.977,5.3729273,4.6942522,397.322605,50.6627432,3.58433625,0.62440145,2.96117065,0.0281508,12.37784265
2018-05-21,Daily,487.71510136999996,21,5.64098337,3.976,5.3419551,4.6723965,397.89844,50.65129475,3.57730925,0.62310475,2.9577835,0.02800495,12.3478292
2018-05-22,Daily,488.93198513,22,5.65455243,3.9765,5.33705985,4.68491355,399.02665,50.66411915,3.5851779,0.62375495,2.9672059,0.02805785,12.38399355
2018-05-23,Daily,490.38726417000004,23,5.65360587,3.9755,5.332736,4.67618195,400.49363500000004,50.647506,3.59692385,0.6236813,2.9641367,0.0280014,12.3953561
2018-05-24,Daily,491.31337809999997,24,5.6540055,3.987,5.32962255,4.6659863,401.20755499999996,50.80566565,3.6422604,0.623729,2.9681744,0.02813195,12.40124735
2018-05-25,Daily,491.6808136799999,25,5.64723258,3.9845,5.32807365,4.66485375,401.56212,50.78157385,3.63632225,0.62380145,2.9726209,0.0281491,12.45156615
2018-05-28,Daily,491.61006845,28,5.6363058,3.982,5.3086034,4.6655106,401.492295,50.7658868,3.63835745,0.62314665,2.9749721,0.0284785,12.49451215
2018-05-30,Daily,492.36084467000006,30,5.62348677,3.995,5.2941742,4.60763335,402.19473,50.9212351,3.6781293,0.62162065,2.9701504,0.0285561,12.4261288
2018-05-31,Daily,492.23955143000006,31,5.64322528,3.9765,5.2909327,4.6391841,402.29661500000003,50.6802615,3.65638375,0.62064455,2.97186225,0.0286337,12.4353086
2018-06-01,Daily,493.30594678999995,1,5.64067019,3.9835,5.28331635,4.653525,403.26994,50.7759476,3.6497323,0.62085525,2.97464845,0.0286686,12.42514305
2018-06-04,Daily,492.96314061,4,5.63692631,3.979,5.321515,4.65324185,402.977575,50.7088927,3.629978,0.61977715,2.97706865,0.0286723,12.43049365
2018-06-05,Daily,491.68272816,5,5.62566276,3.9735,5.28912615,4.6452204,401.83042,50.63750925,3.6163825,0.61992955,2.9758473,0.0286141,12.44051615
2018-06-06,Daily,493.4200276800001,6,5.64478363,3.972,5.3264524,4.6577659,403.49457500000005,50.6193622,3.61534645,0.6210811,2.9807518,0.0286839,12.4592253
2018-06-07,Daily,493.00796204000005,7,5.66832679,3.9745,5.33556815,4.6847434,402.97093000000007,50.66284435,3.61466095,0.62177835,2.98475535,0.0286502,12.4612045
2018-06-08,Daily,496.36991510000007,8,5.65929925,3.983,5.3435933,4.69954185,406.2214,50.76763275,3.6306459,0.62205705,2.9866533,0.02862685,12.42746485
2018-06-11,Daily,494.89849372000003,11,5.66576822,3.9875,5.3472378,4.7024589,404.658055,50.81818985,3.6337543,0.6225022,2.98901875,0.02862525,12.44538345
2018-06-12,Daily,494.34951576,12,5.67484861,3.9895,5.33037145,4.69264975,404.12283999999994,50.84497525,3.6167902,0.62292145,2.98794205,0.02863965,12.43803735
2018-06-13,Daily,494.88455759000004,13,5.66270114,3.9955,5.3393868,4.6917161,404.587115,50.9107359,3.61142525,0.62378525,2.988407,0.0286827,12.44510245
2018-06-14,Daily,495.49740713,14,5.64208343,3.9915,5.34441915,4.71056895,405.26975,50.8633328,3.62090085,0.62408635,2.98686795,0.02865395,12.4152437
2018-06-18,Daily,491.1840152499999,18,5.6419776,3.9985,5.30660935,4.63466165,401.21415,50.94117285,3.62166575,0.62094785,2.95900255,0.02870425,12.2166234
2018-06-19,Daily,493.04671365,19,5.640957,3.998,5.305546,4.6538722,403.02425,50.9338308,3.6423271,0.6201479,2.95874215,0.02870065,12.24033985
2018-06-20,Daily,492.7058729099999,20,5.64841456,4.0075,5.2742712,4.63848095,402.602145,51.05843545,3.6387162,0.61874695,2.95374995,0.0287689,12.23664375
2018-06-21,Daily,492.18618697,21,5.64386397,4.012,5.2809958,4.639477,402.06445,51.13955065,3.62847085,0.61810095,2.9473995,0.0284559,12.18342235
2018-06-22,Daily,495.3152865699999,22,5.66501512,4.0135,5.3233061,4.66107835,405.05627999999996,51.1570407,3.6493004,0.61718145,2.9552317,0.02844945,12.1889033
2018-06-25,Daily,496.6632442,25,5.672421,4.0135,5.3229046,4.67813575,406.40981,51.14726145,3.6644604,0.61454015,2.94601245,0.02838805,12.16581035
2018-06-26,Daily,497.89113704999994,26,5.6823192,4.02,5.3395651,4.7074204,407.46011500000003,51.2261794,3.672407,0.61305265,2.9543624,0.0283568,12.1873591
2018-06-27,Daily,497.25330796000003,27,5.68766186,4.0275,5.3281815,4.695864,406.71552,51.3269831,3.66469545,0.61069,2.95585525,0.02840675,12.21195005
2018-06-28,Daily,495.79841272,28,5.67376942,4.0385,5.2960892,4.67173695,405.187295,51.4589707,3.6643682,0.61042805,2.9533073,0.0282769,12.215671
2018-06-29,Daily,496.58461049999994,29,5.6825428,4.0385,5.29608905,4.69899675,405.981435,51.46257715,3.6486428,0.60996715,2.9589335,0.0280939,12.1788324
2018-07-02,Daily,498.02658429,2,5.69171979,4.04,5.3227006,4.7078122,407.340245,51.4902218,3.64407175,0.608874,2.96024995,0.02814355,12.19254565
2018-07-03,Daily,497.90114322,3,5.69091667,4.049,5.317957,4.70999935,407.11880999999994,51.60426975,3.65284885,0.6042203,2.9512745,0.02806155,12.17378525
2018-07-04,Daily,499.01632459000007,4,5.68951029,4.0465,5.3429991,4.72024275,408.13961,51.59345005,3.66381495,0.6101802,2.9678392,0.0281692,12.21400885
2018-07-05,Daily,498.00449519000006,5,5.70095199,4.0455,5.34997185,4.7162442,407.19682500000005,51.5550632,3.66656115,0.6093906,2.9616752,0.0280694,12.1742426
2018-07-06,Daily,497.88657237999996,6,5.68245888,4.0465,5.3486642,4.72954945,407.09266499999995,51.5599224,3.65454995,0.60743225,2.9631665,0.02807435,12.1735894
2018-07-09,Daily,498.61388733,9,5.66713713,4.032,5.3615525,4.7430433,407.99393999999995,51.37745755,3.65035545,0.60868655,2.974,0.02812205,12.1775928
2018-07-10,Daily,494.12167775000006,10,5.6775849,4.0085,5.30645275,4.70898545,404.04206,51.07247755,3.60849805,0.60694395,2.95928565,0.027928,12.10296145
2018-07-11,Daily,496.62469567,11,5.68914522,4.03,5.344788,4.7269886,406.14772,51.34412175,3.62752635,0.6048646,2.96487115,0.02801045,12.11665955
2018-07-12,Daily,496.29754935,12,5.6746648,4.0405,5.33325835,4.71768795,405.713475,51.47986405,3.5993945,0.603659,2.9651783,0.02802885,12.14183855
2018-07-13,Daily,493.75468782,13,5.67595652,4.04,5.3245185,4.7112461,403.19367,51.47578915,3.58648885,0.6054567,2.963072,0.02811115,12.15037885
2018-07-16,Daily,494.97598965,16,5.69410605,4.0485,5.3589996,4.73006505,404.20331999999996,51.5837634,3.5994668,0.6051118,2.96691245,0.02808435,12.15766015
2018-07-17,Daily,496.88452295,17,5.7084156,4.045,5.3588164,4.7403357,406.10415,51.53916865,3.6001961,0.60567505,2.9754681,0.028145,12.17915235
2018-07-18,Daily,496.1374595300001,18,5.67964793,4.0575,5.319383,4.728002,405.28393500000004,51.69514375,3.5922977,0.60533055,2.970678,0.0281673,12.1773743
2018-07-19,Daily,497.05982571999994,19,5.68125167,4.0575,5.30761625,4.72779925,406.237555,51.69448515,3.5996279,0.60223095,2.9690481,0.028138,12.15457345
2018-07-20,Daily,497.81150744,20,5.68213334,4.0655,5.2938912,4.73610445,406.87558,51.7980577,3.61876385,0.59851915,2.96827675,0.02798005,12.14670095
2018-07-23,Daily,500.64494303000004,23,5.71561033,4.058,5.3358646,4.7642952,409.63005499999997,51.7021725,3.6593177,0.60042915,2.98141255,0.02804425,12.16974175
2018-07-24,Daily,500.6685524,24,5.7092175,4.0675,5.32659475,4.7530775,409.55547,51.84302605,3.6542092,0.5971695,2.9779991,0.0279794,12.1563094
2018-07-25,Daily,499.82834664999996,25,5.6980049,4.0635,5.34126795,4.74698095,408.76181,51.79303245,3.65094395,0.5975472,2.97746865,0.02797595,12.16981465
2018-07-26,Daily,500.00384325,26,5.7113875,4.055,5.35361425,4.75752905,408.97636000000006,51.67744625,3.6599125,0.5989883,2.98271435,0.02805935,12.2028317
2018-07-27,Daily,499.78986174999994,27,5.6931951,4.0625,5.32532825,4.7322035,408.74344999999994,51.7624739,3.6602399,0.59735635,2.9816522,0.0280948,12.20336775
2018-07-30,Daily,499.6675315300001,30,5.69793723,4.065,5.32657285,4.73755435,408.583835,51.79234665,3.65837205,0.59466785,2.983158,0.0282047,12.19988285
2018-07-31,Daily,502.14638889,31,5.71149899,4.0605,5.32920385,4.7544397,411.08582,51.7353431,3.66190235,0.59542925,2.98215415,0.0281559,12.2019416
2018-08-01,Daily,500.7647171,1,5.71412475,4.0655,5.32946425,4.7480976,409.622215,51.7940977,3.63169425,0.59635935,2.9858261,0.02816415,12.24917395
2018-08-02,Daily,501.47407905000006,2,5.7146835,4.0725,5.3366045,4.74487025,410.20353,51.8849299,3.65066595,0.5973729,2.98340745,0.02817365,12.25734095
2018-08-03,Daily,501.45927048,3,5.69402488,4.0825,5.31561925,4.732026,410.116075,52.0096839,3.6556977,0.5944365,2.9823219,0.0281571,12.24872825
2018-08-06,Daily,501.08425608,6,5.69763243,4.0775,5.299935,4.7150175,409.799025,51.95161015,3.6626994,0.5972611,2.98488365,0.0281498,12.27054205
2018-08-07,Daily,501.20858257000003,7,5.69955232,4.0845,5.2857516,4.7196399,409.84364500000004,52.03814515,3.66931705,0.5959946,2.9854184,0.02821275,12.2584058
2018-08-08,Daily,501.12107509,8,5.68988704,4.076,5.2792355,4.73610845,409.87487,51.92687545,3.6600371,0.5974525,2.98958495,0.02822715,12.26279695
2018-08-09,Daily,501.3460895,9,5.7023659,4.072,5.2457543,4.7300354,410.15316,51.8775681,3.67492475,0.5970282,2.9888435,0.02825325,12.2761561
2018-08-10,Daily,501.7450175499999,10,5.6936497,4.0795,5.23501875,4.7046836,410.495155,51.97047045,3.67970065,0.5966057,2.98449055,0.0282612,12.27748195
2018-08-13,Daily,503.4392991700001,13,5.68422147,4.0925,5.22162125,4.658493,412.03130000000004,52.135088,3.71353425,0.59523395,2.9747413,0.0279925,12.30457345
2018-08-14,Daily,503.51457022,14,5.69676932,4.0965,5.2316406,4.67267295,412.03987499999994,52.1853793,3.69470175,0.59489415,2.9797067,0.02801025,12.2944202
2018-08-15,Daily,503.2840295900001,15,5.67254969,4.103,5.2097845,4.6456219,411.803105,52.26784895,3.68775855,0.5942976,2.97286585,0.02803555,12.299162
2018-08-16,Daily,504.7396966,16,5.6879388,4.1005,5.21788675,4.66944475,413.19036,52.2389979,3.6999778,0.59451265,2.9833756,0.028076,12.32862635
2018-08-17,Daily,503.27685678,17,5.69500503,4.104,5.2184417,4.6695314,411.63493000000005,52.282586,3.70180005,0.5959704,2.9850531,0.0280904,12.3614487
2018-08-20,Daily,504.2616550799999,20,5.68746668,4.103,5.2309151,4.69034455,412.569155,52.2701808,3.71093955,0.59922315,2.9933612,0.02812685,12.3789422
2018-08-21,Daily,505.89672325000004,21,5.7390363,4.094,5.2538306,4.7183354,414.10011000000003,52.15486085,3.717594,0.59849875,2.9954273,0.02807955,12.4969505
2018-08-23,Daily,508.77768774000003,23,5.74064274,4.105,5.28272485,4.74271185,416.77243500000003,52.2946592,3.7047065,0.59735165,2.99416505,0.0280444,12.5152465
2018-08-24,Daily,508.72942649,24,5.72384489,4.1095,5.2669408,4.74873285,416.700535,52.3506521,3.6864769,0.59659145,2.9929721,0.0280321,12.5251483
2018-08-27,Daily,509.00416129,27,5.72912189,4.0995,5.27113725,4.76628375,416.9973,52.223928,3.6912481,0.6016821,3.00527845,0.0280788,12.59060295
2018-08-28,Daily,509.85796408000004,28,5.75470368,4.097,5.2748881,4.78263325,417.86942500000004,52.1914161,3.6802159,0.60077735,3.0036664,0.0280357,12.5752026
2018-08-29,Daily,512.32214618,29,5.75111613,4.103,5.28076665,4.79825365,420.238725,52.27317625,3.6875933,0.60229745,3.0079546,0.0280212,12.55124195
2018-08-30,Daily,515.35445041,30,5.77933236,4.1075,5.3535105,4.80536475,423.104725,52.3331747,3.6800613,0.60132505,3.00794595,0.0280232,12.5534876
2018-09-03,Daily,517.6401356,3,5.79544835,4.124,5.3317139,4.7830154,425.110875,52.53771035,3.71883345,0.60321075,3.0073654,0.0278988,12.6000642
2018-09-04,Daily,519.06708291,4,5.78992381,4.1355,5.3182533,4.7978004,426.340255,52.69025555,3.72182,0.6061784,3.00993505,0.0277513,12.6294101
2018-09-05,Daily,518.3984676100001,5,5.78992381,4.1435,5.3291629,4.80480275,425.54183500000005,52.7894929,3.7149776,0.6060851,3.01060825,0.02774725,12.64033205
2018-09-06,Daily,520.3033497700001,6,5.79683937,4.1465,5.3535466,4.82403825,427.34211000000005,52.8253573,3.72367675,0.6064485,3.01136575,0.027841,12.64562625
2018-09-07,Daily,522.03535439,7,5.79693449,4.1435,5.35588835,4.81640465,429.11168499999997,52.7857932,3.74655315,0.605682,3.0124691,0.027819,12.63262545
2018-09-12,Daily,519.0659591499999,12,5.78549835,4.1495,5.3976699,4.807611,426.048635,52.86761765,3.7220255,0.6035286,3.01277875,0.02788645,12.64320795
2018-09-13,Daily,520.4298113399999,13,5.79723029,4.1425,5.40741275,4.8208346,427.41441499999996,52.7811228,3.71958355,0.60504495,3.0203058,0.02793325,12.69342835
2018-09-14,Daily,522.3181497,14,5.806473,4.1415,5.43302715,4.84203495,429.26,52.76703675,3.70355475,0.60409155,3.0226619,0.0279312,12.70983845
2018-09-18,Daily,524.18564356,18,5.80694576,4.146,5.4561362,4.8491618,430.99954499999996,52.8476014,3.70360455,0.6041091,3.02307795,0.02776495,12.72169685
2018-09-19,Daily,522.76851985,19,5.80168525,4.144,5.44894595,4.83749865,429.652725,52.81167405,3.68798135,0.6047429,3.0241559,0.02783545,12.72727535
2018-09-20,Daily,520.9437341400001,20,5.80029579,4.1375,5.43977825,4.83218675,427.86995,52.74765925,3.6884336,0.60388245,3.02216875,0.02787135,12.77400795
2018-09-21,Daily,524.12994963,21,5.80959268,4.131,5.48328335,4.86817725,430.96351999999996,52.79536895,3.6643457,0.60370475,3.0291476,0.0278698,12.75393955
2018-09-24,Daily,524.0710739000001,24,5.80607835,4.1345,5.4064793,4.85452355,430.87907,52.9246491,3.6715214,0.6029518,3.0262774,0.02780435,12.73721865
2018-09-25,Daily,521.01541291,25,5.81454176,4.1345,5.41805605,4.85411005,427.82502500000004,52.91753625,3.6638753,0.6024378,3.02627795,0.0277204,12.73133235
2018-09-26,Daily,522.76792275,26,5.8091238,4.1415,5.4591183,4.8730962,429.39366,52.9955989,3.66650485,0.6027288,3.0341774,0.0277348,12.7646797
2018-09-27,Daily,522.0239005299999,27,5.80518803,4.1375,5.4459633,4.8647073,428.66023999999993,53.00387335,3.67265525,0.60244475,3.0336339,0.0277964,12.76989825
2018-09-28,Daily,517.13483283,28,5.77842788,4.1405,5.4151533,4.82285465,423.94923,52.92422205,3.6472144,0.60147595,3.0288965,0.02778395,12.79907415
2018-10-01,Daily,515.1382952399999,1,5.77573764,4.1415,5.39678895,4.80269055,421.977695,52.8981252,3.63656325,0.6029394,3.02464885,0.02778785,12.85381855
2018-10-02,Daily,513.3970772,2,5.75962545,4.138,5.3953318,4.7880802,420.42165,52.8132839,3.6317364,0.60242985,3.0141684,0.0275711,12.8052001
2018-10-03,Daily,513.69295396,3,5.77617936,4.139,5.37883795,4.7929624,420.71562,52.8058284,3.64108215,0.60257545,3.01303065,0.0274652,12.8003724
2018-10-04,Daily,511.13931446,4,5.76353011,4.147,5.362901,4.7578533,418.21308999999997,52.908568,3.62960055,0.6037401,3.00289655,0.02732335,12.7228115
2018-10-05,Daily,510.41035571000003,5,5.77617936,4.1455,5.39391745,4.7700197,417.49342,52.9282599,3.63943645,0.60352175,2.9998554,0.02729995,12.63294575
2018-10-08,Daily,511.83151599999997,8,5.78383085,4.152,5.4438949,4.7799901,418.78058500000003,53.0092182,3.6462635,0.60191365,3.00184395,0.02723695,12.6047389
2018-10-09,Daily,511.90379249999995,9,5.7701782,4.1575,5.443207,4.776968,418.72299999999996,53.08926555,3.67578835,0.6009903,3.00473405,0.0273017,12.63485935
2018-10-10,Daily,512.3061336300001,10,5.79107478,4.153,5.46410255,4.78031075,419.177405,52.9949215,3.6747335,0.6001359,3.00854835,0.0272775,12.6346238
2018-10-11,Daily,515.0594495299999,11,5.80377088,4.159,5.5011099,4.81133945,421.74115499999994,53.067084,3.7069394,0.6000621,3.0095159,0.02724535,12.63222755
2018-10-12,Daily,513.2070159799999,12,5.80980708,4.156,5.4996354,4.8219991,419.81926,53.04031005,3.6980025,0.6021487,3.02496555,0.0273493,12.7075383
2018-10-15,Daily,512.93694078,15,5.80876568,4.158,5.4498908,4.800827,419.61859,53.0506024,3.71034675,0.6010191,3.0154472,0.0272656,12.69618625
2018-10-16,Daily,513.75408505,16,5.8041765,4.1555,5.4630282,4.8106147,420.40569999999997,53.03088485,3.7114278,0.60015465,3.01790235,0.0272805,12.7274155
2018-10-17,Daily,512.28148178,17,5.79691348,4.154,5.4726874,4.8024396,418.94012,53.0056542,3.696881,0.6000419,3.02153055,0.02734695,12.7638667
2018-10-18,Daily,511.07798969999993,18,5.795504,4.156,5.4441523,4.7794002,417.79342499999996,53.01865745,3.6930736,0.5992445,3.016841,0.0273556,12.75433605
2018-10-19,Daily,510.8825929,19,5.7808674,4.16,5.41736075,4.76632045,417.60781,53.05615025,3.7015617,0.5997262,3.01646015,0.027328,12.749008
2018-10-22,Daily,510.69899388,22,5.79091163,4.158,5.435754,4.7877292,417.407025,53.02895185,3.69222605,0.5998399,3.0204854,0.0273778,12.75069305
2018-10-23,Daily,510.9915194999999,23,5.7860415,4.1625,5.3964735,4.76793575,417.732965,53.10496665,3.69753535,0.5996672,3.0139021,0.02736235,12.7021701
2018-10-24,Daily,511.5206524999999,24,5.78267955,4.1625,5.40500675,4.77480425,418.257705,53.09683735,3.697371,0.60003035,3.02188835,0.0274074,12.6944225
2018-10-25,Daily,511.90937140000005,25,5.7928557,4.1695,5.37469405,4.7578166,418.58252,53.18680795,3.7199449,0.6005243,3.02017345,0.0274264,12.67710805
2018-10-26,Daily,511.09259929,26,5.78252409,4.1775,5.35263125,4.74793775,417.75007000000005,53.27866305,3.7244242,0.60023715,3.01886125,0.02745195,12.6322986
2018-10-29,Daily,512.1839831,29,5.7913482,4.179,5.36437345,4.7619709,418.779495,53.29235605,3.7347514,0.60102695,3.02683595,0.02744555,12.62537965
2018-10-30,Daily,510.40641875000006,30,5.7808842,4.18,5.3545806,4.7576762,417.1241,53.28540285,3.7102789,0.5998336,3.0219781,0.02743235,12.56425195
2018-10-31,Daily,509.24028284,31,5.78352299,4.1825,5.31407545,4.7431642,416.00363,53.30368165,3.69364645,0.60027845,3.0169152,0.0274803,12.57138815
