date,frequency,exchange_rates_malaysian_ringgit,end_of_period,rm_unit_of_usd,rm_unit_of_gbp,rm_unit_of_euro,rm_unit_of_100_sf,rm_unit_of_100_hkd,rm_unit_of_100_jpy,rm_unit_of_cny,rm_unit_of_sgd,rm_unit_of_100_idr,rm_unit_of_100_thb,average_for_period,exchange_rates_malaysian_ringgit_rm_unit_of_usd,exchange_rates_malaysian_ringgit_rm_unit_of_gbp,exchange_rates_malaysian_ringgit_rm_unit_of_euro,exchange_rates_malaysian_ringgit_rm_unit_of_100_sf,exchange_rates_malaysian_ringgit_rm_unit_of_100_hkd,exchange_rates_malaysian_ringgit_rm_unit_of_100_jpy,exchange_rates_malaysian_ringgit_rm_unit_of_cny,exchange_rates_malaysian_ringgit_rm_unit_of_sgd,exchange_rates_malaysian_ringgit_rm_unit_of_100_idr,exchange_rates_malaysian_ringgit_rm_unit_of_100_thb
1997-01-01,Monthly,,3.4682,2.4868,4.003,,174.66,32.09,2.0407,0.29971782751302334,1.7658,0.1046,9.5868,3.5275,2.491,4.1443,,179.34,32.19,2.1161,0.3003003585877596,1.7721,0.10515566728645917,9.68548870118537
1997-02-01,Monthly,,3.4391,2.4832,4.0414,,168.64,32.07,2.0659,0.2991416929864744,1.7436,0.1036,9.5966,3.4392,2.486,4.0371,,170.71,32.09,2.0221,0.2998623663508759,1.7511,0.10435293062130671,9.580657258552831
1997-03-01,Monthly,,3.4381,2.479,4.0501,,170.67,31.99,1.9992,0.29883671870291123,1.7158,0.1033,9.5392,3.4128,2.4769,3.987,,169.23,31.98,2.0201,0.29855570804300996,1.7245,0.1032020329504009,9.541596414121093
1997-04-01,Monthly,,3.4226,2.511,4.0992,,171.58,32.42,1.978,0.30273072517933575,1.7383,0.1032,9.6132,3.4301,2.501,4.0786,,171.3,32.28,1.9917,0.30168578335919993,1.7352,0.10371079752622446,9.603981552996897
1997-05-01,Monthly,,3.499,2.514,4.1199,,177.86,32.45,2.1585,0.30303541925447114,1.7582,0.1032,9.8783,3.4745,2.507,4.0938,,175.32,32.38,2.1113,0.3022064620862284,1.7464,0.10288164231294644,9.734964335195164
1997-06-01,Monthly,,3.503,2.5235,4.1989,,173.68,32.57,2.2088,0.30454238432961833,1.7647,0.1038,9.747,3.4978,2.5158,4.1373,,174.8,32.49,2.202,0.30349000689040356,1.763,0.10356624974580071,10.260468624135793
1997-07-01,Monthly,,3.5813,2.636,4.3178,,173.94,34.03,2.2278,0.3179619555384003,1.7917,0.1012,8.1992,3.5459,2.5729,4.3019,,173.89,33.22,2.2349,0.31095404296039303,1.7747,0.10294687608545061,8.63685919294022
1997-08-01,Monthly,,4.0389,2.962,4.7881,,199.66,38.24,2.4787,0.3533301158301158,1.9379,0.0974,8.6609,3.7213,2.7476,4.4105,,181.58,35.48,2.3311,0.33271700273783206,1.8356,0.10132826733179968,8.562889345221825
1997-09-01,Monthly,,4.3552,3.1975,5.1481,,219.61,41.32,2.6419,0.3917079058539529,2.0899,0.0977,8.7245,4.0973,3.0134,4.824,,204.86,38.91,2.4944,0.36481285489000526,1.9853,0.1006196514029939,8.602224568406571
1997-10-01,Monthly,,4.7555,3.437,5.7364,,246.29,44.45,2.8606,0.40140522007871166,2.1634,0.0938,8.383,4.4998,3.2856,5.3569,,226.13,42.47,2.7129,0.39665914454981704,2.1089,0.0919637325055911,8.815626443431027
1997-11-01,Monthly,,4.7884,3.501,5.866,,246.55,45.29,2.7449,0.42330917874396135,2.1996,0.096,8.7362,4.6407,3.3864,5.7141,,240.88,43.8,2.7073,0.4082775600685279,2.14,0.09797515712628448,8.665769456862204
1997-12-01,Monthly,,5.2539,3.8883,6.4449,,267.42,50.18,2.9921,0.4680234313666284,2.32,0.0721,8.2337,5.092,3.7742,6.2755,,262.47,48.73,2.9149,0.4562269936160214,2.2899,0.07900308524913151,8.532727743373359
1998-01-01,Monthly,,6.1243,4.545,7.5345,,313.34,58.68,3.5972,0.5258319743914961,2.5898,0.0354,8.3395,5.9572,4.3985,7.1902,,298.12,56.8,3.3796,0.5291032732769183,2.5076,0.049555555555555554,8.250277777777777
1998-02-01,Monthly,,4.9429,3.675,6.0404,,250.34,47.45,2.889,0.4455422821872471,2.2707,0.042,8.5666,5.1173,3.8245,6.2729,,261.54,49.4,3.0393,0.4622034267238937,2.311,0.04235263157894737,8.354642105263157
1998-03-01,Monthly,,4.8666,3.643,6.1079,,239.4,47.02,2.7675,0.439046779317092,2.2684,0.0429,9.4014,5.0283,3.7408,6.2103,,251.55,48.29,2.9073,0.4509050395238393,2.3126,0.039104545454545454,9.065377272727272
1998-04-01,Monthly,,5.0713,3.7365,6.2435,,249.43,48.24,2.8295,0.4499933558028002,2.3589,0.046,9.6488,5.0128,3.7316,6.243,,247.92,48.16,2.8338,0.4506836613470742,2.3309,0.046210000000000015,9.418465000000001
1998-05-01,Monthly,,5.1792,3.8785,6.3063,,262.81,50.05,2.7954,0.46115009723044226,2.3128,0.0335,9.6373,5.1255,3.8155,6.2484,,258.23,49.24,2.826,0.45937627066743697,2.3296,0.037373684210526316,9.760305263157894
1998-06-01,Monthly,,5.5592,4.175,6.9639,,274.36,53.88,2.9695,0.49881034336992885,2.4472,0.028,9.8549,5.3296,3.9967,6.5904,,267.64,51.59,2.8457,0.4834143110168188,2.3583,0.029609090909090908,9.433631818181818
1998-07-01,Monthly,,5.5074,4.1425,6.78,,277.8,53.47,2.8844,0.5019142743269847,2.4022,0.0314,10.157,5.532,4.1549,6.8339,,274.63,53.62,2.953,0.5027385095736172,2.4335,0.02933181818181818,10.07352272727273
1998-08-01,Monthly,,5.5739,4.22,6.9852,,285.35,54.46,2.983,0.5042270531400966,2.3823,0.0386,10.0537,5.5629,4.1982,6.8506,,280.45,54.18,2.9005,0.5074017276627218,2.3958,0.03436,10.101894999999999
1998-09-01,Monthly,,5.2112,3.8,6.4914,,274.21,49.04,2.8092,0.4596520898767818,2.2546,0.0354,9.6855,5.2034,3.8138,6.4043,,271.74,49.21,2.8356,0.4597929784182215,2.207,0.0343952380952381,9.421138095238096
1998-10-01,Monthly,,5.3517,3.8,6.3823,,282.95,49.05,3.2854,0.4584440686156076,2.3435,0.0499,10.3191,5.3365,3.8,6.4363,,283.87,49.04,3.1329,0.4589443622285199,2.3171,0.0445809523809524,9.97015238095238
1998-11-01,Monthly,,5.2446,3.8,6.2748,,269.16,49.07,3.072,0.459036988717354,2.2963,0.0514,10.5191,5.2893,3.8,6.3156,,274.59,49.07,3.158,0.45900933991555576,2.3187,0.048699999999999986,10.4206
1998-12-01,Monthly,,5.3505,3.8,6.3313,,274.97,49.05135,3.3141,0.458998176086195,2.2879,0.0476,10.3613,5.3305,3.8,6.3505,,279.53,49.05,3.2358,0.4590535139871871,2.2991,0.049559090909090914,10.491927272727274
1999-01-01,Monthly,,5.29027761,3.8,6.2581299995,4.3381799995,269.47535789268204,49.0418502198392,3.26905795533293,0.459,2.24888703506644,0.0429655406286259,10.3107817211701,5.34124102875,3.8,6.2717,4.419523749500001,274.71,49.04,3.3596,0.4589958333333331,2.2651,0.04478999127900973,10.38597792753317
1999-02-01,Monthly,,5.18919628,3.8,6.0831399995,4.1797199995,262.53162021979,49.0418502198392,3.15062029860961,0.459,2.20236039884841,0.043355899033013,10.1334513476802,5.244156876875,3.8,6.188098234794118,4.258514117147058,266.3326918160874,49.040137904417335,3.2617403623448857,0.459041176470588,2.234347592339507,0.04350592236718871,10.242495180322427
1999-03-01,Monthly,,5.15985989,3.8,6.1236099995,4.0687599995,255.035006290055,49.033939851811,3.15598460645726,0.4589,2.1938422443979,0.0435783172875961,10.0970857936969,5.178145371904761,3.8,6.158483635886364,4.140744090431818,259.60130536952516,49.0383983666632,3.1771019341165996,0.45898636363636347,2.1974839144705496,0.04281744674771401,10.132890900985672
1999-04-01,Monthly,,5.134674,3.8,6.1234199995,4.0385499995,250.40538822660898,49.0272973960732,3.18868826062851,0.459,2.23329248192939,0.0463867345329963,10.2041845753186,5.14846253409091,3.8,6.116977272227271,4.070478635863637,254.18330093510835,49.03520589887725,3.1751,0.45897272727272714,2.216875668437792,0.044214004883964535,10.098834948610003
1999-05-01,Monthly,,5.110392,3.8,6.0871299995,3.9739499995,249.542133936384,49.0007449485196,3.13024880064833,0.459,2.19879254017156,0.0470426282704247,10.2357948767551,5.125590190476191,3.8,6.137217618547618,4.040947618547618,252.08066806708777,49.01469684710208,3.118339309051144,0.45901904761904744,2.2194510703578807,0.04760440298567755,10.264193804986629
1999-06-01,Monthly,,5.076306,3.8,5.9833899995,3.9254999995,245.17131578364402,48.979902479206,3.15088152495981,0.459,2.23381756842556,0.0566086994184599,10.2912353871732,5.092188272727273,3.8,6.065668635863636,3.946280454068182,247.44885571140114,48.98702067747575,3.1452080392458996,0.4590227272727271,2.219716702364427,0.05184253303325081,10.292821261224505
1999-07-01,Monthly,,5.175828,3.8,6.1323499995,4.0689499995,255.12919620351,48.9565547246738,3.29685111975275,0.4591,2.25168519445683,0.0554130715726829,10.2302836617044,5.087022,3.8,5.981947726772727,3.933549090431818,245.20670386038103,48.96875721455694,3.1745517133021095,0.4590590909090908,2.240076919676739,0.05623629300316604,10.246144795710718
1999-08-01,Monthly,,5.170128,3.8,6.0401999995,3.9817399995,248.62788320418102,48.9376404470957,3.42800148636567,0.4591,2.25248594803057,0.0495793549154285,9.92565983578758,5.183191555555556,3.8,6.108111428071429,4.034306666166667,252.11988343761868,48.94757663016043,3.347871185570894,0.4590761904761904,2.2635222529461676,0.0514738506046588,10.01242181197174
1999-09-01,Monthly,,5.273222,3.8,6.24948,4.04586,252.76883001083502,48.9176960271848,3.55821939992341,0.459,2.23174976665183,0.0452654401393962,9.25475257848004,5.230143818181819,3.8,6.165343181522728,3.9896963633409097,249.0266807736246,48.92973800939312,3.5438760473460205,0.45901818181818166,2.2408756080364602,0.046331510283140746,9.535688643747617
1999-10-01,Monthly,,5.246736,3.8,6.2244,4.00045,249.50757777846002,48.9029022036357,3.61594875871142,0.459,2.27531305945472,0.055232674825655,9.8140522051869,5.279595142857144,3.8,6.299658095238096,4.073337619047619,255.58020278452452,48.910096286960155,3.582974691280705,0.4590047619047617,2.2667337646641608,0.050757073030194416,9.633554816418624
1999-11-01,Monthly,,5.204594,3.8,6.09691,3.84028,239.51342125568397,48.9032167240434,3.72695231938929,0.459,2.25773889570093,0.051041059177301,9.72240387537193,5.230982,3.8,6.1721595,3.9367239999999994,245.2242509542129,48.8956195059172,3.626701449041943,0.4590049999999998,2.275112328234857,0.054419996382515344,9.803503613289156
1999-12-01,Monthly,,5.20961,3.8,6.1389,3.83325,238.36409320028298,48.8808852034905,3.71148139528645,0.4589,2.28091257039243,0.0541932531713145,10.1198581560284,5.216868,3.8,6.132646521739132,3.8461782608695656,240.2019963694962,48.88937828062648,3.702527688320315,0.4589434782608695,2.2691270285782488,0.0531588870408421,9.948215081843085
2000-01-01,Monthly,,5.165568,3.8,6.16132,3.7270399999999997,231.48149522511528,48.84256006599797,3.5563879574570763,0.459,2.228085796894177,0.0511786600496278,10.1265867731913,5.211807666666666,3.7999999999999985,6.2330165,3.8573515,239.54795642165107,48.85190115539281,3.620227580997414,0.45895499999999984,2.270181676029428,0.05239265051825851,10.178153491528388
2000-02-01,Monthly,,5.089264,3.8,6.073919999999999,3.6913199999999997,229.8850785044514,48.82749779229077,3.444525470965007,0.459,2.216389806464343,0.0508022298361224,9.99474237644585,5.110212555555555,3.7999999999999985,6.0923300000000005,3.7418599999999995,232.8188811769697,48.83426866201555,3.468528538427747,0.45900526315789464,2.234912950807387,0.0512594293018443,10.07097228028076
2000-03-01,Monthly,,5.118106,3.8,6.058719999999999,3.6449599999999998,228.77095999449207,48.802727865937364,3.5989962712876227,0.4589,2.2107163427370295,0.0500066664125597,10.0356573524004,5.101975904761905,3.7999999999999985,6.007912272727273,3.668088181818182,228.6233063720775,48.81471154529233,3.560766119264275,0.45896363636363624,2.2154695435219085,0.05091137118357365,10.025124735128871
2000-04-01,Monthly,,5.044348,3.8,5.97645,3.46237,220.085736051735,48.78612440023186,3.5690812792792115,0.4589,2.2293929756446795,0.0478891749865499,9.99474237644585,5.083996777777778,3.7999999999999985,6.016399999999999,3.5982299999999996,228.64840203030013,48.79446655826383,3.6013667756933,0.4589473684210525,2.223925153261593,0.04887909710612006,10.011568229058065
2000-05-01,Monthly,,5.016076,3.8,5.69544,3.5400799999999997,225.45240785522944,48.763899365569465,3.5714290761813947,0.4591,2.1956435645468315,0.0440963490380245,9.7025419568589,4.981047599999999,3.7999999999999985,5.737945714285713,3.4487080952380955,221.45036172072247,48.77621043293099,3.514284502412074,0.458990476190476,2.198920425317129,0.04557572943286652,9.763637049828825
2000-06-01,Monthly,,5.081664,3.8,5.7708699999999995,3.61855,232.4443574420717,48.747322304896045,3.599849235089024,0.459,2.197611633280931,0.0434932041262672,9.70501994046365,5.055831238095239,3.7999999999999985,5.737176666666667,3.6039652380952383,230.92060165698746,48.75887954678568,3.5775266297993276,0.45902380952380945,2.198890252942485,0.04403855479426249,9.72454531805038
2000-07-01,Monthly,,4.99073,3.8,5.7150099999999995,3.50987,226.62215755480273,48.72919411687231,3.470954322798768,0.4589,2.192729553560243,0.0422809752015163,9.17320792760033,5.030951100000001,3.7999999999999985,5.733919523809525,3.5742166666666666,230.5077085575953,48.738986206932026,3.521683812145059,0.4589238095238094,2.183698538230418,0.04148460189602322,9.454328425427676
2000-08-01,Monthly,,4.95824,3.8,5.520829999999999,3.3943499999999998,219.17177967632134,48.71982275748975,3.572100523838091,0.459,2.207633951452209,0.0453056147832267,9.27847762115547,4.972379454545456,3.7999999999999985,5.6690904545454535,3.445719090909091,222.1140769042523,48.72293205726865,3.512601690557581,0.45892272727272715,2.2091580915749103,0.0450826409847535,9.299125523453299
2000-09-01,Monthly,,4.931982,3.8,5.561109999999999,3.34837,219.61511398646806,48.73263100300953,3.5196593375168055,0.459,2.1824031204615006,0.0431941206225907,8.983452038711,4.916445428571429,3.7999999999999985,5.448087142857143,3.311102857142857,216.34953028350336,48.727483355958086,3.5582561108462705,0.45900476190476186,2.186506365010036,0.0442297918543579,9.07667954303536
2000-10-01,Monthly,,4.861492,3.8,5.51038,3.1969399999999997,210.32823883540382,48.721071871590084,3.486559133629596,0.459,2.1630238546262275,0.0402969700241103,8.63734615691027,4.891225100000001,3.7999999999999985,5.524639047619048,3.255812857142856,215.19720285791232,48.73352556112489,3.5062906169509307,0.4590047619047618,2.170018712689001,0.042616510158387806,8.79471102737623
2000-11-01,Monthly,,4.871486,3.8,5.40246,3.2626799999999996,216.22853690663555,48.71951029076486,3.4181890516192617,0.4591,2.161301505697507,0.0398740928228229,8.64717540068096,4.8762246000000005,3.7999999999999985,5.421365,3.249561363636364,213.73980205541665,48.7244374737882,3.489485302161795,0.4590681818181817,2.17538057258399,0.04072170672802486,8.692583994654912
2000-12-01,Monthly,,4.951058,3.8,5.66618,3.5330500000000002,232.3448703857398,48.72107206380831,3.3121247465541663,0.4591,2.1946296664586176,0.0395226496411814,8.77902568469334,4.915010777777778,3.799999999999999,5.542500555555554,3.3943288888888885,224.60691987106642,48.72398804251646,3.395239765053884,0.45910000000000006,2.1878533113697802,0.04019679440385048,8.784964583056341
2001-01-01,Monthly,,4.931602,3.8,5.55427,3.5193699999999994,230.84869391892582,48.72419560993373,3.262363238494294,0.459,2.178586829905785,0.0402116514687863,8.92752864865342,4.9506666,3.7999999999999985,5.6262419999999995,3.571629499999999,233.68875541417532,48.72052557619008,3.2550432610474553,0.4590349999999999,2.188243427413811,0.040046526889753783,8.804284384115727
2001-02-01,Monthly,,4.911424,3.8,5.47922,3.48346,226.41961134929608,48.72044740264025,3.2660083384303533,0.459,2.182653827351845,0.0386768848506729,8.86504442454684,4.912453999999999,3.7999999999999985,5.52251,3.49957,227.87650201281622,48.721351536459785,3.27114019149594,0.459078947368421,2.1800328692206823,0.03943726200857513,8.910823366073672
2001-03-01,Monthly,,4.79047,3.8,5.42735,3.3413399999999998,219.2286658232923,48.723570868668574,3.05441716326622,0.4591,2.110525016965883,0.0365121496362495,8.47741479534958,4.863391999999999,3.7999999999999985,5.49442,3.4617335,225.33868616597576,48.72135319337109,3.135606886477034,0.45904499999999987,2.147336519427278,0.037166290805845506,8.657316009253817
2001-04-01,Monthly,,4.810116,3.8,5.451099999999999,3.3857999999999997,220.25156895320626,48.72232143419961,3.0664948320950556,0.459,2.0896344719683624,0.0322312836686772,8.33607636603028,4.816970476190475,3.7999999999999985,5.453986190476191,3.3945761904761906,222.11404618249912,48.72336271199079,3.067687701816036,0.45903809523809513,2.098067889231318,0.03440312244567613,8.357299525841947
2001-05-01,Monthly,,4.766074,3.8,5.418229999999999,3.25147,213.44718866117285,48.72232143419961,3.1708950780082787,0.4591,2.1016538303128787,0.0342728733247921,8.38389664882652,4.793497333333333,3.7999999999999985,5.42168619047619,3.325696666666666,216.91770201248494,48.720938215092595,3.119630011785701,0.45908095238095226,2.095375221752942,0.03368076926659055,8.353914144039825
2001-06-01,Monthly,,4.73347,3.8,5.35553,3.2142299999999997,211.2754527780794,48.720134927901015,3.062663835804816,0.4591,2.087682829764921,0.0332124427114258,8.39500974074337,4.7485655,3.7999999999999985,5.327733,3.2446679999999994,213.05966779403622,48.721821704868184,3.1087633922067788,0.45909500000000003,2.0927605704775445,0.03364278832323635,8.397882571085216
2001-07-01,Monthly,,4.783212,3.8,5.42925,3.32747,220.37930287768683,48.72169674099456,3.043896206650416,0.459,2.109353479168374,0.0400635361019779,8.31510006082865,4.75509890909091,3.7999999999999985,5.373813181818182,3.2679654545454544,215.9152194985424,48.720064098398524,3.049679429854656,0.4590909090909088,2.083834665677911,0.03510587908422952,8.332285469966127
2001-08-01,Monthly,,4.895274,3.8,5.5067699999999995,3.4498299999999995,227.39514931409394,48.72169674099456,3.166007219214216,0.4592,2.169321407548268,0.0416896356655393,8.5662776655379,4.843545636363635,3.7999999999999985,5.454727272727272,3.419360909090909,225.7933177635946,48.72176774196802,3.121037587996764,0.459090909090909,2.154775630744345,0.0425228858851664,8.450727723591765
2001-09-01,Monthly,,4.898238,3.8,5.59379,3.47605,235.2941402001495,48.71982275748975,3.1867165642380737,0.459,2.15273074149378,0.0392765277476944,8.55181823568767,4.8858823000000005,3.7999999999999985,5.5603785,3.4639945000000005,232.22149029024925,48.72061920449117,3.1988866058622625,0.45906499999999995,2.1734988902208436,0.04092344235043246,8.570922967171981
2001-10-01,Monthly,,4.859744,3.8,5.52368,3.4426099999999997,234.27868255863396,48.71794874997892,3.116798424464639,0.459,2.0839047357835065,0.0363636696629378,8.50968803276758,4.859342521739131,3.7999999999999985,5.520697826086956,3.4461786956521734,232.79507211596254,48.72042027376744,3.1346950544956327,0.45910434782608683,2.1009971488416816,0.0376280016549476,8.49653784097057
2001-11-01,Monthly,,4.811104,3.8,5.41576,3.37079,229.49632937325566,48.736695403882436,3.0673608638575582,0.459,2.075595522955756,0.0363288801938917,8.64619064143697,4.820469099999999,3.7999999999999985,5.465340499999999,3.3779339999999998,230.4290789532226,48.72144721987959,3.1067183527027686,0.45909499999999986,2.0777474535230924,0.03595587715726106,8.556697442748263
2001-12-01,Monthly,,4.771356,3.8,5.5160800000000005,3.36623,227.57217739006697,48.73481866319807,2.8954589705860494,0.4592,2.0529449535929016,0.0365393061045235,8.6021515294627,4.800696222222222,3.799999999999999,5.467725,3.3873411111111107,229.5037069495603,48.72603605180206,2.9862279121622883,0.45910555555555554,2.068293981053308,0.03697366905307873,8.652964081729314
2002-01-01,Monthly,,4.709074,3.8,5.37529,3.27731,222.50850266209676,48.72388319924876,2.8609074073794862,0.4592,2.0755954672239074,0.0368039517697978,8.6501280006129,4.759750454545453,3.7999999999999985,5.450573181818182,3.362075909090909,228.04441263174238,48.72643940071396,2.866135918223828,0.4591090909090907,2.0666113986713186,0.03654097316718034,8.632231336155174
2002-02-01,Monthly,,4.718194,3.8,5.39315,3.28719,222.6780150143777,48.724195441710435,2.8378328908222343,0.4591,2.071635110040246,0.0373061096566265,8.69466020678003,4.729627529411765,3.799999999999999,5.4090764705882375,3.305932941176471,223.75512416392692,48.72206424390071,2.8449002388701494,0.4591352941176471,2.075424551046165,0.03712482505703367,8.676580102454759
2002-03-01,Monthly,,4.737916,3.8,5.414619999999999,3.3124599999999997,225.85440330421793,48.72107206380831,2.861445929159106,0.4591,2.0624153486237504,0.0386770952035637,8.73563403052113,4.7493578,3.7999999999999985,5.40778,3.3301990909090904,226.6958461749426,48.72236849729802,2.8937621151333515,0.45910454545454543,2.0769143116443494,0.03833387102545037,8.759337848515358
2002-04-01,Monthly,,4.817374,3.8,5.53945,3.43463,234.6186013923102,48.72732015750387,2.970955119169629,0.459,2.100259929366818,0.0408273163298876,8.78917649450452,4.774873714285714,3.7999999999999985,5.477482857142856,3.3685099999999992,229.4572254002855,48.72206884429146,2.90089238320594,0.4590434782608695,2.0768350000576072,0.04011388336386056,8.752331719305616
2002-05-01,Monthly,,4.904508,3.8,5.572699999999999,3.56649,243.644413659209,48.71888566964534,3.08004065331747,0.4591,2.129448191832787,0.0432,8.9623,4.869875523809523,3.7999999999999985,5.5499995238095226,3.4845257142857147,239.29947010042923,48.72459777945411,3.0058944405046946,0.459095238095238,2.1115504568709738,0.041680306310488635,8.87838236135291
2002-06-01,Monthly,,5.055748,3.8,5.80545,3.75953,255.2562822825326,48.72419621073122,3.1819133849262107,0.4591,2.152974677027717,0.0435655237543202,9.14010837032247,4.9574002,3.7999999999999985,5.629766500000001,3.6265204999999994,246.48055735161427,48.72100982478416,3.076817809006667,0.45908499999999997,2.131104102124005,0.043718752895096524,9.01609726159769
2002-07-01,Monthly,,5.025424,3.8,5.96904,3.74015,256.8174979541776,48.720759773268966,3.1701011412492157,0.4592,2.1545616065111077,0.0419010323106004,9.06380763552473,5.05557947826087,3.7999999999999985,5.9116104347826095,3.7737221739130438,258.02348687262815,48.719619127027876,3.219721048400602,0.45911739130434764,2.1686321693841024,0.04242583047935843,9.225814838057207
2002-08-01,Monthly,,5.044538,3.8,5.88221,3.743,254.3933125650689,48.71857351523901,3.221294503828434,0.459,2.1732915703383298,0.0428676290740034,9.00687417275095,4.848946818181818,3.7999999999999985,5.847327727272726,3.718265454545455,254.13127806819284,48.71901354682218,3.1935121505809176,0.4591136363636362,2.164654639162004,0.042583591537231735,9.010274368982962
2002-09-01,Monthly,,5.026222,3.8,5.946429999999999,3.73787,255.14486904156595,48.720134895866494,3.1279582318247554,0.459,2.138435734861647,0.0421519819072674,8.76080796415247,5.022736857142857,3.7999999999999985,5.911877142857143,3.728017142857143,254.43567211813763,48.7192723959224,3.1504817353414474,0.4590904761904761,2.1524107214274433,0.04244942616914068,8.876955699793042
2002-10-01,Monthly,,5.022194,3.8,5.93028,3.75269,256.453525100167,48.72075958105445,3.0977420944597815,0.4591,2.151511892503496,0.0411767903818942,8.78105247037286,5.006949391304349,3.7999999999999985,5.919441739130435,3.7295595652173916,254.63916936208085,48.721139908138746,3.066719820037393,0.4590782608695651,2.1279633257760766,0.04156955524236267,8.704406521334715
2002-11-01,Monthly,,5.034278,3.8,5.8919,3.7758700000000003,255.91811346065424,48.725132569619106,3.1067327463896595,0.4591,2.1550503632633227,0.0423280456104869,8.75878864640235,5.060498105263158,3.7999999999999985,5.975849999999999,3.8067545000000003,259.4089158804276,48.72212413021136,3.1275267221341085,0.4590749999999999,2.1526404799621233,0.04191403063181622,8.772572268501897
2002-12-01,Monthly,,5.1474,3.8,6.09235,3.98107,273.86401379105064,48.72450780432884,3.2020224719898915,0.459,2.1886881206974733,0.0425056460240105,8.80955436756931,5.0922924,3.7999999999999985,6.0275124999999985,3.8736725,264.09584598954,48.72574185297161,3.116677011363747,0.4590599999999999,2.168046801487085,0.0426170481185086,8.776554968879577
2003-01-01,Monthly,,5.221618,3.8,6.285769999999999,4.1110299999999995,280.14302990004313,48.71919800022552,3.1939483592372087,0.4591,2.186798822933244,0.0428048471006217,8.88681204705359,5.188248818181818,3.7999999999999985,6.143874545454545,4.0365068181818184,276.23162872305085,48.72249168419685,3.198914050498017,0.45909999999999995,2.1895452115354077,0.04271433658294555,8.883023221413206
2003-02-01,Monthly,,5.20923,3.8,6.0020999999999995,4.08671,279.3193522967557,48.72325835385308,3.2281358040202726,0.4591,2.1864841213096713,0.0426798483697447,8.90868707050179,5.209554117647058,3.799999999999999,6.108768235294117,4.096053529411765,279.1842164651209,48.721953860187504,3.187034453555796,0.45909411764705893,2.1771151766544286,0.04270125567220941,8.860053010101225
2003-03-01,Monthly,,5.22006,3.8,5.98975,4.11445,278.663889393882,48.722633604585,3.17739049797191,0.4591,2.152303857829562,0.042660682563359,8.85884244009503,5.203184200000001,3.7999999999999985,6.0174995,4.103658000000001,279.2683532714957,48.72421111551647,3.202917370993375,0.4591,2.16697882195662,0.0425536622297968,8.890914901696533
2003-04-01,Monthly,,5.2742,3.8,6.062709999999999,4.223129999999999,279.4632216275506,48.72232143419961,3.1807149129439853,0.4591,2.142112277950976,0.0438166655032923,8.86918068797748,5.201957142857144,3.7999999999999985,5.984179545454547,4.127274999999999,275.916924009295,48.72134170119607,3.1710700581402786,0.45909999999999995,2.139743715542406,0.04314067892880066,8.85775482422914
2003-05-01,Monthly,,5.39581,3.8,6.27608,4.51174,295.122737397172,48.727944201693234,3.211493910528716,0.4591,2.1956435645468315,0.0456594601657286,9.09961738003524,5.356555999999999,3.7999999999999985,6.17035,4.400980000000001,290.41047243292064,48.72421198598445,3.2377655500453213,0.45910000000000006,2.1913208003220923,0.0452235318897885,9.010892532013175
2003-06-01,Monthly,,5.323268,3.8,6.28349,4.3462499999999995,281.22113817285737,48.7285690551128,3.170762372529067,0.4591,2.1631469845974847,0.0458992739104919,9.05408830810219,5.376287047619047,3.7999999999999985,6.309094761904762,4.4382914285714286,288.4014897515423,48.725816943944544,3.21221066509007,0.4591,2.1913073157907226,0.04617542812610019,9.12716861614496
2003-07-01,Monthly,,5.28941,3.8,6.141369999999999,4.308249999999999,278.25578496290075,48.72200890337733,3.163371537358165,0.4591,2.159397685292826,0.0446796620028292,9.04869742781132,5.313652347826087,3.7999999999999985,6.17538,4.32248347826087,279.3437910318092,48.72401910276989,3.2018409922835427,0.45909999999999995,2.1649841965067593,0.045603475260480274,9.096600555121404
2003-08-01,Monthly,,5.233626,3.8,5.993169999999999,4.1323099999999995,268.750671437765,48.72200890337733,3.2438432481691395,0.4591,2.1626544367268834,0.0444704657819412,9.22666141572594,5.2658670999999995,3.7999999999999985,6.059118095238096,4.238302857142857,275.1896993315558,48.72306502656997,3.198164016914208,0.4591,2.167280559715632,0.04469801605802154,9.118652500082323
2003-09-01,Monthly,,5.4332,3.8,6.343909999999999,4.415979999999999,286.90072379344923,49.05979487099361,3.42049603427255,0.4591,2.1984380697137382,0.045235406660948,9.50475297082965,5.308004761904762,3.7999999999999985,6.125889523809524,4.270367619047619,275.9236580743001,48.79386468494173,3.3038189639102447,0.4591,2.176774610792213,0.04490430437907914,9.389370455135886
2003-10-01,Monthly,,5.440764,3.8,6.44613,4.41693,285.03920291268804,48.946995759153694,3.4878389281425566,0.4591,2.1883100000265303,0.0447321978885033,9.52023183428142,5.441660454545454,3.7999999999999985,6.3686618181818195,4.445490454545455,287.189294156285,49.080518076079166,3.4703975933110573,0.45909999999999995,2.1925780399368646,0.045041109984562094,9.571149966641723
2003-11-01,Monthly,,5.470404,3.8,6.513769999999999,4.52903,292.55526679289795,48.92430914687965,3.4717465609067824,0.4591,2.2016224327293457,0.0447453674336251,9.51903867347914,5.443954000000001,3.799999999999999,6.415360555555555,4.4424744444444455,284.80396849070644,48.9478902064789,3.480454510091276,0.45910000000000006,2.1973887682946556,0.04471391990120843,9.522952517736575
2003-12-01,Monthly,,5.646686,3.8,6.767799999999999,4.778309999999999,306.31575948769284,48.94825674343011,3.5545579793373134,0.4591,2.2342429024050956,0.0448642892189661,9.59474951417093,5.575968272727272,3.7999999999999985,6.648324545454545,4.665415454545454,300.1358857950352,48.942655724042226,3.5244883608333426,0.45909999999999995,2.221387347027204,0.04475251330143958,9.56493176053993
2004-01-01,Monthly,,5.628978,3.8,6.90175,4.71523,301.71901621561534,48.88088520349046,3.5860899462216977,0.4591,2.232274174841142,0.0449783999501241,9.67290455391039,5.667050000000001,3.7999999999999985,6.9107199999999995,4.788290000000001,305.9077964531194,48.93607114893552,3.5712118861913886,0.45910000000000006,2.236964647564309,0.04529928710292061,9.713522246183539
2004-02-01,Monthly,,5.624266,3.8,7.081869999999999,4.72967,299.90924966945005,48.82310637889567,3.4703197504745855,0.4591,2.231094602798088,0.0449278814433105,9.65938226269343,5.691792,3.799999999999999,7.11727705882353,4.814767647058822,306.01022414287405,48.885542259741676,3.568827260126394,0.4591000000000001,2.255495219164608,0.04508370704531947,9.7256425988051
2004-03-01,Monthly,,5.625938,3.8,6.96673,4.652149999999999,298.3082895444178,48.74888584964066,3.633408440151553,0.4591,2.263319386672342,0.0442426365294075,9.62390920198965,5.5974710434782615,3.7999999999999985,6.949514347826087,4.6627734782608705,297.63998451869895,48.76595001415947,3.498695329313147,0.45909999999999995,2.235727296760575,0.044299827088188824,9.632762360962731
2004-04-01,Monthly,,5.516954,3.8,6.74804,4.54955,294.58507250132624,48.714826773295336,3.4474939401047773,0.4591,2.2303087908274604,0.0437158506105449,9.49881398385578,5.551534000000001,3.7999999999999985,6.865071363636363,4.559965454545455,293.42309014195007,48.740796592270634,3.538627782616875,0.45909999999999995,2.256973558218914,0.04411106006068883,9.644452629159321
2004-05-01,Monthly,,5.581516,3.8,6.973949999999999,4.63809,303.3447830175709,48.757330440739665,3.4616262328275473,0.4591,2.2377953768657735,0.040981423414035,9.37924354159242,5.517109999999999,3.7999999999999985,6.79354,4.563949999999999,296.53498354775115,48.735237374423484,3.386911029351552,0.45910000000000006,2.2205460009473614,0.042075121652185576,9.369136002048721
2004-06-01,Monthly,,5.571636,3.8,6.871919999999999,4.593249999999999,300.3596528776385,48.72294614342408,3.4990793083605265,0.4591,2.2139363332952717,0.0403718487975922,9.28414421409678,5.570276636363637,3.7999999999999985,6.95052818181818,4.613191363636363,303.83685543525627,48.73571526764936,3.471970349125608,0.45909999999999995,2.2197051294493786,0.04041219009894583,9.314943201172234
2004-07-01,Monthly,,5.539488,3.8,6.90726,4.5776699999999995,296.88660845891064,48.72107206380831,3.3951309998581967,0.4591,2.2034096714651517,0.0413830686814132,9.18540487859602,5.595182181818181,3.7999999999999985,7.00448818181818,4.66418909090909,305.51169610322825,48.72017779982677,3.4757202905920153,0.45909999999999995,2.2196020612107112,0.042003200213381046,9.283492666404236
2004-08-01,Monthly,,5.540172,3.8,6.800669999999999,4.5620899999999995,296.1923803961679,48.71794872595627,3.4478067373006986,0.4591,2.216583637172942,0.0406308502702378,9.11817649597629,5.567631523809523,3.7999999999999985,6.921763333333333,4.632299523809526,301.1202054358082,48.722277255771054,3.442013636416753,0.4591,2.2163384632406045,0.04111092390567624,9.160041151950852
2004-09-01,Monthly,,5.582162,3.8,6.83468,4.682549999999999,301.4557256329671,48.72482036722015,3.4263560642808812,0.4591,2.2475233376203434,0.0414372202432627,9.16435667980732,5.566288363636363,3.7999999999999985,6.814514090909091,4.642865909090909,300.89765493856515,48.72200931623406,3.4527237869626286,0.45909999999999995,2.2406421872900655,0.04136225205464324,9.162952808927201
2004-10-01,Monthly,,5.695364,3.8,6.960649999999999,4.8431,316.3898524373628,48.85103649574821,3.5800086775609428,0.4591,2.2868149148748262,0.0418087843986567,9.26716378125071,5.621251333333334,3.7999999999999985,6.863740952380952,4.745277142857144,307.53654020456287,48.783313460688,3.486920476076244,0.4591,2.265002062094886,0.041742145890583754,9.19871735544531
2004-11-01,Monthly,,5.83642,3.8,7.17858,5.03785,332.38575829529833,48.8664276803885,3.683419980759966,0.4591,2.3146738910234825,0.042130941758894,9.6044489896402,5.756084,3.7999999999999985,7.061540000000001,4.9332400000000005,324.2159581735193,48.86698088416326,3.630332498295528,0.45910000000000006,2.301882378386107,0.04209196497695098,9.424945085164712
2004-12-01,Monthly,,5.881792,3.8,7.3169,5.17294,335.17090935117693,48.87837023715953,3.702621382340844,0.4591,2.325794956066415,0.0408493078342223,9.76361832184938,5.852570000000001,3.7999999999999985,7.329423478260869,5.092941739130435,331.7232261452528,48.86471824732846,3.661320437618436,0.45909999999999995,2.31509330723935,0.041176917724825846,9.691412169328498
2005-01-01,Monthly,,5.777862,3.8,7.161669999999999,4.947979999999999,319.488838216925,48.72138421818877,3.6668919632711128,0.4591,2.3174973186202754,0.0414688741511435,9.85349559155467,5.7936301,3.7999999999999985,7.144864499999999,4.9928295,322.7407426593262,48.755807217163735,3.6802955071477377,0.4591,2.319859185432089,0.04128044087502245,9.802103674997769
2005-02-01,Monthly,,5.821562,3.8,7.30645,5.04374,327.75574547849845,48.720134927901015,3.6282045905799936,0.45089,2.336017925254682,0.0410212181406841,9.91390623179267,5.774940749999999,3.799999999999999,7.186785624999999,4.959510625,320.09379259538144,48.72029118679567,3.6242503454393957,0.45242937500000013,2.3213691117504958,0.04107146381381227,9.882642530983828
2005-03-01,Monthly,,5.741154,3.8,7.1415299999999995,4.91245,317.08946143504704,48.72388305506014,3.544610985167779,0.45089,2.303449323556368,0.0400780495088946,9.70130264914923,5.796364695652174,3.7999999999999985,7.236075652173912,5.011150869565216,323.46020242343917,48.72067837233946,3.609820293505215,0.45088999999999996,2.3294400393120958,0.040514474529058535,9.843670144824035
2005-04-01,Monthly,,5.763764,3.8,7.254199999999999,4.90789,319.12661494880933,48.72450802863087,3.5894772363754726,0.45089,2.3070853926135935,0.0396556465203909,9.57902758121452,5.738351499999999,3.7999999999999985,7.1966015,4.914464,317.52820065550054,48.72513304233148,3.5399357687700954,0.45089000000000007,2.298610819589145,0.039782316944181384,9.608975418159037
2005-05-01,Monthly,,5.60481,3.8,6.89206,4.71124,305.15961880440267,48.84978054782249,3.516402233113696,0.459131275297529,2.283997046311068,0.0399684487272458,9.38619370544253,5.6900002999999995,3.7999999999999985,7.055545499999999,4.827339499999999,312.4503961599017,48.77321429966476,3.5649465620383625,0.45789508400289974,2.301312323023216,0.040064397404215746,9.545807812476259
2005-06-01,Monthly,,5.535118,3.8,6.868499999999999,4.5947700000000005,296.78225735542566,48.8937783173066,3.446868515950448,0.459131275297529,2.257604761950092,0.039104710589242,9.20319743979578,5.5764723636363644,3.7999999999999985,6.9144972727272735,4.623917727272727,300.52880284457916,48.866989707694046,3.4987370749670053,0.4591312752975292,2.2733192645305085,0.03949107724571074,9.285635749657416
2005-07-01,Monthly,,5.44520093,3.7504999999999997,6.579877349999999,4.54748135,291.6861347663379,48.2460095922855,3.341351772832561,0.46256783423779,2.2564829658547887,0.0381827474697222,8.97571057270791,5.4486096585,3.788099999999999,6.640305004761904,4.563764928571429,292.9485024437096,48.714071756266456,3.384135759948417,0.46032015569554185,2.24957516987191,0.038621290080430505,9.079296596683372
2005-08-01,Monthly,,5.50336885,3.76975,6.760481350000001,4.602676375000001,297.3575343336498,48.51392169091872,3.398467586526313,0.4656628111811,2.2395000244097516,0.0345878367003367,9.11779119190214,5.467544249090909,3.758736363636363,6.738584922272727,4.621043174545454,297.49372423325104,48.36527745628002,3.3958552480987096,0.46391711106779693,2.2628457455776316,0.03766448481010555,9.128639229145021
2005-09-01,Monthly,,5.46337711,3.7691999999999997,6.643780605,4.542074535,291.6998884677498,48.590010764637825,3.3358706138576633,0.466927227293365,2.231484505526588,0.0366208634027309,9.19878142320345,5.524574191818181,3.768638636363636,6.818417215227272,4.620050632727272,298.2410484832665,48.54976827298819,3.392925910151563,0.4665827204867753,2.242193763192658,0.036760245727427414,9.180611590667963
2005-10-01,Monthly,,5.45746126,3.7748,6.69989267,4.551465175000001,294.7335631729638,48.68730799800442,3.2615892203222114,0.467881778075163,2.230837487047763,0.0373373013902712,9.2576350577084,5.45357976,3.7730119047619053,6.655807604047619,4.537398066190478,292.95588772792,48.64245512917504,3.287884639991537,0.46732922914134084,2.231562693848931,0.037364131698862095,9.224920924076725
2005-11-01,Monthly,,5.38296437,3.77825,6.495945300000001,4.452667675000001,287.60371781402665,48.726149715152474,3.1627742740309595,0.467857076729762,2.232942319585692,0.0376977031959538,9.16828685085832,5.384212421052632,3.7789973684210527,6.541362318947368,4.446443041578948,287.7410586913276,48.731324094853605,3.1873235051007085,0.4677476145271596,2.2248437087079864,0.03762461553297338,9.179475772514392
2005-12-01,Monthly,,5.40192597,3.7800000000000002,6.522579125,4.486671125000001,288.2525722843658,48.75374868671044,3.2229187690873533,0.468572774836432,2.2713619104864833,0.0384537256591262,9.20492070372773,5.406174075238094,3.778016666666667,6.598043021190476,4.47966539452381,289.49920128809674,48.72478923959616,3.1850759956385595,0.46798115601045814,2.255364918295961,0.038318677975964444,9.190367991407376
2006-01-01,Monthly,,5.43516149,3.751,6.681094,4.5812841,295.63367765722626,48.36380532655765,3.2263893712663103,0.4653528613242746,2.3092314614038836,0.0400363,9.62412044,5.435071547647059,3.7526611111111112,6.627503305277779,4.551859588055556,293.86830797335904,48.39631436371745,3.256073636327562,0.4653291955368198,2.2981534410735307,0.039592152777777785,9.459303786666668
2006-02-01,Monthly,,5.32898391,3.7135,6.46427525,4.4055108,281.059610567795,47.86301955855504,3.1907035088253433,0.4618752374989025,2.2857231802979214,0.04024384,9.44070352,5.343972339444444,3.72528611111111,6.504567280833332,4.4467264675000004,285.2425597926986,48.00457431548361,3.1592216817981074,0.4628314367549124,2.2858752602573227,0.04028245666666667,9.442149433333334
2006-03-01,Monthly,,5.3109731,3.686,6.433728950000001,4.4829134,284.0628929528944,47.500612484981055,3.139693451381969,0.4598848424378773,2.2777693449465826,0.0406619,9.49144055,5.331010815217391,3.7045565217391307,6.4646720167391285,4.454179682173912,283.90894485678683,47.740597029602895,3.1592326806441675,0.46114714946847146,2.2844374530280023,0.0404302552173913,9.50101092695652
2006-04-01,Monthly,,5.35370334,3.6254999999999997,6.529344475,4.54148282,287.77236738150054,46.75500599700545,3.1695591148162845,0.4523873406886677,2.290488832412795,0.04130448,9.65641491,5.318578883157893,3.662834210526316,6.468200632105263,4.49223581,285.18749044982593,47.2209388621035,3.129456028274678,0.4570687791424419,2.2875953910632574,0.04098767684210527,9.637986569473684
2006-05-01,Monthly,,5.42237922,3.6289999999999996,6.8297784,4.66889045,299.4595290799196,46.779028303572694,3.2348356128660702,0.4521921178018877,2.302300021251213,0.03933878,9.5099601,5.385549079523811,3.6153928571428575,6.7531376309523825,4.614088682142858,296.57663731497416,46.62521267050012,3.2339114845828116,0.451198098051753,2.2920157384114126,0.03995787190476191,9.514195596190476
2006-06-01,Monthly,,5.43668475,3.675,6.7351731,4.6698229,298.0173179670291,47.3173941820704,3.1963473133090816,0.4597744306184339,2.3126302537781926,0.03952676,9.61035918,5.418881744999999,3.6659431818181827,6.7625154340909095,4.6428903420454555,297.65492547078975,47.22089533773419,3.200225424711027,0.4576175376637261,2.304849418536138,0.03912528499999999,9.556085459090909
2006-07-01,Monthly,,5.42128251,3.6535,6.81633525,4.6653372,296.6948465162883,47.005771050661934,3.194596475834852,0.4581564653606613,2.3160068732002252,0.04029005,9.65768218,5.419664637142858,3.668714285714285,6.764579708333334,4.656074754761904,296.8573797815285,47.194135409173974,3.172376173121758,0.45922933163024393,2.3172260362754553,0.040190529523809526,9.65437194285714
2006-08-01,Monthly,,5.47328804,3.6769999999999996,6.9826234,4.71814285,299.442205268318,47.278315468490035,3.1485210579631424,0.462047865081401,2.3379433545208945,0.04049114,9.79228258,5.465333275,3.6749545454545465,6.951087385227271,4.706314867045456,298.29521629091926,47.25865115515423,3.1740250834598838,0.46092691501822486,2.33219043193041,0.04041422227272727,9.765350764545452
2006-09-01,Monthly,,5.43968527,3.6845,6.91709645,4.68207845,295.6232558368891,47.29356849751187,3.1278920873638496,0.4660355056739804,2.3221156101033715,0.03992957,9.81094711,5.439501869999999,3.6721309523809524,6.932780251190475,4.679242464285714,295.48396030610775,47.1864613474597,3.136738879427023,0.46283790455918233,2.325873572413326,0.040153859523809524,9.806767210952382
2006-10-01,Monthly,,5.39918592,3.648,6.931017825,4.63824983,291.9451188534968,46.9144861964621,3.1034924929362218,0.4631351775375235,2.3352433079310133,0.04002634,9.92248394,5.423076101578948,3.6788947368421048,6.896534465789474,4.645246360526317,292.1765750261264,47.24189351816878,3.10198968989732,0.46561411788356494,2.32935819376767,0.04008003421052632,9.84848104631579
2006-11-01,Monthly,,5.45496714,3.618,7.047321925,4.76255467,299.26799006442485,46.53166892636541,3.112392260172017,0.4614119122945807,2.3429615262252526,0.03947197,10.03467388,5.425041641818182,3.6437613636363633,6.962703876136363,4.6918601295454545,294.73832174098334,46.820266148393415,3.107733434065926,0.46338997400788134,2.340843215167013,0.03988300090909091,9.971801730454546
2006-12-01,Monthly,,5.3127886,3.5315,6.931452,4.6458652,289.14727453144263,45.42881849244263,2.9675227687605985,0.4523417648887785,2.3028269951306664,0.0392607,9.81109255,5.358319426,3.5529374999999996,6.977736203750001,4.69354205375,293.99640687779305,45.70739904147361,3.032048897208589,0.4542064369965851,2.306454712925271,0.039103317,9.933599841
2007-01-01,Monthly,,5.2244691,3.5015,6.8755456,4.53881955,279.6167,44.8502008,2.88082615,0.45040875,2.2783618,0.03851405,9.7752744,5.2410985729999995,3.5076428571428577,6.871855440476191,4.557007501428572,282.14407757142857,44.96754775333334,2.913060943809523,0.45037652571428566,2.2808822276190477,0.03865534666666667,9.74891806047619
2007-02-01,Monthly,,5.2755,3.506,6.8833,4.6337053,287.60102500000005,44.88225835,2.9595,0.45297165,2.2910546,0.0382251,9.9025597,5.233957894736841,3.496,6.847147177500001,4.5696716411764715,281.8435140000001,44.75694553250001,2.900415960000001,0.4510377147058824,2.2792630350000005,0.03854692352941176,9.782746323529413
2007-03-01,Monthly,,5.2192,3.456,6.7867,4.61047705,284.17549,44.22944165,2.9339,0.44706035,2.27810575,0.0378864,9.878523,5.263836363636364,3.4916136363636356,6.798960809090911,4.623776822727272,286.72530454545455,44.688013829545454,2.9762827863636363,0.45119515,2.2898683499999994,0.03807115,9.959364336363636
2007-04-01,Monthly,,5.2045578,3.423,6.83316415,4.6708549,284.14894,43.76454395,2.86347675,0.44416475,2.2524188,0.0376879,9.8461133,5.22382789,3.438047619047619,6.830842009523808,4.64155296,283.56271642857143,43.98897110952381,2.893539745238095,0.44518248,2.269756588095239,0.0378005875,9.856173812500002
2007-05-01,Monthly,,5.1404944,3.4045,6.72780305,4.57241395,277.81633,43.60020275,2.8004443,0.4452015,2.22654625,0.0385561,9.8296665,5.161719080869565,3.4030891304347834,6.7523116869565225,4.594808759523809,278.80378434782614,43.521441386956525,2.820569339130435,0.4432009619047619,2.2356504521739136,0.038581962857142854,9.825589676190475
2007-06-01,Monthly,,5.22165525,3.4545,6.9171186,4.64250275,280.249895,44.1949729,2.80000045,0.453537,2.25467555,0.03817335,10.0000044,5.209834795714285,3.445071428571429,6.842344126190476,4.623305364285715,279.41157142857145,44.089063840476186,2.8098475119047612,0.4513993833333335,2.2422241380952377,0.038383042857142856,9.959908738095239
2007-07-01,Monthly,,5.3155608,3.454,7.01973715,4.73802475,287.19912500000004,44.14226825,2.9043517,0.45657645,2.2851478,0.03759045,10.2113861,5.265169365909092,3.4421704545454532,7.001158754545455,4.72141975,284.98823863636363,44.023766097727275,2.8308164636363635,0.45438586136363635,2.2704759749999996,0.03795697272727273,10.212362004545453
2007-08-01,Monthly,,5.35988535,3.5035,7.06007855,4.7859565,291.824605,44.89882335,3.0259,0.46400295,2.3006968,0.0372297,10.2053666,5.331062980434783,3.483909090909091,7.003189252272725,4.744682497727273,289.6750770454546,44.566515677272726,2.983984763636364,0.4598725136363635,2.2876506159090906,0.03717773181818182,10.189655561363637
2007-09-01,Monthly,,5.284657,3.417,6.9166917,4.841035,291.85175499999997,44.03237115,2.9648593,0.45478155,2.2915974,0.0373443,9.97227875,5.3537822539999995,3.47395,7.00748998,4.821587750000001,292.81334749999996,44.628049335,3.0194446,0.461891338095238,2.2968381199999994,0.03731575476190476,10.142696642857143
2007-10-01,Monthly,,5.2348799,3.34175,6.915585,4.82565435,288.454935,43.11713035,2.911947,0.44771575,2.30592815,0.0367286,9.8272355,5.261973553478262,3.378119565217392,6.9024463086956525,4.807108240909091,287.69030695652174,43.56127869782608,2.9180321086956518,0.45037415000000003,2.3032647521739134,0.03712675681818183,9.887228502272727
2007-11-01,Monthly,,5.3443261,3.3585,6.92505945,4.95076515,299.97324000000003,43.1201618,3.0433603,0.454724,2.32253455,0.03583165,9.920249,5.325330165909091,3.356340909090909,6.956940129545455,4.931349028571428,298.9431179545455,43.155314486363636,3.021443468181818,0.4525391476190476,2.319751156818182,0.03622687619047619,9.909124266666666
2007-12-01,Monthly,,5.2229256,3.3065,6.6070486,4.8755998,294.447685,42.38450575,2.95341905,0.45269095,2.2937918,0.0352224,9.81594575,5.246563502380951,3.3341842105263155,6.737349509523811,4.859979339473684,292.57546619047616,42.76747477142857,2.968601535714286,0.45250569999999996,2.3007372833333326,0.035673926315789466,9.889166528947369
2008-01-01,Monthly,,5.15266725,3.236,6.42103315,4.80303315,298.510235,41.47441865,3.04106785,0.4505395,2.2814446,0.03481255,9.79715955,5.17285433478261,3.2707391304347833,6.4418948652173915,4.8081469775,296.4246656521739,41.90521174999999,3.027962995652174,0.451288015,2.2839322565217395,0.034737065,9.845731229999997
2008-02-01,Monthly,,5.1536,3.189,6.3398917,4.8405833,303.51196,40.9965686,3.0430845,0.44814515,2.2898797,0.03518895,9.98591255,5.107497525238095,3.2237642857142856,6.333846602380953,4.754458852777778,295.5362180952381,41.347135069047624,3.0094315809523815,0.4497847,2.284022935714286,0.03512044722222222,9.901387055555555
2008-03-01,Monthly,,5.22951,3.1875,6.3585846,5.03688765,319.757265,40.9459654,3.19116995,0.4544808,2.31020195,0.03458095,10.10782125,5.1984687833333325,3.1863095238095234,6.380086330952379,4.942815855,315.2058833333334,40.94649939285714,3.166452233333333,0.4504053925,2.3001016595238095,0.0347232625,10.126021822500002
2008-04-01,Monthly,,5.1369852,3.158,6.2168391,4.9182694,304.458955,40.51756865,3.0337678,0.4511815,2.31864995,0.0342016,9.944895,5.174995352272727,3.1621363636363635,6.264248565909091,4.983774197727273,312.3461456818182,40.584458486363644,3.084353088636363,0.45176009999999994,2.3178539909090907,0.03434066818181818,10.008166243181817
2008-05-01,Monthly,,5.2272453,3.2435,6.4102916,5.0334257,309.287755,41.56255285,3.07572005,0.46715785,2.37601735,0.03480155,9.9923006,5.229156320454544,3.216113636363637,6.318630765909091,5.0058926475,308.0814190909091,41.23584455909091,3.086021195454545,0.4615441975,2.3537329022727267,0.03464231499999999,10.025137715
2008-06-01,Monthly,,5.3353376,3.2665,6.5114414,5.15649705,320.622375,41.8739106,3.0749324,0.4763676,2.39945725,0.03541115,9.74347895,5.278644075238096,3.2584166666666667,6.404367347619047,5.069186342857143,314.16065452380957,41.73736413333334,3.0478151071428567,0.4723419214285714,2.382542930952381,0.03505590952380952,9.814686307142857
2008-07-01,Monthly,,5.2862392,3.263,6.4641663,5.0858751,311.71194,41.82127015,3.0218562,0.477525,2.3853225,0.0357864,9.730136,5.301176594782609,3.249947826086957,6.464265469565216,5.12580874347826,316.70851913043487,41.6665691673913,3.0454873130434774,0.4753450108695652,2.391677797826087,0.03547327391304348,9.700767284782609
2008-08-01,Monthly,,5.3734254,3.3895,6.20786955,4.99714,309.51515,43.4131075,3.1064984,0.495762,2.3937156,0.0370356,9.91517135,5.28514726904762,3.3273333333333337,6.297139869047619,4.987888080952381,307.66109047619045,42.61200273571428,3.044943073809524,0.48560394761904746,2.3716661452380956,0.03635569047619048,9.828367714285715
2008-09-01,Monthly,,5.3346172,3.4575,6.22540225,4.9635875,315.75348,44.51697715,3.31543445,0.505106,2.4153031,0.03666495,10.15419285,5.353361009090909,3.439431818181819,6.195113059090911,4.949374261904761,310.6769134090909,44.153192372727275,3.2262695409090907,0.5033966071428572,2.407976822727273,0.036781126190476195,10.035506554761904
2008-10-01,Monthly,,5.2403043,3.5625,5.8382255,4.57941625,312.692055,45.9538091,3.61271785,0.5209933,2.40498345,0.0324646,10.1713165,5.338379904347827,3.5264375,5.97748058478261,4.690376115,309.2583249999999,45.377754519565215,3.5186247673913047,0.5159202,2.3872057869565215,0.035286912499999996,10.234184427499997
2008-11-01,Monthly,,5.42134185,3.6175,5.56841825,4.666033,301.35792499999997,46.6732046,3.7965062,0.5295711,2.40030605,0.0297138,10.2002143,5.328615284,3.5870250000000015,5.499875427499999,4.5632803025,301.54678925,46.2777273775,3.7028664300000003,0.52524757,2.3807563225,0.030696187500000006,10.220163904999996
2008-12-01,Monthly,,5.3468043,3.464,4.99889915,4.8759269,327.14749,44.69706365,3.83270715,0.5076202,2.4069779,0.0316355,9.9397725,5.392822630434782,3.5517874999999997,5.297321986956522,4.7900720649999995,311.6247932608696,45.79378991521738,3.89096633478261,0.5181994375000001,2.4012548173913046,0.0314100525,10.128423405
2009-01-01,Monthly,,5.39333075,3.6085,5.12587455,4.65171765,312.32962,46.52677115,4.0379347,0.52758165,2.3922709,0.031779,10.33066715,5.407376072727273,3.5661578947368424,5.160304561904762,4.749190786842106,317.3131904761905,46.04762045000001,3.957754178571428,0.5216587210526317,2.3975623761904763,0.0320171447368421,10.212944197368422
2009-02-01,Monthly,,5.46642615,3.6925,5.2699365,4.695199,316.76253499999996,47.6187419,3.7862096,0.53983925,2.39562855,0.03079655,10.2484111,5.41089322,3.6385555555555547,5.235018865000001,4.6529352500000005,312.103268,46.880190087500004,3.9365192975000007,0.5323453694444445,2.395018245,0.030629544444444448,10.293947308333335
2009-03-01,Monthly,,5.455255,3.647,5.2203166,4.83482845,318.459705,47.0568524,3.709128,0.53352255,2.4008438,0.0314534,10.26602675,5.442148618181817,3.672952380952381,5.219021138095239,4.7998980952380945,318.0585588095238,47.37150455714285,3.7591320095238103,0.5373064833333334,2.401240045238095,0.03103600238095238,10.26761783095238
2009-04-01,Monthly,,5.28683805,3.561,5.2804295,4.7404037,314.39558,45.9466094,3.6569963,0.52177355,2.40762775,0.0334053,10.09069055,5.378163372727273,3.6100227272727277,5.304068820454546,4.76210101590909,314.43380931818183,46.57834243409092,3.655549756818182,0.5284888977272727,2.3984311000000003,0.03269443863636364,10.184320720454545
2009-05-01,Monthly,,5.397876,3.5075,5.599549,4.90471325,324.483135,45.24376275,3.6415078,0.51367485,2.4182166,0.0339381,10.2021601,5.3541484642857124,3.5223999999999998,5.4292315875,4.805035425,317.85864374999994,45.442883567500004,3.6512978850000004,0.5161733449999999,2.4100700249999996,0.033950447499999994,10.1718809
2009-06-01,Monthly,,5.4660723,3.5225,5.859151,4.9698955,325.735185,45.4507343,3.672906,0.51550925,2.4302337,0.0344584,10.35421135,5.437564759090909,3.5182045454545445,5.75529298409091,4.934123347727273,325.80871045454546,45.389783061363644,3.645064081818182,0.5148134249999999,2.4226379977272727,0.034474756818181816,10.305458181818182
2009-07-01,Monthly,,5.452083,3.52,5.8150404,4.9728805,324.49879,45.4193567,3.6918567,0.5152301,2.4431731,0.0354571,10.3423046,5.504956043478262,3.5475434782608706,5.805004276086956,4.9930289434782615,328.5904280434783,45.77318459347826,3.7563390652173907,0.5192089999999999,2.4464915043478266,0.03506819130434782,10.417904132608696
2009-08-01,Monthly,,5.529546,3.526,5.7355684,5.0621024,333.097195,45.48943845,3.7630739,0.51616115,2.44411435,0.03491095,10.3644985,5.491076497619046,3.5177,5.824535012500001,5.0155019775000005,329.03672575,45.385481944999995,3.7061725775,0.5148146474999999,2.4394739749999994,0.035277302499999996,10.340309247499999
2009-09-01,Monthly,,5.49039165,3.4745,5.567887,5.0798931,336.025205,44.830813,3.86980025,0.5089128,2.4573018,0.0359122,10.3608284,5.508913892272729,3.4969125000000005,5.70758199090909,5.08297857,335.74716795454543,45.09899066818181,3.8227101931818184,0.5120924375000001,2.454486754545455,0.035394230000000006,10.333010452500002
2009-10-01,Monthly,,5.4490395,3.4075,5.648954,5.06167125,334.922415,43.9671769,3.73281535,0.49909195,2.43976795,0.03571815,10.1975274,5.408039195454545,3.4037272727272723,5.507904668181819,5.043968893181818,333.11615068181817,43.91828704090909,3.7726369181818176,0.4985765840909091,2.4347379477272724,0.03590438181818183,10.188894981818182
2009-11-01,Monthly,,5.45904405,3.3875,5.6164755,5.10259175,338.175165,43.7074224,3.9087292,0.49613355,2.4497412,0.03580875,10.2017883,5.420515799047619,3.389449999999999,5.6329038975,5.056938605,334.84265500000004,43.7341743,3.794389262499999,0.4964393100000001,2.44040171,0.035831515,10.182536315
2009-12-01,Monthly,,5.3604082,3.4245,5.50008995,4.91912365,330.837625,44.1594626,3.70757425,0.50164065,2.4401469,0.0364406,10.2714489,5.40494125347826,3.411678571428572,5.5422854642857144,4.9883498500000005,331.9127559523809,44.005805730952375,3.80372414047619,0.49964851428571416,2.444303647619048,0.03607374523809524,10.26844235
2010-01-01,Monthly,,5.30179475,3.413,5.5106302,4.7625004,324.537695,43.93892765,3.7943305,0.49986825,2.42987455,0.0364637,10.30340665,5.284667985714286,3.37515,5.457297872499999,4.8216589175,326.682251,43.48042739499999,3.700754022499999,0.4943619549999999,2.4177718550000002,0.0364012425,10.21760062
2010-02-01,Monthly,,5.19440875,3.409,5.2358835,4.5943097,313.90438500000005,43.899581,3.8046882,0.49932625,2.4149057,0.0364833,10.31780405,5.246912387499999,3.4156875,5.3468184125,4.677773334375,318.760938125,43.97335830624999,3.7816839031250002,0.50017800625,2.4178685625000003,0.03654778125,10.304703100000001
2010-03-01,Monthly,,4.9447774,3.273,4.9325748,4.3850018,306.48942,42.15637705,3.50165845,0.4794902,2.3353551,0.0359236,10.1112256,5.070040358695653,3.325532608695653,5.006563430434783,4.5165239717391295,311.7012178260869,42.846623891304354,3.675531667391304,0.48714590434782606,2.375448906521739,0.03626743260869565,10.223953323913044
2010-04-01,Monthly,,4.84088885,3.1905,4.89805635,4.22837015,294.65292500000004,41.08715855,3.39505285,0.4673904,2.3322378,0.0354225,9.87313585,4.860641544545455,3.2062386363636364,4.915187704545454,4.3081180886363635,300.47132795454553,41.30057646136364,3.4332587863636364,0.4697116659090908,2.3194200227272725,0.03551641590909091,9.927261550000003
2010-05-01,Monthly,,4.8371783,3.253,4.707742,4.0076964,281.71826000000004,41.75169925,3.5600552,0.4763997,2.32083735,0.0354744,10.0015479,4.820131935,3.2535124999999994,4.775649895000001,4.095803735,288.31829874999994,41.784252929999994,3.5296376249999994,0.4765202499999999,2.3351703524999996,0.035446710000000006,10.047066027499998
2010-06-01,Monthly,,4.81455895,3.2575,4.9069355,3.97854825,300.882165,41.838452,3.678713,0.47968605,2.32421385,0.0358815,10.0400797,4.787707988636364,3.2645113636363634,4.813577350000002,3.98817603409091,289.27836022727274,41.91508862954546,3.591757177272727,0.47862643636363644,2.3346008863636354,0.035697261363636365,10.051703238636362
2010-07-01,Monthly,,4.80225625,3.1875,4.9745721,4.1620782,306.549405,41.0387477,3.69030405,0.47057015,2.3399657,0.03561855,9.88526305,4.817809211363637,3.2084772727272726,4.898832745454546,4.093621843181818,304.2501331818182,41.2510474909091,3.660641329545454,0.4734725113636364,2.3284438477272724,0.03546144772727273,9.923735259090906
2010-08-01,Monthly,,4.73115595,3.1375,4.8719104,3.9965479,304.582245,40.3293204,3.6743186,0.4613157,2.31789415,0.03482435,10.03198595,4.786909244285714,3.153845238095238,4.944026985714286,4.075447454761905,302.84927761904765,40.58971103809523,3.689048883333334,0.46475133095238097,2.326430526190476,0.035168064285714284,9.92438536904762
2010-09-01,Monthly,,4.8021246,3.0875,4.88921085,4.19791975,315.759985,39.7899363,3.6942867,0.4614511,2.34416625,0.0346074,10.1512521,4.740635596,3.1061675000000006,4.836242255,4.0603400325,310.0047977499999,39.997200750000005,3.6810181475000006,0.4606560875,2.3257812299999996,0.03460283499999999,10.073604057499999
2010-10-01,Monthly,,4.86519735,3.1095,4.95840885,4.3229826,315.813575,40.0879248,3.8598563,0.46560905,2.3943175,0.03483445,10.3736561,4.86761980142857,3.100535714285715,4.913512619047618,4.306286066666668,320.0661971428571,39.958392609523806,3.787524166666667,0.4649222595238096,2.3769428500000003,0.03473365714285713,10.346374133333333
2010-11-01,Monthly,,4.8196863,3.1575,4.909913,4.13743075,315.734295,40.66559025,3.75133755,0.47361195,2.3931346,0.03496685,10.44666415,4.8605454655,3.1149775,4.9731520025,4.2556504025,316.33616800000004,40.165610400000006,3.7785941450000005,0.4681796225,2.3997766599999997,0.034838037499999995,10.4226602275
2010-12-01,Monthly,,4.71856,3.0835,4.781738,4.0803957,327.19654,39.6153465,3.7869214,0.4661764,2.38587205,0.0343623,10.22720015,4.795515147619048,3.128407142857143,4.8813268642857155,4.131053683333334,322.3766816666667,40.23757573333334,3.7509670333333336,0.4704421738095238,2.3913306880952385,0.03466689523809524,10.385032183333331
2011-01-01,Monthly,,4.77555585,3.0595,4.8516025,4.1596965,324.684365,39.2490162,3.72814275,0.46413735,2.3781586,0.03378235,9.8139637,4.7327312,3.0610625,4.821800935,4.084623239999999,320.09181574999997,39.343211502500004,3.7063182849999996,0.46385737000000005,2.3773961925,0.03387775999999999,10.0182757525
2011-02-01,Monthly,,4.788212,3.0515,4.90955865,4.1944394,328.914105,39.15693715,3.73592095,0.46391245,2.39587085,0.03461715,9.9755057,4.754571828125,3.04415625,4.912793556249999,4.1588518656249995,320.61394125000004,39.081934675,3.6816003249999993,0.4628662468749999,2.3843645312499997,0.0342195375,9.9204014625
2011-03-01,Monthly,,4.7999427,3.0259,4.8686733,4.27620205,329.65466499999997,38.85336505,3.6602155,0.4616805,2.3994133,0.0347445,9.9947244,4.797319950869565,3.0368239130434778,4.908454663043479,4.250527713043478,330.2348665217391,38.965112480434776,3.715409526086957,0.46246651521739124,2.393688773913044,0.034666536956521735,9.998636567391303
2011-04-01,Monthly,,4.820904,2.9735,4.95236455,4.409998,340.4317,38.25372255,3.6462296,0.4580676,2.42220685,0.03470065,9.9315325,4.811751316190476,3.0127380952380953,4.928589266666666,4.352303207142858,335.3504083333334,38.75375290714286,3.618244019047619,0.46146274285714284,2.4158510595238094,0.034838161904761904,10.01609709047619
2011-05-01,Monthly,,4.81570595,3.0115,4.9817741,4.32933255,354.48198,38.71569205,3.709887,0.4646552,2.4432104,0.03528415,9.9405951,4.813807295,3.0131550000000002,4.9248223925,4.32019523,345.08634299999994,38.755274015000005,3.713658485,0.4638991449999999,2.4350575374999996,0.03522138749999999,9.9677543925
2011-06-01,Monthly,,4.8256061,3.0205,4.8648176,4.38199045,363.49965499999996,38.8089428,3.75380695,0.46728395,2.4576901,0.0351548,9.8307672,4.845086742727272,3.029752272727272,4.917304204545455,4.360206597727274,360.19416227272717,38.91634101136364,3.7641379068181817,0.46791065681818184,2.4540528159090913,0.03538148409090909,9.929095799999997
2011-07-01,Monthly,,4.7002605,2.9555,4.83194725,4.23818715,369.46064,37.92165605,3.81305715,0.45884665,2.45473515,0.03475015,9.9378021,4.770771514285714,2.9950071428571428,4.832216161904762,4.282331023809524,363.4875969047619,38.45142363333334,3.7715411928571427,0.46375409285714286,2.460878728571428,0.03510651666666667,9.949599483333333
2011-08-01,Monthly,,4.75497,2.9803,4.8774103,4.31711375,367.892965,38.2312765,3.88338095,0.46690115,2.4683624,0.0349268,9.93764845,4.793989756190475,2.985283333333334,4.88491155,4.275953190476192,384.3919445238095,38.28422650714286,3.8693847880952386,0.4658746238095239,2.468415,0.034987526190476195,9.992075369047619
2011-09-01,Monthly,,5.0119552,3.191,4.97381205,4.31598745,354.26041000000004,40.9401745,4.16634105,0.49879645,2.45367245,0.0362202,10.2357763,4.876480794499999,3.0855525,4.865083127500001,4.2387134325,353.84985449999994,39.5815386925,4.0183507925,0.4829047150000001,2.4614229625,0.03521109,10.132009655000001
2011-10-01,Monthly,,4.91073935,3.0735,4.9083798,4.30751055,352.2031,39.5702452,3.88141795,0.48390145,2.4584075,0.0347878,9.99350175,4.926361356999999,3.1402825000000005,4.9372606925,4.296747000000001,349.19336075000007,40.36784394000001,4.0906740675,0.4929488049999999,2.4554239499999997,0.0352935475,10.1599963975
2011-11-01,Monthly,,4.88024325,3.1725,4.94672085,4.2252942,344.5,40.7289498,4.0693959,0.49812765,2.44848425,0.0345967,10.16339335,4.939835968000001,3.1534250000000004,4.9871041375,4.2798860625,347.49113724999995,40.523862485,4.06931279,0.496251745,2.4468419874999996,0.034962605,10.1896752675
2011-12-01,Monthly,,4.839718,3.177,4.89623385,4.11183275,337.54787,40.89013735,4.097505,0.5034107,2.4427192,0.03466465,10.00945975,4.89002266,3.1627976190476192,4.931205338095238,4.166886254761904,339.1874259523809,40.663590978571435,4.062578292857143,0.4980135452380952,2.441270295238095,0.03476144761904761,10.143566238095238
2012-01-01,Monthly,,4.6799627,3.0455,4.7913331,4.0159488,333.22398999999996,39.2653622,3.9940987,0.4820241,2.42746735,0.0338295,9.81311885,4.76945719263158,3.1135789473684206,4.827786668421052,4.015383615789474,331.5196136842105,40.1003676631579,4.046811844736841,0.4930280710526316,2.4318990894736836,0.03415891578947368,9.855184544736842
2012-02-01,Monthly,,4.668,3.0,4.77975025,4.04325025,335.514245,38.68571865,3.7269405,0.47661415,2.40481045,0.03299795,9.9075444,4.681798926111112,3.023588888888889,4.7774304222222215,4.006095816666667,331.81507805555555,38.988896516666664,3.8419450111111115,0.4800237305555555,2.410541511111111,0.03348284722222223,9.848032980555557
2012-03-01,Monthly,,4.73382145,3.068,4.9008235,4.09547335,339.7188,39.51317035,3.7396395,0.48696485,2.4405384,0.03340595,9.9432878,4.692354153636363,3.044340909090909,4.81823605909091,4.0244443340909095,333.56604681818186,39.21948053409091,3.69162996590909,0.48218003863636355,2.419188377272728,0.03322740227272728,9.916657452272727
2012-04-01,Monthly,,4.691696,3.034,4.94086935,4.01913995,334.527885,39.10524555,3.7837502,0.48083175,2.45231195,0.0330142,9.8747054,4.721986009999999,3.0619424999999993,4.90013347,4.031165092499999,335.2874055,39.44632746749999,3.7587586424999997,0.4855958075000001,2.4468386124999997,0.033377199999999996,9.9114774175
2012-05-01,Monthly,,4.808595,3.182,4.92303145,3.93629315,327.72028,40.983502,4.0408916,0.4993135,2.4699223,0.0332672,9.9733621,4.754601629545455,3.1029704545454546,4.940193690909091,3.970340218181818,330.4988022727273,39.96779813181819,3.892179029545454,0.4905088409090908,2.4578353090909086,0.033382045454545456,9.905138800000001
2012-06-01,Monthly,,4.80889,3.1895,4.9804047,4.01334815,334.03159,41.11558135,4.0197875,0.5017738,2.50431935,0.0336446,10.0298767,4.814600761904763,3.1789642857142857,4.944096911904763,3.989560954761904,332.13844285714293,40.972152159523795,4.010293592857143,0.49950632619047636,2.48707165952381,0.03362319047619048,10.038531154761904
2012-07-01,Monthly,,4.70119,3.144,4.94346855,3.8627186,321.53828,40.54393985,4.0217462,0.4928595,2.5244902,0.0331471,9.95724845,4.768190011363637,3.1681590909090915,4.940227995454546,3.8978943659090914,324.52877954545454,40.849613745454555,4.009477895454545,0.49724373863636356,2.511006343181818,0.03351440681818182,10.006163129545454
2012-08-01,Monthly,,4.738747,3.1315,4.95606855,3.92611835,326.91321000000005,40.37493325,3.9828309,0.4929323,2.49720955,0.0327135,9.97770095,4.713616364999999,3.1171675000000008,4.894631445000002,3.8623871249999993,321.5530365,40.19104648,3.9659885224999996,0.48999471000000006,2.4981382250000004,0.032830815,9.912147104999999
2012-09-01,Monthly,,4.734711,3.066,4.9828634,3.96387825,327.59914000000003,39.54317745,3.9535786,0.4871074,2.50183675,0.03200425,9.94808775,4.7314102947368415,3.0823973684210526,4.961857168421053,3.959196389473685,327.674192631579,39.750847710526315,3.9437395842105265,0.4875209684210526,2.501493344736842,0.03221107368421052,9.938996342105266
2012-10-01,Monthly,,4.68520375,3.0565,4.91607475,3.96107125,327.88041,39.43743815,3.84030685,0.48972955,2.5045074,0.03173275,9.9592728,4.707587340909091,3.058070454545454,4.913928640909091,3.96373504090909,327.62511886363643,39.448973404545455,3.876997413636364,0.4880550613636363,2.4969825795454543,0.03185431590909091,9.96190831818182
2012-11-01,Monthly,,4.667195,3.0435,4.8834481,3.95563705,328.47666000000004,39.27071485,3.69110455,0.4888136,2.49334375,0.0316866,9.91529965,4.6753572125,3.058487500000001,4.889004304999999,3.9298758524999995,325.99666775,39.4611435825,3.7765654475000003,0.49065013999999996,2.50013226,0.031766595,9.9582211775
2012-12-01,Monthly,,4.66833375,3.05825,4.94197935,4.0411719,334.80216,39.45340045,3.55755265,0.49093815,2.50296705,0.03173285,9.991024,4.698181169500001,3.0559424999999996,4.93068469,4.007740109999999,331.53640625,39.42956896,3.6494205,0.49035657499999996,2.5031202150000005,0.03167158,9.973317717500002
2013-01-01,Monthly,,4.78822309,3.0995,4.8999997,4.2067966,340.96035,39.95256545,3.4107294,0.4985123,2.50201875,0.03182245,10.3992734,4.670557630000001,3.0389524999999997,4.8598952375,4.035212240000001,328.61727825,39.19558339749999,3.4177950674999997,0.48848132999999994,2.47430008,0.031308225,10.101492519999997
2013-02-01,Monthly,,4.68688402,3.092,4.6907187,4.06489805,332.81312,39.8635981,3.3479512,0.4969144,2.5010112,0.0319752,10.370624,4.725085434117648,3.09775,4.7864907294117645,4.134434238235293,336.2684188235295,39.942332594117644,3.3262760323529412,0.49694041764705876,2.5022933294117653,0.03197210588235294,10.387413185294117
2013-03-01,Monthly,,4.643772,3.0885,4.6971456,3.9617736,325.499435,39.78282735,3.2811011,0.49729495,2.49112825,0.0317829,10.54455745,4.6715571719047615,3.107630952380952,4.68802743095238,4.029234102380952,328.48847380952384,40.05177000714286,3.278815221428571,0.49995464761904757,2.4936468142857144,0.032008495238095236,10.528929042857143
2013-04-01,Monthly,,4.62384104,3.0315,4.6941264,3.97020405,323.377315,39.06093985,3.095105,0.4917275,2.45634655,0.03117865,10.344663,4.585300665909091,3.0497840909090908,4.6658522636363635,3.9687260250000005,325.36125386363636,39.286448234090905,3.125858927272728,0.49294367499999986,2.463848006818182,0.03136348863636364,10.492617470454546
2013-05-01,Monthly,,4.62895115,3.085,4.6972211,4.0212976,323.239765,39.7367211,3.0568769,0.5028033,2.44608315,0.0314796,10.2236993,4.524397191428572,3.0168095238095236,4.6149653952380945,3.9155601452380946,315.63610523809524,38.86811246428571,2.98941994047619,0.4913039619047619,2.417521492857143,0.03090760714285714,10.134793473809523
2013-06-01,Monthly,,4.75928142,3.1785,4.8537285,4.15350495,336.84829,40.9732531,3.2159661,0.5172498,2.51304565,0.03201715,10.1973077,4.773379761499999,3.1488750000000003,4.878051274999999,4.1555659700000005,337.354971,40.577276819999994,3.2339924425,0.5132395325,2.4978012449999993,0.03188724250000001,10.2091830425
2013-07-01,Monthly,,4.89917925,3.249,4.94644055,4.30671225,349.43005,41.8923104,3.31209615,0.5299558,2.5508369,0.03162815,10.35539015,4.802389477826087,3.1905608695652172,4.845816841304348,4.175266602173913,337.78366891304347,41.13359367826087,3.202400047826087,0.5201109847826086,2.516151467391304,0.03167565652173913,10.249815695652174
2013-08-01,Monthly,,4.97542188,3.2995,5.1190095,4.3688681,354.44196,42.54592175,3.3598092,0.5391032,2.58652455,0.03021525,10.270827,4.986268789,3.28165,5.0810243325,4.370778020000001,354.40527375000005,42.314176364999994,3.3515690375,0.5360633650000001,2.5764116175000003,0.031137665,10.3739204975
2013-09-01,Monthly,,4.97272032,3.2575,5.2665632,4.3987652,360.004435,42.0097632,3.3255067,0.53240175,2.5911785,0.02793145,10.37751135,4.946289307999999,3.250275,5.149013982499999,4.337410834999999,351.5564515,41.91464745249999,3.2752762875,0.531122115,2.5721297899999995,0.028636139999999997,10.2477902525
2013-10-01,Monthly,,4.8717417,3.1581,5.0581711,4.32959725,350.45224,40.73312175,3.20668155,0.51824805,2.54891135,0.027985,10.1579312,4.887924172727273,3.1787545454545456,5.118513288636364,4.335219129545456,352.0655863636364,40.995671504545456,3.2493359590909083,0.520772490909091,2.5547008045454542,0.027974486363636367,10.18315947272727
2013-11-01,Monthly,,4.94798183,3.2265,5.2811355,4.39384785,356.48,41.6174907,3.1485734,0.5295856,2.57050735,0.0269493,10.06081135,4.902976034500002,3.2005624999999993,5.154434675000001,4.319385035,350.54011425000004,41.28408647249999,3.1993750149999998,0.5253155675000001,2.5652321474999997,0.027537762499999997,10.1096112975
2013-12-01,Monthly,,5.04812,3.2815,5.407584,4.52633725,369.49683000000005,42.3179113,3.12806855,0.54224435,2.59427715,0.02694175,9.97568945,5.002823707619047,3.249297619047618,5.321969607142857,4.4507563476190475,363.3524838095238,41.90666421428571,3.1406981714285713,0.5348738404761905,2.5811198642857143,0.02684652857142857,10.03634872857143
2014-01-01,Monthly,,5.11111425,3.346,5.5396377,4.5676248,373.395845,43.0819159,3.26933455,0.55226375,2.6227715,0.0273926,10.1409311,5.0779116568421045,3.3044342105263165,5.446989518421051,4.503122686842106,365.50426131578945,42.596495413157896,3.1759797842105257,0.5460695105263158,2.5962187605263156,0.02712715,10.02819632105263
2014-02-01,Monthly,,5.0746983,3.2785,5.4685383,4.49203685,369.01349,42.2408191,3.22068875,0.5318399,2.5876094,0.02819005,10.04442495,5.091319273157895,3.308213157894737,5.47852847894737,4.51997707368421,370.0715847368421,42.64203372105262,3.241089589473684,0.54398955,2.6129188710526314,0.027785526315789472,10.137093728947368
2014-03-01,Monthly,,5.03952662,3.2685,5.43535215,4.49337045,368.30245,42.13206215,3.1770025,0.5250687,2.5927102,0.02877205,10.0770815,5.079030166666667,3.282980952380952,5.456258042857143,4.538198583333334,372.7832080952381,42.29856525238095,3.209445623809524,0.5318655666666667,2.59014574047619,0.02874776904761905,10.13471986190476
2014-04-01,Monthly,,5.07649548,3.26705,5.49730195,4.51065275,369.638545,42.13890065,3.19079025,0.52148065,2.60012015,0.0282837,10.12254925,5.044802723181817,3.2578659090909095,5.4533798454545455,4.497817484090909,368.86490909090907,42.01193478181819,3.176861690909092,0.523466909090909,2.594802015909091,0.028496052272727276,10.077401440909092
2014-05-01,Monthly,,4.96570505,3.215,5.3796596,4.3736861,358.13750500000003,41.4680868,3.1654606,0.5150345,2.562366,0.0276595,9.80781145,4.9898678625,3.2284600000000006,5.4397079925,4.4355258225,363.45051775,41.644081675,3.1718750150000004,0.51756515,2.5794007199999993,0.028004754999999992,9.927660315
2014-06-01,Monthly,,4.95921512,3.2105,5.46716075,4.3805668,360.32552999999996,41.4209977,3.1689867,0.51722615,2.5702515,0.0268999,9.893685,4.958886979047619,3.218416666666666,5.440024233333334,4.376246173809524,359.198203095238,41.51758445952382,3.153766226190476,0.5164779642857142,2.5718944904761907,0.02704920238095238,9.900437485714285
2014-07-01,Monthly,,4.9090736,3.189,5.3964259,4.2721439,351.03751,41.1481221,3.1028949,0.51659625,2.5602127,0.0275448,9.98751375,4.909486103,3.1842399999999995,5.4434300874999995,4.3171280125000004,355.2730272500001,41.08396313000001,3.1313681074999997,0.513508565,2.5615493575,0.0272795175,9.906040997499998
2014-08-01,Monthly,,4.81174622,3.157,5.2358847,4.1609261,344.838905,40.73469555,3.0414261,0.51385135,2.5270152,0.0269737,9.87797445,4.848455974285714,3.1784452380952386,5.311568502380952,4.23446754047619,349.37251761904764,41.009092828571426,3.087716142857143,0.5163657761904761,2.5458177857142856,0.027137119047619042,9.926633111904763
2014-09-01,Monthly,,4.86582756,3.2715,5.3192957,4.1526786,344.060585,42.1449277,2.9921804,0.5323364,2.5702165,0.02685965,10.10736435,4.832659136999999,3.21815,5.2491284325,4.15198514,343.79443975,41.512913177499996,2.9977445775000007,0.5242597250000001,2.546910285,0.027038815,9.9942552075
2014-10-01,Monthly,,4.89622896,3.2835,5.2519585,4.13852355,343.229025,42.3398797,3.00150865,0.53738015,2.57005395,0.02717005,10.10618845,4.860192696666667,3.268788095238096,5.258535683333333,4.148829642857143,343.46500976190464,42.13609928571429,3.0293457119047615,0.5336665285714286,2.5662782952380954,0.02690767619047619,10.073606123809522
2014-11-01,Monthly,,5.03259288,3.3685,5.29157675,4.19294045,348.83241499999997,43.44797795,2.8473015,0.54807115,2.58558495,0.0275994,10.2627827,4.9137661955,3.3440499999999993,5.279641915,4.173526767499999,346.9300989999999,43.12476722,2.8804821,0.5459652749999999,2.5809863775000004,0.027488395,10.1968589825
2014-12-01,Monthly,,5.0853231,3.495,5.4396182,4.2513181,353.53028,45.05753065,2.92554335,0.56371875,2.64492215,0.0281231,10.62698,5.0738292454545455,3.480272727272727,5.440464415909092,4.289560240909091,356.72078340909087,44.87932229318182,2.9155340749999996,0.5620908045454546,2.6455796522727266,0.027971370454545452,10.574397865909091
2015-01-01,Monthly,,5.01621072,3.6235,5.4617017,4.10415735,393.537915,46.7421745,3.0701123,0.5796673,2.6813927,0.0287135,11.07426895,5.099408232380953,3.5835119047619046,5.432406964285716,4.169588145238095,380.9072635714287,46.21808420000001,3.027658616666666,0.5761737333333333,2.6791960357142863,0.028476540476190474,10.943325609523809
2015-02-01,Monthly,,5.10460353,3.61125,5.5741454,4.0494754,379.81186,46.5628285,3.0274135,0.5760121,2.66179015,0.0280671,11.154441,5.0812509375,3.5926406250000005,5.512455125000001,4.083066259374999,384.64617000000004,46.3264872875,3.026159815625,0.5746849,2.6524230437500003,0.028162275,11.031198524999997
2015-03-01,Monthly,,5.0841104,3.7165,5.49354485,4.01530675,383.57939999999996,47.9267018,3.0902591,0.59925185,2.69966955,0.0283973,11.4230838,5.1018062531818185,3.6808750000000003,5.516751615909092,3.98792334090909,375.6120354545454,47.4475022,3.0567821704545453,0.5899289954545455,2.6725622159090907,0.02815742272727273,11.28433044090909
2015-04-01,Monthly,,5.0478591,3.5705,5.5071395,3.9659331,379.71933,46.0668077,3.00155525,0.57548805,2.7001179,0.02760125,10.862491,5.025137095909091,3.6356363636363636,5.428921095454545,3.9233260590909094,377.9204847727273,46.904817159090925,3.0412531431818177,0.5862493181818181,2.6922771272727277,0.028072681818181823,11.181157427272726
2015-05-01,Monthly,,5.10661125,3.6515,5.59884525,4.0011312,387.67387,47.098202,2.95106515,0.5888139,2.7095317,0.0276179,10.8288872,5.0669289594736835,3.6036315789473687,5.582231731578948,4.021506126315789,386.6940555263158,46.484437115789476,2.9840030763157888,0.580857155263158,2.699845986842105,0.027407794736842107,10.750329213157894
2015-06-01,Monthly,,5.25849221,3.7855,5.95269905,4.2363532,407.08688000000006,48.8319297,3.0946254,0.60991525,2.80958925,0.02841435,11.20451295,5.256728317272728,3.739081818181818,5.818924827272727,4.193146081818183,401.1867756818181,48.2300825659091,3.0221469,0.6024580045454546,2.7780705522727276,0.028092897727272727,11.084976775000001
2015-07-01,Monthly,,5.3584374,3.8175,5.9594995,4.17901735,394.961515,49.2444034,3.0804924,0.61476405,2.780813,0.0283019,10.8667822,5.314165852272727,3.8010568181818174,5.914149436363638,4.184604065909092,398.8886729545455,49.03528636136363,3.084394311363636,0.6122353749999999,2.793396481818182,0.028426077272727276,11.076003168181817
2015-08-01,Monthly,,5.8341928,4.214,6.5047307,4.74686045,436.81977500000005,54.3724409,3.48422905,0.65918945,3.00635055,0.03003565,11.77424185,5.7158383950000005,4.060074999999999,6.336404162500001,4.522579132500001,419.41210000000007,52.3692137675,3.2938000999999995,0.6400545624999998,2.9041614749999995,0.029457010000000006,11.466590049999999
2015-09-01,Monthly,,6.18979153,4.4455,6.74115695,5.0051887,457.732775,57.3609209,3.7084469,0.69944,3.1191028,0.03032405,12.2229888,6.07996619,4.311674999999999,6.618770565,4.846286212500001,443.93056824999996,55.63299073,3.5901825425,0.6769984124999998,3.0458154575,0.029948392500000004,11.969145369999998
2015-10-01,Monthly,,5.99606448,4.304,6.59265265,4.72127295,434.65977999999996,55.53512625,3.5618822,0.6782119,3.07001055,0.03146205,12.0932876,5.993218002380954,4.268050000000001,6.542797502380952,4.789891552380952,440.30999547619035,55.07109289285716,3.554618671428571,0.6719723714285715,3.0431589119047615,0.030979907142857144,11.946250792857146
2015-11-01,Monthly,,5.81518785,4.2615,6.4052477,4.5105848,413.43690000000004,54.98532415,3.47211525,0.666255,3.0162442,0.03081345,11.8770932,5.948782579499999,4.308625000000001,6.5571280125,4.632356535000001,427.47014375000003,55.591356430000005,3.5193657275000008,0.676369975,3.05059697,0.031526860000000004,12.044408635
2015-12-01,Monthly,,5.99120366,4.292,6.3607442,4.6917999,434.19344000000007,55.3735009,3.56448835,0.6609637,3.0355758,0.0310677,11.9222247,5.937372217619047,4.281069047619049,6.422118116666667,4.656764511904762,430.04062809523805,55.233220911904766,3.5129598095238106,0.6636195047619048,3.03931999047619,0.030898226190476188,11.892628861904761
2016-01-01,Monthly,,5.79304419,4.1475,5.96182425,4.5336325,409.06407500000006,53.22391365,3.4473448,0.6305827,2.90593885,0.0299567,11.59167415,6.00024243736842,4.3480526315789465,6.2692838078947375,4.726134426315788,432.40560815789485,55.8926641263158,3.6805319421052625,0.6615232684210526,3.0323462157894743,0.03130991052631579,12.019997878947366
2016-02-01,Monthly,,5.79321414,4.2195,5.84527385,4.6093823,423.007685,54.25893295,3.72270565,0.6443658,2.9954212,0.0315171,11.81271285,5.835074843333334,4.1858611111111115,5.987918119444443,4.649625947222223,422.12240083333336,53.788493752777775,3.6587555638888887,0.6395927888888889,2.9791864000000006,0.03102886666666667,11.749377141666667
2016-03-01,Monthly,,5.49580682,3.922,5.6233651,4.437744,406.06752000000006,50.58002075,3.4891698,0.60644955,2.9022837,0.0295354,11.13414575,5.673855036956521,4.076804347826086,5.796868250000001,4.530010426086955,414.71922260869565,52.52319582391305,3.608323297826087,0.6265534978260868,2.9655202956521736,0.030912234782608693,11.57142199782609
2016-04-01,Monthly,,5.5831296,3.9045,5.7173598,4.4448837,404.968415,50.3348594,3.63767765,0.60301625,2.90383785,0.0295572,11.1652921,5.503140388095238,3.9044619047619045,5.583715807142857,4.426923630952381,405.06719547619053,50.33800621428571,3.5620272999999996,0.6026917428571428,2.8904189476190476,0.02963253095238095,11.122625311904764
2016-05-01,Monthly,,5.80020736,4.1195,6.0585489,4.59365495,415.35615,53.0303053,3.70142455,0.62583085,2.9861191,0.03024595,11.52952985,5.723773208095238,4.048238095238095,5.8826110285714295,4.576379785714287,413.6929673809524,52.143512921428574,3.7154366809523816,0.6198402047619046,2.953509616666666,0.030181307142857133,11.4281595
2016-06-01,Monthly,,5.58556812,4.0225,5.39095475,4.46638325,409.99921500000005,51.84569425,3.9144624,0.60542445,2.9816175,0.03051975,11.4275712,5.7418852238095255,4.087071428571428,5.792238188095238,4.589414147619048,421.01265666666666,52.651292971428575,3.877060457142857,0.6199821023809523,3.013979907142857,0.03061040476190476,11.57429135714286
2016-07-01,Monthly,,5.61880485,4.0535,5.3506207,4.49594005,414.426145,52.26411515,3.91585865,0.6094024,3.0060443,0.03096045,11.6212768,5.589970363157896,4.0195,5.30044827368421,4.446817763157895,409.10889605263156,51.82166378947368,3.8521684236842106,0.6019462026315789,2.9754494526315787,0.030649034210526314,11.46983462894737
2016-08-01,Monthly,,5.68402701,4.0495,5.29877105,4.52450665,413.02464,52.21018225,3.96640415,0.6064395,2.9746209,0.03054035,11.7122207,5.638138946818182,4.026909090909092,5.279387309090909,4.5137716227272735,415.0038015909091,51.921332915909076,3.9787340613636357,0.6056602295454544,2.9900972318181824,0.030605749999999998,11.596537593181816
2016-09-01,Monthly,,5.76543,4.1455,5.37754285,4.65000785,429.05220499999996,53.45583725,4.0880636,0.62151425,3.0358851,0.0319032,11.9432471,5.7506800515,4.108675,5.4034345575,4.60516271,421.75387075000003,52.97231108,4.03154539,0.6157297249999999,3.023256845,0.031335125000000005,11.833578697499998
2016-10-01,Monthly,,5.75437073,4.204,5.1236257,4.6111575,425.549295,54.2091386,4.01240765,0.621007,3.02033205,0.0322244,12.0088567,5.7685095975,4.1775875,5.1491345925,4.604494735,423.16434475,53.85379117250001,4.02322161,0.6206154825000001,3.017657485,0.03208827000000001,11.907608640000001
2016-11-01,Monthly,,6.04859968,4.466,5.5737918,4.7482518,440.825335,57.58382615,3.96607675,0.64863765,3.1340352,0.032923,12.53878155,5.937624807727274,4.334886363636364,5.388267802272726,4.684638204545453,435.67220181818175,55.88994847954544,4.014388686363637,0.6336325568181818,3.0737402181818188,0.03254558181818182,12.26884796590909
2016-12-01,Monthly,,6.03940253,4.486,5.51082725,4.7237583,439.41644,57.84505905,3.8442095,0.6455187,3.1016009,0.033378,12.51674325,6.0110528205,4.461450000000001,5.570970975,4.70544991,437.56729299999995,57.50015835749999,3.8487569400000003,0.6445315775000001,3.106963735,0.0332622375,12.4642134975
2017-01-01,Monthly,,6.04894962,4.4295,5.5408618,4.73845775,445.17594999999994,57.0940618,3.90144075,0.6436689,3.12079515,0.03320715,12.58649035,6.023828852500001,4.459550000000002,5.496296199999999,4.73885773,442.08710475000004,57.497250665,3.881760975,0.6466163725000001,3.1213896575000004,0.03339289499999999,12.576642949999998
2017-02-01,Monthly,,6.02142578,4.445,5.52535735,4.7054772,440.75365,57.27096495,3.94637605,0.6470255,3.1659547,0.0333146,12.73073715,6.024023894999999,4.446027777777778,5.553268250000002,4.730467038888889,443.71310583333326,57.29502130833334,3.9309925,0.6468252361111113,3.142178813888889,0.03332774722222222,12.698145852777778
2017-03-01,Monthly,,6.0054181,4.4265,5.5267067,4.72573165,442.097465,56.96618165,3.9495877,0.64179155,3.1667626,0.0332208,12.8462617,6.014294955217392,4.439347826086956,5.47727147173913,4.743789260869565,442.8743893478261,57.16325346956521,3.9290522630434785,0.6436444282608695,3.1582852739130436,0.033271319565217394,12.717360095652175
2017-04-01,Monthly,,5.9262516,4.3475,5.61436195,4.7242111,437.22035999999997,55.87938575,3.9119092,0.63065745,3.11336305,0.0326083,12.5505219,5.990835868421053,4.407236842105262,5.559720463157895,4.717563486842105,440.14426421052633,56.69128355,4.005660015789473,0.639580644736842,3.152114255263158,0.03312877894736842,12.787478113157896
2017-05-01,Monthly,,5.93734848,4.276,5.4826876,4.7790715,438.33937499999996,54.8792623,3.8493047,0.62547085,3.088034,0.03210455,12.5395972,5.931899173333333,4.3137857142857134,5.573323661904762,4.769461457142857,437.4459561904762,55.397337938095234,3.8458328238095243,0.6264589809523811,3.093328007142857,0.03238174523809524,12.522840933333333
2017-06-01,Monthly,,5.98019422,4.294,5.590144,4.9125508,448.78772,55.00720615,3.8395852,0.63450785,3.11837385,0.0322191,12.6348035,5.919650992631579,4.2765,5.478089084210525,4.805796365789473,441.8972644736843,54.843384968421056,3.8579370631578946,0.6284690447368422,3.0908543421052634,0.03214237631578948,12.576212044736844
2017-07-01,Monthly,,6.02165063,4.279,5.61533205,5.02033685,441.77168,54.7946961,3.8704722,0.6360225,3.1510736,0.03211135,12.8421394,5.984441940952381,4.2903095238095235,5.575142392857143,4.940296630952381,446.9669800000001,54.94380534047619,3.816725304761905,0.6334850309523811,3.1281499190476194,0.032154999999999996,12.715945497619048
2017-08-01,Monthly,,6.04862648,4.2695,5.5217448,5.1157152,446.88093999999995,54.56195185,3.89038235,0.64857935,3.15185355,0.03199685,12.86187775,6.0447276795454545,4.284340909090909,5.558408340909091,5.060640770454547,443.8500202272727,54.77841348636363,3.901519756818182,0.6417527954545454,3.1482343909090913,0.032107104545454554,12.878966872727274
2017-09-01,Monthly,,5.97896565,4.2275,5.6716143,4.9816863,435.33109,54.12551015,3.75394045,0.63312475,3.1124612,0.0314079,12.66856705,5.9760237866666674,4.208861111111111,5.6062177305555565,5.014464808333334,437.67772722222225,53.87457114722221,3.8035411694444443,0.6409037277777778,3.119289391666666,0.03164809722222222,12.695689780555554
2017-10-01,Monthly,,5.94675512,4.2305,5.58658685,4.92324445,424.834325,54.2270998,3.738512,0.6384842,3.10963335,0.0311834,12.73288285,5.96064531,4.2288571428571435,5.585657983333333,4.972897164285715,430.92628642857153,54.18145068333334,3.74390879047619,0.6382257428571428,3.1085240404761896,0.03126085238095238,12.719002973809525
2017-11-01,Monthly,,5.79080684,4.087,5.506211,4.8494301,415.303345,52.3494493,3.6495962,0.61876435,3.0325741,0.0302371,12.5214487,5.867713342727272,4.172500000000001,5.516832154545455,4.895799947727273,420.71919159090913,53.459237722727266,3.697247970454546,0.6301047409090909,3.076888234090909,0.030841820454545445,12.67104515
2017-12-01,Monthly,,5.78915376,4.062,5.4660306,4.8510436,415.04042,51.95602595,3.602022,0.6229919,3.0391684,0.02996905,12.4334282,5.768926321578948,4.077973684210526,5.465395200000001,4.82459512368421,412.9586560526315,52.184410971052635,3.6106420421052645,0.6184277605263159,3.028384123684211,0.03008018157894737,12.487158460526317
2018-01-01,Monthly,,5.65967287,3.8945,5.47391455,4.82100185,415.47982,49.80847825,3.5791751,0.61491945,2.9684822,0.02905045,12.3870893,5.678106627619047,3.9577857142857145,5.455737635714287,4.818867257142857,410.68740880952373,50.60898687380952,3.5615457214285717,0.6149794976190476,2.992473352380953,0.02958215476190476,12.396267616666668
2018-02-01,Monthly,,5.68307065,3.9255,5.4566418,4.79853145,417.606495,50.14146445,3.66133505,0.6202696,2.9609657,0.028623,12.47378785,5.68068090611111,3.9123055555555553,5.465854963888887,4.830496522222223,418.61350361111107,50.01492426666667,3.6257940250000007,0.6190361722222223,2.9635425472222225,0.028756252777777776,12.422519944444444
2018-03-01,Monthly,,5.61771504,3.862,5.4181932,4.75586,404.165225,49.2046611,3.63191835,0.61604735,2.9464048,0.0280567,12.37424235,5.665965620000001,3.903090909090909,5.4536488636363645,4.816771938636363,412.219818409091,49.777848590909095,3.6810842909090913,0.6175820863636363,2.968991777272727,0.028366861363636368,12.484707325
2018-04-01,Monthly,,5.6330747,3.9195,5.4010713,4.75239405,396.59015,49.94011545,3.59142375,0.6188766,2.96068315,0.02825065,12.434963,5.639193107142857,3.8862142857142863,5.475459433333333,4.774945026190476,401.8586816666666,49.51628966190477,3.613953859523809,0.6172249380952382,2.955522769047619,0.028152635714285716,12.419809330952381
2018-05-01,Monthly,,5.64322528,3.9765,5.2909327,4.6391841,402.29661500000003,50.6802615,3.65638375,0.62064455,2.97186225,0.0286337,12.4353086,5.648711823333333,3.9636973684210526,5.341006436842105,4.688652586842105,397.5422131578947,50.50215458421053,3.612443607894736,0.6221467789473685,2.9617609868421058,0.02821110789473684,12.405240744736844
2018-06-01,Monthly,,5.6825428,4.0385,5.29608905,4.69899675,405.981435,51.46257715,3.6486428,0.60996715,2.9589335,0.0280939,12.1788324,5.658000643000001,3.99985,5.316727222500001,4.673557805,404.2559025000001,50.973071245000014,3.6367335425,0.61862884,2.9687278674999997,0.0285559525,12.3206685
2018-07-01,Monthly,,5.71149899,4.0605,5.32920385,4.7544397,411.08582,51.7353431,3.66190235,0.59542925,2.98215415,0.0281559,12.2019416,5.432932504545454,4.0492954545454545,5.333182536363637,4.731826638636364,407.18274363636357,51.5985953090909,3.6349709022727272,0.6030983295454545,2.9703434022727278,0.02807943636363636,12.169861538636361
2018-08-01,Monthly,,5.77933236,4.1075,5.3535105,4.80536475,423.104725,52.3331747,3.6800613,0.60132505,3.00794595,0.0280232,12.5534876,5.711793785714286,4.091666666666667,5.268641514285714,4.723757273809524,413.293316904762,52.12644423571429,3.682921180952381,0.5973888833333332,2.9895852428571437,0.028106930952380954,12.375032347619051
2018-09-01,Monthly,,5.77842788,4.1405,5.4151533,4.82285465,423.94923,52.92422205,3.6472144,0.60147595,3.0288965,0.02778395,12.79907415,5.799420633529412,4.139617647058824,5.40585816764706,4.8325210705882355,428.0213397058824,52.82426881176471,3.696303597058824,0.6040440088235294,3.0209001970588236,0.027822923529411764,12.704332682352941
2018-10-01,Monthly,,5.78352299,4.1825,5.31407545,4.7431642,416.00363,53.30368165,3.69364645,0.60027845,3.0169152,0.0274803,12.57138815,5.786387331739131,4.1584130434782605,5.414105886956523,4.780036971739131,418.8289580434783,53.05628179347827,3.6853745717391306,0.6009600630434783,3.015366465217391,0.027383434782608695,12.69294177173913
2018-11-01,Monthly,,5.77913494,4.188,5.3537303,4.7722262,420.31318500000003,53.54437435,3.69295895,0.60318015,3.05570795,0.02929185,12.7275502,5.7958598565,4.186725000000001,5.4014370849999995,4.7567022075,418.1349957500002,53.469523835,3.693162825000001,0.6030493575,3.0433286324999993,0.0285410775,12.701031044999999
2018-12-01,Monthly,,5.75647981,4.1385,5.2532056,4.73403065,420.258995,52.8419218,3.74745365,0.60165765,3.0322018,0.0286055,12.7006306,5.779363010500001,4.1729,5.285926805,4.7483672750000006,420.54107725000006,53.367395085,3.7152184325,0.6059725699999999,3.0452653025000003,0.028779599999999995,12.759236455000003
2019-01-01,Monthly,,5.72315663,4.089,5.3696752,4.70296345,411.92767999999995,52.1246966,3.75533855,0.60997995,3.03698765,0.0291447,13.0848034,5.734382899523809,4.116071428571428,5.306819685714286,4.70371579047619,416.4753773809524,52.490048766666675,3.7813645071428574,0.6064380380952382,3.034977147619048,0.02908054523809524,12.931790464285715
2019-02-01,Monthly,,5.69397254,4.0705,5.4131545,4.63161865,407.39635,51.85713665,3.67092055,0.6091602,3.0180916,0.0289355,12.9386551,5.667245622777778,4.074588235294117,5.297638152941178,4.620337123529413,406.6218014705883,51.92076647647059,3.6880055382352936,0.6047816147058823,3.0091622794117647,0.029012132352941176,13.015370920588236
2019-03-01,Monthly,,5.658507,4.081,5.33162255,4.58235095,409.821305,51.98825475,3.6855416,0.60692145,3.0098091,0.02866375,12.8252704,5.676548893809524,4.079047619047619,5.377388152380952,4.612399730952382,407.695745952381,51.96751904285713,3.6696045761904763,0.6077911023809525,3.012493811904762,0.028714788095238093,12.856304566666669
2019-04-01,Monthly,,5.73931102,4.1355,5.35195785,4.62638405,405.75947499999995,52.7130897,3.70664175,0.61378975,3.0362322,0.02906695,12.94974745,5.711425202727272,4.1140454545454554,5.36244405909091,4.623303725,408.4100004545454,52.44376745227273,3.68558526590909,0.6125588295454546,3.0339789931818175,0.029089697727272726,12.912887613636364
2019-05-01,Monthly,,5.75914041,4.197,5.29304665,4.67189105,417.44585,53.4874544,3.84393495,0.60750815,3.0439514,0.02918635,13.2091217,5.766005068947368,4.17085,5.365439489999999,4.667034002500001,412.64250024999996,53.1445670675,3.7930411925,0.608604205,3.0437515525,0.028988677499999997,13.117007702499999
2019-06-01,Monthly,,5.74643304,4.142,5.2489496,4.7075902,424.385295,53.0396649,3.8485485,0.60259545,3.06044045,0.029298,13.46335235,5.763723932352941,4.161694444444445,5.273958763888889,4.700714019444445,420.9958197222222,53.18770470833334,3.8524020194444453,0.6030760694444445,3.0539705,0.029236069444444443,13.368091497222224
2019-07-01,Monthly,,5.70042819,4.1275,5.01615125,4.60402,416.498555,52.74254925,3.80152005,0.5997574,3.0140941,0.0294506,13.4096857,5.6995894459090914,4.124431818181818,5.155071270454545,4.631617677272727,417.8203756818181,52.809630790909075,3.812850086363636,0.5997669840909091,3.0321670886363634,0.029378674999999996,13.389769377272728
2019-08-01,Monthly,,5.7812365,4.222,5.1404962,4.662777,427.414515,53.81977785,3.964878,0.59036155,3.04025375,0.029677,13.779377,5.753742784761904,4.188095238095237,5.0894493023809515,4.658290276190475,427.4481369047619,53.41768418095238,3.939257178571429,0.5930281690476191,3.024199454761905,0.029410185714285716,13.61097392857143
2019-09-01,Monthly,,5.71499552,4.187,5.14435805,4.5776473,422.28952,53.4025472,3.87882725,0.5878719,3.03109315,0.02954005,13.70091985,5.723178081666667,4.185472222222222,5.170278677777778,4.607455344444444,422.3499388888889,53.41329182222223,3.8928185,0.5880065416666667,3.032904494444444,0.02966217222222222,13.693188
2019-10-01,Monthly,,5.75481508,4.1775,5.40213435,4.6656411,423.35958,53.31061875,3.8461539,0.59315055,3.07078825,0.0298127,13.84195145,5.743374333636364,4.187852272727272,5.282428752272728,4.625966288636364,421.5199993181819,53.404063893181814,3.8734178772727286,0.590003515909091,3.054173952272727,0.029663122727272728,13.788420497727275
2019-11-01,Monthly,,5.73803555,4.17125,5.3863355,4.5931722,417.79355999999996,53.2903659,3.8095348,0.59316855,3.05362385,0.02957705,13.7983804,5.718801111428572,4.158964285714286,5.359309557142857,4.597774290476191,418.98054333333323,53.12029739285716,3.821627359523809,0.5923833190476191,3.05451943095238,0.02956268333333333,13.750525842857144
2019-12-01,Monthly,,5.6509348,4.0925,5.37222505,4.5852373,422.82265499999994,52.57242065,3.7654691,0.58663325,3.0386845,0.02946895,13.682718,5.7145172395238095,4.14852380952381,5.439296745238093,4.609585528571429,421.7353692857142,53.14717111904761,3.8009798547619043,0.5912635642857142,3.0565910952380952,0.029606233333333343,13.727453400000002
2020-01-01,Monthly,,5.66683773,4.0885,5.3534822,4.5073669,421.23431,52.62853045,3.7483384,0.58940555,3.001946,0.02994145,13.12520355,5.631484878095237,4.079654761904761,5.334316030952381,4.532061219047618,420.602045952381,52.478838954761905,3.732099492857143,0.589459392857143,3.020411447619048,0.02971109523809524,13.412403423809522
2020-02-01,Monthly,,5.76983592,4.226,5.44076385,4.64331765,436.00732999999997,54.1958167,3.87191365,0.6028316,3.02364755,0.02988685,13.34807765,5.7058085875,4.163374999999999,5.399519995,4.540805325,426.33172625000003,53.551083535,3.783410525,0.5948229950000001,2.995858525,0.030237987499999997,13.2877033775
2020-03-01,Monthly,,5.906172,4.3025,5.31057725,4.743938,448.224305,55.4853488,3.96928005,0.6069182,3.01951235,0.0263312,13.1695828,5.902169526666667,4.296363636363637,5.317385652272727,4.759414436363636,449.0410193181817,55.33003596590908,4.001538922727272,0.6123986227272726,3.0329233477272726,0.028296818181818183,13.386319745454545
2020-04-01,Monthly,,5.94062128,4.326,5.3914946,4.6993342,443.78344500000003,55.8153955,4.06025685,0.6128174,3.0663458,0.0290247,13.37249355,5.940016581363636,4.355340909090908,5.404684481818181,4.735363120454545,448.81771931818173,56.185946050000005,4.039844254545454,0.6155940750000002,3.0585581886363626,0.027558670454545454,13.34098365681818
2020-05-01,Monthly,,5.93124246,4.3485,5.36104835,4.822487,451.48735999999997,56.0890518,4.0490713,0.60818185,3.07466605,0.0296171,13.65520645,5.919209453124999,4.3418125000000005,5.335679203125,4.733501884374999,447.83780125000004,56.01101459687499,4.050501384375,0.6110411218749999,3.06145108125,0.029204365625000003,13.544882515625
2020-06-01,Monthly,,5.89005955,4.28,5.26547015,4.8098643,449.79246,55.22331275,3.9728955,0.6055633,3.071844,0.02996245,13.85562135,5.895405151428572,4.27545238095238,5.352172242857144,4.812031488095239,449.16437642857136,55.16420417380953,3.977420590476191,0.6032719095238095,3.0667217452380955,0.030196047619047615,13.721572502380953
2020-07-01,Monthly,,5.98223185,4.2425,5.5084625,4.9961805,464.95708999999994,54.74158255,4.03874545,0.606327,3.0852303,0.0290389,13.51976175,5.927218231363637,4.265715909090909,5.390137636363638,4.879039845454545,455.80673636363633,55.034608745454534,3.991433199999999,0.608324525,3.072202870454546,0.029334747727272723,13.573627529545456
2020-08-01,Monthly,,5.88492923,4.1745,5.5305864,4.95053985,460.355255,53.86416875,3.9059652,0.60698375,3.0601477,0.02842215,13.3712393,5.9075408578947375,4.190657894736842,5.497977681578948,4.953661273684211,459.97454631578944,54.07144426052631,3.9508042552631575,0.6041900131578947,3.0578952684210527,0.028477697368421054,13.42847495
2020-09-01,Monthly,,5.83860036,4.1585,5.3382667,4.87750515,451.32415000000003,53.65771855,3.93778745,0.6104803,3.037286,0.02792375,13.1224399,5.861409280952381,4.150690476190476,5.386977228571429,4.894872928571429,453.7459169047619,53.55607832380953,3.930122635714285,0.6091295238095237,3.039048730952381,0.028006433333333334,13.231742488095241
2020-10-01,Monthly,,5.8653642,4.157,5.3762487,4.8599493,454.814235,53.6231419,3.98161055,0.62208655,3.0482132,0.02842395,13.33226875,5.872432350952381,4.1527142857142865,5.388398954761905,4.887601911904762,454.98249999999996,53.58224108333333,3.944755335714286,0.6172408071428571,3.054831254761905,0.02821525714285714,13.279619897619046
2020-11-01,Monthly,,5.83190702,4.069,5.4268259,4.8697798,450.23515,52.4964526,3.9153237,0.617943,3.04281185,0.0288481,13.44013415,5.844228749047621,4.113821428571429,5.429808371428571,4.864978942857143,451.5767014285714,53.06209374285715,3.9421529833333335,0.6227421738095239,3.0523582714285715,0.02894516904761905,13.497776245238096
2020-12-01,Monthly,,5.75603906,4.013,5.4653053,4.9323789,455.1178,51.76628445,3.88913165,0.6143037,3.0354379,0.0285623,13.3990032,5.828443285,4.056181818181819,5.449550263636365,4.935182815909091,456.3382729545455,52.322950747727276,3.907414761363636,0.6200143295454548,3.044135895454545,0.028702252272727272,13.482777627272727
2021-01-01,Monthly,,5.81432775,4.054,5.555602,4.9041242,455.531225,52.29247205,3.8799829,0.627292,3.04514455,0.02884905,13.51784305,5.826915700000001,4.036868421052632,5.505263242105264,4.916895742105264,455.37758921052625,52.06997084736842,3.8936730184210524,0.6240790263157896,3.0457634052631577,0.02877077368421053,13.454924744736845
2021-02-01,Monthly,,5.83408095,4.0495,5.66342835,4.9239899,447.28569,52.2212913,3.81758205,0.6259855,3.0495528,0.0284328,13.43563795,5.826236357222223,4.045444444444445,5.612682377777778,4.8931033444444445,450.7129461111111,52.18030364166666,3.8394934083333334,0.626338175,3.0479322027777775,0.028818669444444445,13.485847208333333
2021-03-01,Monthly,,5.87646127,4.159,5.70926755,4.86914935,440.5721,53.49437005,3.75208635,0.63367515,3.08702955,0.02855485,13.24944585,5.871639917391303,4.109456521739131,5.696473432608696,4.89443012826087,442.52679739130434,52.923346134782605,3.783180219565217,0.6314465347826087,3.0613521521739133,0.028532482608695654,13.348000715217395
2021-04-01,Monthly,,5.89043098,4.1045,5.724341,4.9738334,451.490715,52.86681235,3.77147865,0.63455625,3.09481625,0.02839605,13.15966945,5.8889759671428585,4.124142857142858,5.7060685357142855,4.92688858095238,446.3252902380953,53.0779312404762,3.7801485190476196,0.6319829809523808,3.0886126666666662,0.028356676190476195,13.147298426190478
2021-05-01,Monthly,,5.94761211,4.138,5.87471895,5.0477394,460.23807999999997,53.31752805,3.77262185,0.65044485,3.12833145,0.0289482,13.2416029,5.947183297222221,4.127527777777779,5.807207961111112,5.010301169444444,456.9326030555555,53.15476533055557,3.7811885416666673,0.6416757222222222,3.103246391666666,0.02882171944444445,13.195394344444445
2021-06-01,Monthly,,5.92606189,4.15425,5.75467495,4.9443888,450.91183,53.50415705,3.76001305,0.6433118,3.0901552,0.0285861,12.9536985,5.937009445238094,4.134785714285714,5.800972373809523,4.9821009119047615,455.5068811904762,53.27230356666667,3.7552935190476187,0.6435915333333332,3.101002633333333,0.02882322619047619,13.155505942857143
2021-07-01,Monthly,,6.03726764,4.2305,5.89837475,5.02519955,466.427865,54.41647565,3.8629415,0.6549015,3.1259468,0.02926165,12.8586661,5.981021995238096,4.198476190476191,5.7999257095238095,4.9646925333333325,457.2552497619048,54.0341596904762,3.8064005380952386,0.6485867976190477,3.10017949047619,0.028946030952380956,12.868163121428571
2021-08-01,Monthly,,5.9035577,4.169,5.74029645,4.92129615,457.65411,53.53004285,3.7981144,0.64458275,3.09537075,0.0290048,12.81389375,5.998128337,4.222912500000001,5.827401704999999,4.9703421675,462.06095200000004,54.256548747499984,3.8451584599999995,0.6519407075000001,3.1148954600000005,0.02934927,12.737960647500001
2021-09-01,Monthly,,5.89541652,4.188,5.6351635,4.8597556,448.65822,53.7853985,3.74229315,0.64752545,3.0770363,0.0292591,12.35398515,5.921862832380953,4.16620238095238,5.723495023809524,4.905389395238095,451.64068166666675,53.54983820714284,3.7808776380952387,0.6449998261904762,3.0910504523809528,0.02922399999999999,12.605089907142856
2021-10-01,Monthly,,5.8689561,4.144,5.7166484,4.8385348,454.535555,53.28395895,3.64772685,0.6483966,3.0825308,0.0292511,12.4856914,5.8787346245,4.1634375000000015,5.695859242500001,4.82996353,450.659939,53.5145049125,3.6830254549999992,0.6482517700000001,3.0810018824999994,0.029335332499999995,12.438407910000002
2021-11-01,Monthly,,5.890364,4.2265,5.6301208,4.7753111,458.13236,54.1883291,3.7183832,0.66330815,3.0883052,0.02953015,12.539687,5.867594084761906,4.180178571428571,5.624800426190476,4.766874354761904,453.13005619047624,53.66003406190475,3.6632646809523814,0.6541476928571429,3.0795868952380956,0.029297059523809527,12.633932057142859
2021-12-01,Monthly,,5.8377316,4.176,5.6361385,4.725562,456.71790000000004,53.55047625,3.6286226,0.65516165,3.08955725,0.0292509,12.5011278,5.884695980434784,4.210108695652173,5.602526958695652,4.7590233456521736,457.25669326086955,53.984268415217386,3.6967388891304354,0.6611581673913044,3.088556415217391,0.029381289130434782,12.542088332608696
2022-01-01,Monthly,,5.85702705,4.189,5.61765855,4.6753433,449.849725,53.725448,3.6257412,0.6585443,3.09025895,0.0290923,12.5287924,5.865929339,4.1888499999999995,5.678579689999999,4.742439297500001,455.8886192499999,53.756313792499995,3.6462499975,0.6590473575000001,3.1013290049999997,0.029210987499999997,12.59399913
2022-02-01,Monthly,,5.8516055,4.201,5.60728485,4.6845355,453.182375,53.7714238,3.6364424,0.66560515,3.0895389,0.0292406,12.8255283,5.86959581,4.187722222222222,5.670448505555556,4.750100263888889,453.88561166666665,53.68710822222223,3.634409236111111,0.6601333472222222,3.1096553777777776,0.029181747222222228,12.844711575000002
2022-03-01,Monthly,,5.8185216,4.204,5.5141767,4.6933458,454.683175,53.69538995,3.4364655,0.66214115,3.10613655,0.02928085,12.60003525,5.807428402173913,4.200576086956521,5.534699702173913,4.628481730434783,451.81471434782605,53.69552374565216,3.546939265217391,0.661994254347826,3.090293332608695,0.02927087173913043,12.635464382608696
2022-04-01,Monthly,,5.8178484,4.359,5.4413401,4.5826171,448.73384999999996,55.5467064,3.3365227,0.6558981,3.1480888,0.0300683,12.66783025,5.82931063,4.266612499999999,5.526825854999999,4.6185283825,452.17510725,54.4136593725,3.382654542499999,0.6637499600000001,3.124756145,0.029670690000000007,12.629235979999999
2022-05-01,Monthly,,5.9211339,4.3755,5.5203502,4.70431895,456.066325,55.7487964,3.4160914,0.65639565,3.1947298,0.02997535,12.804156,5.892489471111111,4.384402777777777,5.460156086111112,4.644111566666666,447.8952527777777,55.857797958333336,3.407041069444445,0.6535372027777778,3.1742905083333333,0.03002480277777778,12.740370202777779
2022-06-01,Monthly,,5.8542702,4.4055,5.3429907,4.6046289,461.71986499999997,56.13997095,3.2249918,0.6580972,3.1655535,0.02961185,12.47486905,5.888570434761905,4.401464285714288,5.425935459523809,4.6523880547619045,453.6091111904762,56.082249354761906,3.284359695238095,0.6573189976190477,3.1801216190476187,0.029929969047619052,12.585283821428575
2022-07-01,Monthly,,5.8920054,4.4485,5.4233894,4.54325355,467.230405,56.6698729,3.34034175,0.65981905,3.2276438,0.02995325,12.13530845,5.853304829,4.440712499999998,5.328986187499999,4.5280635375000005,458.37700774999985,56.578556967500006,3.2497499025000005,0.6594017649999999,3.1836339675,0.029634387500000005,12.20052782
2022-08-01,Monthly,,5.83307725,4.4845,5.24753775,4.4833791,463.346665,57.140855,3.23592025,0.6482646,3.21066765,0.0301378,12.30399925,5.874886094545454,4.465852272727272,5.362899522727272,4.525430138636364,467.18175136363647,56.92087470454546,3.3103562704545455,0.65710435,3.228002529545455,0.030077511363636365,12.467182881818182
2022-09-01,Monthly,,5.95089505,4.641,5.14292445,4.5481802,475.31755499999997,59.1229022,3.20643925,0.6524033,3.2365149,0.03045975,12.2187854,5.875481004761904,4.544547619047619,5.138985499999999,4.498694728571429,466.63365880952387,57.89905671190476,3.176455921428571,0.6472664476190475,3.2143564285714286,0.03031494047619048,12.26547997142857
2022-10-01,Monthly,,6.0712923,4.7265,5.4855762,4.70995755,474.40535,60.2136435,3.19606455,0.6508538,3.34915885,0.0303224,12.4455282,6.021866302631578,4.695078947368422,5.305653060526316,4.621807994736843,472.18485789473687,59.81324420789474,3.1935627631578956,0.6525775657894738,3.2974144315789475,0.030429471052631583,12.373642418421055
2022-11-01,Monthly,,5.794981,4.475,5.360379,4.630731,469.668475,57.30787625,3.2248767,0.62647025,3.261306,0.02843345,12.653756,5.989261719,4.622824999999999,5.410254847499999,4.70111625,477.5679000000001,59.02253253749999,3.2375681325000003,0.64347577,3.3287399074999997,0.029520107500000003,12.67094072
2022-12-01,Monthly,,5.863723,4.413,5.3159,4.7038171,478.03717,56.5946998,3.32642395,0.6342431,3.2818958,0.0283293,12.781117,5.867327110952379,4.41422619047619,5.376247190476191,4.6708884857142845,473.30473071428577,56.69054594761904,3.2696040238095243,0.6323244023809524,3.2651195357142857,0.028282419047619047,12.686523485714288
2023-01-01,Monthly,,5.7317115,4.2475,5.2431145,4.60641425,459.21403,54.2028772,3.26116175,0.6286865,3.23212775,0.02832895,12.96748735,5.808309094736842,4.329,5.288078473684211,4.661534692105263,468.17621184210526,55.363164134210535,3.3199301315789476,0.6375935631578947,3.265077313157894,0.02835930789473684,13.012742536842104
2023-02-01,Monthly,,5.9609968,4.4835,5.4032902,4.74937225,478.85303500000003,57.1302977,3.2910046,0.64655455,3.32616255,0.0294241,12.7889903,5.86780618611111,4.377027777777778,5.287555872222222,4.684677780555556,473.22539388888885,55.78930667777779,3.2897642972222223,0.6396529277777778,3.2853627694444447,0.028889766666666664,12.837382641666668
2023-03-01,Monthly,,5.949147,4.409,5.46605785,4.8088967,482.62275,56.1688255,3.3209056,0.6427114,3.32290775,0.0294621,12.93151605,5.964566083913042,4.465989130434784,5.420800732608695,4.782447854347827,482.2805404347828,56.90178669565216,3.3410083804347828,0.6475261456521739,3.3309070369565212,0.02920102173913044,12.945898471739131
2023-04-01,Monthly,,6.0120897,4.4585,5.57022705,4.91282145,498.65792999999996,56.7972638,3.33183875,0.64482775,3.34195345,0.03046985,13.06807395,5.969353808333334,4.422694444444445,5.499701852777778,4.8441586222222215,491.4703202777779,56.34222987222223,3.3179377,0.6422380055555555,3.321420513888889,0.02978847222222222,12.904897058333335
2023-05-01,Monthly,,6.12243,4.6165,5.7191512,4.93873205,508.369235,58.93993685,3.30257215,0.64983145,3.41003205,0.030788,13.28680555,6.069847089523809,4.522654761904762,5.643388926190476,4.913946538095238,504.10683023809526,57.718850988095234,3.2970269499999993,0.646641430952381,3.375319166666666,0.030484226190476194,13.212848935714286
2023-06-01,Monthly,,6.20824175,4.679,5.9041963,5.0865412,520.756915,59.71806565,3.2319117,0.64549065,3.451736,0.03120895,13.1248281,6.1848902225,4.633575,5.853176002500001,5.0222400825,514.5654450000001,59.17124062249999,3.2842163275,0.6470423450000001,3.44309575,0.0310048225,13.283833502500002
2023-07-01,Monthly,,6.0645364,4.5405,5.83476965,5.00045315,521.02819,58.20855385,3.2032878,0.6352793,3.40942415,0.03008445,13.25500065,6.1623992505,4.59615,5.9177492150000015,5.078247235,525.26660175,58.798000985,3.2568880175000006,0.6394394825,3.4425267000000006,0.030554217500000008,13.271924185
2023-08-01,Monthly,,6.1720659,4.638,5.85802605,5.0410428,527.795185,59.1140542,3.17312635,0.6361878,3.4300931,0.0304441,13.22026895,6.1501231954545466,4.608022727272727,5.856583377272727,5.0286818,524.8337309090908,58.89775186590909,3.1840614340909097,0.6355911772727271,3.4125200772727267,0.030208934090909093,13.16173530681818
2023-09-01,Monthly,,6.1864175,4.69,5.73047665,4.9601446,513.21335,59.91695995,3.139539,0.6423338,3.43677875,0.03026295,12.81771295,6.180944870499999,4.67945,5.812457194999999,5.004336375000001,521.83679025,59.771868659999996,3.17134623,0.6413797299999999,3.4339047025,0.030455070000000008,13.075403845000002
2023-10-01,Monthly,,6.27285635,4.766,5.7880688,5.0495774,527.913235,60.91513325,3.17955915,0.6513332,3.4868497,0.0299796,13.21686335,6.228737572727274,4.746136363636364,5.777109961363636,5.012701463636363,525.1555677272727,60.65806113409092,3.1741809500000002,0.6495321090909092,3.4668038795454548,0.030112309090909093,12.998380711363636
2023-11-01,Monthly,,6.23651075,4.653,5.90861215,5.1066679,533.264585,59.58089795,3.1632619,0.65308475,3.49442385,0.0300291,13.33811205,6.2028893571428565,4.687821428571429,5.8222343809523815,5.0681608095238095,526.0381973809524,60.055493873809525,3.1320123285714283,0.648989180952381,3.4769758333333334,0.03006169047619047,13.232728859523812
2023-12-01,Monthly,,6.17517425,4.5915,5.8484233,5.0809546,544.50062,58.7633025,3.24522045,0.64688605,3.4822349,0.02972325,13.43526385,6.2150154575,4.65895,5.897111249999999,5.0826523275,538.1183792500001,59.6599675475,3.2333418475,0.65209981,3.4966791674999995,0.030046417499999995,13.316334532499999
2024-01-01,Monthly,,6.28503255,4.7305,5.99685535,5.11792845,548.050765,60.51283385,3.2020172,0.65870645,3.52798645,0.02993705,13.35545195,6.2530283,4.682952380952381,5.9496194904761905,5.1100821976190485,546.027279047619,59.91149064761904,3.209595247619047,0.6529147833333333,3.5070748571428574,0.029978421428571426,13.324865952380952
2024-02-01,Monthly,,6.2908326,4.763,6.03353095,5.1616635,542.235965,60.85228995,3.1792545,0.6620105,3.54244955,0.03030095,13.26002485,6.329325028947369,4.772289473684211,6.0260787578947355,5.149783831578946,544.1038197368421,61.01416245526315,3.1905287657894745,0.6633939263157892,3.548750542105263,0.030495542105263163,13.299300221052631
2024-03-01,Monthly,,6.25438635,4.7285,5.9687858,5.09495925,524.0497399999999,60.42772955,3.12535135,0.6542735,3.5032418,0.0298234,12.96189815,6.268459687500001,4.7153,5.995639402499998,5.127664855000001,531.6047004999999,60.279513575000024,3.1508793699999993,0.6548035649999999,3.5183726549999994,0.03003776250000001,13.1235008825
2024-04-01,Monthly,,6.2663368,4.7675,5.981306,5.10360925,522.924295,60.9214572,3.04175845,0.6582354,3.5026825,0.0292952,12.87296075,6.289060419999999,4.767125,5.9657681175,5.1115409675,524.2501804999998,60.8836482075,3.0984562425,0.6585499400000001,3.5126402975000004,0.029669707500000003,12.96954715
2024-05-01,Monthly,,6.2115702,4.704,5.98513455,5.0892582,520.41165,60.16999585,2.9999044,0.64960265,3.4826396,0.0289557,12.79564995,6.235366637142857,4.7183214285714286,5.959375671428572,5.098871404761904,518.8282654761904,60.403130002380955,3.02743935,0.6522558666666667,3.4919128357142855,0.029355869047619047,12.874882671428571
2024-06-01,Monthly,,6.20098185,4.7195,5.96049315,5.04608965,524.7680049999999,60.45332005,2.93163965,0.64934885,3.47443635,0.028795,12.81080625,6.215602519444444,4.7100833333333325,5.991350616666667,5.071844555555556,527.4256269444444,60.318265724999996,2.9828841583333325,0.6491773666666667,3.4846310916666665,0.028814119444444446,12.834317688888891
2024-07-01,Monthly,,6.0568398,4.606,5.91433445,4.9846135,522.0447,58.9571786,2.9977224,0.636544,3.4295076,0.02826895,12.8821158,6.185515478636365,4.679624999999999,6.015160506818183,5.074055293181818,524.1587618181819,59.92651420454545,2.963631713636364,0.6441073840909092,3.4745922159090896,0.028784993181818187,12.901539654545456
2024-08-01,Monthly,,5.8348178,4.3155,5.6811406,4.77876905,509.053395,55.3652537,2.9804207,0.60835675,3.3117191,0.02789505,12.6926484,5.905322143181819,4.417431818181818,5.713140438636365,4.865294304545453,514.5721445454544,56.668151713636355,3.0182504204545464,0.6174705363636364,3.356145263636364,0.028041074999999995,12.698506143181817
2024-09-01,Monthly,,5.652797,4.1075,5.4976835,4.583354,487.85559,52.8452151,2.88356915,0.58573145,3.20735575,0.0271346,12.72263295,5.7415312599999995,4.262625000000001,5.6312097475,4.732843205,503.08383000000003,54.7071077175,2.9738563875000006,0.6022286925,3.2875621300000004,0.0278199725,12.775936229999997
2024-10-01,Monthly,,5.8337396,4.395,5.71284095,4.75297295,506.48231,56.55933975,2.86608635,0.61589995,3.3162315,0.02792695,13.0164418,5.753257675,4.295386363636364,5.6124639954545446,4.68495325,499.2366906818182,55.281642181818185,2.8741559113636366,0.6061164204545454,3.281364365909091,0.027615102272727274,12.883099927272726
2024-11-01,Monthly,,5.86327875,4.4395,5.64415845,4.6941057,503.77317,57.0354908,2.9575964,0.61370345,3.3147919,0.02800325,12.94126545,5.8516414928571425,4.435595238095239,5.656063823809524,4.715942676190475,503.95069119047616,57.01733141190475,2.886738204761905,0.6154680142857142,3.3187927357142852,0.028030969047619047,12.88024627857143
2024-12-01,Monthly,,5.83910775,4.47,5.61052155,4.6528236,495.09906,57.57601155,2.85723425,0.6124924,3.28604075,0.0276866,13.05109645,5.844595099999999,4.460392857142858,5.639327392857144,4.671316595238095,500.53172357142853,57.37807993809524,2.9049787976190475,0.6125508214285714,3.3033802785714284,0.02779985952380952,13.055506988095235
2025-01-01,Monthly,,5.860581,4.42,5.4883152,4.59039115,485.58108000000004,56.7222984,2.86352895,0.60954175,3.26151215,0.02710415,13.1410799,5.819534930000001,4.474000000000001,5.5229393025,4.6283293725,491.8394815000001,57.47938938750001,2.855595215,0.6125548475,3.283644639999999,0.02751721,13.0398629675
2025-02-01,Monthly,,5.8427215,4.4655,5.6198325,4.63898505,496.718725,57.4152531,2.9847605,0.61298875,3.31023065,0.02693715,13.08763325,5.809102336842105,4.441842105263158,5.569309889473684,4.627220794736843,491.470022631579,57.08001027894737,2.92671545263158,0.6108367078947368,3.299144978947369,0.02716843421052632,13.14979263157895
2025-03-01,Monthly,,5.902722,4.433,5.73918375,4.784094,502.32302000000004,57.0014163,2.9394605,0.6101732,3.30574275,0.02676935,13.0622473,5.890245771052631,4.435842105263158,5.719698081578948,4.785182534210525,501.469512368421,57.06895722368422,2.975008142105263,0.6115836184210526,3.319083744736842,0.02694542368421052,13.11254014473684
2025-04-01,Monthly,,5.816784,4.3175,5.7785425,4.908566,524.0003849999999,55.65689335,3.02918715,0.5940179,3.30172525,0.02587655,12.92664815,5.947310930952381,4.415785714285714,5.807791630952382,4.963189692857143,530.1278611904761,56.88009409285715,3.067199257142857,0.6046430023809525,3.337315690476191,0.02632681428571429,13.09139131904762
2025-05-01,Monthly,,5.783825,4.239,5.7105696,4.8114771,515.004455,54.0650871,2.94671725,0.5898888,3.28987265,0.0260221,12.9831587,5.7681409625,4.263525,5.7005962125,4.8107759875,514.3393319999999,54.62853978,2.9492289425,0.5909597600000001,3.295229945,0.02598343250000001,12.9407389025
2025-06-01,Monthly,,5.760495,4.217,5.782562,4.9389507,527.58677,53.72145635,2.92390375,0.58860065,3.30576655,0.02597475,12.94750465,5.783909223684211,4.242921052631579,5.746511947368421,4.882151876315791,520.4303739473685,54.06038757894736,2.935361165789474,0.5907746815789473,3.303872005263158,0.02602648421052631,13.00606730263158
2025-07-01,Monthly,,5.79558475,4.254,5.6403792,4.8593444,522.9579,54.19246385,2.8599281,0.5914741,3.2857038,0.02584055,12.9992416,5.804325056521739,4.236304347826087,5.72417965652174,4.952529939130434,531.0266421739132,53.96740808043478,2.885297834782608,0.5906777021739129,3.307610906521739,0.02601297608695652,13.05924926304348
2025-08-01,Monthly,,5.7905466,4.218,5.6936678,4.9194536,525.5748600000001,54.1348753,2.8694854,0.59164295,3.28645495,0.0256687,13.04569765,5.770590914285714,4.226595238095239,5.679672066666667,4.9165598952380964,524.00685,54.00224761428571,2.86208155,0.5890848142857144,3.287764488095239,0.02593251904761905,13.02553474761905
2025-09-01,Monthly,,5.776023,4.215,5.66306375,4.9416662,528.6593200000001,54.17842265,2.83800185,0.5915956,3.2645317,0.02524705,13.0223239,5.775268749999999,4.212583333333334,5.686323869444445,4.943534375,528.9877491666666,54.11515081111111,2.846660727777778,0.5913249250000001,3.278035769444445,0.02547354444444445,13.166186525
2025-10-01,Monthly,,5.701884,4.192,5.5133,4.8489,522.79,53.9664,2.7214,0.5895,3.2245,0.0252,12.9583,5.749560336363635,4.2159545454545455,5.635113636363638,4.909913636363637,528.625,54.22390454545455,2.7863318181818184,0.5922,3.255054545454546,0.02539090909090909,12.948127272727275
2025-11-01,Monthly,,5.6164524,4.129,5.4667962,4.7842727,512.8874149999999,53.0505003,2.6423066,0.5835218,3.185343,0.02478395,12.8349426,5.6371398,4.15585,5.4577100325000005,4.802795067499999,516.9857170000001,53.437598935000004,2.6797207500000004,0.5846241149999999,3.1891701075,0.024880957500000002,12.826932647499998
2025-12-01,Monthly,,5.55674625,4.057,5.4621421,4.7639324,512.1506499999999,52.12609585,2.59241545,0.5804878,3.15953515,0.0243014,12.8834594,5.586991454545454,4.091886363636363,5.473916797727273,4.789991727272728,513.4549097727273,52.58962466818182,2.626327161363636,0.5807930590909091,3.1681319818181817,0.02450066590909091,12.95070737954545
2026-01-01,Monthly,,5.4322711,3.941,5.4200575,4.6980665,512.683855,50.4783995,2.55983895,0.56709525,3.11049805,0.0234702,12.5609595,5.507355873809524,4.028309523809523,5.446202707142857,4.727957666666667,509.76763357142875,51.67375717380953,2.5690448357142857,0.5780304261904761,3.1462187261904764,0.023931197619047623,12.875580292857142
2026-02-01,Monthly,,5.368594,3.8845,5.2407733,4.58526405,502.457755,49.6437588,2.4936609,0.5666419,3.07403165,0.02315305,12.5185373,5.38184365,3.9146176470588236,5.317075088235295,4.62886105882353,506.38462735294115,50.08372630882353,2.523819261764706,0.5667444235294118,3.0899799264705883,0.023270591176470592,12.53534235588235
2026-03-01,Monthly,,5.473074,4.0375,5.3297025,4.63101275,505.44577999999996,51.51416585,2.5277822,0.58435735,3.12669495,0.0237535,12.26551465,5.3919746575,3.9515000000000002,5.2743732375,4.570954287499999,502.98817425,50.486670387500006,2.4912109824999997,0.5731625549999999,3.0893934125,0.023339932499999997,12.275823045
2026-04-01,Monthly,,5.4351484,3.9705,5.35044765,4.6319858,501.70595000000003,50.67257175,2.4749884,0.58056315,3.09929055,0.0228564,12.1088761,5.44180113409091,3.9783636363636377,5.343048361363637,4.647581252272727,504.3538175000001,50.77881686136364,2.4975656863636364,0.5816154954545454,3.1149207772727276,0.02319523409090909,12.301921143181817
