date,frequency,assets,cash_and_cash_equivalents,balances_in_current_account_with_bank_negara_malaysia,other_deposits_placed_and_reverse_repos,statutory_deposits_with_bnm,bank_negara_malaysia,commercial_banks,islamic_banks,investment_banks,other_banking_institutions,non_residents,investment_account_due_from_designated_financial_institutions,negotiable_instrument_deposits_held,treasury_bills,government_securities,other_securities,loans_and_advances,property_plant_and_equipment,other_assets,total_assets
2007-01-01,Monthly,Bank-bank Islam / Islamic Banks,380.095,747.183,2.86,1468.127,18667.0,1037.408,436.982,160.089,0.0,1425.242,0,1236.885,337.583,1985.876,8010.65,34584.857,270.707,10764.793,71182.228
2007-01-01,Monthly,Bank-bank Perdagangan (SPI) / IBS of Commercial Banks,0.154,8.592,4.433,1083.934,6540.311,643.82,91.226,398.4,0.0,0.0,0,449.091,39.531,1854.067,2599.3449999999993,35000.268,3.725,5816.046,50040.0
2007-01-01,Monthly,Bank-bank Pelaburan (Saudagar) SPI / IBS of Investment (Merchant) Banks,0.005,0.572,3.878,26.62,2729.0,187.45,43.7,0.0,0.0,0.0,0,273.941,9.985,200.739,1322.7540000000001,161.255,0.033,1616.611,5043.065
2007-01-01,Monthly,Jumlah / Total,380.254,756.347,11.171,2578.681,27936.311,1868.678,571.908,558.489,0.0,1425.242,0,1959.917,387.099,4040.682,11932.749,69746.38,274.465,18197.45,126265.293
2007-02-01,Monthly,Bank-bank Islam / Islamic Banks,386.147,151.358,2.555,1539.533,20131.87,594.905,313.827,284.085,0.0,1378.601,0,977.619,234.427,2081.668,7714.691000000001,34510.564,278.069,11487.361,72036.494
2007-02-01,Monthly,Bank-bank Perdagangan (SPI) / IBS of Commercial Banks,0.116,5.476,0.256,1099.698,8317.01,952.18,263.012,277.5,0.0,0.0,0,404.97015,39.637,1644.39774,2716.9542999999994,35260.095,3.763,3898.71304,50482.78919
2007-02-01,Monthly,Bank-bank Pelaburan (Saudagar) SPI / IBS of Investment (Merchant) Banks,0.005,0.558,6.916,26.62,3015.5,176.55,98.36,0.0,0.0,0.0,0,207.127,0.0,201.24,1179.772,157.575,1.026,1461.818,5152.055
2007-02-01,Monthly,Jumlah / Total,386.268,157.392,9.727,2665.851,31464.38,1723.635,675.199,561.585,0.0,1378.601,0,1589.71615,274.064,3927.30574,11611.4173,69928.234,282.858,16847.89204,127671.33819
2007-03-01,Monthly,Bank-bank Islam / Islamic Banks,342.858,131.881,1.775,1670.992,19868.503,1065.999,714.045,295.0,0.0,1745.94,0,1278.88,210.303,1903.905,7937.449000000001,35973.362,280.999,11904.326,75274.56
2007-03-01,Monthly,Bank-bank Perdagangan (SPI) / IBS of Commercial Banks,0.201,5.558,0.22,1034.742,9381.964,864.615,18.485,0.0,0.0,0.0,0,1113.665,39.763,1897.632,2453.2450000000003,34336.402,3.752,4255.806,51015.41
2007-03-01,Monthly,Bank-bank Pelaburan (Saudagar) SPI / IBS of Investment (Merchant) Banks,0.005,0.56,7.292,26.62,2451.51,263.28,50.0,0.0,0.0,0.0,0,288.122,29.5,587.361,1112.179,157.306,1.014,1805.729,5051.438
2007-03-01,Monthly,Jumlah / Total,343.064,137.999,9.287,2732.354,31701.977,2193.894,782.53,295.0,0.0,1745.94,0,2680.667,279.566,4388.898,11502.873,70467.07,285.765,17965.861,131341.408
2007-04-01,Monthly,Bank-bank Islam / Islamic Banks,348.973,205.619,3.032,1656.606,19246.728,1253.024,832.94,96.0,180.0,868.129,0,1845.464,307.952,1800.041,8436.746000000001,36459.203,284.138,12100.912,75380.768
2007-04-01,Monthly,Bank-bank Perdagangan (SPI) / IBS of Commercial Banks,0.346,42.305,0.499,1037.89,9918.397,299.122,29.896,0.0,0.0,0.0,0,1596.47,29.855,1899.386,2693.4,34482.708,3.727,6432.335,53843.695
2007-04-01,Monthly,Bank-bank Pelaburan (Saudagar) SPI / IBS of Investment (Merchant) Banks,0.005,1.662,9.267,26.62,2198.12,366.85,120.76,0.0,0.0,0.0,0,571.382,9.666,247.975,1536.456,152.482,0.991,1874.094,5322.233
2007-04-01,Monthly,Jumlah / Total,349.324,249.586,12.798,2721.116,31363.245,1918.996,983.596,96.0,180.0,868.129,0,4013.316,347.473,3947.402,12666.602,71094.393,288.856,20407.341,134546.696
2007-05-01,Monthly,Bank-bank Islam / Islamic Banks,339.792,98.684,3.976,1589.147,21941.22,1104.838,922.292,110.0,0.0,1302.351,0,2044.583,269.551,1782.897,7821.152999999999,36755.636,294.101,11388.865,77895.485
2007-05-01,Monthly,Bank-bank Perdagangan (SPI) / IBS of Commercial Banks,0.464,7.765,0.521,1136.594,11696.342,539.572,10.712,0.0,0.0,0.0,0,1230.281,29.943,1902.656,2605.6139999999996,34795.464,3.93,6244.464,55666.109
2007-05-01,Monthly,Bank-bank Pelaburan (Saudagar) SPI / IBS of Investment (Merchant) Banks,0.005,0.576,9.206,26.62,2201.15,287.46,311.9,10.0,0.0,0.0,0,649.945,9.694,241.07,1259.0880000000002,72.919,0.973,1716.004,5286.758
2007-05-01,Monthly,Jumlah / Total,340.261,107.025,13.703,2752.361,35838.712,1931.87,1244.904,120.0,0.0,1302.351,0,3924.809,309.188,3926.623,11685.855,71624.019,299.004,19349.333,138848.352
2007-06-01,Monthly,Bank-bank Islam / Islamic Banks,333.939,254.658,1.639,1633.077,22925.162,444.509,378.714,249.014,0.0,1750.574,0,1592.89,210.054,1622.241,8589.640000000001,37446.983,306.481,12134.896,79452.536
2007-06-01,Monthly,Bank-bank Perdagangan (SPI) / IBS of Commercial Banks,0.62,6.083,0.158,1086.643,11390.235,182.417,14.007,20.0,0.0,0.0,0,1186.878,0.0,1835.442,3126.3330000000005,35386.502,3.906,4706.333,53983.782
2007-06-01,Monthly,Bank-bank Pelaburan (Saudagar) SPI / IBS of Investment (Merchant) Banks,0.005,0.477,9.935,26.62,2854.17,612.45,366.2,160.0,0.0,0.0,0,443.666,19.592,251.281,1336.4399999999998,73.847,0.976,1817.052,6365.398
2007-06-01,Monthly,Jumlah / Total,334.564,261.218,11.732,2746.34,37169.567,1239.376,758.921,429.014,0.0,1750.574,0,3223.434,229.646,3708.964,13052.412999999997,72907.332,311.363,18658.281,139801.716
2007-07-01,Monthly,Bank-bank Islam / Islamic Banks,371.098,307.484,2.03,1649.581,24231.521,963.673,547.418,0.0,0.0,1113.59,0,746.068,171.485,1595.371,8302.425,37990.45,316.337,11969.786,80209.036
2007-07-01,Monthly,Bank-bank Perdagangan (SPI) / IBS of Commercial Banks,0.412,7.44,0.286,1061.451,10291.152,688.306,11.77,20.0,255.0,0.0,0,827.991,0.0,1830.945,3540.63,35376.202,3.9,4508.0,53051.91
2007-07-01,Monthly,Bank-bank Pelaburan (Saudagar) SPI / IBS of Investment (Merchant) Banks,0.005,0.481,0.516,26.62,4133.81,381.0,0.2,0.0,0.0,0.0,0,243.931,58.85,205.807,1369.75,68.39,0.954,1830.212,6686.119
2007-07-01,Monthly,Jumlah / Total,371.515,315.405,2.832,2737.652,38656.483,2032.979,559.388,20.0,255.0,1113.59,0,1817.99,230.335,3632.123,13212.805,73435.042,321.191,18307.998,139947.065
2007-08-01,Monthly,Bank-bank Islam / Islamic Banks,350.051,194.809,1.393,1643.838,26441.37,1237.251,547.824,130.0,0.0,1221.212,0,602.543,299.951,1636.813,9018.154,38900.046,324.36,12952.534,84547.231
2007-08-01,Monthly,Bank-bank Perdagangan (SPI) / IBS of Commercial Banks,0.102,3.55,0.253,1062.747,11884.541,162.102,8.119,0.0,1.0,0.0,0,768.969,0.0,1828.352,3667.313,36019.09,3.961,2881.062,52795.496
2007-08-01,Monthly,Bank-bank Pelaburan (Saudagar) SPI / IBS of Investment (Merchant) Banks,0.005,0.452,0.863,26.62,3620.49,466.44,240.37,80.0,0.0,0.0,0,447.697,87.958,180.242,1544.9769999999996,69.353,0.933,2002.096,6955.319
2007-08-01,Monthly,Jumlah / Total,350.158,198.811,2.509,2733.205,41946.401,1865.793,796.313,210.0,1.0,1221.212,0,1819.209,387.909,3645.407,14230.444000000003,74988.489,329.254,17835.692,144298.046
2007-09-01,Monthly,Bank-bank Islam / Islamic Banks,397.153,266.588,1.712,1711.983,24189.932,808.202,789.388,283.1,0.0,1433.682,0,303.783,246.205,1714.979,8747.841000000002,39852.725,317.818,12134.592,82490.658
2007-09-01,Monthly,Bank-bank Perdagangan (SPI) / IBS of Commercial Banks,0.129,5.502,0.126,1102.607,9590.48,154.946,64.573,19.15,0.0,0.0,0,479.602,28.982,2208.987,3596.303,36489.876,3.985,5186.321,53097.297
2007-09-01,Monthly,Bank-bank Pelaburan (Saudagar) SPI / IBS of Investment (Merchant) Banks,0.005,1.033,1.718,26.62,3726.05,480.15,100.1,75.0,0.0,0.0,0,566.053,59.199,210.046,1480.0469999999998,68.907,0.91,1942.438,6988.984
2007-09-01,Monthly,Jumlah / Total,397.287,273.123,3.556,2841.21,37506.462,1443.298,954.061,377.25,0.0,1433.682,0,1349.438,334.386,4134.012,13824.191000000003,76411.508,322.713,19263.351,142576.939
2007-10-01,Monthly,Bank-bank Islam / Islamic Banks,393.863,186.342,2.062,1664.915,24670.731,533.143,713.786,336.2,64.7,1259.931,0,254.37,265.936,1771.169,9077.323,40628.488,332.178,12844.279,83884.988
2007-10-01,Monthly,Bank-bank Perdagangan (SPI) / IBS of Commercial Banks,0.579,3.228,0.234,1155.422,11326.18,163.787,2.014,97.7,0.0,0.0,0,435.098,38.973,2208.69,3516.3750000000005,37049.204,4.006,5001.637,55239.089
2007-10-01,Monthly,Bank-bank Pelaburan (Saudagar) SPI / IBS of Investment (Merchant) Banks,0.005,0.463,0.481,26.62,2547.82,294.8,301.1,170.0,0.0,0.0,0,566.23,68.195,259.894,1691.0410000000002,68.94,0.887,2209.766,6187.112
2007-10-01,Monthly,Jumlah / Total,394.447,190.033,2.777,2846.957,38544.731,991.73,1016.9,603.9,64.7,1259.931,0,1255.698,373.104,4239.753,14284.739000000001,77746.632,337.071,20055.682,145311.189
2007-11-01,Monthly,Bank-bank Islam / Islamic Banks,354.718,268.358,2.481,1701.301,26228.905,1570.019,799.405,51.5,0.0,1025.801,0,204.832,532.31,1706.319,8989.614000000001,41488.399,358.346,13156.799,87210.864
2007-11-01,Monthly,Bank-bank Perdagangan (SPI) / IBS of Commercial Banks,0.351,11.299,0.412,1205.791,9119.094,117.017,108.692,134.9,0.0,0.0,0,519.619,57.131,2197.464,3436.5650000000005,37326.783,4.12,5394.679,53942.757
2007-11-01,Monthly,Bank-bank Pelaburan (Saudagar) SPI / IBS of Investment (Merchant) Banks,0.005,0.435,0.378,26.62,2490.67,654.0,505.35,88.0,0.0,0.0,0,509.589,83.439,308.793,1525.964,58.13,3.554,2118.15,6454.881
2007-11-01,Monthly,Jumlah / Total,355.074,280.092,3.271,2933.712,37838.669,2341.036,1413.447,274.4,0.0,1025.801,0,1234.04,672.88,4212.576,13952.142999999996,78873.312,366.02,20669.628,147608.502
2007-12-01,Monthly,Bank-bank Islam / Islamic Banks,420.851,131.653,7.594,1737.256,28081.138,1558.716,1177.85,74.9,0.0,1714.698,0,233.365,510.638,1665.72,8980.789,43883.399,379.635,12936.752,92337.807
2007-12-01,Monthly,Bank-bank Perdagangan (SPI) / IBS of Commercial Banks,0.954,20.973,0.105,1214.985,9874.718,121.962,27.072,176.18,0.0,0.0,0,455.855,54.692,2048.068,2913.8809999999994,37901.241,4.107,4831.399,54629.551
2007-12-01,Monthly,Bank-bank Pelaburan (Saudagar) SPI / IBS of Investment (Merchant) Banks,0.005,0.369,0.61,26.692,2401.52,436.0,501.01,5.6,0.0,0.0,0,474.85,34.624,308.773,1502.181,56.139,0.901,2060.383,5964.079
2007-12-01,Monthly,Jumlah / Total,421.81,152.995,8.309,2978.933,40357.376,2116.678,1705.932,256.68,0.0,1714.698,0,1164.07,599.954,4022.561,13396.851,81840.779,384.643,19828.534,152931.437
2008-01-01,Monthly,Bank-bank Islam / Islamic Banks,459.419,201.634,4.584,3241.492,28029.499,1576.84,1196.603,464.56,140.0,1486.666,0,837.607,367.823,2958.24,9826.836,64208.067,393.352,14157.253,116397.576
2008-01-01,Monthly,Bank-bank Perdagangan (SPI) / IBS of Commercial Banks,0.351,6.535,5.253,579.967,10441.868,126.796,35.731,32.0,1.0,0.0,0,99.991,30.222,855.711,1925.876,18491.108,4.186,2797.965,32622.751
2008-01-01,Monthly,Bank-bank Pelaburan (Saudagar) SPI / IBS of Investment (Merchant) Banks,0.005,0.625,1.714,26.62,3344.05,149.0,226.7,45.0,30.0,0.0,0,707.523,56.86,216.108,1475.9140000000002,51.142,0.891,1965.65,6548.92
2008-01-01,Monthly,Jumlah / Total,459.775,208.794,11.551,3848.079,41815.417,1852.636,1459.034,541.56,171.0,1486.666,0,1645.121,454.905,4030.059,13228.626,82750.317,398.429,18920.868,155569.247
2008-02-01,Monthly,Bank-bank Islam / Islamic Banks,437.778,187.934,5.509,3955.557,29306.53,617.392,1397.298,384.42,0.0,2026.537,0,766.477,368.795,2955.203,9283.347,65393.036,397.856,14106.357,118982.681
2008-02-01,Monthly,Bank-bank Perdagangan (SPI) / IBS of Commercial Banks,0.634,7.322,0.233,610.402,9464.951,46.915,64.897,21.3,0.0,0.0,0,114.994,49.973,855.112,1693.9429999999998,18580.332,4.157,1204.345,30120.482
2008-02-01,Monthly,Bank-bank Pelaburan (Saudagar) SPI / IBS of Investment (Merchant) Banks,0.005,0.405,0.373,26.62,3318.48,105.5,421.1,45.0,0.0,0.0,0,562.305,53.248,231.083,1421.4610000000002,33.292,0.871,1919.756,6433.707
2008-02-01,Monthly,Jumlah / Total,438.417,195.661,6.115,4592.579,42089.961,769.807,1883.295,450.72,0.0,2026.537,0,1443.776,472.016,4041.398,12398.751,84006.66,402.884,17230.458,155536.87
2008-03-01,Monthly,Bank-bank Islam / Islamic Banks,429.897,205.061,2.901,2599.177,31478.889,566.349,1337.308,404.12,0.0,2313.908,0,866.5,364.868,2591.485,9961.041,66758.243,401.735,15142.357,122506.445
2008-03-01,Monthly,Bank-bank Perdagangan (SPI) / IBS of Commercial Banks,1.853,6.77,0.174,577.076,11812.478,136.024,91.831,0.0,0.0,0.0,0,99.988,84.855,865.049,1673.3810000000003,18634.606,4.111,557.893,31922.804
2008-03-01,Monthly,Bank-bank Pelaburan (Saudagar) SPI / IBS of Investment (Merchant) Banks,0.005,1.171,0.652,26.62,4175.78,304.0,289.5,0.0,0.0,0.0,0,803.809,53.593,220.869,1471.7390000000003,33.357,0.846,1818.288,7454.028
2008-03-01,Monthly,Jumlah / Total,431.755,213.002,3.727,3202.873,47467.147,1006.373,1718.639,404.12,0.0,2313.908,0,1770.297,503.316,3677.403,13106.161000000002,85426.206,406.692,17518.538,161883.277
2008-04-01,Monthly,Bank-bank Islam / Islamic Banks,426.443,204.706,64.036,2700.919,32858.382,602.059,1082.154,470.99,45.0,1781.57,0,1036.547,287.197,3090.409,10142.422999999999,70105.911,402.771,15392.918,127174.406
2008-04-01,Monthly,Bank-bank Perdagangan (SPI) / IBS of Commercial Banks,1.853,4.902,0.238,534.013,12182.069,98.058,11.46,0.0,350.0,0.0,0,109.989,28.984,797.057,1245.9979999999998,16778.992,3.309,-1638.527,28436.356
2008-04-01,Monthly,Bank-bank Pelaburan (Saudagar) SPI / IBS of Investment (Merchant) Banks,0.005,0.804,5.747,12.12,3792.77,70.0,162.8,0.0,0.0,0.0,0,466.173,0.0,160.339,1582.405,8.756,0.827,1842.401,6362.403
2008-04-01,Monthly,Jumlah / Total,428.301,210.412,70.021,3247.052,48833.221,770.117,1256.414,470.99,395.0,1781.57,0,1612.709,316.181,4047.805,12970.826000000001,86893.659,406.907,15596.792,161973.165
2008-05-01,Monthly,Bank-bank Islam / Islamic Banks,427.451,428.585,35.108,2719.311,33808.543,1596.182,1843.768,417.06,40.0,1695.084,0,1044.158,309.825,2820.482,11066.713,71342.586,418.911,16773.162,132589.909
2008-05-01,Monthly,Bank-bank Perdagangan (SPI) / IBS of Commercial Banks,2.687,3.702,0.309,539.033,14053.775,70.533,6.947,0.0,480.0,0.0,0,89.993,55.023,794.276,1479.5810000000001,17259.921,3.314,-2646.903,29863.311
2008-05-01,Monthly,Bank-bank Pelaburan (Saudagar) SPI / IBS of Investment (Merchant) Banks,0.005,0.544,0.62,12.12,3778.36,198.7,227.05,26.1,80.0,0.0,0,362.552,0.0,169.542,1486.4099999999999,8.797,0.814,1759.478,6455.14
2008-05-01,Monthly,Jumlah / Total,430.143,432.831,36.037,3270.464,51640.678,1865.415,2077.765,443.16,600.0,1695.084,0,1496.703,364.848,3784.3,14032.703999999998,88611.304,423.039,15885.737,168908.36
2008-06-01,Monthly,Bank-bank Islam / Islamic Banks,455.092,584.634,3.052,2700.888,36224.697,753.934,1594.846,361.46,0.0,2100.323,0,1162.0,197.434,3499.471,11730.684000000001,71855.36,412.584,17849.044,136057.914
2008-06-01,Monthly,Bank-bank Perdagangan (SPI) / IBS of Commercial Banks,2.785,11.01,0.046,558.933,9702.956,394.149,4.725,0.0,0.0,0.0,0,89.988,55.102,833.159,926.9749999999998,17976.473,3.335,1183.714,29928.114
2008-06-01,Monthly,Bank-bank Pelaburan (Saudagar) SPI / IBS of Investment (Merchant) Banks,0.005,1.608,0.778,12.12,3882.6,163.65,488.0,0.0,0.0,0.0,0,299.709,0.0,142.718,1621.4119999999998,8.838,0.79,1952.03,6810.128
2008-06-01,Monthly,Jumlah / Total,457.882,597.252,3.876,3271.941,49810.253,1311.733,2087.571,361.46,0.0,2100.323,0,1551.697,252.536,4475.348,14279.070999999998,89840.671,416.709,20984.788,172796.156
2008-07-01,Monthly,Bank-bank Islam / Islamic Banks,399.863,167.959,5.802,2755.76,35881.902,884.878,1730.985,228.48,250.0,1646.077,0,1550.453,198.033,3599.94,11412.29,73915.38,417.418,17566.751,137401.708
2008-07-01,Monthly,Bank-bank Perdagangan (SPI) / IBS of Commercial Banks,2.668,7.16,0.14,557.563,7790.652,100.627,1.971,0.0,0.0,0.0,0,89.986,28.968,877.586,952.1169999999997,18305.858,3.342,2921.702,29781.669
2008-07-01,Monthly,Bank-bank Pelaburan (Saudagar) SPI / IBS of Investment (Merchant) Banks,0.005,1.397,1.314,12.12,2583.76,22.5,989.723,64.4,0.0,0.0,0,567.346,0.0,143.031,1600.638,8.809,0.774,1899.471,6151.619
2008-07-01,Monthly,Jumlah / Total,402.536,176.516,7.256,3325.443,46256.314,1008.005,2722.679,292.88,250.0,1646.077,0,2207.785,227.001,4620.557,13965.044999999998,92230.047,421.534,22387.924,173334.996
2008-08-01,Monthly,Bank-bank Islam / Islamic Banks,400.615,60.26,2.814,3010.242,38489.605,903.47,1498.419,764.89,250.0,1455.742,0,1877.888,324.432,4342.264,12843.846000000001,79117.872,437.157,19111.58,147380.554
2008-08-01,Monthly,Bank-bank Perdagangan (SPI) / IBS of Commercial Banks,2.614,3.36,0.0,481.968,7137.375,12.055,0.655,0.0,0.0,0.0,0,94.981,28.967,834.61,838.1059999999999,15129.881,0.319,185.444,23048.652
2008-08-01,Monthly,Bank-bank Pelaburan (Saudagar) SPI / IBS of Investment (Merchant) Banks,0.005,0.666,0.633,12.12,2898.46,0.0,883.804,117.1,0.0,0.0,0,641.398,0.0,223.634,1666.752,8.575,0.75,2049.983,6613.494
2008-08-01,Monthly,Jumlah / Total,403.234,64.286,3.447,3504.33,48525.44,915.525,2382.878,881.99,250.0,1455.742,0,2614.267,353.399,5400.508,15348.704,94256.328,438.226,21347.007,177042.7
2008-09-01,Monthly,Bank-bank Islam / Islamic Banks,583.804,392.746,26.204,3062.51,32911.839,449.773,1966.025,1236.847,1010.0,1815.805,0,2083.3,662.554,4653.562,13995.813,80542.412,439.307,21270.237,147790.809
2008-09-01,Monthly,Bank-bank Perdagangan (SPI) / IBS of Commercial Banks,3.217,2.219,0.0,482.945,4093.569,55.482,0.556,0.0,0.0,0.0,0,69.991,0.0,962.649,876.265,15384.217,0.334,1472.529,21565.059
2008-09-01,Monthly,Bank-bank Pelaburan (Saudagar) SPI / IBS of Investment (Merchant) Banks,0.005,1.072,0.68,12.12,2762.11,48.9,1357.58,0.0,0.0,0.0,0,591.562,0.0,344.924,1530.2820000000002,8.898,0.739,2031.738,6815.404
2008-09-01,Monthly,Jumlah / Total,587.026,396.037,26.884,3557.575,39767.518,554.155,3324.161,1236.847,1010.0,1815.805,0,2744.853,662.554,5961.135,16402.36,95935.527,440.38,24774.504,176171.272
2008-10-01,Monthly,Bank-bank Islam / Islamic Banks,469.069,161.739,26.24,3191.01,32588.355,486.775,1412.66,88.563,1490.0,1911.308,0,2749.927,718.355,4978.065,14994.408000000003,82947.488,437.683,23388.586,151349.403
2008-10-01,Monthly,Bank-bank Perdagangan (SPI) / IBS of Commercial Banks,3.283,1.398,0.0,468.713,3545.04,38.643,2.293,0.0,0.0,0.0,0,25.0,0.0,927.808,676.8320000000001,14353.978,0.337,1333.053,19771.738
2008-10-01,Monthly,Bank-bank Pelaburan (Saudagar) SPI / IBS of Investment (Merchant) Banks,0.005,1.537,0.612,12.123,2125.72,0.0,790.241,0.0,100.0,0.0,0,615.96,0.0,436.263,1682.127,9.007,0.717,2271.462,5927.384
2008-10-01,Monthly,Jumlah / Total,472.357,164.674,26.852,3671.846,38259.115,525.418,2205.194,88.563,1590.0,1911.308,0,3390.887,718.355,6342.136,17353.367,97310.473,438.737,26993.101,177048.525
2008-11-01,Monthly,Bank-bank Islam / Islamic Banks,453.098,178.654,29.409,3332.261,39233.906,1281.899,1279.151,409.215,1110.0,1538.472,0,3171.011,490.577,5219.066,14875.859,96231.727,439.77,22259.196,170947.769
2008-11-01,Monthly,Bank-bank Perdagangan (SPI) / IBS of Commercial Banks,3.489,1.926,0.0,68.713,1245.84,0.0,0.152,0.0,0.0,0.0,0,25.0,0.0,1039.622,527.366,2653.304,0.004,1495.239,5493.667
2008-11-01,Monthly,Bank-bank Pelaburan (Saudagar) SPI / IBS of Investment (Merchant) Banks,0.005,0.745,0.816,12.123,1866.07,80.6,749.52,0.0,100.0,0.0,0,421.354,0.0,595.985,1758.509,9.032,0.697,2508.711,5749.673
2008-11-01,Monthly,Jumlah / Total,456.592,181.325,30.225,3413.097,42345.816,1362.499,2028.823,409.215,1210.0,1538.472,0,3617.365,490.577,6854.673,17161.733999999997,98894.063,440.471,26263.146,182191.109
2008-12-01,Monthly,Bank-bank Islam / Islamic Banks,512.97,227.745,39.338,3410.644,42106.13,626.408,1438.616,257.62,980.0,1881.665,0,4122.209,413.316,6042.976,16390.012000000002,99857.41,542.391,25356.42,181359.566
2008-12-01,Monthly,Skim Perbankan Islam (SPI) / Islamic Banking Scheme (IBS),3.196,0.598,0.83,12.124,1427.17,64.8,414.922,50.0,100.0,0.0,0,680.364,0.0,1271.41,1861.3250000000003,574.248,0.682,3410.89,6739.824
2008-12-01,Monthly,Jumlah / Total,516.166,228.343,40.168,3422.768,43533.3,691.208,1853.538,307.62,1080.0,1881.665,0,4802.573,413.316,7314.386,18251.337,100431.658,543.073,28767.31,188099.39
2009-01-01,Monthly,Bank-bank Islam / Islamic Banks,523.488,179.791,19.45,3587.309,42034.294,429.768,1058.834,100.37,300.0,1442.644,0,3198.539,487.22,6264.717,16725.453999999998,100983.227,446.48,25008.25,179312.444
2009-01-01,Monthly,Skim Perbankan Islam (SPI) / Islamic Banking Scheme (IBS),3.344,0.617,2.221,12.123,1006.53,59.4,387.39,0.0,100.0,0.0,0,746.061,0.0,1080.019,1930.914,591.002,0.66,3326.531,6235.879
2009-01-01,Monthly,Jumlah / Total,526.832,180.408,21.671,3599.432,43040.824,489.168,1446.224,100.37,400.0,1442.644,0,3944.6,487.22,7344.736,18656.368,101574.229,447.14,28334.781,185548.323
2009-02-01,Monthly,Bank-bank Islam / Islamic Banks,483.095,217.896,13.583,2047.416,41524.122,277.227,847.831,91.738,875.0,1478.956,0,2566.596,567.287,7144.367,16134.873999999998,102902.445,454.264,26570.921,180351.09
2009-02-01,Monthly,Skim Perbankan Islam (SPI) / Islamic Banking Scheme (IBS),3.297,0.46,1.716,12.123,1728.79,204.25,429.27,0.0,150.0,0.0,0,806.716,17.915,687.279,1972.6770000000001,603.062,0.639,2944.291,6884.614
2009-02-01,Monthly,Jumlah / Total,486.392,218.356,15.299,2059.539,43252.912,481.477,1277.101,91.738,1025.0,1478.956,0,3373.312,585.202,7831.646,18107.550999999996,103505.507,454.903,29515.212,187235.704
2009-03-01,Monthly,Bank-bank Islam / Islamic Banks,473.01,144.103,4.28,1086.82,40469.885,1129.602,1466.14,493.7,1375.0,1887.39,0,3703.969,508.858,7556.984,16749.068,103355.922,467.364,27388.962,183446.147
2009-03-01,Monthly,Skim Perbankan Islam (SPI) / Islamic Banking Scheme (IBS),2.884,0.294,1.071,0.003,1592.42,60.0,523.854,0.0,150.0,0.0,0,717.261,26.231,495.845,2323.5780000000004,618.661,0.616,3063.296,6730.36
2009-03-01,Monthly,Jumlah / Total,475.894,144.397,5.351,1086.823,42062.305,1189.602,1989.994,493.7,1525.0,1887.39,0,4421.23,535.089,8052.829,19072.646,103974.583,467.98,30452.258,190176.507
2009-04-01,Monthly,Bank-bank Islam / Islamic Banks,464.137,84.066,29.628,1066.136,41592.452,2779.82,1742.184,480.888,1240.0,2080.139,0,3983.123,475.202,8726.259,17165.099000000002,104423.846,493.886,29528.907,189989.212
2009-04-01,Monthly,Skim Perbankan Islam (SPI) / Islamic Banking Scheme (IBS),3.22,0.509,4.496,0.004,1845.41,180.7,997.355,0.0,50.0,0.0,0,459.034,14.884,600.443,1966.1519999999998,631.87,0.597,2962.431,7135.626
2009-04-01,Monthly,Jumlah / Total,467.357,84.575,34.124,1066.14,43437.862,2960.52,2739.539,480.888,1290.0,2080.139,0,4442.157,490.086,9326.702,19131.251000000004,105055.716,494.483,32491.338,197124.838
2009-05-01,Monthly,Bank-bank Islam / Islamic Banks,469.341,191.386,361.95,1066.889,44621.644,727.545,1262.374,265.535,1910.0,2096.178,0,3374.981,510.841,8522.254,16852.923,106530.972,491.776,28140.669,191511.24
2009-05-01,Monthly,Skim Perbankan Islam (SPI) / Islamic Banking Scheme (IBS),3.751,0.568,1.766,0.004,1522.12,0.0,1083.704,18.87,0.0,0.0,0,518.82,50.92,922.401,2086.5430000000006,637.335,0.575,3321.241,7108.754
2009-05-01,Monthly,Jumlah / Total,473.092,191.954,363.716,1066.893,46143.764,727.545,2346.078,284.405,1910.0,2096.178,0,3893.801,561.761,9444.655,18939.466,107168.307,492.351,31461.91,198619.994
2009-06-01,Monthly,Bank-bank Islam / Islamic Banks,710.304,455.807,61.458,1086.384,45504.583,1805.292,1060.367,578.23,1630.0,2406.453,0,3924.083,467.202,10215.105,16625.505,108792.812,491.446,30024.336,198531.555
2009-06-01,Monthly,Skim Perbankan Islam (SPI) / Islamic Banking Scheme (IBS),3.936,0.492,1.257,0.0,1824.0,0.0,873.858,76.9,0.0,0.0,0,465.869,27.784,1197.463,1930.5859999999996,646.069,0.554,3543.48,7436.415
2009-06-01,Monthly,Jumlah / Total,714.24,456.299,62.715,1086.384,47328.583,1805.292,1934.225,655.13,1630.0,2406.453,0,4389.952,494.986,11412.568,18556.091,109438.881,492.0,33567.816,205967.97
2009-07-01,Monthly,Bank-bank Islam / Islamic Banks,733.693,70.346,55.312,792.391,40793.544,991.876,1420.259,458.085,1885.0,2486.756,0,4368.074,452.035,11420.895,17586.228000000003,113483.685,493.703,32002.539,200035.263
2009-07-01,Monthly,Skim Perbankan Islam (SPI) / Islamic Banking Scheme (IBS),4.263,0.556,1.849,0.0,1419.89,23.65,1129.011,0.0,20.0,0.0,0,398.192,83.963,1723.257,1976.6970000000006,651.27,0.533,4100.657,7749.871
2009-07-01,Monthly,Jumlah / Total,737.956,70.902,57.161,792.391,42213.434,1015.526,2549.27,458.085,1905.0,2486.756,0,4766.266,535.998,13144.152,19562.924999999996,114134.955,494.236,36103.196,207785.134
2009-08-01,Monthly,Bank-bank Islam / Islamic Banks,902.454,113.399,55.179,779.0,38087.887,511.985,2300.879,119.36,1590.0,2244.096,0,4914.161,625.147,11351.668,18569.375999999997,116367.515,492.642,33041.918,201520.475
2009-08-01,Monthly,Skim Perbankan Islam (SPI) / Islamic Banking Scheme (IBS),4.449,0.717,6.286,0.0,688.11,121.04,1311.159,0.0,0.0,0.0,0,338.599,84.108,1905.436,1937.5579999999995,653.48,0.512,4231.91,7356.262
2009-08-01,Monthly,Jumlah / Total,906.903,114.116,61.465,779.0,38775.997,633.025,3612.038,119.36,1590.0,2244.096,0,5252.76,709.255,13257.104,20506.934,117020.995,493.154,37273.828,208876.737
2009-09-01,Monthly,Bank-bank Islam / Islamic Banks,949.182,162.172,55.178,775.27,34318.51,829.809,2693.123,122.56,1500.0,1856.932,0,4968.642,701.189,13600.116,17729.833,117433.692,487.843,34808.366,200961.279
2009-09-01,Monthly,Skim Perbankan Islam (SPI) / Islamic Banking Scheme (IBS),3.763,25.52,7.308,0.0,798.49,0.8,1406.815,30.0,0.0,0.0,0,359.333,120.325,1823.528,1938.7029999999997,653.492,0.49,4250.57,7536.581
2009-09-01,Monthly,Jumlah / Total,952.945,187.692,62.486,775.27,35117.0,830.609,4099.938,152.56,1500.0,1856.932,0,5327.975,821.514,15423.644,19668.536,118087.184,488.333,39058.936,208497.86
2009-10-01,Monthly,Bank-bank Islam / Islamic Banks,875.926,168.428,370.174,773.634,37823.295,739.711,2605.075,163.95,1350.0,1697.737,0,5109.593,696.002,13780.863,17932.955,119783.513,501.952,34960.159,206923.147
2009-10-01,Monthly,Skim Perbankan Islam (SPI) / Islamic Banking Scheme (IBS),4.13,0.737,4.083,0.0,1127.43,4.4,1357.367,50.0,0.0,341.5,0,369.621,5.164,1820.79,1827.3319999999999,652.704,0.469,4228.377,8140.818
2009-10-01,Monthly,Jumlah / Total,880.056,169.165,374.257,773.634,38950.725,744.111,3962.442,213.95,1350.0,2039.237,0,5479.214,701.166,15601.653,19760.287000000004,120436.217,502.421,39188.536,215063.965
2009-11-01,Monthly,Bank-bank Islam / Islamic Banks,997.25,374.879,25.188,802.773,37838.305,709.971,2157.443,267.75,1100.0,1902.192,0,5197.75,737.389,13410.144,18920.702999999998,125047.581,508.324,36220.084,213149.49
2009-11-01,Monthly,Skim Perbankan Islam (SPI) / Islamic Banking Scheme (IBS),4.695,10.779,3.072,0.0,702.0,83.3,1468.1,0.0,0.0,0.0,0,389.761,63.27,1901.254,2073.6639999999998,654.514,0.447,4765.06,8081.728
2009-11-01,Monthly,Jumlah / Total,1001.945,385.658,28.26,802.773,38540.305,793.271,3625.543,267.75,1100.0,1902.192,0,5587.511,800.659,15311.398,20994.367,125702.095,508.771,40985.144,221231.218
2009-12-01,Monthly,Bank-bank Islam / Islamic Banks,1112.368,218.594,225.262,863.973,40604.945,879.759,2753.323,110.34,1250.0,2226.029,0,5801.07,756.528,13074.308,18614.225000000002,128206.723,500.518,35095.458,219848.362
2009-12-01,Monthly,Skim Perbankan Islam (SPI) / Islamic Banking Scheme (IBS),4.471,2.645,5.303,0.0,1299.933,370.7,1426.273,0.0,0.0,0.0,0,329.907,65.397,1919.574,1952.9319999999998,659.129,0.443,4603.201,8702.005
2009-12-01,Monthly,Jumlah / Total,1116.839,221.239,230.565,863.973,41904.878,1250.459,4179.596,110.34,1250.0,2226.029,0,6130.977,821.925,14993.882,20567.157,128865.852,500.961,39698.659,228550.367
2010-01-01,Monthly,Bank-bank Islam / Islamic Banks,690.636,353.102,325.264,937.638,40055.059,927.797,2320.866,190.3,1500.0,2302.124,0,6241.556,563.149,13105.119,18259.557999999997,130639.794,567.833,35236.992,222288.961
2010-01-01,Monthly,Skim Perbankan Islam (SPI) / Islamic Banking Scheme (IBS),4.74,2.903,0.981,0.0,1461.66,0.0,1401.363,45.35,0.0,0.0,0,190.0,96.32,2292.274,1765.6970000000001,668.174,0.421,4780.511,8556.103
2010-01-01,Monthly,Jumlah / Total,695.376,356.005,326.245,937.638,41516.719,927.797,3722.229,235.65,1500.0,2302.124,0,6431.556,659.469,15397.393,20025.255,131307.968,568.254,40017.503,230845.064
2010-02-01,Monthly,Bank-bank Islam / Islamic Banks,391.944,521.333,525.191,803.955,39372.824,647.934,1895.652,115.0,1784.0,2181.441,0,4387.069,412.814,13093.459,17203.304000000004,131721.783,575.025,34148.49,219071.641
2010-02-01,Monthly,Skim Perbankan Islam (SPI) / Islamic Banking Scheme (IBS),4.018,2.693,10.901,0.0,1338.76,2.2,1459.719,0.0,0.0,0.002,0,219.869,97.871,2244.418,1751.3600000000001,657.511,0.402,4583.367,8279.442
2010-02-01,Monthly,Jumlah / Total,395.962,524.026,536.092,803.955,40711.584,650.134,3355.371,115.0,1784.0,2181.443,0,4606.938,510.685,15337.877,18954.663999999997,132379.294,575.427,38731.857,227351.083
2010-03-01,Monthly,Bank-bank Islam / Islamic Banks,613.763,179.232,267.623,819.912,42882.598,976.501,2581.343,165.65,1464.0,1802.711,0,6079.625,398.752,13074.867,17400.849000000002,133720.13,580.268,34484.148,226617.504
2010-03-01,Monthly,Skim Perbankan Islam (SPI) / Islamic Banking Scheme (IBS),4.372,3.056,0.937,0.0,948.65,50.0,1991.981,18.0,0.0,0.221,0,379.751,97.198,2084.665,1828.196,535.527,0.38,4495.39,8428.265
2010-03-01,Monthly,Jumlah / Total,618.135,182.288,268.56,819.912,43831.248,1026.501,4573.324,183.65,1464.0,1802.932,0,6459.376,495.95,15159.532,19229.045000000006,134255.657,580.648,38979.538,235045.769
2010-04-01,Monthly,Bank-bank Islam / Islamic Banks,600.6,191.641,0.193,859.999,38484.797,617.818,1802.312,103.6,1564.0,1948.312,0,5526.455,406.573,12881.566,18884.179999999993,135359.44,559.958,35918.697,223537.822
2010-04-01,Monthly,Skim Perbankan Islam (SPI) / Islamic Banking Scheme (IBS),5.149,7.353,2.377,0.0,1784.23,0.0,1737.487,49.2,0.0,0.213,0,359.867,99.137,1800.361,1949.0189999999996,537.984,0.36,4340.624,8824.844
2010-04-01,Monthly,Jumlah / Total,605.749,198.994,2.57,859.999,40269.027,617.818,3539.799,152.8,1564.0,1948.525,0,5886.322,505.71,14681.927,20833.199000000004,135897.424,560.318,40259.321,232362.666
2010-05-01,Monthly,Bank-bank Islam / Islamic Banks,584.79,210.713,410.2,873.888,43692.634,1161.119,2888.817,78.8,680.0,2271.511,0,5085.814,452.261,12925.285,20125.866000000005,140628.578,514.725,36619.02,235700.609
2010-05-01,Monthly,Skim Perbankan Islam (SPI) / Islamic Banking Scheme (IBS),5.934,4.253,1.923,0.0,2114.4,0.0,1630.398,49.6,0.0,0.201,0,309.74,90.638,1785.245,1956.534,532.782,0.345,4331.308,8980.884
2010-05-01,Monthly,Jumlah / Total,590.724,214.966,412.123,873.888,45807.034,1161.119,4519.215,128.4,680.0,2271.712,0,5395.554,542.899,14710.53,22082.4,141161.36,515.07,40950.328,244681.493
2010-06-01,Monthly,Bank-bank Islam / Islamic Banks,619.683,121.469,10.205,945.974,46467.601,1532.889,3602.906,337.9,1540.0,2302.339,0,5198.027,444.343,12476.487,22284.039999999994,144798.975,518.495,37900.802,245897.265
2010-06-01,Monthly,Skim Perbankan Islam (SPI) / Islamic Banking Scheme (IBS),5.336,2.258,0.922,0.0,962.9,0.0,1142.258,10.0,0.0,0.197,0,449.538,11.192,1853.785,2349.791,529.978,0.324,4697.34,7801.051
2010-06-01,Monthly,Jumlah / Total,625.019,123.727,11.127,945.974,47430.501,1532.889,4745.164,347.9,1540.0,2302.536,0,5647.565,455.535,14330.272,24633.830999999995,145328.953,518.819,42598.142,253698.316
2010-07-01,Monthly,Bank-bank Islam / Islamic Banks,655.778,96.394,10.217,946.812,41334.835,1819.983,3646.813,336.6,1200.0,2853.328,0,5404.759,493.015,14587.674,21993.896,145947.002,519.919,40471.851,245244.291
2010-07-01,Monthly,Skim Perbankan Islam (SPI) / Islamic Banking Scheme (IBS),6.019,3.05,2.052,0.0,1501.0,0.0,1032.745,0.0,0.0,0.208,0,309.025,50.365,1631.639,2551.0339999999997,528.581,0.307,4720.898,8103.885
2010-07-01,Monthly,Jumlah / Total,661.797,99.444,12.269,946.812,42835.835,1819.983,4679.558,336.6,1200.0,2853.536,0,5713.784,543.38,16219.313,24544.93,146475.583,520.226,45192.749,253348.176
2010-08-01,Monthly,Bank-bank Islam / Islamic Banks,807.268,199.716,10.238,966.21,37779.558,1392.257,3140.581,48.4,970.0,3225.844,0,4318.029,493.029,14613.536,22329.160999999993,147855.324,509.274,42312.166,243534.865
2010-08-01,Monthly,Skim Perbankan Islam (SPI) / Islamic Banking Scheme (IBS),5.59,2.259,1.206,0.0,2617.95,0.0,848.92,0.0,0.0,0.199,0,488.175,11.241,1549.153,2592.01,520.654,0.289,4613.859,9099.101
2010-08-01,Monthly,Jumlah / Total,812.858,201.975,11.444,966.21,40397.508,1392.257,3989.501,48.4,970.0,3226.043,0,4806.204,504.27,16162.689,24921.17100000001,148375.978,509.563,46926.025,252633.966
2010-09-01,Monthly,Bank-bank Islam / Islamic Banks,679.764,145.506,10.194,994.415,37006.086,315.194,5099.723,63.4,900.0,2494.536,0,5247.414,467.051,15537.64,23573.944000000003,146568.868,507.15,45069.269,245101.519
2010-09-01,Monthly,Skim Perbankan Islam (SPI) / Islamic Banking Scheme (IBS),5.841,3.749,1.279,0.0,1011.03,0.0,826.935,30.0,0.0,0.208,0,846.059,6.267,1892.482,3182.7159999999994,518.298,0.268,5521.679,8765.346
2010-09-01,Monthly,Jumlah / Total,685.605,149.255,11.473,994.415,38017.116,315.194,5926.658,93.4,900.0,2494.744,0,6093.473,473.318,17430.122,26756.66,147087.166,507.418,50590.948,253866.865
2010-10-01,Monthly,Bank-bank Islam / Islamic Banks,753.297,116.242,10.207,1044.09,37416.332,292.348,4605.743,66.15,1050.0,2990.174,0,5529.899,370.8,16045.525,24359.085999999996,148540.227,509.025,45463.069,248386.803
2010-10-01,Monthly,Skim Perbankan Islam (SPI) / Islamic Banking Scheme (IBS),5.312,4.698,0.997,0.0,590.0,0.0,793.515,34.65,0.0,0.212,0,1186.199,40.988,1224.321,3933.9010000000007,514.748,0.245,5646.836,8777.412
2010-10-01,Monthly,Jumlah / Total,758.609,120.94,11.204,1044.09,38006.332,292.348,5399.258,100.8,1050.0,2990.386,0,6716.098,411.788,17269.846,28292.986999999997,149054.975,509.27,51109.905,257164.215
2010-11-01,Monthly,Bank-bank Islam / Islamic Banks,630.337,27.88,50.208,1036.863,37326.316,337.288,4437.029,110.5,1150.0,1450.202,0,4759.838,276.975,16017.119,25135.718000000008,152261.413,507.412,46951.627,251036.913
2010-11-01,Monthly,Skim Perbankan Islam (SPI) / Islamic Banking Scheme (IBS),5.331,9.452,0.924,0.0,466.0,0.0,1019.043,0.0,0.0,0.203,0,1018.104,14.268,1259.393,4070.736,510.742,0.227,5747.982,8778.008
2010-11-01,Monthly,Jumlah / Total,635.668,37.332,51.132,1036.863,37792.316,337.288,5456.072,110.5,1150.0,1450.405,0,5777.942,291.243,17276.512,29206.453999999994,152772.155,507.639,52699.609,259814.921
2010-12-01,Monthly,Bank-bank Islam / Islamic Banks,884.323,297.001,50.339,1069.296,36733.752,2226.707,4122.828,125.9,650.0,2316.166,0,4833.455,152.075,15373.412,26813.471,154066.125,520.306,45619.758,253515.956
2010-12-01,Monthly,Skim Perbankan Islam (SPI) / Islamic Banking Scheme (IBS),4.323,2.476,0.967,0.0,815.0,0.0,1061.816,0.0,0.0,0.215,0,1187.354,24.296,1261.356,3424.7169999999996,508.441,0.205,5285.739,8866.536
2010-12-01,Monthly,Jumlah / Total,888.646,299.477,51.306,1069.296,37548.752,2226.707,5184.644,125.9,650.0,2316.381,0,6020.809,176.371,16634.768,30238.188,154574.566,520.511,50905.497,262382.492
2011-01-01,Monthly,Bank-bank Islam / Islamic Banks,804.266,179.73,100.336,1076.811,34715.592,4576.195,3897.466,57.65,672.0,2281.28,0,4752.642,124.049,16162.119,25151.064000000006,157027.572,523.406,45548.394,256213.34
2011-01-01,Monthly,Skim Perbankan Islam (SPI) / Islamic Banking Scheme (IBS),2.952,2.71,7.323,0.0,1571.51,0.0,973.394,0.0,0.0,0.218,0,1218.424,6.327,1342.019,2312.103,503.952,0.191,4148.884,8429.558
2011-01-01,Monthly,Jumlah / Total,807.218,182.44,107.659,1076.811,36287.102,4576.195,4870.86,57.65,672.0,2281.498,0,5971.066,130.376,17504.138,27463.16700000001,157531.524,523.597,49697.278,264642.898
2011-02-01,Monthly,Bank-bank Islam / Islamic Banks,749.389,94.458,100.338,1110.644,40546.973,3867.469,3773.093,102.2,950.0,2024.853,0,4722.634,104.698,17222.708,23359.35400000001,158000.851,524.209,45690.191,262257.302
2011-02-01,Monthly,Skim Perbankan Islam (SPI) / Islamic Banking Scheme (IBS),3.943,0.653,1.112,0.0,1530.11,0.0,1153.912,0.0,0.0,0.219,0,867.894,6.341,1342.241,2086.0280000000002,501.671,0.176,3905.866,7965.556
2011-02-01,Monthly,Jumlah / Total,753.332,95.111,101.45,1110.644,42077.083,3867.469,4927.005,102.2,950.0,2025.072,0,5590.528,111.039,18564.949,25445.38200000001,158502.522,524.385,49596.057,270222.858
2011-03-01,Monthly,Bank-bank Islam / Islamic Banks,743.639,153.323,200.327,1235.951,40692.84,4119.885,4193.581,104.1,1050.0,2858.085,0,5355.016,143.731,17689.977,24660.839999999993,162305.12,499.426,45404.535,268915.828
2011-03-01,Monthly,Skim Perbankan Islam (SPI) / Islamic Banking Scheme (IBS),3.89,4.3,1.953,0.0,2222.06,0.0,1181.938,0.0,0.0,0.222,0,957.254,6.357,1401.761,1725.1570000000002,495.314,0.159,3563.557,8430.647
2011-03-01,Monthly,Jumlah / Total,747.529,157.623,202.28,1235.951,42914.9,4119.885,5375.519,104.1,1050.0,2858.307,0,6312.27,150.088,19091.738,26385.997,162800.434,499.585,48968.092,277346.475
2011-04-01,Monthly,Bank-bank Islam / Islamic Banks,869.826,138.167,200.334,2805.42,36033.863,2755.33,4793.804,75.95,820.0,3190.437,0,5172.365,144.08,16959.198,22672.645,164042.883,494.175,44031.448,265424.002
2011-04-01,Monthly,Skim Perbankan Islam (SPI) / Islamic Banking Scheme (IBS),4.254,4.321,1.602,0.0,2338.74,0.0,1062.909,0.0,0.0,0.226,0,928.248,0.0,1545.824,2124.2699999999995,492.452,0.151,4177.527,9010.43
2011-04-01,Monthly,Jumlah / Total,874.08,142.488,201.936,2805.42,38372.603,2755.33,5856.713,75.95,820.0,3190.663,0,6100.613,144.08,18505.022,24796.914999999997,164535.335,494.326,48208.975,274434.432
2011-05-01,Monthly,Bank-bank Islam / Islamic Banks,713.5,77.151,150.336,4345.755,40058.615,3618.626,5224.862,32.07,450.0,3807.54,0,4903.716,144.079,17511.467,20992.134000000005,165880.71,495.09,41982.579,271740.55
2011-05-01,Monthly,Skim Perbankan Islam (SPI) / Islamic Banking Scheme (IBS),4.004,0.981,2.574,0.013,2241.83,0.0,1161.74,0.0,0.0,0.222,0,798.762,0.0,1948.441,3091.849,487.72,0.138,5481.481,10179.465
2011-05-01,Monthly,Jumlah / Total,717.504,78.132,152.91,4345.768,42300.445,3618.626,6386.602,32.07,450.0,3807.762,0,5702.478,144.079,19459.908,24083.982999999997,166368.43,495.228,47464.06,281920.015
2011-06-01,Monthly,Bank-bank Islam / Islamic Banks,718.426,242.535,441.34,4016.741,43523.431,5009.006,5903.53,257.25,400.0,4007.864,0,3319.313,114.398,16556.228,24266.417999999998,171086.566,499.765,45153.902,284579.669
2011-06-01,Monthly,Skim Perbankan Islam (SPI) / Islamic Banking Scheme (IBS),4.127,6.207,0.844,0.0,1230.38,0.0,1381.517,0.0,0.0,0.223,0,1116.356,0.0,2049.861,2616.214,482.211,0.126,5171.83,9393.821
2011-06-01,Monthly,Jumlah / Total,722.553,248.742,442.184,4016.741,44753.811,5009.006,7285.047,257.25,400.0,4008.087,0,4435.669,114.398,18606.089,26882.631999999994,171568.777,499.891,50325.732,293973.49
2011-07-01,Monthly,Bank-bank Islam / Islamic Banks,837.652,113.007,30.335,5845.417,41294.632,5606.756,5224.591,374.116,0.0,3942.781,0,2592.695,49.554,16426.6,22765.680000000008,172911.775,498.521,43260.569,282532.847
2011-07-01,Monthly,Skim Perbankan Islam (SPI) / Islamic Banking Scheme (IBS),4.243,7.167,0.484,0.0,386.0,0.0,995.952,0.0,0.0,0.214,0,2144.763,0.0,1981.284,2497.9990000000003,473.726,0.106,4977.018,8989.673
2011-07-01,Monthly,Jumlah / Total,841.895,120.174,30.819,5845.417,41680.632,5606.756,6220.543,374.116,0.0,3942.995,0,4737.458,49.554,18407.884,25263.679000000004,173385.501,498.627,48237.587,291522.52
2011-08-01,Monthly,Bank-bank Islam / Islamic Banks,964.245,194.38,0.185,5771.258,38012.753,4724.0,7114.334,294.102,0.0,4267.615,0,3246.321,58.796,16745.085,24180.590000000004,177145.668,495.247,45695.214,287925.322
2011-08-01,Monthly,Skim Perbankan Islam (SPI) / Islamic Banking Scheme (IBS),3.477,17.757,0.464,0.0,684.03,0.0,1108.216,0.0,0.0,0.218,0,2070.925,0.0,1664.203,2550.644,467.793,0.1,4701.81,9054.79
2011-08-01,Monthly,Jumlah / Total,967.722,212.137,0.649,5771.258,38696.783,4724.0,8222.55,294.102,0.0,4267.833,0,5317.246,58.796,18409.288,26731.233999999997,177613.461,495.347,50397.024,296980.112
2011-09-01,Monthly,Bank-bank Islam / Islamic Banks,884.479,352.139,30.194,5989.363,37895.514,5005.878,5942.432,550.515,0.0,4623.668,0,3876.962,136.708,15825.499,26504.753,180378.582,470.876,46921.177,292921.779
2011-09-01,Monthly,Skim Perbankan Islam (SPI) / Islamic Banking Scheme (IBS),3.725,7.158,0.478,0.0,433.06,0.0,1231.314,0.0,0.0,0.217,0,2212.231,0.0,1639.674,2841.732,462.725,0.097,5086.591,9437.596
2011-09-01,Monthly,Jumlah / Total,888.204,359.297,30.672,5989.363,38328.574,5005.878,7173.746,550.515,0.0,4623.885,0,6089.193,136.708,17465.173,29346.485,180841.307,470.973,52007.768,302359.375
2011-10-01,Monthly,Bank-bank Islam / Islamic Banks,751.982,144.8,80.207,6108.669,40115.326,4885.388,4597.048,394.6,0.0,4809.067,0,3294.486,58.381,15435.749,25692.81100000001,183398.232,472.581,44477.817,293530.203
2011-10-01,Monthly,Skim Perbankan Islam (SPI) / Islamic Banking Scheme (IBS),3.66,5.295,0.836,0.0,391.8,0.0,1178.204,0.0,0.0,0.216,0,2510.202,0.0,1413.34,3028.2180000000008,457.146,0.095,4915.959,9463.413
2011-10-01,Monthly,Jumlah / Total,755.642,150.095,81.043,6108.669,40507.126,4885.388,5775.252,394.6,0.0,4809.283,0,5804.688,58.381,16849.089,28721.029,183855.378,472.676,49393.776,302993.616
2011-11-01,Monthly,Bank-bank Islam / Islamic Banks,786.333,45.75,30.208,5911.673,47385.416,6408.637,4539.894,499.45,300.0,4853.702,0,3949.096,155.702,16961.491,27526.615000000005,185782.5,470.454,48283.548,309246.661
2011-11-01,Monthly,Skim Perbankan Islam (SPI) / Islamic Banking Scheme (IBS),4.443,0.892,0.485,0.0,319.0,0.0,1108.512,30.0,0.0,0.211,0,1729.802,0.0,1415.071,3155.201,458.872,0.091,5056.914,8709.222
2011-11-01,Monthly,Jumlah / Total,790.776,46.642,30.693,5911.673,47704.416,6408.637,5648.406,529.45,300.0,4853.913,0,5678.898,155.702,18376.562,30681.816000000003,186241.372,470.545,53340.462,317955.883
2011-12-01,Monthly,Bank-bank Islam / Islamic Banks,972.93,98.769,0.22,7826.679,45697.336,5350.46,5837.2,704.15,300.0,5543.283,0,5538.494,146.355,18337.795,29662.356999999993,190937.656,483.974,51227.363,320518.514
2011-12-01,Monthly,Skim Perbankan Islam (SPI) / Islamic Banking Scheme (IBS),2.874,6.246,0.474,0.0,614.62,0.0,1395.29,50.0,0.0,16.093,0,830.017,0.0,1988.173,2368.6580000000004,446.41,0.09,4768.657,8130.771
2011-12-01,Monthly,Jumlah / Total,975.804,105.015,0.694,7826.679,46311.956,5350.46,7232.49,754.15,300.0,5559.376,0,6368.511,146.355,20325.968,32031.015,191384.066,484.064,55996.02,328649.285
2012-01-01,Monthly,Bank-bank Islam / Islamic Banks,938.304,146.01,0.191,8125.777,42171.054,5824.881,4733.189,456.842,450.0,5299.769,0,5194.421,196.594,18417.085,31536.865999999998,193443.205,486.163,54881.938,322151.744
2012-01-01,Monthly,Skim Perbankan Islam (SPI) / Islamic Banking Scheme (IBS),1.913,4.093,0.504,27.933,1154.0,0.0,1261.018,40.0,0.0,15.718,0,379.66,0.0,1531.97,2301.6620000000003,439.993,0.097,4364.653,7689.582
2012-01-01,Monthly,Jumlah / Total,940.217,150.103,0.695,8153.71,43325.054,5824.881,5994.207,496.842,450.0,5315.487,0,5574.081,196.594,19949.055,33838.528000000006,193883.198,486.26,59246.591,329841.326
2012-02-01,Monthly,Bank-bank Islam / Islamic Banks,850.577,451.974,0.202,8418.762,44618.136,7587.488,4294.071,475.6,750.0,6380.087,0,5172.676,181.7,18658.133,34853.84000000001,195441.086,483.589,59288.063,334212.311
2012-02-01,Monthly,Skim Perbankan Islam (SPI) / Islamic Banking Scheme (IBS),2.636,3.605,0.702,30.194,973.09,0.0,1329.259,0.0,85.3,15.433,0,439.698,0.0,1757.956,2148.587,435.813,0.094,4457.119,7772.943
2012-02-01,Monthly,Jumlah / Total,853.213,455.579,0.904,8448.956,45591.226,7587.488,5623.33,475.6,835.3,6395.52,0,5612.374,181.7,20416.089,37002.427,195876.899,483.683,63745.182,341985.254
2012-03-01,Monthly,Bank-bank Islam / Islamic Banks,838.157,86.888,0.196,8451.158,42247.026,5937.383,8142.184,496.666,1477.529,5719.72,0,5207.242,182.177,18138.648,36259.426999999996,199184.428,486.729,59139.967,337415.273
2012-03-01,Monthly,Skim Perbankan Islam (SPI) / Islamic Banking Scheme (IBS),2.765,0.797,0.775,30.899,171.0,0.0,1423.158,0.0,0.0,15.658,0,509.877,0.0,2108.201,2163.315,431.676,0.094,5158.662,7745.361
2012-03-01,Monthly,Jumlah / Total,840.922,87.685,0.971,8482.057,42418.026,5937.383,9565.342,496.666,1477.529,5735.378,0,5717.119,182.177,20246.849,38422.742,199616.104,486.823,64298.629,345160.634
2012-04-01,Monthly,Bank-bank Islam / Islamic Banks,879.131,224.592,0.196,8450.077,42224.118,5285.296,5367.963,506.352,937.529,6117.002,0,5650.412,327.538,16201.942,38901.390999999996,201136.66,487.05,60691.792,337958.17
2012-04-01,Monthly,Skim Perbankan Islam (SPI) / Islamic Banking Scheme (IBS),3.798,3.133,0.645,26.33,833.44,110.0,1191.328,0.0,0.0,15.365,0,339.947,0.0,2088.57,2329.8430000000008,427.493,0.094,4971.667,7923.24
2012-04-01,Monthly,Jumlah / Total,882.929,227.725,0.841,8476.407,43057.558,5395.296,6559.291,506.352,937.529,6132.367,0,5990.359,327.538,18290.512,41231.234,201564.153,487.144,65663.459,345881.41
2012-05-01,Monthly,Bank-bank Islam / Islamic Banks,820.457,73.36,0.197,8437.138,32531.77,6694.647,5772.016,386.6,937.529,5824.913,0,6782.637,295.543,16452.391,40926.78600000001,204607.193,490.973,62492.744,335852.174
2012-05-01,Monthly,Skim Perbankan Islam (SPI) / Islamic Banking Scheme (IBS),3.412,7.499,0.619,26.844,1384.28,0.0,1196.895,0.0,50.0,24.057,0,587.534,0.0,1458.59,2581.35,422.77,0.09,4628.657,8332.657
2012-05-01,Monthly,Jumlah / Total,823.869,80.859,0.816,8463.982,33916.05,6694.647,6968.911,386.6,987.529,5848.97,0,7370.171,295.543,17910.981,43508.136,205029.963,491.063,67121.401,344184.831
2012-06-01,Monthly,Bank-bank Islam / Islamic Banks,941.031,211.134,0.199,8534.546,40842.845,5734.415,7722.382,1020.59,687.529,6157.824,0,7623.891,274.869,16996.911,38232.729999999996,209635.331,502.277,59885.408,349499.402
2012-06-01,Monthly,Skim Perbankan Islam (SPI) / Islamic Banking Scheme (IBS),4.11,5.885,0.64,29.578,580.0,0.0,1252.222,0.0,0.0,24.114,0,805.851,0.0,1146.532,3226.247,418.06,0.091,5054.846,8175.397
2012-06-01,Monthly,Jumlah / Total,945.141,217.019,0.839,8564.124,41422.845,5734.415,8974.604,1020.59,687.529,6181.938,0,8429.742,274.869,18143.443,41458.977000000006,210053.391,502.368,64940.254,357674.799
2012-07-01,Monthly,Bank-bank Islam / Islamic Banks,977.957,126.039,0.195,8478.827,34195.217,6006.658,5123.735,505.253,786.388,5961.713,0,8083.364,284.468,16984.725,38927.981999999996,211694.683,517.055,61808.508,344265.592
2012-07-01,Monthly,Skim Perbankan Islam (SPI) / Islamic Banking Scheme (IBS),4.142,28.949,1.368,0.0,489.02,0.0,1358.308,0.0,49.7,16.065,0,1324.194,0.0,852.229,3595.73,413.429,0.087,5121.622,8806.884
2012-07-01,Monthly,Jumlah / Total,982.099,154.988,1.563,8478.827,34684.237,6006.658,6482.043,505.253,836.088,5977.778,0,9407.558,284.468,17836.954,42523.71199999999,212108.112,517.142,66930.13,353072.476
2012-08-01,Monthly,Bank-bank Islam / Islamic Banks,1094.582,280.29,0.188,8719.54,35250.885,7821.961,5878.945,660.355,1036.388,5092.718,0,8070.89,290.036,17222.355,41794.378,215098.266,523.741,65042.425,354571.174
2012-08-01,Monthly,Skim Perbankan Islam (SPI) / Islamic Banking Scheme (IBS),3.787,37.405,1.765,0.0,263.4,0.0,1571.667,0.0,0.0,72.75,0,1235.309,0.0,839.93,3192.8629999999994,409.171,0.097,4577.966,8173.317
2012-08-01,Monthly,Jumlah / Total,1098.369,317.695,1.953,8719.54,35514.285,7821.961,7450.612,660.355,1036.388,5165.468,0,9306.199,290.036,18062.285,44987.240999999995,215507.437,523.838,69620.391,362744.491
2012-09-01,Monthly,Bank-bank Islam / Islamic Banks,998.943,317.639,0.184,8934.767,32014.912,6506.259,3708.2,666.4,1224.16,5935.099,0,7722.839,280.794,17150.879,40931.633,217801.688,522.045,63749.619,350102.754
2012-09-01,Monthly,Skim Perbankan Islam (SPI) / Islamic Banking Scheme (IBS),4.168,3.61,0.804,26.481,776.0,1.0,1488.012,30.0,0.0,10.074,0,1166.032,0.0,750.06,3152.8740000000007,404.897,0.093,4441.706,8352.877
2012-09-01,Monthly,Jumlah / Total,1003.111,321.249,0.988,8961.248,32790.912,6507.259,5196.212,696.4,1224.16,5945.173,0,8888.871,280.794,17900.939,44084.507000000005,218206.585,522.138,68191.325,358455.631
2012-10-01,Monthly,Bank-bank Islam / Islamic Banks,828.149,111.295,0.186,9002.38,32711.613,5779.13,3880.557,670.202,1324.16,6105.323,0,7763.691,321.447,17898.111,42850.342000000004,222831.762,522.816,66625.698,358156.962
2012-10-01,Monthly,Skim Perbankan Islam (SPI) / Islamic Banking Scheme (IBS),3.882,2.48,0.506,28.433,644.57,0.0,1471.64,39.7,0.0,16.91,0,1221.698,0.0,778.331,3624.3320000000003,398.472,0.099,4919.327,8747.717
2012-10-01,Monthly,Jumlah / Total,832.031,113.775,0.692,9030.813,33356.183,5779.13,5352.197,709.902,1324.16,6122.233,0,8985.389,321.447,18676.442,46474.67400000001,223230.234,522.915,71545.025,366904.679
2012-11-01,Monthly,Bank-bank Islam / Islamic Banks,823.095,300.211,0.196,9081.073,41116.75,5467.911,5200.504,622.502,1294.16,5792.006,0,6262.728,325.536,17948.112,42549.387,223358.557,529.067,67080.364,366929.124
2012-11-01,Monthly,Skim Perbankan Islam (SPI) / Islamic Banking Scheme (IBS),4.066,1.777,0.583,37.32,291.0,0.0,1253.924,32.0,0.0,12.77,0,979.728,9.706,727.884,4385.964,394.459,0.096,5732.252,8739.975
2012-11-01,Monthly,Jumlah / Total,827.161,301.988,0.779,9118.393,41407.75,5467.911,6454.428,654.502,1294.16,5804.776,0,7242.456,335.242,18675.996,46935.350999999995,223753.016,529.163,72812.616,375669.099
2012-12-01,Monthly,Bank-bank Islam / Islamic Banks,943.034,95.515,0.197,9205.792,36313.562,9930.283,4831.201,714.4,983.068,2190.542,0,7566.118,260.772,17941.374,42786.59000000001,227655.331,534.778,66722.097,367685.918
2012-12-01,Monthly,Skim Perbankan Islam (SPI) / Islamic Banking Scheme (IBS),3.715,5.291,0.348,45.668,88.0,0.0,1428.602,0.0,0.0,2.641,0,876.069,9.732,688.29,4235.633000000001,397.083,0.09,5420.563,8268.07
2012-12-01,Monthly,Jumlah / Total,946.749,100.806,0.545,9251.46,36401.562,9930.283,6259.803,714.4,983.068,2193.183,0,8442.187,270.504,18629.664,47022.22299999998,228052.414,534.868,72142.66,375953.988
2013-01-01,Monthly,Bank-bank Islam / Islamic Banks,2627.671795,50.445221,82.207282,9354.00618,41685.046906,2241.086912,4354.383522,680.6132,1373.067637,2370.216457,0,6917.417779,251.649174,18291.814905,41283.362844,232172.797909,488.49808,65387.630875,369785.089755
2013-01-01,Monthly,Skim Perbankan Islam (SPI) / Islamic Banking Scheme (IBS),5.851937,8.421235,0.368697,39.39065,838.0,0.0,1252.024517,90.0,0.0,1.718911,0,587.370464,0.0,645.012577,3376.670415,386.378882,0.084597,4750.554257,7960.164147
2013-01-01,Monthly,Jumlah / Total,2633.523732,58.866456,82.575979,9393.39683,42523.046906,2241.086912,5606.408039,770.6132,1373.067637,2371.935368,0,7504.788243,251.649174,18936.827482,44660.033259,232559.176791,488.582677,70138.185132,377745.253902
2013-02-01,Monthly,Bank-bank Islam / Islamic Banks,2066.225245,86.842221,35.976932,10005.655081,33927.055413,5282.923038,4997.997696,589.0,2093.067637,2847.463041,0,6523.20525,321.872052,19472.480865,44721.038233,235375.590374,487.016739,70414.160988,374732.179655
2013-02-01,Monthly,Skim Perbankan Islam (SPI) / Islamic Banking Scheme (IBS),3.750083,9.724839,0.24528,38.59175,598.33,0.0,1515.385947,0.0,0.0,2.446738,0,516.483919,0.0,519.086562,3111.949465,389.698408,0.087086,4187.409661,7262.153711
2013-02-01,Monthly,Jumlah / Total,2069.975328,96.56706,36.222212,10044.246831,34525.385413,5282.923038,6513.383643,589.0,2093.067637,2849.909779,0,7039.689169,321.872052,19991.567427,47832.98769799998,235765.288782,487.103825,74601.570649,381994.333366
2013-03-01,Monthly,Bank-bank Islam / Islamic Banks,5588.637512,85.438881,36.80015,9805.897081,38556.715771,3693.825292,5106.965247,527.95,1694.274723,2233.464827,0,7778.88563,242.543137,18125.976503,44853.987028999996,238497.985208,492.412239,68550.363134,382649.615695
2013-03-01,Monthly,Skim Perbankan Islam (SPI) / Islamic Banking Scheme (IBS),44.674481,0.519159,0.245665,16.176629,384.0,159.9,1427.023714,0.0,0.0,2.679749,0,755.681784,0.0,343.270025,2833.4373800000003,385.121716,0.084607,3732.065079,6908.172583
2013-03-01,Monthly,Jumlah / Total,5633.311993,85.95804,37.045815,9822.07371,38940.715771,3853.725292,6533.988961,527.95,1694.274723,2236.144576,0,8534.567414,242.543137,18469.246528,47687.424408999985,238883.106924,492.496846,72282.428213,389557.788278
2013-04-01,Monthly,Bank-bank Islam / Islamic Banks,4856.610245,80.671377,35.451491,9763.234081,37242.012316,3359.368357,5042.620579,617.8,1484.274723,2650.369543,0,6554.705051,82.926632,19044.693938,42295.78154799999,242362.594661,492.116386,67343.579305,381885.408115
2013-04-01,Monthly,Skim Perbankan Islam (SPI) / Islamic Banking Scheme (IBS),45.233222,0.771279,0.276512,0.0,1088.0,68.8,1432.969711,0.0,0.0,1.613519,0,564.732372,0.0,314.004888,2506.074635,381.300213,0.067315,3449.434089,7033.198232
2013-04-01,Monthly,Jumlah / Total,4901.843467,81.442656,35.728003,9763.234081,38330.012316,3428.168357,6475.59029,617.8,1484.274723,2651.983062,0,7119.437423,82.926632,19358.698826,44801.856182999996,242743.894874,492.183701,70793.013394,388918.606347
2013-05-01,Monthly,Bank-bank Islam / Islamic Banks,2184.862787,21.650505,35.752757,10001.923081,42029.687194,3600.962668,3576.059671,915.8,1299.274723,2345.83176,0,9598.170286,83.143524,18916.490544,39805.36906600001,245250.669548,489.695242,64810.289732,386160.629954
2013-05-01,Monthly,Skim Perbankan Islam (SPI) / Islamic Banking Scheme (IBS),46.427534,1.753473,0.287965,0.0,243.25,0.0,2212.603208,0.0,0.0,2.752384,0,1697.857149,0.0,461.194159,3012.6025229999996,376.681186,0.447968,4031.66483,8613.725697
2013-05-01,Monthly,Jumlah / Total,2231.290321,23.403978,36.040722,10001.923081,42272.937194,3600.962668,5788.662879,915.8,1299.274723,2348.584144,0,11296.027435,83.143524,19377.684703,42817.971589,245627.350734,490.14321,68841.954562,394774.355651
2013-06-01,Monthly,Bank-bank Islam / Islamic Banks,2036.339641,85.807089,35.744072,10181.744081,34770.606534,3993.604024,5707.628048,693.8,1399.274723,2309.73326,0,10297.329477,83.337527,19747.878246,39508.91230599999,249775.825617,488.329546,65473.605797,387249.371909
2013-06-01,Monthly,Skim Perbankan Islam (SPI) / Islamic Banking Scheme (IBS),45.312705,0.552414,0.262336,0.0,503.0,0.0,1254.408783,0.0,0.0,7.073676,0,1410.361062,0.0,450.149465,3139.30423,373.653775,0.461039,4166.465475,7761.551265
2013-06-01,Monthly,Jumlah / Total,2081.652346,86.359503,36.006408,10181.744081,35273.606534,3993.604024,6962.036831,693.8,1399.274723,2316.806936,0,11707.690539,83.337527,20198.027711,42648.21653599999,250149.479392,488.790585,69640.071272,395010.923174
2013-07-01,Monthly,Bank-bank Islam / Islamic Banks,1908.609631,190.830228,66.17299,9990.740581,35917.515799,4779.697645,6177.459467,610.6,1750.997433,2548.676849,0,12181.513445,88.66366,21587.17958,36771.17782499999,253655.233785,493.954258,64395.966972,394667.969083
2013-07-01,Monthly,Skim Perbankan Islam (SPI) / Islamic Banking Scheme (IBS),15.254867,7.010006,0.289088,0.0,254.0,0.0,1625.878048,0.0,0.0,1.983614,0,1013.945873,0.0,470.433045,3042.27807,368.326343,0.484828,4144.201899,7431.374566
2013-07-01,Monthly,Jumlah / Total,1923.864498,197.840234,66.462078,9990.740581,36171.515799,4779.697645,7803.337515,610.6,1750.997433,2550.660463,0,13195.459318,88.66366,22057.612625,39813.45589500001,254023.560128,494.439086,68540.168871,402099.343649
2013-08-01,Monthly,Bank-bank Islam / Islamic Banks,1113.081494,81.995206,36.269621,10455.520581,38897.478395,2561.382217,6294.453034,551.05,1327.439933,2244.804151,0,13001.308239,118.060602,22968.832604,36892.075907000006,257923.215144,492.090013,65769.569901,400749.657929
2013-08-01,Monthly,Skim Perbankan Islam (SPI) / Islamic Banking Scheme (IBS),42.669656,11.574628,0.253006,0.0,308.0,127.5,1272.979379,0.0,0.0,3.271596,0,586.40991,0.0,419.96326,3013.833674,363.475667,0.463152,4045.679384,6762.276378
2013-08-01,Monthly,Jumlah / Total,1155.75115,93.569834,36.522627,10455.520581,39205.478395,2688.882217,7567.432413,551.05,1327.439933,2248.075747,0,13587.718149,118.060602,23388.795864,39905.909581000014,258286.690811,492.553165,69815.249285,407511.934307
2013-09-01,Monthly,Bank-bank Islam / Islamic Banks,3808.697083,373.890382,35.841872,10679.401581,39585.601889,3910.862579,6834.914764,371.6,1754.902395,2228.1288,0,13118.376194,58.550795,22603.443164,32195.042518000002,263528.288908,491.494738,61528.491452,408250.492637
2013-09-01,Monthly,Skim Perbankan Islam (SPI) / Islamic Banking Scheme (IBS),4.70842,10.659657,0.31366,0.0,1468.0,242.5,406.223605,0.0,0.0,1.829562,0,615.72739,0.0,326.660857,2332.979104,359.067545,0.080089,3208.326049,6317.435977
2013-09-01,Monthly,Jumlah / Total,3813.405503,384.550039,36.155532,10679.401581,41053.601889,4153.362579,7241.138369,371.6,1754.902395,2229.958362,0,13734.103584,58.550795,22930.104021,34528.021622000015,263887.356453,491.574827,64736.817501,414567.928614
2013-10-01,Monthly,Bank-bank Islam / Islamic Banks,3961.725043,108.965374,35.910866,10756.698997,45314.825295,4393.282524,4365.931236,562.0,1901.437395,1778.102633,0,11104.357477,97.50869,23120.755271,30699.199428000004,267915.101857,487.585218,59702.454411,412388.378326
2013-10-01,Monthly,Skim Perbankan Islam (SPI) / Islamic Banking Scheme (IBS),3.851504,5.921725,0.259899,0.0,1343.89,0.0,796.76338,0.0,0.0,5.421854,0,1081.566949,9.700822,537.552754,2158.4029520000004,355.872397,0.451691,3287.685599,6881.684998
2013-10-01,Monthly,Jumlah / Total,3965.576547,114.887099,36.170765,10756.698997,46658.715295,4393.282524,5162.694616,562.0,1901.437395,1783.524487,0,12185.924426,107.209512,23658.308025,32857.602380000004,268270.974254,488.036909,62990.14001,419270.063324
2013-11-01,Monthly,Bank-bank Islam / Islamic Banks,2952.467502,203.369339,35.924519,11110.325565,50163.140326,4463.597192,2840.212702,789.57,2687.562895,1800.136341,0,7763.961459,175.706901,23455.009496,30601.327744000002,270318.554984,485.750256,59713.315842,415327.888922
2013-11-01,Monthly,Skim Perbankan Islam (SPI) / Islamic Banking Scheme (IBS),8.701468,6.385015,0.236341,0.0,1153.55,0.0,835.057153,0.0,0.0,2.504464,0,1299.701572,9.725479,416.786289,2140.4814509999997,351.155349,0.448925,3152.020891,6809.761178
2013-11-01,Monthly,Jumlah / Total,2961.16897,209.754354,36.16086,11110.325565,51316.690326,4463.597192,3675.269855,789.57,2687.562895,1802.640805,0,9063.663031,185.43238,23871.795785,32741.809195000005,270669.710333,486.199181,62865.336733,422137.6501
2013-12-01,Monthly,Bank-bank Islam / Islamic Banks,3051.498582,142.12220943,70.44740857,11225.904531,44863.479863,5363.793832,4122.173041,732.6,2513.39529,1413.336799,0,8295.521229,146.347595,22702.19845,31507.26171900001,277491.453497,490.971629,59771.969831,419548.667742
2013-12-01,Monthly,Skim Perbankan Islam (SPI) / Islamic Banking Scheme (IBS),4.476619,9.685651,0.350192,0.0,1259.0,0.0,815.015087,0.0,0.0,1.543734,0,991.530244,9.750959,688.049111,2299.991605,428.183945,0.4591,3582.573769,7092.818341
2013-12-01,Monthly,Jumlah / Total,3055.975201,151.80786043,70.79760057,11225.904531,46122.479863,5363.793832,4937.188128,732.6,2513.39529,1414.880533,0,9287.051473,156.098554,23390.247561,33807.253324000005,277919.637442,491.430729,63354.5436,426641.486083
2014-01-01,Monthly,Bank-bank Islam / Islamic Banks,2564.241236,84.229098,36.170795,11524.472531,43130.795867,4649.620648,2813.021816,654.7,1535.86653,1562.868538,0,7644.054214,176.210383,23379.307117,30612.797523000005,281111.130616,488.167633,59514.79474,417314.134262
2014-01-01,Monthly,Skim Perbankan Islam (SPI) / Islamic Banking Scheme (IBS),3.671265,5.277517,0.278542,0.0,849.0,0.0,853.637804,0.0,0.0,2.444069,0,1262.848724,9.776438,670.147784,2204.6217480000005,456.813535,0.451187,3488.062969,6922.485612
2014-01-01,Monthly,Jumlah / Total,2567.912501,89.506615,36.449337,11524.472531,43979.795867,4649.620648,3666.65962,654.7,1535.86653,1565.312607,0,8906.902938,185.986821,24049.454901,32817.419271,281567.944151,488.61882,63002.857709,424236.619874
2014-02-01,Monthly,Bank-bank Islam / Islamic Banks,2235.645263,34.792339,36.355517,11676.833531,38002.376107,4589.671153,4020.861107,909.6,2544.321461,1736.875252,0,7595.975662,176.582635,23375.437283,30950.738508999995,282525.629849,486.922262,60451.63423,416847.493733
2014-02-01,Monthly,Skim Perbankan Islam (SPI) / Islamic Banking Scheme (IBS),3.476557,2.567903,0.230718,0.0,991.0,0.0,911.721999,0.0,0.0,3.937524,0,1153.629525,9.799452,867.251301,2440.9099340000002,471.384509,0.445236,3945.776448,7484.170419
2014-02-01,Monthly,Jumlah / Total,2239.12182,37.360242,36.586235,11676.833531,38993.376107,4589.671153,4932.583106,909.6,2544.321461,1740.812776,0,8749.605187,186.382087,24242.688584,33391.648443,282997.014358,487.367498,64397.410678,424331.664152
2014-03-01,Monthly,Bank-bank Islam / Islamic Banks,1458.829592,28.86026,36.388325,11579.772531,36983.94734,5362.321321,3925.418708,807.7,2020.328309,1606.527342,0,7656.023138,191.546173,24367.993887,32214.385355000002,287052.123258,497.610074,61971.641782,420987.49198
2014-03-01,Monthly,Skim Perbankan Islam (SPI) / Islamic Banking Scheme (IBS),3.609719,3.685373,0.254619,0.0,1530.0,316.9,601.917349,0.0,0.0,2.795672,0,1453.766756,9.824932,801.742839,2175.734249,456.589146,0.437312,3651.678956,8021.634902
2014-03-01,Monthly,Jumlah / Total,1462.439311,32.545633,36.642944,11579.772531,38513.94734,5679.221321,4527.336057,807.7,2020.328309,1609.323014,0,9109.789894,201.371105,25169.736726,34390.11960399999,287508.712404,498.047386,65623.320738,429009.126882
2014-04-01,Monthly,Bank-bank Islam / Islamic Banks,1828.604435,24.683334,0.01192,11685.572531,39510.637742,5657.509167,3399.873336,542.0,2470.328309,1890.631706,0,7046.673939,142.342096,22727.805687,31936.027765,289408.639716,496.165252,60878.845653,424840.17704
2014-04-01,Monthly,Skim Perbankan Islam (SPI) / Islamic Banking Scheme (IBS),3.20263,4.613114,0.258387,0.0,1379.0,0.0,1081.275171,0.0,0.0,0.62137,0,1382.675888,9.842068,576.807183,2153.560131,462.231138,0.429421,3352.80985,7667.116969
2014-04-01,Monthly,Jumlah / Total,1831.807065,29.296448,0.270307,11685.572531,40889.637742,5657.509167,4481.148507,542.0,2470.328309,1891.253076,0,8429.349827,152.184164,23304.61287,34089.587896,289870.870854,496.594673,64231.655503,432507.294009
2014-05-01,Monthly,Bank-bank Islam / Islamic Banks,2366.445879,20.986191,36.695372,11788.997531,35565.182,4255.934793,5019.776583,344.5,2840.465389,1840.81405,0,9084.300902,162.044194,23407.82124,30705.335272999993,294034.65803,494.173108,59633.006399,427325.936227
2014-05-01,Monthly,Skim Perbankan Islam (SPI) / Islamic Banking Scheme (IBS),3.384645,0.695428,0.352603,0.0,1662.0,0.0,707.39869,0.0,0.0,1.883341,0,1780.758582,9.868822,558.296029,2346.4661640000004,464.332881,0.422515,3649.381516,8270.610201
2014-05-01,Monthly,Jumlah / Total,2369.830524,21.681619,37.047975,11788.997531,37227.182,4255.934793,5727.175273,344.5,2840.465389,1842.697391,0,10865.059484,171.913016,23966.117269,33051.801437,294498.990911,494.595623,63282.387915,435596.546428
2014-06-01,Monthly,Bank-bank Islam / Islamic Banks,1712.957504,28.022334,144.805886,11813.245531,39731.657445,4958.48766,4009.395059,364.68,3470.737038,1962.800849,0,9699.668414,241.6849,24572.218797,31577.465002,297913.095238,498.621078,63098.30994,439406.483976
2014-06-01,Monthly,Skim Perbankan Islam (SPI) / Islamic Banking Scheme (IBS),3.157978,2.801432,0.359861,0.0,1442.21,0.0,588.904058,0.0,0.0,1.405863,0,1352.228827,9.896384,554.824066,2186.608501,472.711002,0.414596,3417.909437,7282.103054
2014-06-01,Monthly,Jumlah / Total,1716.115482,30.823766,145.165747,11813.245531,41173.867445,4958.48766,4598.299117,364.68,3470.737038,1964.206712,0,11051.897241,251.581284,25127.042863,33764.07350300001,298385.80624,499.035674,66516.219377,446688.58703
2014-07-01,Monthly,Bank-bank Islam / Islamic Banks,1568.912089,43.488734,118.301433,11824.986031,36087.258805,5008.774932,3388.109569,428.8,1744.567929,1944.593573,0,9364.29049,313.907713,24423.796687,31105.925038,300427.05731,530.834096,61766.067731,434246.042722
2014-07-01,Monthly,Skim Perbankan Islam (SPI) / Islamic Banking Scheme (IBS),3.878633,2.115268,0.342741,0.0,1468.81,0.0,637.54561,0.0,0.0,0.297698,0,1640.986253,0.0,546.783378,2207.8698409999997,471.816928,0.407794,3414.650666,7640.851591
2014-07-01,Monthly,Jumlah / Total,1572.790722,45.604002,118.644174,11824.986031,37556.068805,5008.774932,4025.655179,428.8,1744.567929,1944.891271,0,11005.276743,313.907713,24970.580065,33313.794878999994,300898.874238,531.24189,65180.718397,441886.894313
2014-08-01,Monthly,Bank-bank Islam / Islamic Banks,1156.574574,41.76394118,120.73759482,12177.458031,36689.300657,5697.668235,4171.582391,519.009732,1809.825175,1686.204697,0,8855.45271,437.705097,24803.797308,34321.150184000006,304258.924295,530.69661,65355.060885,443070.259528
2014-08-01,Monthly,Skim Perbankan Islam (SPI) / Islamic Banking Scheme (IBS),4.252359,12.62827,0.29491,0.0,1278.62,0.0,992.50575,0.0,0.0,1.615021,0,1925.535587,9.947397,447.817881,2151.2546899999998,474.214583,0.380665,3265.119076,7955.166221
2014-08-01,Monthly,Jumlah / Total,1160.826933,54.39221118,121.03250482,12177.458031,37967.920657,5697.668235,5164.088141,519.009732,1809.825175,1687.819718,0,10780.988297,447.652494,25251.615189,36472.404874,304733.138878,531.077275,68620.179961,451025.425749
2014-09-01,Monthly,Bank-bank Islam / Islamic Banks,1520.564006,20.384162,166.491097,12481.593031,36490.341101,4114.103808,3388.381002,450.5,2011.799542,1681.392292,0,9468.29784,516.695517,23470.971008,36108.384105000005,309814.831868,523.318556,66286.087655,448418.08596
2014-09-01,Monthly,Skim Perbankan Islam (SPI) / Islamic Banking Scheme (IBS),4.068126,4.154145,0.236592,0.0,1262.06,1.4,778.562143,97.03,0.0,1.734845,0,1127.454009,9.972877,318.166785,2178.540252,473.360947,0.782481,3275.983159,7026.826447
2014-09-01,Monthly,Jumlah / Total,1524.632132,24.538307,166.727689,12481.593031,37752.401101,4115.503808,4166.943145,547.53,2011.799542,1683.127137,0,10595.751849,526.668394,23789.137793,38286.924356999996,310288.192815,524.101037,69562.070814,455444.912407
2014-10-01,Monthly,Bank-bank Islam / Islamic Banks,903.833191,302.319506,127.072169,12657.670031,34505.565858,4238.163231,3695.963198,234.5,2166.843071,1960.405217,0,11226.61456,522.359494,23828.539099,36595.916225,315979.337538,533.491646,66951.919974,455483.69919
2014-10-01,Monthly,Skim Perbankan Islam (SPI) / Islamic Banking Scheme (IBS),4.746815,5.500866,0.301011,0.0,1183.08,50.0,811.961327,98.22,0.0,1.727967,0,1585.986032,0.0,349.638868,2301.0632269999996,486.709909,0.663162,3415.921548,7644.818637
2014-10-01,Monthly,Jumlah / Total,908.580006,307.820372,127.37318,12657.670031,35688.645858,4288.163231,4507.924525,332.72,2166.843071,1962.133184,0,12812.600592,522.359494,24178.177967,38896.979452,316466.047447,534.154808,70367.841522,463128.517827
2014-11-01,Monthly,Bank-bank Islam / Islamic Banks,802.630889,226.349061,159.83462,12974.823031,33899.621448,2267.838091,4257.110552,311.9,2763.534479,2062.147006,0,10364.511759,543.481641,23383.538344,39287.498468000005,320888.807937,542.692678,69633.688078,461155.489629
2014-11-01,Monthly,Skim Perbankan Islam (SPI) / Islamic Banking Scheme (IBS),4.350334,5.880776,0.353057,0.0,1504.0,0.0,837.217075,45.0,0.0,2.783198,0,1560.677443,0.0,319.354852,2367.6375350000003,490.427824,0.650251,3503.833946,7955.173904
2014-11-01,Monthly,Jumlah / Total,806.981223,232.229837,160.187677,12974.823031,35403.621448,2267.838091,5094.327627,356.9,2763.534479,2064.930204,0,11925.189202,543.481641,23702.893196,41655.13600300001,321379.235761,543.342929,73137.522024,469110.663533
2014-12-01,Monthly,Bank-bank Islam / Islamic Banks,1196.205789,356.605623,38.201792,13011.115031,30713.206,2669.351152,4225.387664,325.7,2556.85171,2181.511239,0,10477.518484,475.130084,23474.128555,40130.857480000006,329642.761775,552.061883,71077.581435,469024.059577
2014-12-01,Monthly,Skim Perbankan Islam (SPI) / Islamic Banking Scheme (IBS),4.629986,16.745272,0.383385,0.0,1351.0,356.1,697.484035,0.0,0.0,3.414674,0,1085.921429,0.0,674.821913,2477.7771359999997,531.698378,0.691686,3983.551034,8031.619879
2014-12-01,Monthly,Jumlah / Total,1200.835775,373.350895,38.585177,13011.115031,32064.206,3025.451152,4922.871699,325.7,2556.85171,2184.925913,0,11563.439913,475.130084,24148.950468,42608.63461600001,330174.460153,552.753569,75061.132469,477055.679456
2015-01-01,Monthly,Bank-bank Islam / Islamic Banks,1009.173596,149.660311,38.430542,13628.727031,32501.138048,1373.363484,4872.07058,660.5,2056.878219,2360.822317,0,9202.804601,528.348164,23644.329191,39929.738086,337525.706678,544.667998,71344.132406,477268.075811
2015-01-01,Monthly,Skim Perbankan Islam (SPI) / Islamic Banking Scheme (IBS),8.731835,1.470484,0.303063,0.0,1442.39,0.0,1011.270356,103.0,0.0,0.46346,0,1306.544906,13.850677,788.724892,2624.0398089999994,540.241314,0.677645,4280.122366,8695.215429
2015-01-01,Monthly,Jumlah / Total,1017.905431,151.130795,38.733605,13628.727031,33943.528048,1373.363484,5883.340936,763.5,2056.878219,2361.285777,0,10509.349507,542.198841,24433.054083,42553.77789500001,338065.947992,545.345643,75624.254772,485963.29124
2015-02-01,Monthly,Bank-bank Islam / Islamic Banks,865.675037,94.362996,1.257483,13592.368031,33745.531753,2221.639196,3889.977249,655.5,3893.80086,2627.048821,0,9205.629731,530.100732,25070.581162,36948.98514799999,342452.712186,548.8117,69130.197037,482924.51208
2015-02-01,Monthly,Skim Perbankan Islam (SPI) / Islamic Banking Scheme (IBS),7.726764,6.892467,0.30969,0.0,1609.88,0.0,959.743534,0.0,0.0,0.817042,0,1456.572349,19.818881,851.383137,2440.675099,533.389905,0.45155,4120.648656,8696.431957
2015-02-01,Monthly,Jumlah / Total,873.401801,101.255463,1.567173,13592.368031,35355.411753,2221.639196,4849.720783,655.5,3893.80086,2627.865863,0,10662.20208,549.919613,25921.964299,39389.66024699999,342986.102091,549.26325,73250.845693,491620.944037
2015-03-01,Monthly,Bank-bank Islam / Islamic Banks,1481.432813,98.394059,3.99763,14245.304031,41273.45552,3492.946625,3085.476238,335.5,3289.684187,2424.354052,0,12936.374428,527.458745,25429.941734,34080.80110800001,346979.473275,545.119249,68204.431929,498395.944036
2015-03-01,Monthly,Skim Perbankan Islam (SPI) / Islamic Banking Scheme (IBS),10.296374,9.903814,0.320205,0.0,1543.64,50.0,856.818865,0.0,0.0,3.27971,0,816.8433,27.548416,646.105519,2644.7395180000003,542.604298,0.446452,4151.970756,7986.123774
2015-03-01,Monthly,Jumlah / Total,1491.729187,108.297873,4.317835,14245.304031,42817.09552,3542.946625,3942.295103,335.5,3289.684187,2427.633762,0,13753.217728,555.007161,26076.047253,36725.540626,347522.077573,545.565701,72356.402685,506382.06781
2015-04-01,Monthly,Bank-bank Islam / Islamic Banks,3516.673114,142.57862,4.35684,14388.803031,43278.838,2670.347697,3025.855701,430.5,3989.670265,2736.373734,0,11956.559517,479.506915,25103.216618,31569.40460199999,349277.091648,543.557466,63651.433615,499612.639248
2015-04-01,Monthly,Skim Perbankan Islam (SPI) / Islamic Banking Scheme (IBS),5.180055,10.172636,0.386488,0.0,1724.0,0.0,548.74215,0.0,0.0,8.74674,0,1386.302792,27.632445,828.329178,2384.0309760000005,557.626796,0.440907,4114.105582,8355.704146
2015-04-01,Monthly,Jumlah / Total,3521.853169,152.751256,4.743328,14388.803031,45002.838,2670.347697,3574.597851,430.5,3989.670265,2745.120474,0,13342.862309,507.13936,25931.545796,33953.43557799999,349834.718444,543.998373,67765.539197,507968.343394
2015-05-01,Monthly,Bank-bank Islam / Islamic Banks,3246.483606,138.654767,1.041584,14121.405031,38930.414,4413.970249,3190.423919,165.5,2972.975181,2713.692616,0,11292.34089,453.033835,28315.735243,30088.039607999992,353687.139116,543.690128,66276.175296,501693.906383
2015-05-01,Monthly,Skim Perbankan Islam (SPI) / Islamic Banking Scheme (IBS),4.312443,9.89009,0.276446,0.0,1863.0,2.3,678.478163,0.0,0.0,9.103655,0,1679.08489,17.68748,455.766742,1533.8959069999999,1615.803742,0.430874,2838.63851,8701.318813
2015-05-01,Monthly,Jumlah / Total,3250.796049,148.544857,1.31803,14121.405031,40793.414,4416.270249,3868.902082,165.5,2972.975181,2722.796271,0,12971.42578,470.721315,28771.501985,31621.93551499999,355302.942858,544.121002,69114.813806,510395.225196
2015-06-01,Monthly,Bank-bank Islam / Islamic Banks,2571.202597,453.74219,0.634845,14024.705031,36723.274553,3414.778463,2779.564136,75.4,1431.785588,2965.103892,0,12066.900896,378.417458,29702.741592,29150.568011000003,358286.288687,541.288289,66019.95056,501354.619727
2015-06-01,Monthly,Skim Perbankan Islam (SPI) / Islamic Banking Scheme (IBS),4.199944,8.613108,255.550273,0.0,2228.0,0.0,437.210728,0.0,0.0,9.733881,0,1188.557734,17.727948,935.925616,2260.874034,514.751674,0.420846,4066.370374,8713.408562
2015-06-01,Monthly,Jumlah / Total,2575.402541,462.355298,256.185118,14024.705031,38951.274553,3414.778463,3216.774864,75.4,1431.785588,2974.837773,0,13255.45863,396.145406,30638.667208,31411.442045000003,358801.040361,541.709135,70086.320934,510068.028289
2015-07-01,Monthly,Bank-bank Islam / Islamic Banks,2242.479478,329.697598,1.364226,14251.347031,27715.022924,3168.919325,3085.360409,0.0,1240.620312,3095.026056,0,13592.479961,542.641432,27589.024682,29477.848171,362367.081372,535.672781,8230.542683,497465.128441
2015-07-01,Monthly,Skim Perbankan Islam (SPI) / Islamic Banking Scheme (IBS),4.818588,29.648197,263.65883,0.0,1920.08,0.0,563.36,0.0,0.0,2.53125,0,1317.489122,7.752002,856.580616,2262.353871,511.966863,0.410805,863.130684,8603.780828
2015-07-01,Monthly,Jumlah / Total,2247.298066,359.345795,265.023056,14251.347031,29635.102924,3168.919325,3648.720409,0.0,1240.620312,3097.557306,0,14909.969083,550.393434,28445.605298,31740.202042,362879.048235,536.083586,9093.673367,506068.909269
2015-08-01,Monthly,Bank-bank Islam / Islamic Banks,1576.686827,120.887845,1.18275,14055.686031,23429.942368,4006.959064,3586.375605,60.0,2360.529927,3382.92701,0,12553.55476,476.670861,28454.911877,28909.031088,367166.999338,529.791598,10350.536789,501022.673738
2015-08-01,Monthly,Skim Perbankan Islam (SPI) / Islamic Banking Scheme (IBS),9.163353,37.325101,272.391636,0.0,2179.06,0.0,384.1,0.0,0.0,2.594223,0,739.939494,7.776098,882.08029,2228.00914,512.161585,0.400837,892.664295,8147.666052
2015-08-01,Monthly,Jumlah / Total,1585.85018,158.212946,273.574386,14055.686031,25609.002368,4006.959064,3970.475605,60.0,2360.529927,3385.521233,0,13293.494254,484.446959,29336.992167,31137.040228,367679.160923,530.192435,11243.201084,509170.33979
2015-09-01,Monthly,Bank-bank Islam / Islamic Banks,1345.205234,366.306425,3.45423,13671.468031,26508.984986,4152.501252,3166.577501,4.6,2248.618059,2772.05467,0,12232.960306,536.739035,27970.424832,28446.801584,371218.307268,524.422242,10129.478185,505298.90384
2015-09-01,Monthly,Skim Perbankan Islam (SPI) / Islamic Banking Scheme (IBS),7.192903,7.945756,265.337549,0.0,2087.92,48.342768,328.28,80.0,0.0,3.1556,0,442.62735,7.793577,1608.514907,2407.283775,498.697791,0.390922,1103.285532,8896.76843
2015-09-01,Monthly,Jumlah / Total,1352.398137,374.252181,268.791779,13671.468031,28596.904986,4200.84402,3494.857501,84.6,2248.618059,2775.21027,0,12675.587656,544.532612,29578.939739,30854.085359,371717.005059,524.813164,11232.763717,514195.67227
2015-10-01,Monthly,Bank-bank Islam / Islamic Banks,1618.817369,414.147641,4.253325,13841.667031,26119.066164,4240.25377,2022.123565,51.26,1788.317694,2908.844548,0,10799.353404,466.510317,28483.915028,28977.336167,376747.376776,521.27556,8808.867502,507813.385861
2015-10-01,Monthly,Skim Perbankan Islam (SPI) / Islamic Banking Scheme (IBS),4.65202,10.667163,266.63195,91.614197,2124.0,0.0027,82.62,50.0,0.0,2.459134,0,443.146754,0.0,1494.081482,2229.212794,491.081032,0.380981,916.020149,8206.570356
2015-10-01,Monthly,Jumlah / Total,1623.469389,424.814804,270.885275,13933.281228,28243.066164,4240.25647,2104.743565,101.26,1788.317694,2911.303682,0,11242.500158,466.510317,29977.99651,31206.548961,377238.457808,521.656541,9724.887651,516019.956217
2015-11-01,Monthly,Bank-bank Islam / Islamic Banks,1617.397316,183.443788,5.83225,13903.590031,30057.014729,5303.443176,1594.565402,0.0,1987.161289,3493.648617,0,9305.08538,416.866118,29142.297787,28354.511738,378565.705982,519.529159,9584.512727,514034.605489
2015-11-01,Monthly,Skim Perbankan Islam (SPI) / Islamic Banking Scheme (IBS),5.092741,38.771687,270.833447,104.325287,2358.0,0.002676,154.02,0.0,0.0,6.331122,0,424.241742,0.0,1511.797292,2310.714479,510.284884,0.380533,877.18336,8571.97925
2015-11-01,Monthly,Jumlah / Total,1622.490057,222.215475,276.665697,14007.915318,32415.014729,5303.445852,1748.585402,0.0,1987.161289,3499.979739,0,9729.327122,416.866118,30654.095079,30665.226217,379075.990866,519.909692,10461.696087,522606.584739
2015-12-01,Monthly,Bank-bank Islam / Islamic Banks,1337.387067,284.54205,4.09608,13731.859652,35018.876273,3975.578967,2485.096686,30.0,3486.677404,3117.771016,0,11322.825718,377.896569,29489.385859,27999.109212,383470.303478,516.53746,9680.810257,526328.753748
2015-12-01,Monthly,Skim Perbankan Islam (SPI) / Islamic Banking Scheme (IBS),26.455645,28.164636,279.407183,103.949259,2563.42,0.0027,173.33,0.0,0.0,2.504702,0,295.43827,0.0,1569.726897,2319.014888,973.652253,0.370419,685.530041,9020.966893
2015-12-01,Monthly,Jumlah / Total,1363.842712,312.706686,283.503263,13835.808911,37582.296273,3975.581667,2658.426686,30.0,3486.677404,3120.275718,0,11618.263988,377.896569,31059.112756,30318.1241,384443.955731,516.907879,10366.340298,535349.720641
2016-01-01,Monthly,Bank-bank Islam / Islamic Banks,1730.011173,443.292643,1.963553,13929.021652,34142.509975,4866.009572,3523.711427,60.0,2117.06371,2703.166023,0,8650.226966,314.990284,31877.058869,26960.241012,385248.823882,508.789107,10052.436791,527129.316639
2016-01-01,Monthly,Skim Perbankan Islam (SPI) / Islamic Banking Scheme (IBS),9.659991,2.85622,280.674549,103.611563,2559.97,0.002602,36.58,50.0,0.0,3.140674,0,295.814838,0.0,1428.977339,2314.315425,936.571276,0.360305,688.759141,8711.293923
2016-01-01,Monthly,Jumlah / Total,1739.671164,446.148863,282.638102,14032.633215,36702.479975,4866.012174,3560.291427,110.0,2117.06371,2706.306697,0,8946.041804,314.990284,33306.036208,29274.556437,386185.395158,509.149412,10741.195932,535840.610562
2016-02-01,Monthly,Bank-bank Islam / Islamic Banks,2174.177583,287.630379,2.873143,11373.921652,36956.064022,4462.035159,3077.456905,17.53,1586.594916,2496.664095,0,8035.438202,383.163243,31145.073522,27530.855981,387842.995229,505.171865,9704.91115,527582.557046
2016-02-01,Monthly,Skim Perbankan Islam (SPI) / Islamic Banking Scheme (IBS),4.985651,9.90783,283.444726,87.22841,2644.29,0.002646,172.13,70.0,0.0,3.68492,0,346.595826,1.26012,847.686939,2345.110129,947.283317,0.350236,707.112534,8471.073284
2016-02-01,Monthly,Jumlah / Total,2179.163234,297.538209,286.317869,11461.150062,39600.354022,4462.037805,3249.586905,87.53,1586.594916,2500.349015,0,8382.034028,384.423363,31992.760461,29875.96611,388790.278546,505.522101,10412.023684,536053.63033
2016-03-01,Monthly,Bank-bank Islam / Islamic Banks,2464.380705,47.226893,2.703216,11862.955402,40291.117204,3827.552261,2345.450104,0.0,1393.778699,2326.080181,0,8402.957459,374.620201,28890.274732,27992.418482,389906.13179,505.466884,8185.69329,528818.807503
2016-03-01,Monthly,Skim Perbankan Islam (SPI) / Islamic Banking Scheme (IBS),4.720714,7.592926,277.230494,62.534671,2570.0,80.002463,50.57,0.0,0.0,4.10209,0,416.47145,1.266588,882.459597,2312.810961,909.096031,0.504614,682.945753,8262.308352
2016-03-01,Monthly,Jumlah / Total,2469.101419,54.819819,279.93371,11925.490073,42861.117204,3907.554724,2396.020104,0.0,1393.778699,2330.182271,0,8819.428909,375.886789,29772.734329,30305.229443,390815.227821,505.971498,8868.639043,537081.115855
2016-04-01,Monthly,Bank-bank Islam / Islamic Banks,2983.674135,376.011824,1.652717,11721.552402,40660.045161,4362.580046,4817.092381,0.0,1579.665468,2440.559032,0,8547.760787,162.767771,27719.442131,28492.988279,391318.363795,502.373693,7714.397898,533400.92752
2016-04-01,Monthly,Skim Perbankan Islam (SPI) / Islamic Banking Scheme (IBS),5.826732,47.512302,271.537666,57.231847,2482.0,0.002461,144.18,0.0,50.0,5.092293,0,376.693843,1.266396,862.361675,2311.58459,912.351298,0.491084,706.921359,8235.053546
2016-04-01,Monthly,Jumlah / Total,2989.500867,423.524126,273.190383,11778.784249,43142.045161,4362.582507,4961.272381,0.0,1629.665468,2445.651325,0,8924.45463,164.034167,28581.803806,30804.572869,392230.715093,502.864777,8421.319257,541635.981066
2016-05-01,Monthly,Bank-bank Islam / Islamic Banks,2214.708191,128.508886,3.3968,11720.062402,44194.867879,3094.511557,4694.631997,0.0,1130.860185,2634.019596,0,8929.57351,147.930479,28021.473881,29863.26332,396376.493695,495.051002,8350.222485,541999.575865
2016-05-01,Monthly,Skim Perbankan Islam (SPI) / Islamic Banking Scheme (IBS),9.450904,21.753943,273.02546,55.779266,2904.94,125.202599,42.07,0.0,0.0,5.499584,0,297.639131,1.26871,865.752537,2319.531761,936.492293,0.477531,963.595,8822.478719
2016-05-01,Monthly,Jumlah / Total,2224.159095,150.262829,276.42226,11775.841668,47099.807879,3219.714156,4736.701997,0.0,1130.860185,2639.51918,0,9227.212641,149.199189,28887.226418,32182.795081,397312.985988,495.528533,9313.817485,550822.054584
2016-06-01,Monthly,Bank-bank Islam / Islamic Banks,2528.179031,625.621295,5.289469,12034.989402,43837.230466,2877.581769,6630.140818,0.0,1483.49697,2454.229803,0,8283.630649,148.384315,27858.720393,30789.535656,400891.170634,498.869383,8841.111719,549788.181772
2016-06-01,Monthly,Skim Perbankan Islam (SPI) / Islamic Banking Scheme (IBS),32.072752,3.709796,272.629474,55.715052,2579.0,0.002535,10.47,0.0,0.0,3.309463,0,342.515618,1.273443,982.428671,2389.163972,902.073219,0.464126,1083.295622,8658.123743
2016-06-01,Monthly,Jumlah / Total,2560.251783,629.331091,277.918943,12090.704454,46416.230466,2877.584304,6640.610818,0.0,1483.49697,2457.539266,0,8626.146267,149.657758,28841.149064,33178.699628,401793.243853,499.333509,9924.407341,558446.305515
2016-07-01,Monthly,Bank-bank Islam / Islamic Banks,2848.078629,302.513043,20.276577,11904.467402,44105.12487,3982.20913,6372.569918,0.0,774.265405,2372.012407,0,8608.240068,148.842466,27368.348548,30940.488268,401716.437734,488.973288,8636.061245,550588.908998
2016-07-01,Monthly,Skim Perbankan Islam (SPI) / Islamic Banking Scheme (IBS),5.642592,12.661957,246.469024,56.401419,2525.0,0.253356,125.76,0.0,0.0,3.267811,0,402.208672,1.278172,1144.601132,2458.223689,901.220592,0.450784,926.219822,8809.659022
2016-07-01,Monthly,Jumlah / Total,2853.721221,315.175,266.745601,11960.868821,46630.12487,3982.462486,6498.329918,0.0,774.265405,2375.280218,0,9010.44874,150.120638,28512.94968,33398.711957,402617.658326,489.424072,9562.281067,559398.56802
2016-08-01,Monthly,Bank-bank Islam / Islamic Banks,1942.899217,71.313164,9.60422,11842.967402,38575.346649,4639.265606,4367.297642,0.0,898.99015,2202.056478,0,7972.475139,149.135308,27172.687691,32478.580907,402994.946124,487.555088,7054.437556,542859.558341
2016-08-01,Monthly,Skim Perbankan Islam (SPI) / Islamic Banking Scheme (IBS),5.746599,5.646549,275.926396,55.388094,2798.0,0.432593,144.18,0.0,0.0,4.155184,0,352.599147,1.280977,1065.257724,2393.373638,902.499866,0.467767,678.014244,8682.968778
2016-08-01,Monthly,Jumlah / Total,1948.645816,76.959713,285.530616,11898.355496,41373.346649,4639.698199,4511.477642,0.0,898.99015,2206.211662,0,8325.074286,150.416285,28237.945415,34871.954545,403897.44599,488.022855,7732.4518,551542.527119
2016-09-01,Monthly,Bank-bank Islam / Islamic Banks,1883.195476,96.223135,10.622555,12028.249213,44218.0,3851.891523,4600.183391,49.5,983.9435,2297.390166,0,7664.389631,102.744646,27516.248047,34108.512962,407011.30641,479.960921,7939.884464,554842.24604
2016-09-01,Monthly,Skim Perbankan Islam (SPI) / Islamic Banking Scheme (IBS),7.353412,4.50154,279.363314,52.973668,2625.0,0.818993,149.45,0.0,0.0,4.441821,0,252.39726,1.284356,958.249834,2350.572838,846.166658,0.462769,774.318715,8307.355178
2016-09-01,Monthly,Jumlah / Total,1890.548888,100.724675,289.985869,12081.222881,46843.0,3852.710516,4749.633391,49.5,983.9435,2301.831987,0,7916.786891,104.029002,28474.497881,36459.0858,407857.473068,480.42369,8714.203179,563149.601218
2016-10-01,Monthly,Bank-bank Islam / Islamic Banks,1563.659376,42.017819,10.895969,11994.972598,43730.014305,4217.030468,3272.789139,0.0,622.46874,2480.782459,0,6861.783026,102.915911,28133.583518,33619.214385,411305.037597,480.971419,9725.468534,558163.605263
2016-10-01,Monthly,Skim Perbankan Islam (SPI) / Islamic Banking Scheme (IBS),5.370852,14.979441,288.845241,47.945039,3138.0,21.730103,209.52,0.0,0.0,5.093112,0,401.294262,1.286329,894.579024,2285.146559,895.578137,0.44834,674.140737,8883.957176
2016-10-01,Monthly,Jumlah / Total,1569.030228,56.99726,299.74121,12042.917637,46868.014305,4238.760571,3482.309139,0.0,622.46874,2485.875571,0,7263.077288,104.20224,29028.162542,35904.360944,412200.615734,481.419759,10399.609271,567047.562439
2016-11-01,Monthly,Bank-bank Islam / Islamic Banks,1927.646574,32.003517,11.856487,12091.887021,42730.294689,4625.79829,3676.596197,0.0,532.813193,2548.778555,0,6679.735431,52.958625,28807.957708,32888.129869,418556.849182,480.654782,8226.573458,563870.533578
2016-11-01,Monthly,Skim Perbankan Islam (SPI) / Islamic Banking Scheme (IBS),5.44187,30.446099,264.191342,46.313049,2893.0,15.096796,281.1,0.0,0.0,5.609506,0,501.114019,1.287734,820.511978,2229.773395,918.238035,0.434074,1069.951103,9082.509
2016-11-01,Monthly,Jumlah / Total,1933.088444,62.449616,276.047829,12138.20007,45623.294689,4640.895086,3957.696197,0.0,532.813193,2554.388061,0,7180.84945,54.246359,29628.469686,35117.903264,419475.087217,481.088856,9296.524561,572953.042578
2016-12-01,Monthly,Bank-bank Islam / Islamic Banks,1707.220898,44.227473,13.4237,12421.721405,36631.613118,4717.663084,3479.94443,0.0,1959.511261,2534.382276,0,10342.767623,218.014227,30124.738553,31877.413182,427002.182992,467.863738,9231.381217,572774.069177
2016-12-01,Monthly,Skim Perbankan Islam (SPI) / Islamic Banking Scheme (IBS),6.264096,9.005077,282.124493,47.190793,3092.0,0.0,102.897345,0.0,0.0,5.985613,0,403.434247,1.291429,803.81367,2220.091981,1012.823356,0.468228,710.289921,8697.680249
2016-12-01,Monthly,Jumlah / Total,1713.484994,53.23255,295.548193,12468.912198,39723.613118,4717.663084,3582.841775,0.0,1959.511261,2540.367889,0,10746.20187,219.305656,30928.552223,34097.505163,428015.006348,468.331966,9941.671138,581471.749426
2017-01-01,Monthly,Bank-bank Islam / Islamic Banks,1776.12559,33.527431,11.87017,12449.427919,33643.091397,5866.340783,4472.233116,0.0,1235.852537,2817.995064,0,10597.538167,218.612802,31252.22653,31311.187287,430801.068371,467.51465,8366.71544,575321.327254
2017-01-01,Monthly,Skim Perbankan Islam (SPI) / Islamic Banking Scheme (IBS),5.067613,30.805143,284.478296,46.29108,3515.0,0.41204,240.44,0.0,0.0,6.654259,0,255.174349,1.294784,836.567111,2205.126503,1013.323506,0.454285,687.372489,9128.461458
2017-01-01,Monthly,Jumlah / Total,1781.193203,64.332574,296.348466,12495.718999,37158.091397,5866.752823,4712.673116,0.0,1235.852537,2824.649323,0,10852.712516,219.907586,32088.793641,33516.31379,431814.391877,467.968935,9054.087929,584449.788712
2017-02-01,Monthly,Bank-bank Islam / Islamic Banks,2609.89876,55.685915,14.596941,11740.6942,40299.079808,7764.36281,3589.517326,12.0,1257.347986,2825.054624,0,10974.246517,302.74793,31619.449254,31958.203006,432927.675657,461.100931,8515.046954,586926.708619
2017-02-01,Monthly,Skim Perbankan Islam (SPI) / Islamic Banking Scheme (IBS),28.790788,5.655415,281.320897,45.438531,3297.0,5.035112,119.41,0.0,0.0,9.214468,0,431.980878,0.0,861.778837,2192.088193,1012.276106,0.440401,713.533107,9003.962733
2017-02-01,Monthly,Jumlah / Total,2638.689548,61.34133,295.917838,11786.132731,43596.079808,7769.397922,3708.927326,12.0,1257.347986,2834.269092,0,11406.227395,302.74793,32481.228091,34150.291199,433939.951763,461.541332,9228.580061,595930.671352
2017-03-01,Monthly,Bank-bank Islam / Islamic Banks,2039.559038,42.769258,21.363971,11718.221423,34459.329288,4744.044141,2803.390342,0.0,1218.549029,3362.606561,0,11538.86875,357.749248,32744.625676,34938.807764,436571.032388,454.63781,8243.839793,585259.39448
2017-03-01,Monthly,Skim Perbankan Islam (SPI) / Islamic Banking Scheme (IBS),4.240974,13.214555,282.918959,44.633264,3845.0,2.082184,164.8,0.0,100.0,3.950966,0,496.826659,0.0,846.240511,2277.290451,949.310034,0.426501,738.433198,9769.368256
2017-03-01,Monthly,Jumlah / Total,2043.800012,55.983813,304.28293,11762.854687,38304.329288,4746.126325,2968.190342,0.0,1318.549029,3366.557527,0,12035.695409,357.749248,33590.866187,37216.098215,437520.342422,455.064311,8982.272991,595028.762736
2017-04-01,Monthly,Bank-bank Islam / Islamic Banks,1238.623067,124.453022,16.87252,11972.6391,41346.128712,5071.262999,2988.051152,0.0,1141.308223,3472.399726,0,10016.735874,241.674155,34626.292706,34392.452044,438457.534333,452.039925,8587.166779,594145.634337
2017-04-01,Monthly,Skim Perbankan Islam (SPI) / Islamic Banking Scheme (IBS),3.05828,1.156304,283.396375,44.030272,3446.0,6.733247,238.62,0.0,100.0,9.235006,0,697.229318,0.0,841.506408,2282.463138,963.150994,0.412683,721.47845,9638.470475
2017-04-01,Monthly,Jumlah / Total,1241.681347,125.609326,300.268895,12016.669372,44792.128712,5077.996246,3226.671152,0.0,1241.308223,3481.634732,0,10713.965192,241.674155,35467.799114,36674.915182,439420.685327,452.452608,9308.645229,603784.104812
2017-05-01,Monthly,Bank-bank Islam / Islamic Banks,1383.638963,44.843728,3.090444,12033.728243,41916.305808,4514.454311,3221.813308,0.0,713.44157,3517.814219,0,7946.571085,299.746706,35399.778779,34341.45496,441124.578756,447.676679,7410.885636,594319.823195
2017-05-01,Monthly,Skim Perbankan Islam (SPI) / Islamic Banking Scheme (IBS),3.559111,13.909299,284.39718,44.016638,3611.0,0.845632,219.24,0.0,120.0,19.96877,0,648.972331,0.0,952.279536,2344.308214,1025.7989,0.398837,710.686982,9999.38143
2017-05-01,Monthly,Jumlah / Total,1387.198074,58.753027,287.487624,12077.744881,45527.305808,4515.299943,3441.053308,0.0,833.44157,3537.782989,0,8595.543416,299.746706,36352.058315,36685.763174,442150.377656,448.075516,8121.572618,604319.204625
2017-06-01,Monthly,Bank-bank Islam / Islamic Banks,2147.664247,45.44542,9.946055,11923.673593,37959.037883,4651.564778,3007.301929,0.0,1232.811245,3323.217954,0,8989.585843,231.396883,35144.71938,35193.248607,447592.164816,446.166563,8511.143636,600409.088832
2017-06-01,Monthly,Skim Perbankan Islam (SPI) / Islamic Banking Scheme (IBS),9.737965,16.939555,284.826908,46.201851,3662.0,0.0,371.7,0.0,120.0,20.404285,0,480.362037,19.8607,818.757286,2418.745477,1078.614491,0.384997,756.123468,10104.65902
2017-06-01,Monthly,Jumlah / Total,2157.402212,62.384975,294.772963,11969.875444,41621.037883,4651.564778,3379.001929,0.0,1352.811245,3343.622239,0,9469.94788,251.257583,35963.476666,37611.994084,448670.779307,446.55156,9267.267104,610513.747852
2017-07-01,Monthly,Bank-bank Islam / Islamic Banks,1446.785835,105.894894,7.389432,11828.651362,39253.035716,6983.193157,2553.913649,0.0,850.457467,3404.239122,0,10081.721515,231.99342,36043.85766,35653.960535,449622.658733,442.570778,7339.674823,605849.998098
2017-07-01,Monthly,Skim Perbankan Islam (SPI) / Islamic Banking Scheme (IBS),20.299166,24.031672,285.705986,48.394292,3806.0,0.0,332.8,0.0,100.0,20.803117,0,628.12112,19.915775,819.214424,2439.053761,1150.931012,1.384219,774.125872,10470.780416
2017-07-01,Monthly,Jumlah / Total,1467.085001,129.926566,293.095418,11877.045654,43059.035716,6983.193157,2886.713649,0.0,950.457467,3425.042239,0,10709.842635,251.909195,36863.072084,38093.014296,450773.589745,443.954997,8113.800695,616320.778514
2017-08-01,Monthly,Bank-bank Islam / Islamic Banks,1537.783867,53.39423,6.563939,12404.796371,40066.569302,6620.036402,3243.7146,0.0,851.117864,3586.478544,0,10230.453861,175.494531,35926.505045,34891.830666,454041.902932,437.685606,7409.693412,611484.021172
2017-08-01,Monthly,Skim Perbankan Islam (SPI) / Islamic Banking Scheme (IBS),54.646298,2.328401,287.94067,49.420043,3131.5,2.62967,406.74,0.0,100.0,22.09478,0,778.783769,19.970628,781.974229,2478.176868,1162.862289,1.339711,1581.501805,10861.909161
2017-08-01,Monthly,Jumlah / Total,1592.430165,55.722631,294.504609,12454.216414,43198.069302,6622.666072,3650.4546,0.0,951.117864,3608.573324,0,11009.23763,195.465159,36708.479274,37370.007534,455204.765221,439.025317,8991.195217,622345.930333
2017-09-01,Monthly,Bank-bank Islam / Islamic Banks,1139.482805,115.912216,9.310627,12691.927325,45785.438853,5151.622454,2096.191612,0.0,380.61466,3163.074287,0,10738.80013,168.707844,35789.190438,35792.765974,455122.567976,434.719718,9153.589596,617733.916515
2017-09-01,Monthly,Skim Perbankan Islam (SPI) / Islamic Banking Scheme (IBS),23.667315,7.066562,289.284543,50.741808,3526.58,3.223156,420.79,0.0,50.0,22.085781,0,797.052649,0.0,802.407459,2598.733204,1215.855012,1.300924,737.513212,10546.301625
2017-09-01,Monthly,Jumlah / Total,1163.15012,122.978778,298.59517,12742.669133,49312.018853,5154.84561,2516.981612,0.0,430.61466,3185.160068,0,11535.852779,168.707844,36591.597897,38391.499178,456338.422988,436.020642,9891.102808,628280.21814
2017-10-01,Monthly,Bank-bank Islam / Islamic Banks,950.704698,118.070108,8.332515,12212.603239,51959.158271,4526.561838,2614.107426,44.0,240.345833,3211.021777,0,11877.424618,169.075327,36815.631175,37429.890907,457184.711553,432.423752,8801.567177,628595.630214
2017-10-01,Monthly,Skim Perbankan Islam (SPI) / Islamic Banking Scheme (IBS),21.64601,2.497548,290.982659,51.135259,3332.0,7.545645,326.76,0.0,100.0,22.4501,0,747.330903,0.0,801.994485,2903.268066,1387.822911,1.2583,731.516101,10728.207987
2017-10-01,Monthly,Jumlah / Total,972.350708,120.567656,299.315174,12263.738498,55291.158271,4534.107483,2940.867426,44.0,340.345833,3233.471877,0,12624.755521,169.075327,37617.62566,40333.158973,458572.534464,433.682052,9533.083278,639323.838201
2017-11-01,Monthly,Bank-bank Islam / Islamic Banks,1341.756687,49.124967,2.640595,12484.738923,47550.641521,5297.439197,2384.631969,100.0,509.79992,3010.683126,0,12023.801785,88.478925,36564.343587,38015.578785,461143.59906,430.291815,9250.114016,630247.664878
2017-11-01,Monthly,Skim Perbankan Islam (SPI) / Islamic Banking Scheme (IBS),7.733814,-409.038067,293.409607,57.088146,3470.0,0.303591,276.97,0.0,50.0,24.117992,0,897.346021,0.0,785.317992,2930.751119,1537.439475,1.217652,816.909354,10739.566696
2017-11-01,Monthly,Jumlah / Total,1349.490501,-359.9131,296.050202,12541.827069,51020.641521,5297.742788,2661.601969,100.0,559.79992,3034.801118,0,12921.147806,88.478925,37349.661579,40946.329904,462681.038535,431.509467,10067.02337,640987.231574
2017-12-01,Monthly,Bank-bank Islam / Islamic Banks,1411.697956,66.478084,4.618406,13087.365329,47711.789782,7394.380615,1666.032485,0.0,154.41103,3522.384758,0,12092.921071,88.688903,37004.032548,37479.961904,471686.922713,433.808038,8911.331495,642716.825117
2017-12-01,Monthly,Skim Perbankan Islam (SPI) / Islamic Banking Scheme (IBS),8.953941,1.749884,311.976599,59.611837,3252.0,0.502467,327.94,0.0,100.0,23.258177,0,450.907907,0.0,756.372168,2901.189412,1611.598239,1.17456,791.569039,10598.80423
2017-12-01,Monthly,Jumlah / Total,1420.651897,68.227968,316.595005,13146.977166,50963.789782,7394.883082,1993.972485,0.0,254.41103,3545.642935,0,12543.828978,88.688903,37760.404716,40381.151316,473298.520952,434.982598,9702.900534,653315.629347
2018-01-01,Monthly,Bank-bank Islam / Islamic Banks,1988.091447,74.49632,1.539942,13571.168287,45727.300287,8001.58512,2492.939068,0.0,1104.111669,2316.27224,0,10146.456575,380.813377,37881.997642,37420.728591,477314.097162,433.243395,9537.934545,648392.775667
2018-01-01,Monthly,Skim Perbankan Islam (SPI) / Islamic Banking Scheme (IBS),8.262848,45.148521,301.523299,66.718561,2915.906163,252.339231,527.78,0.0,0.0,23.163564,0,1052.304937,0.0,792.891346,2961.623884,1752.6572,1.134856,754.8747,11456.32911
2018-01-01,Monthly,Jumlah / Total,1996.354295,119.644841,303.063241,13637.886848,48643.20645,8253.924351,3020.719068,0.0,1104.111669,2339.435804,0,11198.761512,380.813377,38674.888988,40382.352475,479066.754362,434.378251,10292.809245,659849.104777
2018-02-01,Monthly,Bank-bank Islam / Islamic Banks,1821.884082,282.772433,2.249857,14395.843403,48335.780633,5536.187787,3493.857252,0.0,997.317838,2294.380384,0,8536.511992,936.468561,38407.526864,37098.037218,480800.437509,439.457078,8840.810097,652219.522988
2018-02-01,Monthly,Skim Perbankan Islam (SPI) / Islamic Banking Scheme (IBS),48.566101,1.093752,299.731019,72.655502,3435.839584,0.934347,367.15,0.0,0.0,25.2534,0,1100.509056,0.0,764.622617,3072.734014,1838.034955,1.107786,763.548917,11791.78105
2018-02-01,Monthly,Jumlah / Total,1870.450183,283.866185,301.980876,14468.498905,51771.620217,5537.122134,3861.007252,0.0,997.317838,2319.633784,0,9637.021048,936.468561,39172.149481,40170.771232,482638.472464,440.564864,9604.359014,664011.304038
2018-03-01,Monthly,Bank-bank Islam / Islamic Banks,1658.577349,50.347192,0.830558,15199.467602,55189.151319,4706.685335,2647.731948,1.0,1201.158051,2632.019886,0,8526.98001,818.740104,38476.404105,39155.91016,486073.26477,448.633923,8500.526603,665287.428915
2018-03-01,Monthly,Skim Perbankan Islam (SPI) / Islamic Banking Scheme (IBS),91.402981,9.170801,299.393155,63.737938,3559.201813,0.361367,272.42,0.0,0.0,24.524353,0,1386.9319,0.0,818.75591,3117.111284,1961.701275,1.064582,773.269485,12379.046844
2018-03-01,Monthly,Jumlah / Total,1749.98033,59.517993,300.223713,15263.20554,58748.353132,4707.046702,2920.151948,1.0,1201.158051,2656.544239,0,9913.91191,818.740104,39295.160015,42273.021444,488034.966045,449.698505,9273.796088,677666.475759
2018-04-01,Monthly,Bank-bank Islam / Islamic Banks,1955.409162,65.776206,162.265347,15138.877109,50766.336336,4830.625659,1803.553233,1.128,722.787558,2182.137765,0,8485.24537,1058.796256,42142.693269,45144.220888,522479.282484,461.762082,9073.637126,706474.53385
2018-04-01,Monthly,Skim Perbankan Islam (SPI) / Islamic Banking Scheme (IBS),77.565238,4.023784,299.251741,70.044945,3598.83022,10.254406,212.22,0.0,0.0,25.547846,0,1169.239025,0.0,926.773664,3018.159612,2189.886842,1.138018,722.712486,12325.647827
2018-04-01,Monthly,Jumlah / Total,2032.9744,69.79999,461.517088,15208.922054,54365.166556,4840.880065,2015.773233,1.128,722.787558,2207.685611,0,9654.484395,1058.796256,43069.466933,48162.3805,524669.169326,462.9001,9796.349612,718800.181677
2018-05-01,Monthly,Bank-bank Islam / Islamic Banks,1598.208974,58.676507,154.424379,16865.380517,44206.32196,4859.06187,3244.05296,0.0,736.608582,2308.980199,0,8703.234824,1291.687956,45251.880977,46242.779812,525576.175874,449.804292,9252.148265,710799.427948
2018-05-01,Monthly,Skim Perbankan Islam (SPI) / Islamic Banking Scheme (IBS),87.426484,1.636414,303.620959,100.991019,3412.838783,0.0,244.29,0.0,0.0,30.523128,0,970.540449,0.0,929.775113,3064.459438,2323.541898,1.094818,851.930474,12322.668977
2018-05-01,Monthly,Jumlah / Total,1685.635458,60.312921,458.045338,16966.371536,47619.160743,4859.06187,3488.34296,0.0,736.608582,2339.503327,0,9673.775273,1291.687956,46181.65609,49307.23925,527899.717772,450.89911,10104.078739,723122.096925
2018-06-01,Monthly,Bank-bank Islam / Islamic Banks,2363.374912,45.484629,128.245082,16626.844557,33682.217775,5009.797408,3763.989924,0.0,732.831535,2411.474583,0,8334.982134,1370.575447,46479.696724,49008.02842,529445.981332,456.322185,8655.559463,708515.40611
2018-06-01,Monthly,Skim Perbankan Islam (SPI) / Islamic Banking Scheme (IBS),65.844189,0.777278,304.186313,80.516313,3224.843005,6.625447,181.27,0.0,100.0,29.235651,0,1001.908586,0.0,929.617358,3049.80957,2491.430873,0.934991,879.340827,12346.340401
2018-06-01,Monthly,Jumlah / Total,2429.219101,46.261907,432.431395,16707.36087,36907.06078,5016.422855,3945.259924,0.0,832.831535,2440.710234,0,9336.89072,1370.575447,47409.314082,52057.83799,531937.412205,457.257176,9534.90029,720861.746511
2018-07-01,Monthly,Bank-bank Islam / Islamic Banks,1097.082258,45.174322,116.706569,16680.257255,37324.082338,4248.169474,3503.169828,0.0,482.696652,1893.865929,0,7063.803014,1478.935405,49009.069756,47436.969412,533257.725115,463.433811,9524.301467,713625.442605
2018-07-01,Monthly,Skim Perbankan Islam (SPI) / Islamic Banking Scheme (IBS),67.101548,3.645104,304.74013,86.719726,2605.826229,2.015087,115.95,0.0,140.0,29.697754,0,950.95118,0.0,1156.702359,3289.502436,2674.733927,0.891805,775.371874,12203.849159
2018-07-01,Monthly,Jumlah / Total,1164.183806,48.819426,421.446699,16766.976981,39929.908567,4250.184561,3619.119828,0.0,622.696652,1923.563683,0,8014.754194,1478.935405,50165.772115,50726.471848,535932.459042,464.325616,10299.673341,725829.291764
2018-08-01,Monthly,Bank-bank Islam / Islamic Banks,1148.983641,57.598116,100.790696,16404.399444,39832.628822,6904.59426,2914.963324,0.0,385.520731,2175.850057,0,7399.608823,650.82598,49236.412244,48010.743837,538495.750229,459.268295,8912.905441,723090.84394
2018-08-01,Monthly,Skim Perbankan Islam (SPI) / Islamic Banking Scheme (IBS),95.619136,2.273895,306.064144,91.669908,2449.891355,3.114116,194.98,0.0,200.0,31.687321,0,773.523515,0.0,2043.445248,3111.740669,2895.377621,0.848635,855.982706,13056.218269
2018-08-01,Monthly,Jumlah / Total,1244.602777,59.872011,406.85484,16496.069352,42282.520177,6907.708376,3109.943324,0.0,585.520731,2207.537378,0,8173.132338,650.82598,51279.857492,51122.484506,541391.12785,460.11693,9768.888147,736147.062209
2018-09-01,Monthly,Bank-bank Islam / Islamic Banks,1040.955807,83.478876,157.14229,16232.760056,39360.14346,4249.283293,2912.154046,0.0,420.581536,2218.634279,0,7286.391217,576.463608,50591.303101,48034.995511,540603.727147,457.191983,9421.686097,723646.892307
2018-09-01,Monthly,Skim Perbankan Islam (SPI) / Islamic Banking Scheme (IBS),74.701413,12.908494,306.692936,100.354092,3091.714571,6.119488,241.57,0.0,200.0,31.45545,0,624.919131,0.0,1930.669526,3092.35662,2998.944118,0.805664,876.168619,13589.380122
2018-09-01,Monthly,Jumlah / Total,1115.65722,96.38737,463.835226,16333.114148,42451.858031,4255.402781,3153.724046,0.0,620.581536,2250.089729,0,7911.310348,576.463608,52521.972627,51127.352131,543602.671265,457.997647,10297.854716,737236.272429
2018-10-01,Monthly,Bank-bank Islam / Islamic Banks,1347.648552,148.386844,200.85102,15786.303973,35901.419414,3951.618289,1832.115644,0.0,995.501171,2761.515057,0,5845.877607,277.496837,50313.966048,53884.09927,545411.227111,459.159052,8992.325463,728109.511352
2018-10-01,Monthly,Skim Perbankan Islam (SPI) / Islamic Banking Scheme (IBS),84.034105,10.450586,307.708351,83.724955,4632.543333,3.028869,294.03,0.0,100.0,33.594017,0,775.827791,0.0,1688.876658,3321.45398,3139.405628,0.762705,882.425659,15357.866637
2018-10-01,Monthly,Jumlah / Total,1431.682657,158.83743,508.559371,15870.028928,40533.962747,3954.647158,2126.145644,0.0,1095.501171,2795.109074,0,6621.705398,277.496837,52002.842706,57205.55325,548550.632739,459.921757,9874.751122,743467.377989
2018-11-01,Monthly,Bank-bank Islam / Islamic Banks,1320.59602,447.081881,34.738604,16570.874879,40613.967576,3220.10023,1353.52081,0.0,586.58918,2379.702989,0,5282.832105,278.270606,50552.746609,52060.981883,549057.698448,459.279427,9776.768663,733995.74991
2018-11-01,Monthly,Skim Perbankan Islam (SPI) / Islamic Banking Scheme (IBS),18.061714,6.10878,310.052757,85.609338,4555.65732,91.237848,270.99,0.0,50.0,35.339813,0,527.029168,0.0,1623.199182,3555.971411,3413.298737,0.722249,884.910084,15428.188401
2018-11-01,Monthly,Jumlah / Total,1338.657734,453.190661,344.791361,16656.484217,45169.624896,3311.338078,1624.51081,0.0,636.58918,2415.042802,0,5809.861273,278.270606,52175.945791,55616.953294,552470.997185,460.001676,10661.678747,749423.938311
2018-12-01,Monthly,Bank-bank Islam / Islamic Banks,1156.845178,288.327947,89.142127,16469.459234,54724.708774,3948.439095,1155.302184,0.0,1305.258881,2642.217102,0,4823.923058,279.042554,51887.90069,52299.814909,554596.403836,467.480362,9443.693824,755577.959755
2018-12-01,Monthly,Skim Perbankan Islam (SPI) / Islamic Banking Scheme (IBS),21.36422,4.587368,310.641696,101.636672,4823.483841,7.334298,418.43,0.0,50.0,42.186096,0,577.532909,0.0,2347.537753,3136.668157,3449.02869,0.692034,938.529012,16229.652746
2018-12-01,Monthly,Jumlah / Total,1178.209398,292.915315,399.783823,16571.095906,59548.192615,3955.773393,1573.732184,0.0,1355.258881,2684.403198,0,5401.455967,279.042554,54235.438443,55436.483066,558045.432526,468.172396,10382.222836,771807.612501
2019-01-01,Monthly,Bank-bank Islam / Islamic Banks,1293.167085,354.804219,68.707385,16922.707084,45778.040481,6877.326878,1539.498322,0.0,701.277871,2332.21519,0,5772.952795,356.976082,54761.322695,55450.630348,558091.06138,829.027617,13110.422269,764240.137701
2019-01-01,Monthly,Skim Perbankan Islam (SPI) / Islamic Banking Scheme (IBS),136.659994,5.067858,161.254814,108.000989,5376.414863,1.058525,205.09,0.0,200.0,43.797432,0,328.715008,0.0,2654.84282,3053.239631,3636.955034,0.647717,897.313486,16809.058171
2019-01-01,Monthly,Jumlah / Total,1429.827079,359.872077,229.962199,17030.708073,51154.455344,6878.385403,1744.588322,0.0,901.277871,2376.012622,0,6101.667803,356.976082,57416.165515,58503.869979,561728.016414,829.675334,14007.735755,781049.195872
2019-02-01,Monthly,Bank-bank Islam / Islamic Banks,1051.634469,195.279094,87.398862,17172.072296,53224.422338,5159.436206,1375.608254,0.0,1097.484742,2083.288406,0,4077.824761,120.93549,55583.665425,57655.296375,559258.201905,843.405512,7653.362368,766639.316503
2019-02-01,Monthly,Skim Perbankan Islam (SPI) / Islamic Banking Scheme (IBS),17.809984,8.411521,11.539144,119.214157,4690.389429,7.11117,347.5,0.0,50.0,41.661967,0,606.79475,0.0,3872.866153,3090.460817,3636.815459,0.61804,829.338949,17330.53154
2019-02-01,Monthly,Jumlah / Total,1069.444453,203.690615,98.938006,17291.286453,57914.811767,5166.547376,1723.108254,0.0,1147.484742,2124.950373,0,4684.619511,120.93549,59456.531578,60745.757192,562895.017364,844.023552,8482.701317,783969.848043
2019-03-01,Monthly,Bank-bank Islam / Islamic Banks,989.55787,101.877729,91.798594,17387.769077,54622.175032,3890.446877,1329.506965,0.0,780.80536,2281.656754,0,7017.991206,121.253481,54891.922661,57936.25891,566440.210766,838.876201,8383.156357,777105.26384
2019-03-01,Monthly,Skim Perbankan Islam (SPI) / Islamic Banking Scheme (IBS),29.557822,2.054892,14.823041,146.530123,3769.574104,6.528953,250.71,0.0,100.0,39.187404,0,737.693512,0.0,3035.528645,3073.599576,3735.422578,5.587791,346.880428,15293.678869
2019-03-01,Monthly,Jumlah / Total,1019.115692,103.932621,106.621635,17534.2992,58391.749136,3896.97583,1580.216965,0.0,880.80536,2320.844158,0,7755.684718,121.253481,57927.451306,61009.858486,570175.633344,844.463992,8730.036785,792398.942709
2019-04-01,Monthly,Bank-bank Islam / Islamic Banks,1211.859115,136.271049,61.867761,17509.723097,53741.647121,4659.165438,1284.306484,0.0,1055.343084,1929.370266,0,6441.837658,270.656203,53337.202002,57356.956324,569571.030238,838.854571,8822.488043,778228.578454
2019-04-01,Monthly,Skim Perbankan Islam (SPI) / Islamic Banking Scheme (IBS),14.036053,6.527485,12.22413,119.930755,4761.945405,0.0,158.66,0.0,190.0,43.961263,0,586.588838,0.0,2169.162911,3194.837972,4085.456417,5.630033,853.765134,16202.726396
2019-04-01,Monthly,Jumlah / Total,1225.895168,142.798534,74.091891,17629.653852,58503.592526,4659.165438,1442.966484,0.0,1245.343084,1973.331529,0,7028.426496,270.656203,55506.364913,60551.794296,573656.486655,844.484604,9676.253177,794431.30485
2019-05-01,Monthly,Bank-bank Islam / Islamic Banks,1998.274216,153.881851,91.405252,17471.411354,42733.957503,4945.337412,1290.914657,0.0,985.357542,2179.248025,0,5250.452661,1076.839749,56724.551302,56972.598156,573012.681255,836.618187,8732.822798,774456.35192
2019-05-01,Monthly,Skim Perbankan Islam (SPI) / Islamic Banking Scheme (IBS),18.704828,8.790712,12.584958,118.637175,4899.223829,2.537853,453.96,0.0,200.0,45.187945,0,310.059015,0.0,2536.200902,3259.47761,4230.480416,6.726001,946.215048,17048.786292
2019-05-01,Monthly,Jumlah / Total,2016.979044,162.672563,103.99021,17590.048529,47633.181332,4947.875265,1744.874657,0.0,1185.357542,2224.43597,0,5560.511676,1076.839749,59260.752204,60232.075766,577243.161671,843.344188,9679.037846,791505.138212
2019-06-01,Monthly,Bank-bank Islam / Islamic Banks,1224.751454,217.090694,81.824705,17739.724778,45063.12281,4809.226959,1519.47931,0.0,1474.94174,2268.783249,0,5350.236866,1001.407697,59258.32066,57505.226068,577109.939058,828.31851,8176.994801,783629.389359
2019-06-01,Monthly,Skim Perbankan Islam (SPI) / Islamic Banking Scheme (IBS),39.400632,4.595028,12.133733,123.788516,5012.514703,3.260873,481.81,0.0,182.85,45.471705,0,498.265202,0.0,2761.517392,3328.953294,4307.116819,6.744005,847.539691,17655.961593
2019-06-01,Monthly,Jumlah / Total,1264.152086,221.685722,93.958438,17863.513294,50075.637513,4812.487832,2001.28931,0.0,1657.79174,2314.254954,0,5848.502068,1001.407697,62019.838052,60834.179362,581417.055877,835.062515,9024.534492,801285.350952
2019-07-01,Monthly,Bank-bank Islam / Islamic Banks,991.853671,45.110022,161.703483,17906.863259,41169.425528,5241.975611,2363.491952,0.0,1968.892628,2362.018032,0,5473.598788,896.928488,59905.877055,60967.705225,579046.566012,875.408758,9467.574174,788844.992686
2019-07-01,Monthly,Skim Perbankan Islam (SPI) / Islamic Banking Scheme (IBS),51.530218,3.939621,12.269074,124.432752,3279.958174,10.688601,363.32,0.0,300.0,46.193858,0,546.817616,0.0,4022.954605,3521.566354,4476.673018,6.656402,873.930279,17640.930572
2019-07-01,Monthly,Jumlah / Total,1043.383889,49.049643,173.972557,18031.296011,44449.383702,5252.664212,2726.811952,0.0,2268.892628,2408.21189,0,6020.416404,896.928488,63928.83166,64489.271579,583523.23903,882.06516,10341.504453,806485.923258
2019-08-01,Monthly,Bank-bank Islam / Islamic Banks,1716.943117,144.867331,48.360031,18013.041516,39049.604843,5908.075535,1264.11642,0.0,1329.553552,2177.45353,0,5524.293222,1623.406522,61151.78209,58649.702001,584239.571746,873.611093,9646.474522,791360.857071
2019-08-01,Monthly,Skim Perbankan Islam (SPI) / Islamic Banking Scheme (IBS),114.341076,1.734498,12.632265,127.295706,2861.583401,4.319526,336.13,0.0,400.0,47.727448,0,547.641383,0.0,3995.121879,3685.328242,4650.883105,6.59176,855.521221,17646.85151
2019-08-01,Monthly,Jumlah / Total,1831.284193,146.601829,60.992296,18140.337222,41911.188244,5912.395061,1600.24642,0.0,1729.553552,2225.180978,0,6071.934605,1623.406522,65146.903969,62335.030243,588890.454851,880.202853,10501.995743,809007.708581
2019-09-01,Monthly,Bank-bank Islam / Islamic Banks,1949.166799,707.636687,33.457156,18493.049881,40912.442339,5221.638013,1177.996665,0.0,821.909269,2199.203105,0,6358.766825,1553.781553,60944.699294,58256.258009,589500.643581,873.445787,10530.724518,799534.819481
2019-09-01,Monthly,Skim Perbankan Islam (SPI) / Islamic Banking Scheme (IBS),40.170888,3.553187,21.035758,132.210588,3768.483152,5.74215,264.43,0.0,500.0,62.732945,0,447.021482,0.0,3865.33568,3344.858171,4755.553045,6.489316,608.050852,17825.667214
2019-09-01,Monthly,Jumlah / Total,1989.337687,711.189874,54.492914,18625.260469,44680.925491,5227.380163,1442.426665,0.0,1321.909269,2261.93605,0,6805.788307,1553.781553,64810.034974,61601.11618,594256.196626,879.935103,11138.77537,817360.486695
2019-10-01,Monthly,Bank-bank Islam / Islamic Banks,2033.321168,177.119828,42.640867,19629.039232,38436.526397,3376.163431,866.757088,25.0,1287.554673,2238.079227,0,6110.924519,1843.20618,63795.877563,56607.06838,593145.407926,885.696471,9847.286094,800347.669044
2019-10-01,Monthly,Skim Perbankan Islam (SPI) / Islamic Banking Scheme (IBS),38.734129,5.467343,13.397771,133.556383,2555.438754,1.362606,415.15,0.0,250.0,75.571085,0,547.470877,0.0,3838.61834,3959.429922,4835.863952,6.387694,758.522247,17434.971103
2019-10-01,Monthly,Jumlah / Total,2072.055297,182.587171,56.038638,19762.595615,40991.965151,3377.526037,1281.907088,25.0,1537.554673,2313.650312,0,6658.395396,1843.20618,67634.495903,60566.498302,597981.271878,892.084165,10605.808341,817782.640147
2019-11-01,Monthly,Bank-bank Islam / Islamic Banks,2262.787209,133.155591,54.677909,16112.512265,39591.456045,3545.326523,1907.881297,0.0,1190.898597,2106.714947,0,5946.964509,2096.118864,64140.502265,57680.840371,596657.775329,887.612984,9927.837344,804243.062049
2019-11-01,Monthly,Skim Perbankan Islam (SPI) / Islamic Banking Scheme (IBS),35.568281,0.953438,13.500101,116.195943,2234.91918,0.324902,267.13,0.0,250.0,77.89135,0,598.797971,0.0,3867.389638,3583.175295,4849.622721,6.286082,706.959974,16608.714876
2019-11-01,Monthly,Jumlah / Total,2298.35549,134.109029,68.17801,16228.708208,41826.375225,3545.651425,2175.011297,0.0,1440.898597,2184.606297,0,6545.76248,2096.118864,68007.891903,61264.015666,601507.39805,893.899066,10634.797318,820851.776925
2019-12-01,Monthly,Bank-bank Islam / Islamic Banks,1602.615327,256.486223,24.422935,15943.333674,50950.481432,5082.785395,720.751215,0.0,1316.882851,2215.066838,0,5963.15622,1408.60986,63363.827578,57914.806219,602291.81964,909.557167,8120.946814,818085.549388
2019-12-01,Monthly,Skim Perbankan Islam (SPI) / Islamic Banking Scheme (IBS),54.688311,3.146035,14.45687,115.523839,2773.0,1.738632,216.69,0.0,470.0,75.638288,0,199.724372,0.0,3646.711145,3597.553955,4991.124782,6.1927,695.768067,16861.956996
2019-12-01,Monthly,Jumlah / Total,1657.303638,259.632258,38.879805,16058.857513,53723.481432,5084.524027,937.441215,0.0,1786.882851,2290.705126,0,6162.880592,1408.60986,67010.538723,61512.360174,607282.944422,915.749867,8816.714881,834947.506384
2020-01-01,Monthly,Bank-bank Islam / Islamic Banks,1985.350221,303.792663,33.949746,15623.155109,45215.607457,4572.570772,560.017133,0.0,1009.118479,2101.41315,0,5226.539861,1535.823345,64925.719048,59542.391255,604333.861537,911.439649,8004.885951,815885.635376
2020-01-01,Monthly,Skim Perbankan Islam (SPI) / Islamic Banking Scheme (IBS),47.047515,8.366872,14.424513,108.48319,2516.0,1.996275,157.47,0.0,400.0,82.558563,0,447.520154,0.0,3911.02359,3696.448587,5127.277155,6.097059,755.693809,17280.407282
2020-01-01,Monthly,Jumlah / Total,2032.397736,312.159535,48.374259,15731.638299,47731.607457,4574.567047,717.487133,0.0,1409.118479,2183.971713,0,5674.060015,1535.823345,68836.742638,63238.839842,609461.138692,917.536708,8760.57976,833166.042658
2020-02-01,Monthly,Bank-bank Islam / Islamic Banks,1423.028072,111.131325,27.723562,15956.026658,40139.98911,4386.697388,416.864743,0.0,1325.231034,2254.236141,0,6721.508447,1149.587066,66607.589356,61005.490728,606850.547327,905.142001,9281.350036,818562.142994
2020-02-01,Monthly,Skim Perbankan Islam (SPI) / Islamic Banking Scheme (IBS),115.17948,34.723188,15.763235,105.34868,2881.958723,6.40202,186.89,0.0,400.0,81.744534,0,797.013199,0.0,3586.949071,3660.04797,5553.16378,5.995044,814.133366,18245.31229
2020-02-01,Monthly,Jumlah / Total,1538.207552,145.854513,43.486797,16061.375338,43021.947833,4393.099408,603.754743,0.0,1725.231034,2335.980675,0,7518.521646,1149.587066,70194.538427,64665.538698,612403.711107,911.137045,10095.483402,836807.455284
2020-03-01,Monthly,Bank-bank Islam / Islamic Banks,1140.114796,334.26869,25.460319,6386.299901,45219.393212,5752.531084,444.873531,0.0,1902.762275,2102.979502,0,5539.03915,897.986578,67421.069728,61733.987485,608658.174396,909.021511,11010.401881,819478.364039
2020-03-01,Monthly,Skim Perbankan Islam (SPI) / Islamic Banking Scheme (IBS),55.40926,2.056462,15.892078,100.903553,3095.991882,4.888912,218.25,0.0,514.5,84.797912,0,648.896333,0.0,4062.161779,3403.341815,5647.246041,5.893101,814.503234,18674.732362
2020-03-01,Monthly,Jumlah / Total,1195.524056,336.325152,41.352397,6487.203454,48315.385094,5757.419996,663.123531,0.0,2417.262275,2187.777414,0,6187.935483,897.986578,71483.231507,65137.3293,614305.420437,914.914612,11824.905115,838153.096401
2020-04-01,Monthly,Bank-bank Islam / Islamic Banks,1960.523231,151.167224,36.810657,5437.189261,55159.755331,3885.290873,710.280982,0.0,1106.407823,2038.361282,0,4488.854772,1373.211179,68444.205908,63936.984903,609131.573144,900.20764,9676.552557,828437.376767
2020-04-01,Monthly,Skim Perbankan Islam (SPI) / Islamic Banking Scheme (IBS),63.57428,0.797156,16.270538,88.852862,2664.0,0.0,297.64,0.0,250.0,91.355191,0,599.187362,0.0,4154.691505,3367.464125,5773.576479,5.791169,749.806435,18123.007102
2020-04-01,Monthly,Jumlah / Total,2024.097511,151.96438,53.081195,5526.042123,57823.755331,3885.290873,1007.920982,0.0,1356.407823,2129.716473,0,5088.042134,1373.211179,72598.897413,67304.449028,614905.149623,905.998809,10426.358992,846560.383869
2020-05-01,Monthly,Bank-bank Islam / Islamic Banks,3175.099238,140.823446,30.218299,947.981828,49740.568203,4307.705383,450.605937,0.0,1905.630744,2230.71931,0,4738.365865,3469.2189,68782.489668,62540.451852,612080.099747,898.737939,10224.598069,825663.314428
2020-05-01,Monthly,Skim Perbankan Islam (SPI) / Islamic Banking Scheme (IBS),43.363971,17.298867,16.433918,6.063365,2366.997247,0.0,620.52,0.0,100.0,101.050749,0,199.7173,197.103002,4335.455119,3346.925578,5845.903453,5.719587,854.239118,18056.791274
2020-05-01,Monthly,Jumlah / Total,3218.463209,158.122313,46.652217,954.045193,52107.56545,4307.705383,1071.125937,0.0,2005.630744,2331.770059,0,4938.083165,3666.321902,73117.944787,65887.37743,617926.0032,904.457526,11078.837187,843720.105702
2020-06-01,Monthly,Bank-bank Islam / Islamic Banks,3619.118693,311.355296,32.088064,690.280247,48011.117415,6005.706163,852.940666,0.0,1227.537987,1728.285429,0,4736.234511,3818.099083,68339.451135,61566.225371,619886.159007,889.935823,12058.062649,833772.597539
2020-06-01,Monthly,Skim Perbankan Islam (SPI) / Islamic Banking Scheme (IBS),43.719759,19.162196,16.85765,7.917623,2922.995513,0.683343,409.44,0.0,200.0,101.250701,0,249.192441,326.949313,4512.721913,3308.413906,6900.811778,5.648014,817.069397,19842.833547
2020-06-01,Monthly,Jumlah / Total,3662.838452,330.517492,48.945714,698.19787,50934.112928,6006.389506,1262.380666,0.0,1427.537987,1829.53613,0,4985.426952,4145.048396,72852.173048,64874.639277,626786.970785,895.583837,12875.132046,853615.431086
2020-07-01,Monthly,Bank-bank Islam / Islamic Banks,2517.24416,309.193119,21.172264,641.468573,38666.343924,6486.371752,1185.94959,0.0,1102.975227,1976.178254,0,3193.469665,3999.958225,71859.714115,64455.334949,628394.361389,885.873559,11169.493256,836865.102021
2020-07-01,Monthly,Skim Perbankan Islam (SPI) / Islamic Banking Scheme (IBS),45.899586,47.171143,16.797965,14.956854,3362.299676,1.762695,103.27,0.0,200.0,101.494771,0,199.661476,575.431594,4529.909727,3250.65248,7069.813613,5.576439,819.776668,20344.474687
2020-07-01,Monthly,Jumlah / Total,2563.143746,356.364262,37.970229,656.425427,42028.6436,6488.134447,1289.21959,0.0,1302.975227,2077.673025,0,3393.131141,4575.389819,76389.623842,67705.987429,635464.175002,891.449998,11989.269924,857209.576708
2020-08-01,Monthly,Bank-bank Islam / Islamic Banks,1601.62667,161.429362,20.177512,910.863202,41325.11347,9252.126274,2311.843663,0.0,678.367415,2002.493529,0,2794.533959,4516.273592,69000.610705,63736.495068,633459.458783,884.322523,10845.076245,843500.811972
2020-08-01,Monthly,Skim Perbankan Islam (SPI) / Islamic Banking Scheme (IBS),126.479245,2.755319,18.068507,16.933047,3367.308161,10.075872,407.39,0.0,0.0,102.908943,0,299.720196,884.279587,3769.052868,3353.38536,7283.314454,5.504863,883.249697,20530.426119
2020-08-01,Monthly,Jumlah / Total,1728.105915,164.184681,38.246019,927.796249,44692.421631,9262.202146,2719.233663,0.0,678.367415,2105.402472,0,3094.254155,5400.5531790000005,72769.663573,67089.880428,640742.773237,889.827386,11728.325942,864031.238091
2020-09-01,Monthly,Bank-bank Islam / Islamic Banks,1119.02145,357.553703,22.009086,828.426372,44266.432037,6746.187149,1883.235183,0.0,512.646027,1690.660073,0,3340.943253,4410.634184,69892.338633,66785.355915,639136.510794,889.183358,11443.678856,853324.816073
2020-09-01,Monthly,Skim Perbankan Islam (SPI) / Islamic Banking Scheme (IBS),69.233177,3.213336,18.381257,16.92267,2218.525785,0.552199,239.18,0.0,187.3,112.460801,0,279.56747,885.241729,3907.75781,3319.542312,7443.413182,5.433293,835.671701,19542.396722
2020-09-01,Monthly,Jumlah / Total,1188.254627,360.767039,40.390343,845.349042,46484.957822,6746.739348,2122.415183,0.0,699.946027,1803.120874,0,3620.510723,5295.875913,73800.096443,70104.898227,646579.923976,894.616651,12279.350557,872867.212795
2020-10-01,Monthly,Bank-bank Islam / Islamic Banks,1187.01674,196.471631,51.29472,831.584117,37445.523,4989.999233,1417.709336,0.0,292.168821,2001.34032,0,4589.311977,2984.819145,72763.212644,69099.547709,643581.750124,890.254369,11838.265917,854160.269803
2020-10-01,Monthly,Skim Perbankan Islam (SPI) / Islamic Banking Scheme (IBS),71.466424,7.851801,17.979049,10.0,2075.4,1.72455,258.12,0.0,170.0,119.342567,0,99.9234,887.34818,3891.937745,3231.159616,7513.519272,5.362934,978.597121,19339.732659
2020-10-01,Monthly,Jumlah / Total,1258.483164,204.323432,69.273769,841.584117,39520.923,4991.723783,1675.829336,0.0,462.168821,2120.682887,0,4689.235377,3872.167325,76655.150389,72330.707325,651095.269396,895.617303,12816.863038,873500.002462
2020-11-01,Monthly,Bank-bank Islam / Islamic Banks,929.446716,300.348285,27.157267,981.312749,44695.141785,5862.112115,2453.0276,0.0,821.573985,1837.648508,0,4143.953628,1624.144826,73138.690328,69225.174796,645464.196836,885.713079,11717.533344,864107.175847
2020-11-01,Monthly,Skim Perbankan Islam (SPI) / Islamic Banking Scheme (IBS),69.927593,6.063047,17.782139,10.0,2771.947954,0.0,381.64,0.0,50.0,123.286781,0,348.995779,788.143483,3967.484704,3049.37943,7536.741265,5.293393,897.124803,20023.810371
2020-11-01,Monthly,Jumlah / Total,999.374309,306.411332,44.939406,991.312749,47467.089739,5862.112115,2834.6676,0.0,871.573985,1960.935289,0,4492.949407,2412.288309,77106.175032,72274.554226,653000.938101,891.006472,12614.658147,884130.986218
2020-12-01,Monthly,Bank-bank Islam / Islamic Banks,1064.273785,233.17177,48.078547,700.135827,52177.251081,2257.369787,1399.246555,0.0,92.031337,2044.18549,0,4221.241418,1096.513906,71823.557501,69052.862335,648960.632255,889.889197,15221.020002,871281.460793
2020-12-01,Monthly,Skim Perbankan Islam (SPI) / Islamic Banking Scheme (IBS),62.055205,2.802725,18.259276,10.0,2784.924569,1.390395,229.9,0.0,50.0,130.159893,0,499.042825,739.245921,4038.096203,2959.766469,7580.670954,5.221685,1113.437535,20224.973655
2020-12-01,Monthly,Jumlah / Total,1126.32899,235.974495,66.337823,710.135827,54962.17565,2258.760182,1629.146555,0.0,142.031337,2174.345383,0,4720.284243,1835.759827,75861.653704,72012.628804,656541.303209,895.110882,16334.457537,891506.434448
2021-01-01,Monthly,Bank-bank Islam / Islamic Banks,1779.164091,2021.168501,27.688043,729.479289,52218.962946,6009.444281,1796.343823,0.0,996.455805,1798.450135,0,5633.803522,1387.337165,71530.470047,69464.075799,651473.37237,883.47192,13306.462217,881056.149954
2021-01-01,Monthly,Skim Perbankan Islam (SPI) / Islamic Banking Scheme (IBS),67.026907,12.827175,19.361854,5.0,2984.945721,54.640805,423.92,0.0,150.0,137.171029,0,399.595934,982.679576,3924.96655,2947.17079,7674.452147,5.17319,999.933495,20788.865173
2021-01-01,Monthly,Jumlah / Total,1846.190998,2033.995676,47.049897,734.479289,55203.908667,6064.085086,2220.263823,0.0,1146.455805,1935.621164,0,6033.399456,2370.016741,75455.436597,72411.246589,659147.824517,888.64511,14306.395712,901845.015127
2021-02-01,Monthly,Bank-bank Islam / Islamic Banks,952.030733,115.61036,48.144445,990.432497,47094.372871,8073.676214,2715.21405,0.0,1576.165353,1739.795231,0,5865.564256,2097.152286,73910.944557,68131.012684,654524.608932,878.411128,17777.890196,886491.025793
2021-02-01,Monthly,Skim Perbankan Islam (SPI) / Islamic Banking Scheme (IBS),145.693938,29.442803,19.613904,5.0,3338.92597,100.0,422.01,0.0,350.0,136.462172,0,149.9078,1167.371295,3562.68986,2891.207483,7705.561264,5.101329,1116.173039,21145.160857
2021-02-01,Monthly,Jumlah / Total,1097.724671,145.053163,67.758349,995.432497,50433.298841,8173.676214,3137.22405,0.0,1926.165353,1876.257403,0,6015.472056,3264.523581,77473.634417,71022.220167,662230.170196,883.512457,18894.063235,907636.18665
2021-03-01,Monthly,Bank-bank Islam / Islamic Banks,1766.159612,286.226047,57.087641,817.490332,58991.238098,5138.307786,2165.906223,0.0,1863.905985,2952.644633,0,5239.773311,3306.495594,74254.501904,69951.620213,658744.17709,875.329174,17172.465275,903583.328918
2021-03-01,Monthly,Skim Perbankan Islam (SPI) / Islamic Banking Scheme (IBS),54.849219,2.312771,19.425404,5.0,3545.384628,24.253169,329.7,0.0,500.0,139.480433,0,0.0,1760.5484510000001,3133.892371,2867.704143,8076.725077,5.029359,1091.467186,21555.772211
2021-03-01,Monthly,Jumlah / Total,1821.008831,288.538818,76.513045,822.490332,62536.622726,5162.560955,2495.606223,0.0,2363.905985,3092.125066,0,5239.773311,5067.044045,77388.394275,72819.324356,666820.902167,880.358533,18263.932461,925139.101129
2021-04-01,Monthly,Bank-bank Islam / Islamic Banks,1262.403515,195.692076,8.138416,841.056307,55080.691013,5418.164493,1811.75519,0.0,861.225721,2121.090812,0,5537.826268,4590.28285,74709.158483,69699.665939,661999.507503,882.514119,14992.726208,900011.898913
2021-04-01,Monthly,Skim Perbankan Islam (SPI) / Islamic Banking Scheme (IBS),104.396601,1.864057,20.624298,5.0,3108.803233,8.008907,282.0,0.0,350.0,142.728505,0,149.48935,1959.154093,3050.54417,2976.745675,8142.515035,4.957391,1042.76972,21349.601035
2021-04-01,Monthly,Jumlah / Total,1366.800116,197.556133,28.762714,846.056307,58189.494246,5426.1734,2093.75519,0.0,1211.225721,2263.819317,0,5687.315618,6549.436943,77759.702653,72676.411614,670142.022538,887.47151,16035.495928,921361.499948
2021-05-01,Monthly,Bank-bank Islam / Islamic Banks,1143.129725,232.897219,361.286838,775.176799,59144.607487,6903.745018,2391.412926,0.0,1031.945185,2227.051007,0,5686.4801,4778.611109,75463.533113,69946.983944,663761.995237,876.19632,12364.962263,907090.01429
2021-05-01,Monthly,Skim Perbankan Islam (SPI) / Islamic Banking Scheme (IBS),39.674368,2.963355,21.298437,5.0,1900.818235,1447.007766,72.88,0.0,250.0,156.041661,0,299.44585,2255.279405,2823.122584,3065.520608,8249.883562,4.885422,1052.319882,21646.141135
2021-05-01,Monthly,Jumlah / Total,1182.804093,235.860574,382.585275,780.176799,61045.425722,8350.752784,2464.292926,0.0,1281.945185,2383.092668,0,5985.92595,7033.890514,78286.655697,73012.504552,672011.878799,881.081742,13417.282145,928736.155425
2021-06-01,Monthly,Bank-bank Islam / Islamic Banks,1053.37813,158.989575,106.134616,709.463702,58593.016518,4747.303863,2424.011927,0.912,832.402743,2375.819407,0,5519.114119,6418.938021,76853.076096,69345.089088,664497.556947,876.956786,13585.498243,908097.661781
2021-06-01,Monthly,Skim Perbankan Islam (SPI) / Islamic Banking Scheme (IBS),64.545874,2.384685,1.184683,5.0,3311.998547,0.724144,393.48,0.0,230.0,151.372421,0,149.82485,2421.915623,3033.809033,2973.432812,8187.265398,4.813226,1073.424968,22005.176264
2021-06-01,Monthly,Jumlah / Total,1117.924004,161.37426,107.319299,714.463702,61905.015065,4748.028007,2817.491927,0.912,1062.402743,2527.191828,0,5668.938969,8840.853644,79886.885129,72318.5219,672684.822345,881.770012,14658.923211,930102.838045
2021-07-01,Monthly,Bank-bank Islam / Islamic Banks,1097.742859,235.170208,124.048693,861.664333,57167.974302,4690.09359,3273.367819,0.912,1072.147459,2290.356945,0,5594.914493,6628.116494,77643.181152,69569.263673,664965.232564,877.684086,16547.26697,912639.13764
2021-07-01,Monthly,Skim Perbankan Islam (SPI) / Islamic Banking Scheme (IBS),39.855955,24.377503,1.463637,5.0,3850.460079,4.140099,879.79,0.0,150.0,154.442084,0,199.5325,2425.819658,2684.70766,3281.787541,8188.878024,4.741308,1188.86637,23083.862418
2021-07-01,Monthly,Jumlah / Total,1137.598814,259.547711,125.51233,866.664333,61018.434381,4694.233689,4153.157819,0.912,1222.147459,2444.799029,0,5794.446993,9053.936152,80327.888812,72851.051214,673154.110588,882.425394,17736.13334,935723.000058
2021-08-01,Monthly,Bank-bank Islam / Islamic Banks,1044.991174,236.591198,112.594491,811.861065,52616.598752,6608.220559,2916.530439,0.0,610.884427,2269.338566,0,5599.729805,7484.68254,79399.452458,72055.9245,665093.69299,870.54303,12801.898005,910533.533999
2021-08-01,Monthly,Skim Perbankan Islam (SPI) / Islamic Banking Scheme (IBS),121.390815,0.341037,2.322041,5.0,4171.805665,0.0,986.73,0.0,50.0,163.257829,0,149.61135,2429.4875270000002,2556.537833,3375.291301,8351.103693,4.669395,1107.794876,23475.343362
2021-08-01,Monthly,Jumlah / Total,1166.381989,236.932235,114.916532,816.861065,56788.404417,6608.220559,3903.260439,0.0,660.884427,2432.596395,0,5749.341155,9914.170067,81955.990291,75431.215801,673444.796683,875.212425,13909.692881,934008.877361
2021-09-01,Monthly,Bank-bank Islam / Islamic Banks,1048.2884,210.285648,117.839854,780.848456,57303.323257,3816.235972,2688.468065,0.0,960.613192,2563.563077,0,4170.485587,7435.266721,81242.034767,71823.191188,671931.751081,870.357363,17692.551515,924655.104143
2021-09-01,Monthly,Skim Perbankan Islam (SPI) / Islamic Banking Scheme (IBS),63.905371,1.36665,5.58345,6.97814,4656.302142,2.247602,953.41,0.0,150.0,175.000585,0,249.58045,2433.189143,2619.246032,3296.973431,8942.988717,4.597482,1254.251836,24815.621031
2021-09-01,Monthly,Jumlah / Total,1112.193771,211.652298,123.423304,787.826596,61959.625399,3818.483574,3641.878065,0.0,1110.613192,2738.563662,0,4420.066037,9868.455864,83861.280799,75120.164619,680874.739798,874.954845,18946.803351,949470.725174
2021-10-01,Monthly,Bank-bank Islam / Islamic Banks,1127.740939,109.507713,110.266199,854.414655,54335.113343,6017.499826,2422.191527,0.0,636.517002,2493.785683,0,4290.30462,5237.840802,81278.261472,71145.072285,680005.307077,878.024049,17004.830321,927946.677513
2021-10-01,Monthly,Skim Perbankan Islam (SPI) / Islamic Banking Scheme (IBS),36.327244,4.245616,34.203595,6.0,5305.432433,1.055934,863.241899,0.0,200.0,178.044408,0,149.58675,2333.563638,2600.020567,3030.840971,8983.386189,4.52691,1411.103818,25141.579972
2021-10-01,Monthly,Jumlah / Total,1164.068183,113.753329,144.469794,860.414655,59640.545776,6018.55576,3285.433426,0.0,836.517002,2671.830091,0,4439.89137,7571.40444,83878.282039,74175.913256,688988.693266,882.550959,18415.934139,953088.257485
2021-11-01,Monthly,Bank-bank Islam / Islamic Banks,1265.144416,104.273581,110.92558,704.647364,56898.061432,4290.443024,2467.44834,0.0,891.097809,2071.969616,0,4592.051138,4959.963449,83762.586335,73318.189978,688801.192064,917.252803,21922.419961,947077.66689
2021-11-01,Monthly,Skim Perbankan Islam (SPI) / Islamic Banking Scheme (IBS),40.302203,1.278595,63.423983,6.0,4879.693933,0.0,675.560678,0.0,200.0,198.1874,0,299.32015,2237.152918,2695.647534,3139.591104,9014.059723,4.45813,1265.381429,24720.05778
2021-11-01,Monthly,Jumlah / Total,1305.446619,105.552176,174.349563,710.647364,61777.755365,4290.443024,3143.009018,0.0,1091.097809,2270.157016,0,4891.371288,7197.116367,86458.233869,76457.781082,697815.251787,921.710933,23187.80139,971797.72467
2021-12-01,Monthly,Bank-bank Islam / Islamic Banks,1716.167027,272.510529,109.816919,811.960947,55734.554484,8146.722186,2166.371442,0.0,709.178775,1790.792597,0,3792.171286,4997.027334,83694.651912,72898.804237,697573.441695,923.603369,20789.297023,956127.071762
2021-12-01,Monthly,Skim Perbankan Islam (SPI) / Islamic Banking Scheme (IBS),42.130919,2.809246,18.818129,4.0,4557.793274,2.542909,391.360746,0.0,200.0,207.728299,0,149.84375,2187.96942,2659.611991,3080.427239,8749.604997,4.38574,1392.188767,23651.215426
2021-12-01,Monthly,Jumlah / Total,1758.297946,275.319775,128.635048,815.960947,60292.347758,8149.265095,2557.732188,0.0,909.178775,1998.520896,0,3942.015036,7184.996754,86354.263903,75979.231476,706323.046692,927.989109,22181.48579,979778.287188
2022-01-01,Monthly,Bank-bank Islam / Islamic Banks,1369.250285,168.263649,110.981134,1046.559128,44972.507572,10857.320031,1483.426323,0.0,669.949873,2390.216115,0,3092.369147,4745.718091,85431.327786,72853.212879,704608.166885,931.167378,18136.590201,952867.026477
2022-01-01,Monthly,Skim Perbankan Islam (SPI) / Islamic Banking Scheme (IBS),37.607415,1.454602,11.477931,4.0,4801.777956,0.572942,673.610791,0.0,100.0,217.219698,0,49.9201,1791.07148,3345.563048,3139.954431,8876.354624,4.62204,1336.03037,24391.237428
2022-01-01,Monthly,Jumlah / Total,1406.8577,169.718251,122.459065,1050.559128,49774.285528,10857.892973,2157.037114,0.0,769.949873,2607.435813,0,3142.289247,6536.789571,88776.890834,75993.16731,713484.521509,935.789418,19472.620571,977258.263905
2022-02-01,Monthly,Bank-bank Islam / Islamic Banks,1372.230525,203.811501,110.225695,921.274537,51635.139851,9126.843541,3191.581591,0.0,1012.832142,2122.064759,0,3394.04475,4524.011669,88171.862406,72285.216843,706715.860348,916.769249,19282.427242,964986.196649
2022-02-01,Monthly,Skim Perbankan Islam (SPI) / Islamic Banking Scheme (IBS),66.126718,1.186911,117.965482,4.0,4109.736598,0.708876,866.443707,0.0,100.0,234.487872,0,149.81085,1492.835758,3791.072016,3164.535098,8947.735118,4.858432,1319.310487,24370.813923
2022-02-01,Monthly,Jumlah / Total,1438.357243,204.998412,228.191177,925.274537,55744.876449,9127.552417,4058.025298,0.0,1112.832142,2356.552631,0,3543.8556,6016.847427,91962.934422,75449.751941,715663.595466,921.627681,20601.737729,989357.010572
2022-03-01,Monthly,Bank-bank Islam / Islamic Banks,2494.643177,210.446596,115.226575,953.338135,46595.492096,5074.332124,2915.810771,2.630756,1394.783138,2263.284671,0,3075.484996,5058.718022,88866.130957,73115.824681,713866.410209,939.252082,19767.946666,966709.755652
2022-03-01,Monthly,Skim Perbankan Islam (SPI) / Islamic Banking Scheme (IBS),15.977103,1.802259,15.213692,4.0,5073.778896,0.0,730.560227,0.0,150.0,241.410495,0,299.7316,1801.318235,3711.060184,3307.116909,8874.756409,5.095903,1466.677202,25698.499114
2022-03-01,Monthly,Jumlah / Total,2510.62028,212.248855,130.440267,957.338135,51669.270992,5074.332124,3646.370998,2.630756,1544.783138,2504.695166,0,3375.216596,6860.036257,92577.191141,76422.94159,722741.166618,944.347985,21234.623868,992408.254766
2022-04-01,Monthly,Bank-bank Islam / Islamic Banks,2982.802683,311.070319,134.377179,1112.793486,45320.218467,11472.42069,4500.359454,59.930756,1565.47974,2375.682909,0,3093.833064,5683.702125,87718.872105,71638.834562,718729.336905,953.803186,21164.053533,978817.571163
2022-04-01,Monthly,Skim Perbankan Islam (SPI) / Islamic Banking Scheme (IBS),14.973424,1.632005,14.752843,4.0,4662.820648,0.416204,582.452441,0.0,150.0,230.433195,0,199.72745,1402.907107,3874.204007,3170.616731,8880.76312,5.607899,1528.215948,24723.523022
2022-04-01,Monthly,Jumlah / Total,2997.776107,312.702324,149.130022,1116.793486,49983.039115,11472.836894,5082.811895,59.930756,1715.47974,2606.116104,0,3293.560514,7086.609232,91593.076112,74809.451293,727610.100025,959.411085,22692.269481,1003541.094185
2022-05-01,Monthly,Bank-bank Islam / Islamic Banks,1934.57647,166.653283,112.775047,761.428696,38523.793947,11865.454597,3536.554492,2.630756,1106.087598,2205.205753,0,3693.690855,5637.903834,90982.448343,70422.277031,722394.83703,964.245898,21961.943707,976272.507337
2022-05-01,Monthly,Skim Perbankan Islam (SPI) / Islamic Banking Scheme (IBS),10.973003,1.262499,16.630657,4.0,4668.7609,9.383707,527.440416,0.0,100.0,228.353119,0,199.60485,1091.14208,4336.355834,3077.310509,8897.283638,6.28626,1663.447704,24838.235176
2022-05-01,Monthly,Jumlah / Total,1945.549473,167.915782,129.405704,765.428696,43192.554847,11874.838304,4063.994908,2.630756,1206.087598,2433.558872,0,3893.295705,6729.045914,95318.804177,73499.58754,731292.120668,970.532158,23625.391411,1001110.742513
2022-06-01,Monthly,Bank-bank Islam / Islamic Banks,2259.749092,205.196094,120.405637,890.010349,50054.174967,10855.865438,4153.565458,2.630756,995.919716,2043.690135,0,1947.607461,5119.041765,91867.988133,69642.359953,731206.889383,985.305223,21846.751132,994197.150692
2022-06-01,Monthly,Skim Perbankan Islam (SPI) / Islamic Banking Scheme (IBS),11.756312,2.745148,16.910014,4.0,4510.892709,7.432216,317.580286,0.0,100.0,220.749502,0,99.841,1784.907604,4412.113923,2893.375125,8989.628074,7.777457,1696.817895,25076.527265
2022-06-01,Monthly,Jumlah / Total,2271.505404,207.941242,137.315651,894.010349,54565.067676,10863.297654,4471.145744,2.630756,1095.919716,2264.439637,0,2047.448461,6903.949369,96280.102056,72535.735078,740196.517457,993.08268,23543.569027,1019273.677957
2022-07-01,Monthly,Bank-bank Islam / Islamic Banks,2500.018619,197.172592,20.884526,880.562572,54346.35742,5535.79709,3200.062938,2.630756,1712.001123,2301.564254,0,2990.274605,6349.33953,91892.325715,64504.760001,713435.823527,1036.602565,20826.030333,971732.208166
2022-07-01,Monthly,Skim Perbankan Islam (SPI) / Islamic Banking Scheme (IBS),12.445339,1.664425,14.721186,4.0,2319.92856,131.710054,499.120795,0.0,50.0,216.239317,0,149.6748,1788.460264,4574.871736,2761.150884,8988.401227,8.202319,1839.108381,23359.699287
2022-07-01,Monthly,Jumlah / Total,2512.463958,198.837017,35.605712,884.562572,56666.28598,5667.507144,3699.183733,2.630756,1762.001123,2517.803571,0,3139.949405,8137.799794,96467.197451,67265.910885,722424.224754,1044.804884,22665.138714,995091.907453
2022-08-01,Monthly,Bank-bank Islam / Islamic Banks,1488.482985,112.762408,15.050706,909.487851,56485.217338,7449.874407,3677.71335,42.635709,1294.36344,2800.932869,0,3242.31522,6608.165465,93559.463961,67231.331108,722989.266365,1038.848664,20132.793087,989078.704933
2022-08-01,Monthly,Skim Perbankan Islam (SPI) / Islamic Banking Scheme (IBS),12.131306,1.922742,18.110989,4.0,2846.548578,2.808743,896.008482,0.0,200.0,216.011933,0,99.8988,1695.782171,4718.068627,2973.073161,8960.912997,8.723017,1754.474249,24408.475795
2022-08-01,Monthly,Jumlah / Total,1500.614291,114.68515,33.161695,913.487851,59331.765916,7452.68315,4573.721832,42.635709,1494.36344,3016.944802,0,3342.21402,8303.947636,98277.532588,70204.404269,731950.179362,1047.571681,21887.267336,1013487.180728
2022-09-01,Monthly,Bank-bank Islam / Islamic Banks,2424.641816,330.502372,8.167682,1489.648683,49439.071358,6813.84419,3037.284352,101.639455,1754.6794,2278.295991,0,3539.094518,7776.487357,94781.61345,66311.230933,731999.02968,1056.669216,21254.116733,994396.017186
2022-09-01,Monthly,Skim Perbankan Islam (SPI) / Islamic Banking Scheme (IBS),13.832613,3.442442,17.51805,2.0,3169.724884,2.715636,965.450855,0.0,200.0,194.993378,0,49.88585,896.071936,5296.239729,2901.096722,8987.679932,9.129632,1423.890041,24133.6717
2022-09-01,Monthly,Jumlah / Total,2438.474429,333.944814,25.685732,1491.648683,52608.796242,6816.559826,4002.735207,101.639455,1954.6794,2473.289369,0,3588.980368,8672.559293,100077.853179,69212.327655,740986.709612,1065.798848,22678.006774,1018529.688886
2022-10-01,Monthly,Bank-bank Islam / Islamic Banks,3907.537105,143.065194,6.449483,1050.061003,57013.41646,9640.801953,4096.764307,88.67738,3029.877717,1898.298258,0,2794.480178,6297.504635,95905.434182,66003.481571,738402.631708,1064.711031,16421.062445,1007764.25461
2022-10-01,Monthly,Skim Perbankan Islam (SPI) / Islamic Banking Scheme (IBS),15.754508,2.594384,20.150521,5.0,2894.87363,1.638146,588.930559,0.0,200.0,202.99462,0,50.0,898.090064,5274.682274,2912.98416,9159.918077,9.948039,1522.386344,23759.945326
2022-10-01,Monthly,Jumlah / Total,3923.291613,145.659578,26.600004,1055.061003,59908.29009,9642.440099,4685.694866,88.67738,3229.877717,2101.292878,0,2844.480178,7195.594699,101180.116456,68916.465731,747562.549785,1074.65907,17943.448789,1031524.199936
2022-11-01,Monthly,Bank-bank Islam / Islamic Banks,4096.196365,694.096061,28.442473,1688.830459,58666.578068,12589.85275,4297.345296,88.637788,2819.435038,1702.596688,0,1997.818294,5933.147395,96240.755312,66341.092582,747730.660812,1069.999784,16927.149857,1022912.635022
2022-11-01,Monthly,Skim Perbankan Islam (SPI) / Islamic Banking Scheme (IBS),23.834826,1.06693,18.866294,3.0,2746.792931,184.981332,712.980182,0.0,400.0,197.24679,0,0.0,800.617625,5126.115874,2876.441315,9304.640978,10.60293,1474.651173,23881.83918
2022-11-01,Monthly,Jumlah / Total,4120.031191,695.162991,47.308767,1691.830459,61413.370999,12774.834082,5010.325478,88.637788,3219.435038,1899.843478,0,1997.818294,6733.76502,101366.871186,69217.533897,757035.30179,1080.602714,18401.80103,1046794.474202
2022-12-01,Monthly,Bank-bank Islam / Islamic Banks,3035.251533,155.542484,14.124605,13180.821443,50823.620745,17186.226479,2726.96565,156.01777,3355.384801,1910.894254,0,698.223716,4719.759087,96717.161505,67166.415359,757534.832138,1102.070302,17504.359886,1037987.671757
2022-12-01,Monthly,Skim Perbankan Islam (SPI) / Islamic Banking Scheme (IBS),23.947245,5.892552,17.454061,33.5,4570.806127,1.971731,766.610581,0.0,370.0,216.827504,0,0.0,0.0,5016.863929,2763.120019,9309.280465,10.920167,1486.010523,24593.204904
2022-12-01,Monthly,Jumlah / Total,3059.198778,161.435036,31.578666,13214.321443,55394.426872,17188.19821,3493.576231,156.01777,3725.384801,2127.721758,0,698.223716,4719.759087,101734.025434,69929.535378,766844.112603,1112.990469,18990.370409,1062580.876661
2023-01-01,Monthly,Bank-bank Islam / Islamic Banks,3000.632833,125.441405,21.945147,13189.503654,48557.315133,10125.387807,2589.852777,46.021475,1746.615409,1700.853723,0,1392.733549,5325.629797,98695.551424,68415.132162,758153.754077,1046.182299,19122.587053,1033255.139724
2023-01-01,Monthly,Skim Perbankan Islam (SPI) / Islamic Banking Scheme (IBS),25.245044,41.685401,16.892788,51.5,3656.424035,15.668024,757.311198,0.0,410.4,219.330977,0,0.0,0.0,5016.380866,2775.285369,9391.312622,11.27346,1873.510205,24262.219989
2023-01-01,Monthly,Jumlah / Total,3025.877877,167.126806,38.837935,13241.003654,52213.739168,10141.055831,3347.163975,46.021475,2157.015409,1920.1847,0,1392.733549,5325.629797,103711.93229,71190.417531,767545.066699,1057.455759,20996.097258,1057517.359713
2023-02-01,Monthly,Bank-bank Islam / Islamic Banks,2452.483976,305.576309,8.319843,13202.03566,42551.977355,16491.398426,3149.460881,0.0,2224.126716,1807.343639,0,2190.328681,6689.26831,100844.328794,69906.913202,762366.535778,1060.188163,17645.724357,1042896.01009
2023-02-01,Monthly,Skim Perbankan Islam (SPI) / Islamic Banking Scheme (IBS),35.392289,30.958284,17.067401,55.494462,3094.794612,14.853947,766.525445,0.0,501.8,254.635591,0,0.0,0.0,4937.350408,2873.277087,9410.791231,11.513075,2059.704764,24064.158596
2023-02-01,Monthly,Jumlah / Total,2487.876265,336.534593,25.387244,13257.530122,45646.771967,16506.252373,3915.986326,0.0,2725.926716,2061.97923,0,2190.328681,6689.26831,105781.679202,72780.190289,771777.327009,1071.701238,19705.429121,1066960.168686
2023-03-01,Monthly,Bank-bank Islam / Islamic Banks,2117.612286,323.679704,3.140255,13361.942828,40469.234604,10035.710211,4744.983582,42.3,2334.083459,2224.667307,0,3779.168686,8351.81359,102951.829592,70889.224107,767824.614239,1070.456256,18830.711087,1049355.171793
2023-03-01,Monthly,Skim Perbankan Islam (SPI) / Islamic Banking Scheme (IBS),24.228118,75.657683,17.405998,59.893776,2264.955972,46.271853,726.717297,0.0,728.6,403.33635,0,0.0,0.0,4657.604291,2889.861461,9498.154685,11.355768,2507.895971,23911.939223
2023-03-01,Monthly,Jumlah / Total,2141.840404,399.337387,20.546253,13421.836604,42734.190576,10081.982064,5471.700879,42.3,3062.683459,2628.003657,0,3779.168686,8351.81359,107609.433883,73779.085568,777322.768924,1081.812024,21338.607058,1073267.111016
2023-04-01,Monthly,Bank-bank Islam / Islamic Banks,2177.422974,183.145327,5.82023,13403.729731,30798.859919,11765.088719,6633.647235,99.6,1824.751706,1994.357913,0,3483.645693,9006.299315,103529.827868,71464.581921,766265.201,1071.08974,17403.3491,1041110.418391
2023-04-01,Monthly,Skim Perbankan Islam (SPI) / Islamic Banking Scheme (IBS),23.800351,31.482621,21.286687,77.49103,2629.88121,2.741112,594.675375,0.0,683.8,487.052549,0,0.0,0.0,4593.958953,2863.854355,9518.394492,11.217193,1350.503427,22890.139355
2023-04-01,Monthly,Jumlah / Total,2201.223325,214.627948,27.106917,13481.220761,33428.741129,11767.829831,7228.32261,99.6,2508.551706,2481.410462,0,3483.645693,9006.299315,108123.786821,74328.436276,775783.595492,1082.306933,18753.852527,1064000.557746
2023-05-01,Monthly,Bank-bank Islam / Islamic Banks,1590.911458,216.530773,4.234968,13680.908621,34937.848846,13392.360416,5966.24087,0.0,2305.737938,2091.975108,0,4381.805026,9294.252391,99842.372031,71478.681251,772732.307492,1073.115177,19883.20163,1052872.483996
2023-05-01,Monthly,Skim Perbankan Islam (SPI) / Islamic Banking Scheme (IBS),10.546775,46.148371,16.460275,72.49181,3924.659363,89.503212,518.911351,0.0,550.0,537.962126,0,49.75095,0.0,3854.352925,3154.303195,9513.984347,11.059682,1151.977593,23502.111975
2023-05-01,Monthly,Jumlah / Total,1601.458233,262.679144,20.695243,13753.400431,38862.508209,13481.863628,6485.152221,0.0,2855.737938,2629.937234,0,4431.555976,9294.252391,103696.724956,74632.984446,782246.291839,1084.174859,21035.179223,1076374.595971
2023-06-01,Monthly,Bank-bank Islam / Islamic Banks,2564.341397,378.048176,4.418171,13515.2207,35941.936234,9661.156056,3710.503284,57.4,2985.166952,1962.149318,0,4929.561761,9421.323901,101729.110231,71510.116801,774325.638648,1070.237072,19087.050595,1052853.379297
2023-06-01,Monthly,Skim Perbankan Islam (SPI) / Islamic Banking Scheme (IBS),15.081462,50.883018,18.91509,61.493526,3786.728538,-4.847362,671.360953,0.0,700.0,556.606291,0,49.8919,0.0,3979.783986,3634.607021,9520.463957,11.029051,1275.466397,24327.463828
2023-06-01,Monthly,Jumlah / Total,2579.422859,428.931194,23.333261,13576.714226,39728.664772,9656.308694,4381.864237,57.4,3685.166952,2518.755609,0,4979.453661,9421.323901,105708.894217,75144.723822,783846.102605,1081.266123,20362.516992,1077180.843125
2023-07-01,Monthly,Bank-bank Islam / Islamic Banks,3210.256362,177.331561,10.557388,13786.300935,33212.509296,10969.503257,5690.912913,0.0,1490.770841,1906.752579,0,5081.170333,7632.733885,100297.987529,74210.944604,778505.403064,1113.38512,19025.326781,1056321.846448
2023-07-01,Monthly,Skim Perbankan Islam (SPI) / Islamic Banking Scheme (IBS),9.252332,45.284015,34.663717,36.997348,3823.722833,61.484945,794.180715,0.0,500.0,549.373333,0,0.0,0.0,3971.58538,4251.349446,9658.185751,10.870325,1336.459993,25083.410133
2023-07-01,Monthly,Jumlah / Total,3219.508694,222.615576,45.221105,13823.298283,37036.232129,11030.988202,6485.093628,0.0,1990.770841,2456.125912,0,5081.170333,7632.733885,104269.572909,78462.29405,788163.588815,1124.255445,20361.786774,1081405.256581
2023-08-01,Monthly,Bank-bank Islam / Islamic Banks,2441.341379,225.232504,9.932631,14036.909257,20223.417336,12987.561693,6823.40365,50.0,2110.595702,1932.086066,0,5038.384388,7503.997047,101167.281379,74658.725604,786724.284284,1115.014508,21230.064713,1058278.232141
2023-08-01,Monthly,Skim Perbankan Islam (SPI) / Islamic Banking Scheme (IBS),13.472542,45.842598,17.40649,40.996724,2799.839631,0.025894,731.142395,0.0,343.6,595.878617,0,99.266829,0.0,5139.975314,3326.791696,9574.59728,10.72027,2286.305323,25025.861603
2023-08-01,Monthly,Jumlah / Total,2454.813921,271.075102,27.339121,14077.905981,23023.256967,12987.587587,7554.546045,50.0,2454.195702,2527.964683,0,5137.651217,7503.997047,106307.256693,77985.5173,796298.881564,1125.734778,23516.370036,1083304.093744
2023-09-01,Monthly,Bank-bank Islam / Islamic Banks,1907.246912,224.724797,2.597719,14036.249241,24309.988319,12592.246332,4214.334323,100.0,2086.078238,2411.537711,0,4789.369169,6199.815385,104957.069745,74477.346955,793369.876376,1077.378842,22313.857531,1069069.717595
2023-09-01,Monthly,Skim Perbankan Islam (SPI) / Islamic Banking Scheme (IBS),10.796067,114.60229,20.998176,96.98986,1864.668968,204.987703,665.642384,0.0,450.0,581.472766,0,198.928554,0.0,5210.885679,3213.16468,9913.838052,10.561445,1863.824499,24421.361123
2023-09-01,Monthly,Jumlah / Total,1918.042979,339.327087,23.595895,14133.239101,26174.657287,12797.234035,4879.976707,100.0,2536.078238,2993.010477,0,4988.297723,6199.815385,110167.955424,77690.511635,803283.714428,1087.940287,24177.68203,1093491.078718
2023-10-01,Monthly,Bank-bank Islam / Islamic Banks,2332.532865,273.875094,2.108079,14018.824956,24908.26193,15156.687134,3949.112468,51.020121,2713.410402,2212.840347,0,4196.276867,6636.522342,103869.818561,76897.479509,799262.707563,1087.17116,21329.846599,1078898.495997
2023-10-01,Monthly,Skim Perbankan Islam (SPI) / Islamic Banking Scheme (IBS),27.262337,43.722561,19.476391,107.118904,2201.954267,62.244873,714.680874,0.0,370.0,601.367694,0,199.540565,0.0,5228.020852,3530.367208,9917.951244,10.402621,1914.055337,24948.165728
2023-10-01,Monthly,Jumlah / Total,2359.795202,317.597655,21.58447,14125.94386,27110.216197,15218.932007,4663.793342,51.020121,3083.410402,2814.208041,0,4395.817432,6636.522342,109097.839413,80427.846717,809180.658807,1097.573781,23243.901936,1103846.661725
2023-11-01,Monthly,Bank-bank Islam / Islamic Banks,1960.56368,367.746716,3.325742,14359.227022,33977.311567,11571.273969,5302.613657,206.003882,1511.036178,2247.15443,0,3987.884727,4754.867225,100061.05631,76842.736939,806545.203416,1085.253218,21607.177493,1086390.436171
2023-11-01,Monthly,Skim Perbankan Islam (SPI) / Islamic Banking Scheme (IBS),11.118976,45.074552,20.135674,101.491698,2424.91042,0.476023,793.056912,0.0,500.0,590.618571,0,199.430103,0.0,5071.475822,3159.012889,9860.415249,10.243798,2181.291676,24968.752363
2023-11-01,Monthly,Jumlah / Total,1971.682656,412.821268,23.461416,14460.71872,36402.221987,11571.749992,6095.670569,206.003882,2011.036178,2837.773001,0,4187.31483,4754.867225,105132.532132,80001.749828,816405.618665,1095.497016,23788.469169,1111359.188534
2023-12-01,Monthly,Bank-bank Islam / Islamic Banks,1652.041178,399.546559,4.559258,14145.069922,38254.458851,11018.231833,3209.120998,0.0,3374.714894,1913.706945,0,4279.621355,5186.842994,99603.87184,78107.873299,815142.6279,1089.016678,17926.542248,1095307.846752
2023-12-01,Monthly,Skim Perbankan Islam (SPI) / Islamic Banking Scheme (IBS),17.915396,55.637136,16.112021,90.992575,2360.104905,71.48418,503.645482,0.0,652.5,771.492695,0,99.77025,0.0,5032.560739,3371.286039,9747.695719,10.085087,2151.156161,24952.438385
2023-12-01,Monthly,Jumlah / Total,1669.956574,455.183695,20.671279,14236.062497,40614.563756,11089.716013,3712.76648,0.0,4027.214894,2685.19964,0,4379.391605,5186.842994,104636.432579,81479.159338,824890.323619,1099.101765,20077.698409,1120260.285137
2024-01-01,Monthly,Bank-bank Islam / Islamic Banks,1804.159051,378.434538,4.838514,14151.138463,33436.189055,18447.311813,4840.490178,50.0,3795.522337,1956.928022,0,3484.204502,6860.569999,103018.954372,78650.619644,819137.199164,1077.285831,21911.515479,1113005.360962
2024-01-01,Monthly,Skim Perbankan Islam (SPI) / Islamic Banking Scheme (IBS),18.669731,44.98188,16.93811,77.993925,2978.903602,42.565089,475.241112,0.0,847.75,800.307477,0,49.96485,0.0,5229.983929,3275.07036,9785.96717,9.926376,2606.800724,26261.064335
2024-01-01,Monthly,Jumlah / Total,1822.828782,423.416418,21.776624,14229.132388,36415.092657,18489.876902,5315.73129,50.0,4643.272337,2757.235499,0,3534.169352,6860.569999,108248.938301,81925.690004,828923.166334,1087.212207,24518.316203,1139266.425297
2024-02-01,Monthly,Bank-bank Islam / Islamic Banks,2037.543796,296.125413,4.466072,14271.247687,19140.579402,20485.038356,3161.896014,0.0,3070.718903,2949.364675,0,4677.015198,6838.027077,105558.096544,77532.330847,824827.565334,1072.101742,21755.615051,1107677.732111
2024-02-01,Monthly,Skim Perbankan Islam (SPI) / Islamic Banking Scheme (IBS),23.222241,48.768228,18.72851,69.0,2992.025979,-1.510702,633.765721,0.0,439.4,798.333637,0,98.93405,0.0,5393.284362,3747.27092,9867.983802,9.775425,2497.584172,26636.566345
2024-02-01,Monthly,Jumlah / Total,2060.766037,344.893641,23.194582,14340.247687,22132.605381,20483.527654,3795.661735,0.0,3510.118903,3747.698312,0,4775.949248,6838.027077,110951.380906,81279.601767,834695.549136,1081.877167,24253.199223,1134314.298456
2024-03-01,Monthly,Bank-bank Islam / Islamic Banks,2095.091607,548.76157,2.858584,14500.76485,24980.611808,17460.279956,3213.510455,250.0,2903.524271,2018.153184,0,4175.22616,7469.469406,108053.604449,77308.705911,831505.722393,1076.32018,25243.205412,1122805.810196
2024-03-01,Monthly,Skim Perbankan Islam (SPI) / Islamic Banking Scheme (IBS),23.69301,118.255895,33.358135,67.0,1632.999917,668.551573,831.934171,0.0,310.0,790.327666,0,99.220556,0.0,5487.814129,3479.253353,9694.195725,9.616494,2621.416236,25867.63686
2024-03-01,Monthly,Jumlah / Total,2118.784617,667.017465,36.216719,14567.76485,26613.611725,18128.831529,4045.444626,250.0,3213.524271,2808.48085,0,4274.446716,7469.469406,113541.418578,80787.959264,841199.918118,1085.936674,27864.621648,1148673.447056
2024-04-01,Monthly,Bank-bank Islam / Islamic Banks,1624.781995,424.506924,3.75698,14556.476468,20163.222898,16595.272334,4602.553999,48.0,2189.574966,1998.271664,0,5468.527317,5117.43389,112331.270574,73402.823882,833085.43535,1074.506752,23761.519256,1116447.935249
2024-04-01,Monthly,Skim Perbankan Islam (SPI) / Islamic Banking Scheme (IBS),26.230219,45.201449,20.247007,84.0,1822.999164,171.42623,1086.309495,0.0,284.9,815.709966,0,149.44415,0.0,5681.346416,3397.292045,10065.315589,9.458229,2335.784358,25995.664317
2024-04-01,Monthly,Jumlah / Total,1651.012214,469.708373,24.003987,14640.476468,21986.222062,16766.698564,5688.863494,48.0,2474.474966,2813.98163,0,5617.971467,5117.43389,118012.61699,76800.115927,843150.750939,1083.964981,26097.303614,1142443.599566
2024-05-01,Monthly,Bank-bank Islam / Islamic Banks,1688.159235,536.117859,3.047301,14623.644449,23042.081403,13953.177086,4202.268315,150.039082,2234.198577,1857.525447,0,4477.74848,5009.977621,109532.387455,73659.926303,838262.122458,1071.49734,23085.543741,1117389.462152
2024-05-01,Monthly,Skim Perbankan Islam (SPI) / Islamic Banking Scheme (IBS),16.476159,48.554411,9.691282,80.0,2687.998922,108.298731,688.85429,50.0,270.0,830.417537,0,99.843295,0.0,5080.168108,3443.700394,9938.394223,9.299279,2236.544474,25598.241105
2024-05-01,Monthly,Jumlah / Total,1704.635394,584.67227,12.738583,14703.644449,25730.080325,14061.475817,4891.122605,200.039082,2504.198577,2687.942984,0,4577.591775,5009.977621,114612.555563,77103.626697,848200.516681,1080.796619,25322.088215,1142987.703257
2024-06-01,Monthly,Bank-bank Islam / Islamic Banks,3073.88255,521.430689,8.94981,14933.101866,22111.76958,13906.368607,4847.549588,0.0,1670.4857,1831.119329,0,4333.533503,5596.408308,110283.139439,72596.653494,844838.70368,1064.58483,22928.911316,1124546.592289
2024-06-01,Monthly,Skim Perbankan Islam (SPI) / Islamic Banking Scheme (IBS),23.399741,52.633397,9.545588,66.0,2692.999732,127.979416,483.438104,0.0,400.0,843.051038,0,0.0,109.809556,5463.731833,3487.821991,9810.850688,9.140328,1991.630021,25572.031433
2024-06-01,Monthly,Jumlah / Total,3097.282291,574.064086,18.495398,14999.101866,24804.769312,14034.348023,5330.987692,0.0,2070.4857,2674.170367,0,4333.533503,5706.217864,115746.871272,76084.475485,854649.554368,1073.725158,24920.541337,1150118.623722
2024-07-01,Monthly,Bank-bank Islam / Islamic Banks,2380.542713,358.783278,4.386173,14820.015936,22942.662639,15235.518431,4081.502855,50.0,3109.452264,2004.404956,0,3583.125517,5373.283765,110973.724343,72472.250247,849141.076183,1081.376335,28122.760245,1135734.86588
2024-07-01,Monthly,Skim Perbankan Islam (SPI) / Islamic Banking Scheme (IBS),19.207576,43.540475,12.054984,85.0,2991.025577,5.726386,291.450358,0.0,550.0,841.6252,0,0.0,110.115596,5247.935075,3584.74042,9719.133993,8.981377,1880.950669,25391.487686
2024-07-01,Monthly,Jumlah / Total,2399.750289,402.323753,16.441157,14905.015936,25933.688216,15241.244817,4372.953213,50.0,3659.452264,2846.030156,0,3583.125517,5483.399361,116221.659418,76056.990667,858860.210176,1090.357712,30003.710914,1161126.353566
2024-08-01,Monthly,Bank-bank Islam / Islamic Banks,2410.753227,464.217527,2.117496,15046.61162,21062.842378,17610.153422,5067.435314,235.0,3041.204553,1434.326247,0,4575.689695,4498.331021,109583.202224,72798.627166,854841.083446,1082.897715,31566.883173,1145321.376224
2024-08-01,Monthly,Skim Perbankan Islam (SPI) / Islamic Banking Scheme (IBS),18.717976,44.357651,10.839838,86.0,2484.03642,184.351375,706.112077,0.0,500.0,819.250818,0,0.0,110.415533,4910.081412,3638.441576,9584.703185,8.822427,2103.036824,25209.167112
2024-08-01,Monthly,Jumlah / Total,2429.471203,508.575178,12.957334,15132.61162,23546.878798,17794.504797,5773.547391,235.0,3541.204553,2253.577065,0,4575.689695,4608.746554,114493.283636,76437.068742,864425.786631,1091.720142,33669.919997,1170530.543336
2024-09-01,Monthly,Bank-bank Islam / Islamic Banks,3270.890184,511.881651,2.20344,14940.927624,16659.962151,16197.121156,4455.103501,40.003375,3867.665187,1851.362481,0,4479.94774,4392.080541,110314.035186,73574.153704,859696.503207,1085.558381,33903.355753,1149242.755262
2024-09-01,Monthly,Skim Perbankan Islam (SPI) / Islamic Banking Scheme (IBS),20.229445,50.408678,16.216292,81.5,2751.024405,111.423952,539.351232,0.0,500.0,782.66629,0,198.030617,0.0,4850.52462,3523.751615,9902.12391,8.663476,2022.442908,25358.35744
2024-09-01,Monthly,Jumlah / Total,3291.119629,562.290329,18.419732,15022.427624,19410.986556,16308.545108,4994.454733,40.003375,4367.665187,2634.028771,0,4677.978357,4392.080541,115164.559806,77097.905319,869598.627117,1094.221857,35925.798661,1174601.112702
2024-10-01,Monthly,Bank-bank Islam / Islamic Banks,3244.900006,364.462542,1.548337,15073.605454,18959.378571,17997.086705,5362.230874,120.0,4383.565065,1777.836875,0,4613.626399,5268.115439,106330.934494,73748.313781,867261.196151,1088.410013,29201.791143,1154797.001849
2024-10-01,Monthly,Skim Perbankan Islam (SPI) / Islamic Banking Scheme (IBS),16.952105,49.631125,10.148321,76.5,2921.049226,5.56623,827.66151,0.0,550.0,864.052175,0,198.66305,197.32926,4806.275944,3360.169713,9974.995815,8.504525,2370.610517,26238.109516
2024-10-01,Monthly,Jumlah / Total,3261.852111,414.093667,11.696658,15150.105454,21880.427797,18002.652935,6189.892384,120.0,4933.565065,2641.88905,0,4812.289449,5465.444699,111137.210438,77108.483494,877236.191966,1096.914538,31572.40166,1181035.111365
2024-11-01,Monthly,Bank-bank Islam / Islamic Banks,2022.013349,453.112147,1.799797,15018.207319,24834.851724,19836.55234,4927.555669,52.0,4907.955556,1928.083501,0,3935.718739,4764.112683,109552.025166,75765.963428,873182.154979,1098.571823,30177.580014,1172458.258234
2024-11-01,Monthly,Skim Perbankan Islam (SPI) / Islamic Banking Scheme (IBS),18.628808,44.980807,10.211879,81.5,2400.535518,-8.466602,557.71866,0.0,535.2,880.334306,0,199.231914,197.859726,5268.955238,3108.64896,9933.742935,8.345574,2583.509534,25820.937257
2024-11-01,Monthly,Jumlah / Total,2040.642157,498.092954,12.011676,15099.707319,27235.387242,19828.085738,5485.274329,52.0,5443.155556,2808.417807,0,4134.950653,4961.972409,114820.980404,78874.612388,883115.897914,1106.917397,32761.089548,1198279.195491
2024-12-01,Monthly,Bank-bank Islam / Islamic Banks,3018.287401,918.123408,3.450018,15181.966313,31585.84535,25198.80635,2933.636465,25.0,2764.250161,1769.505113,0,4126.826231,3971.217592,109938.781208,76194.286763,882696.167701,1104.849764,28017.576455,1189448.576293
2024-12-01,Monthly,Skim Perbankan Islam (SPI) / Islamic Banking Scheme (IBS),22.011655,48.503263,12.289815,74.5,2853.999302,339.808936,349.691562,0.0,400.0,874.78406,0,199.829057,198.382055,5571.838668,3109.352967,9572.819592,8.186624,2704.577184,26340.57474
2024-12-01,Monthly,Jumlah / Total,3040.299056,966.626671,15.739833,15256.466313,34439.844652,25538.615286,3283.328027,25.0,3164.250161,2644.289173,0,4326.655288,4169.599647,115510.619876,79303.63973,892268.987293,1113.036388,30722.153639,1215789.151033
2025-01-01,Monthly,Bank-bank Islam / Islamic Banks,3491.848538,582.131092,1.803835,15226.127556,17388.088776,26421.335704,3840.699468,40.0,2729.627415,1598.448387,0,4076.409139,4051.065032,109740.806898,76238.411587,887042.95152,1105.013997,29568.239533,1183143.008477
2025-01-01,Monthly,Skim Perbankan Islam (SPI) / Islamic Banking Scheme (IBS),21.413113,49.063975,15.626938,68.5,2101.013313,221.232429,466.152384,0.0,435.0,879.00739,0,0.0,99.468329,4873.82804,3110.852192,9828.182442,8.027673,2599.710197,24777.078415
2025-01-01,Monthly,Jumlah / Total,3513.261651,631.195067,17.430773,15294.627556,19489.102089,26642.568133,4306.851852,40.0,3164.627415,2477.455777,0,4076.409139,4150.533361,114614.634938,79349.263779,896871.133962,1113.04167,32167.94973,1207920.086892
2025-02-01,Monthly,Bank-bank Islam / Islamic Banks,2975.31421,530.549287,2.329266,15272.058608,24890.622769,28477.424738,5724.477279,40.0,2885.082787,1902.991586,0,4674.8557,4077.276758,111721.878782,76489.679475,891475.070374,1095.344777,30255.94172,1202490.898116
2025-02-01,Monthly,Skim Perbankan Islam (SPI) / Islamic Banking Scheme (IBS),632.195557,49.140698,17.012645,85.5,3475.015644,178.41979,501.067233,0.0,526.9,905.556194,0,0.0,99.707041,4418.676984,3146.503437,9401.458039,7.868722,1972.640754,25417.662738
2025-02-01,Monthly,Jumlah / Total,3607.509767,579.689985,19.341911,15357.558608,28365.638413,28655.844528,6225.544512,40.0,3411.982787,2808.54778,0,4674.8557,4176.983799,116140.555766,79636.182912,900876.528413,1103.213499,32228.582474,1227908.560854
2025-03-01,Monthly,Bank-bank Islam / Islamic Banks,3109.401361,714.90432,2.181209,15308.094261,21289.294033,19778.55127,4762.969332,20.0,2483.717908,2351.427976,0,7808.845609,4694.335119,110171.851202,76474.521622,898896.514671,1094.058942,30823.032949,1199783.701784
2025-03-01,Monthly,Skim Perbankan Islam (SPI) / Islamic Banking Scheme (IBS),626.191791,55.532341,13.832789,70.51,4896.999364,326.378324,547.789863,0.0,200.0,913.455728,0,0.0,99.974397,4504.884878,3103.835627,9438.879752,7.713541,1710.431131,26516.409526
2025-03-01,Monthly,Jumlah / Total,3735.593152,770.436661,16.013998,15378.604261,26186.293397,20104.929594,5310.759195,20.0,2683.717908,3264.883704,0,7808.845609,4794.309516,114676.73608,79578.357249,908335.394423,1101.772483,32533.46408,1226300.11131
2025-04-01,Monthly,Bank-bank Islam / Islamic Banks,2419.335342,535.363856,2.957345,15481.705603,21153.813484,24192.021579,5471.845047,0.0,2718.567614,1663.826185,0,6863.472392,3947.656644,113022.61498,78382.911658,901847.299646,1092.143614,30778.308117,1209573.843106
2025-04-01,Monthly,Skim Perbankan Islam (SPI) / Islamic Banking Scheme (IBS),983.905193,51.787942,14.125323,51.6,5451.014095,41.335104,717.513616,40.0,430.0,900.309617,0,0.0,0.0,4343.29528,3143.287581,9461.769795,7.554479,1875.081457,27512.579482
2025-04-01,Monthly,Jumlah / Total,3403.240535,587.151798,17.082668,15533.305603,26604.827579,24233.356683,6189.358663,40.0,3148.567614,2564.135802,0,6863.472392,3947.656644,117365.91026,81526.199239,911309.069441,1099.698093,32653.389574,1237086.422588
2025-05-01,Monthly,Bank-bank Islam / Islamic Banks,2870.284475,518.9674,1.847224,7974.127623,25374.60216,26703.466293,4852.626009,223.50686,5403.454124,1700.373624,0,6769.607295,3343.161375,113384.856096,78489.27253,907583.759371,1108.123335,33289.647477,1219591.683271
2025-05-01,Monthly,Skim Perbankan Islam (SPI) / Islamic Banking Scheme (IBS),889.174272,51.3827,14.282124,23.0,6077.080304,129.502348,385.541342,0.0,718.4,934.499851,0,0.0,0.0,4064.202553,2986.980205,10138.674731,7.395425,1673.791577,28093.907432
2025-05-01,Monthly,Jumlah / Total,3759.458747,570.3501,16.129348,7997.127623,31451.682464,26832.968641,5238.167351,223.50686,6121.854124,2634.873475,0,6769.607295,3343.161375,117449.058649,81476.252735,917722.434102,1115.51876,34963.439054,1247685.590703
2025-06-01,Monthly,Bank-bank Islam / Islamic Banks,3043.475888,520.386704,6.565093,7856.788665,19972.252049,29826.12621,5785.452152,335.0,4600.138702,1616.346957,0,6968.077342,2735.670877,114215.389044,80111.018587,912417.506764,1108.372808,40114.684362,1231233.252204
2025-06-01,Monthly,Skim Perbankan Islam (SPI) / Islamic Banking Scheme (IBS),1385.359277,77.897446,15.261604,23.5,5674.999912,15.258107,487.692712,30.0,747.25,1029.51791,0,0.0,0.0,3962.664814,2926.864005,10049.311325,7.236372,1774.115445,28206.928929
2025-06-01,Monthly,Jumlah / Total,4428.835165,598.28415,21.826697,7880.288665,25647.251961,29841.384317,6273.144864,365.0,5347.388702,2645.864867,0,6968.077342,2735.670877,118178.053858,83037.882592,922466.818089,1115.60918,41888.799807,1259440.181133
2025-07-01,Monthly,Bank-bank Islam / Islamic Banks,2182.042204,371.050578,1.510361,7795.425683,28503.752316,29143.920849,4888.299812,269.060219,5947.16403,1361.575075,0,6109.217535,2533.122845,115396.472406,81575.430955,919779.239217,1110.881035,34059.05924,1241027.22436
2025-07-01,Monthly,Skim Perbankan Islam (SPI) / Islamic Banking Scheme (IBS),1129.572815,41.806153,27.368747,23.5,5542.007443,17.598079,529.502223,0.0,1100.0,1004.701263,0,0.0,49.544021,4550.878202,2862.730268,9884.770375,7.081139,2062.52856,28833.589288
2025-07-01,Monthly,Jumlah / Total,3311.615019,412.856731,28.879108,7818.925683,34045.759759,29161.518928,5417.802035,269.060219,7047.16403,2366.276338,0,6109.217535,2582.666866,119947.350608,84438.161223,929664.009592,1117.962174,36121.5878,1269860.813648
2025-08-01,Monthly,Bank-bank Islam / Islamic Banks,2313.423546,891.161603,6.810745,7844.219505,19011.837989,30942.26545,6137.715288,284.626904,5593.068001,1289.048783,0,4631.777328,2685.305371,114361.7742,82822.822397,925540.221729,1134.425892,31712.892037,1237203.396768
2025-08-01,Monthly,Skim Perbankan Islam (SPI) / Islamic Banking Scheme (IBS),988.939629,42.183006,26.587685,21.5,3659.032642,713.376321,669.802264,0.0,1160.0,1173.997886,0,0.0,49.673671,4526.682339,2584.899697,9622.086551,6.921976,1845.78481,27091.468477
2025-08-01,Monthly,Jumlah / Total,3302.363175,933.344609,33.39843,7865.719505,22670.870631,31655.641771,6807.517552,284.626904,6753.068001,2463.046669,0,4631.777328,2734.979042,118888.456539,85407.722094,935162.30828,1141.347868,33558.676847,1264294.865245
2025-09-01,Monthly,Bank-bank Islam / Islamic Banks,2156.781206,1511.008234,10.040788,7933.420687,27193.036743,28447.37936,4345.168147,93.0,3908.941609,1330.038011,0,5424.227242,2628.666445,114050.590723,83307.035006,931437.065961,1135.838183,33156.533948,1248068.772293
2025-09-01,Monthly,Skim Perbankan Islam (SPI) / Islamic Banking Scheme (IBS),592.295862,32.894337,25.261514,24.5,2219.001512,22.693808,657.432675,0.0,652.0,1300.939373,0,0.0,49.785205,6180.6127,2519.311813,9704.788388,6.762813,1738.4612,25726.7412
2025-09-01,Monthly,Jumlah / Total,2749.077068,1543.902571,35.302302,7957.920687,29412.038255,28470.073168,5002.600822,93.0,4560.941609,2630.977384,0,5424.227242,2678.45165,120231.203423,85826.346819,941141.854349,1142.600996,34894.995148,1273795.513493
2025-10-01,Monthly,Bank-bank Islam / Islamic Banks,3067.914156,560.984699,98.786934,7878.531186,24053.792476,27827.058623,4145.469186,47.0,4028.130109,1360.410915,0,4579.430363,3895.339984,108241.198784,84636.813604,940371.359015,1136.371029,33272.117415,1249200.708478
2025-10-01,Monthly,Skim Perbankan Islam (SPI) / Islamic Banking Scheme (IBS),523.907081,14.531673,38.497183,46.5,2958.014317,106.708911,649.463014,40.0,895.8,1300.865796,0,0.0,444.054973,6294.270785,2482.459169,9843.621424,6.603652,1713.086048,27358.384026
2025-10-01,Monthly,Jumlah / Total,3591.821237,575.516372,137.284117,7925.031186,27011.806793,27933.767534,4794.9322,87.0,4923.930109,2661.276711,0,4579.430363,4339.394957,114535.469569,87119.272773,950214.980439,1142.974681,34985.203463,1276559.092504
2025-11-01,Monthly,Bank-bank Islam / Islamic Banks,3958.17097,800.59578,10.713051,7989.142409,17404.824984,27242.542315,3922.030265,44.0,4051.419865,1439.046307,0,4828.930532,2750.283012,108706.274515,86813.154399,944136.686186,1154.089763,37372.953562,1252624.857915
2025-11-01,Monthly,Skim Perbankan Islam (SPI) / Islamic Banking Scheme (IBS),1142.042393,11.421328,24.445319,40.5,3582.014455,267.831929,811.876219,0.0,863.1,1327.165596,0,0.0,194.817973,6400.208177,2280.457842,9475.398499,6.44449,1493.677456,27921.401676
2025-11-01,Monthly,Jumlah / Total,5100.213363,812.017108,35.15837,8029.642409,20986.839439,27510.374244,4733.906484,44.0,4914.519865,2766.211903,0,4828.930532,2945.100985,115106.482692,89093.612241,953612.084685,1160.534253,38866.631018,1280546.259591
2025-12-01,Monthly,Bank-bank Islam / Islamic Banks,2247.655688,759.997032,11.268638,8028.610525,24894.759331,26347.135957,5605.022802,353.9,3049.090089,1283.859575,0,3883.243238,2407.864419,108181.151214,87426.835091,953766.412592,1157.578443,38640.396664,1268044.781298
2025-12-01,Monthly,Skim Perbankan Islam (SPI) / Islamic Banking Scheme (IBS),1152.159925,13.427202,29.820171,38.0,3593.02807,62.695641,622.676668,90.0,629.0,1511.440749,0,0.0,195.300384,6405.034399,2280.876429,9442.872878,6.288007,1918.382552,27991.003075
2025-12-01,Monthly,Jumlah / Total,3399.815613,773.424234,41.088809,8066.610525,28487.787401,26409.831598,6227.69947,443.9,3678.090089,2795.300324,0,3883.243238,2603.164803,114586.185613,89707.71152,963209.28547,1163.86645,40558.779216,1296035.784373
2026-01-01,Monthly,Bank-bank Islam / Islamic Banks,3824.812047,838.098995,17.759941,8137.003751,20244.949247,26856.610212,8307.512988,50.0,4401.197912,1388.338077,0,3857.25148,2067.435521,111688.380107,87097.769319,957422.32674,1188.779378,42367.656661,1279755.882376
2026-01-01,Monthly,Skim Perbankan Islam (SPI) / Islamic Banking Scheme (IBS),1350.375988,13.477675,30.618835,43.0,2745.022179,84.811072,770.642884,0.0,690.0,1322.70649,0,0.0,195.782795,6862.158355,2293.578455,9724.540943,6.1288,2099.764537,28232.609008
2026-01-01,Monthly,Jumlah / Total,5175.188035,851.57667,48.378776,8180.003751,22989.971426,26941.421284,9078.155872,50.0,5091.197912,2711.044567,0,3857.25148,2263.218316,118550.538462,89391.347774,967146.867683,1194.908178,44467.421198,1307988.491384
2026-02-01,Monthly,Bank-bank Islam / Islamic Banks,5075.456053,843.393267,12.385207,8145.973723,19314.262096,31080.573627,8102.486252,44.0,5407.498337,1455.654933,0,4457.909739,2172.448779,112598.966796,88593.970852,964961.366109,1179.230623,39428.315746,1292873.892139
2026-02-01,Monthly,Skim Perbankan Islam (SPI) / Islamic Banking Scheme (IBS),1039.674746,11.717084,30.313433,41.0,2785.014906,503.88011,610.183356,50.0,750.0,1388.291758,0,0.0,196.231836,6946.582059,2264.630146,9538.121461,5.969592,2884.963701,29046.574188
2026-02-01,Monthly,Jumlah / Total,6115.130799,855.110351,42.69864,8186.973723,22099.277002,31584.453737,8712.669608,94.0,6157.498337,2843.946691,0,4457.909739,2368.680615,119545.548855,90858.600998,974499.48757,1185.200215,42313.279447,1321920.466327
2026-03-01,Monthly,Bank-bank Islam / Islamic Banks,5298.702141,1336.147099,8.618998,8581.14878,18692.526027,27452.561166,5448.802227,135.7,5138.18025,1151.804047,0,4379.707736,2688.020567,108326.987938,90448.621333,971478.871357,1174.352418,39311.151802,1291051.903886
2026-03-01,Monthly,Skim Perbankan Islam (SPI) / Islamic Banking Scheme (IBS),715.362663,12.804821,29.775361,35.0,4525.032556,503.007602,684.507873,0.0,900.0,1478.57928,0,0.0,196.561534,6454.142699,2253.954679,10101.474097,5.810384,2616.188987,30512.202536
2026-03-01,Monthly,Jumlah / Total,6014.064804,1348.95192,38.394359,8616.14878,23217.558583,27955.568768,6133.3101,135.7,6038.18025,2630.383327,0,4379.707736,2884.582101,114781.130637,92702.576012,981580.345454,1180.162802,41927.340789,1321564.106422
2026-04-01,Monthly,Bank-bank Islam / Islamic Banks,4472.540106,908.818416,14.44019,8341.936278,24444.219254,19089.026161,7470.003293,194.0,3399.498337,1696.466477,0,4104.153955,3159.265501,109962.75582,93058.103609,976611.37411,1182.675693,39367.199378,1297476.476578
2026-04-01,Monthly,Skim Perbankan Islam (SPI) / Islamic Banking Scheme (IBS),710.289045,10.899801,28.533842,43.0,3746.014821,695.224379,622.886027,0.0,615.0,1439.529132,0,0.0,197.018192,6333.282297,2162.595049,10674.757706,5.651175,2838.937792,30123.619258
2026-04-01,Monthly,Jumlah / Total,5182.829151,919.718217,42.974032,8384.936278,28190.234075,19784.25054,8092.88932,194.0,4014.498337,3135.995609,0,4104.153955,3356.283693,116296.038117,95220.698658,987286.131816,1188.326868,42206.13717,1327600.095836
