date,frequency,ibs_deposits_by_type_holder,federal_government,state_government,statutory_agency,financial_institution,business_enterprises,individuals,rm_special_investment_others,rm_special_investment_total,fx_special_investment_federal_gov,fx_special_investment_state_gov,fx_special_investment_statutory,fx_special_investment_financial_inst,fx_special_investment_business,fx_special_investment_individuals,fx_special_investment_others,fx_special_investment_total,rm_general_investment_federal_gov,rm_general_investment_state_gov,rm_general_investment_statutory,rm_general_investment_financial_inst,rm_general_investment_business,rm_general_investment_individuals,rm_general_investment_others,rm_general_investment_total,fx_general_investment_federal_gov,fx_general_investment_state_gov,fx_general_investment_statutory,fx_general_investment_financial_inst,fx_general_investment_business,fx_general_investment_individuals,fx_general_investment_others,fx_general_investment_total,rm_demand_federal_gov,rm_demand_state_gov,rm_demand_statutory,rm_demand_financial_inst,rm_demand_business,rm_demand_individuals,rm_demand_others,rm_demand_total,fx_demand_federal_gov,fx_demand_state_gov,fx_demand_statutory,fx_demand_financial_inst,fx_demand_business,fx_demand_individuals,fx_demand_others,fx_demand_total,rm_saving_financial_inst,rm_saving_individuals,rm_saving_others,rm_saving_total,fx_saving_financial_inst,fx_saving_individuals,fx_saving_others,fx_saving_total,rm_nids_federal_gov,rm_nids_state_gov,rm_nids_statutory,rm_nids_financial_inst,rm_nids_business,rm_nids_individuals,rm_nids_others,rm_nids_total,rm_tawarruq_federal_gov,rm_tawarruq_state_gov,rm_tawarruq_statutory,rm_tawarruq_financial_inst,rm_tawarruq_business,rm_tawarruq_individuals,rm_tawarruq_others,rm_tawarruq_total,fx_tawarruq_federal_gov,fx_tawarruq_state_gov,fx_tawarruq_statutory,fx_tawarruq_financial_inst,fx_tawarruq_business,fx_tawarruq_individuals,fx_tawarruq_others,fx_tawarruq_total,rm_others_federal_gov,rm_others_state_gov,rm_others_statutory,rm_others_financial_inst,rm_others_business,rm_others_individuals,rm_others_others,rm_others_total,fx_others_federal_gov,fx_others_state_gov,fx_others_statutory,fx_others_financial_inst,fx_others_business,fx_others_individuals,fx_others_others,fx_others_total
2007-01-01,Monthly,Bank-bank Islam / Islamic Banks,213.426,235.4,1259.704,2387.549,7946.987,8.272,78.178,12129.516,0,0,0,0.0,0.0,0,0,0.0,1483.052,1992.549,3614.705,2856.441,6787.653,1781.447,1870.405,20386.252,0,0,0,0.0,0.0,1.27,0.0,1.27,1256.966,1110.245,871.582,1326.484,5398.461,971.555,1267.903,12203.196,0.0,0.0,0.0,5.508,3.194,0.166,75.744,84.612,3.048,4797.482,202.054,5002.584,0.0,0.0,0.0,0.0,169.125,0.0,180.886,4619.889,1494.985,1.164,0.0,6466.049,0.0,0.0,0.0,0.0,0.0,0.0,0.0,0.0,0.0,0.0,0.0,0.0,0.0,0.0,0.0,0.0,0.111,0.0,0.0,600.245,729.402,21.396,3.879,1355.033,0.0,0,0.0,0.0,0.732,0.0,380.255,380.987
2007-01-01,Monthly,Bank-bank Perdagangan (SPI) / IBS of Commercial Banks,0.0,0.0,0.0,0.0,0.0,0.0,0.0,0.0,0,0,0,0.0,0.0,0,0,0.0,527.275,654.681,1565.628,2896.685,5929.33,1841.237,384.435,13799.271,0,0,0,0.0,0.0,0.0,0.0,0.0,558.857,242.596,280.481,283.514,3439.062,1911.747,486.925,7203.182,0.0,0.0,0.0,0.0,0.0,0.0,0.0,0.0,0.698,6199.925,255.764,6456.387,0.0,0.0,0.0,0.0,0.0,0.0,0.0,5888.729,1134.747,0.0,0.0,7023.476,0.0,0.0,0.0,0.0,0.0,0.0,0.0,0.0,0.0,0.0,0.0,0.0,0.0,0.0,0.0,0.0,6.842,0.0,35.124,547.327,569.601,0.0,0.0,1158.894,0.0,0,0.0,0.0,0.0,0.0,0.0,0.0
2007-01-01,Monthly,Bank-bank Pelaburan (Saudagar) SPI / IBS of Investment (Merchant) Banks,62.775,0.0,21.764,102.565,243.456,0.0,98.917,529.477,0,0,0,0.0,0.0,0,0,0.0,107.5,1.001,267.475,1211.515,1099.409,0.0,50.51,2737.41,0,0,0,0.0,0.0,0.0,0.0,0.0,0.0,0.0,0.0,0.0,0.0,0.0,0.0,0.0,0.0,0.0,0.0,0.0,0.0,0.0,0.0,0.0,0.0,0.0,0.0,0.0,0.0,0.0,0.0,0.0,0.0,0.0,0.0,78.338,0.0,0.0,0.0,78.338,0.0,0.0,0.0,0.0,0.0,0.0,0.0,0.0,0.0,0.0,0.0,0.0,0.0,0.0,0.0,0.0,0.0,0.0,0.0,59.169,26.668,0.0,6.715,92.552,0.0,0,0.0,0.0,0.0,0.0,0.0,0.0
2007-01-01,Monthly,Jumlah/ Total,276.201,235.4,1281.468,2490.114,8190.443,8.272,177.095,12658.993,0,0,0,0.0,0.0,0,0,0.0,2117.827,2648.231,5447.808,6964.641,13816.392,3622.684,2305.35,36922.933,0,0,0,0.0,0.0,1.27,0.0,1.27,1815.823,1352.841,1152.063,1609.998,8837.523,2883.302,1754.828,19406.378,0.0,0.0,0.0,5.508,3.194,0.166,75.744,84.612,3.746,10997.407,457.818,11458.971,0.0,0.0,0.0,0.0,169.125,0.0,180.886,10586.956,2629.732,1.164,0.0,13567.863,0.0,0.0,0.0,0.0,0.0,0.0,0.0,0.0,0.0,0.0,0.0,0.0,0.0,0.0,0.0,0.0,6.953,0.0,35.124,1206.741,1325.671,21.396,10.594,2606.479,0.0,0,0.0,0.0,0.732,0.0,380.255,380.987
2007-02-01,Monthly,Bank-bank Islam / Islamic Banks,235.013,235.502,1338.59,3880.29,7445.549,9.574,88.512,13233.03,0,0,0,0.0,0.0,0,0,0.0,1345.962,2236.33,3513.649,2734.92,6594.868,1876.832,1858.585,20161.146,0,0,0,0.0,0.0,1.276,0.0,1.276,1405.871,1195.354,1074.068,1325.328,4445.443,957.513,1285.799,11689.376,0.0,0.0,0.0,6.992,4.017,0.41,68.979,80.398,3.239,4820.951,203.076,5027.266,0.0,0.0,0.0,0.0,218.22,0.0,181.923,4827.71019,1337.415,1.164,0.0,6566.43219,0.0,0.0,0.0,0.0,0.0,0.0,0.0,0.0,0.0,0.0,0.0,0.0,0.0,0.0,0.0,0.0,0.114,101.35,92.8,688.306,844.03,306.959,17.389,2050.948,0.0,0,0.0,0.0,10.16,0.0,367.901,378.061
2007-02-01,Monthly,Bank-bank Perdagangan (SPI) / IBS of Commercial Banks,0.0,0.0,0.0,0.0,0.0,0.0,0.0,0.0,0,0,0,0.0,0.0,0,0,0.0,502.424,654.735,1602.247,2858.345,6059.7,1826.461,373.929,13877.841,0,0,0,0.0,0.0,0.0,0.0,0.0,614.058,236.229,377.627,389.545,3298.19,1965.437,467.275,7348.361,0.0,0.0,0.0,0.0,0.0,0.0,0.0,0.0,0.661,6394.478,263.836,6658.975,0.0,0.0,0.0,0.0,0.0,0.0,0.0,5681.616,831.594,0.0,0.0,6513.21,0.0,0.0,0.0,0.0,0.0,0.0,0.0,0.0,0.0,0.0,0.0,0.0,0.0,0.0,0.0,0.0,6.901,0.0,34.212,616.965,595.61,0.0,0.0,1253.688,0.0,0,0.0,0.0,0.0,0.0,0.0,0.0
2007-02-01,Monthly,Bank-bank Pelaburan (Saudagar) SPI / IBS of Investment (Merchant) Banks,74.116,0.0,58.754,103.372,253.973,0.0,77.566,567.781,0,0,0,0.0,0.0,0,0,0.0,60.0,2.923,256.465,1436.807,1018.255,0.0,49.555,2824.005,0,0,0,0.0,0.0,0.0,0.0,0.0,0.0,0.0,0.0,0.0,0.0,0.0,0.0,0.0,0.0,0.0,0.0,0.0,0.0,0.0,0.0,0.0,0.0,0.0,0.0,0.0,0.0,0.0,0.0,0.0,0.0,0.0,0.0,78.338,0.0,0.0,0.0,78.338,0.0,0.0,0.0,0.0,0.0,0.0,0.0,0.0,0.0,0.0,0.0,0.0,0.0,0.0,0.0,0.0,0.0,0.0,0.0,92.157,27.515,0.0,8.858,128.53,0.0,0,0.0,0.0,0.0,0.0,0.0,0.0
2007-02-01,Monthly,Jumlah/ Total,309.129,235.502,1397.344,3983.662,7699.522,9.574,166.078,13800.811,0,0,0,0.0,0.0,0,0,0.0,1908.386,2893.988,5372.361,7030.072,13672.823,3703.293,2282.069,36862.992,0,0,0,0.0,0.0,1.276,0.0,1.276,2019.929,1431.583,1451.695,1714.873,7743.633,2922.95,1753.074,19037.737,0.0,0.0,0.0,6.992,4.017,0.41,68.979,80.398,3.9,11215.429,466.912,11686.241,0.0,0.0,0.0,0.0,218.22,0.0,181.923,10587.66419,2169.009,1.164,0.0,13157.98019,0.0,0.0,0.0,0.0,0.0,0.0,0.0,0.0,0.0,0.0,0.0,0.0,0.0,0.0,0.0,0.0,7.015,101.35,127.012,1397.428,1467.155,306.959,26.247,3433.166,0.0,0,0.0,0.0,10.16,0.0,367.901,378.061
2007-03-01,Monthly,Bank-bank Islam / Islamic Banks,253.235,232.011,1648.074,4057.28,8175.693,9.28,106.688,14482.261,0,0,0,0.0,0.0,0,0,0.0,1357.278,2348.688,3786.15,2806.667,6525.276,2042.451,1911.752,20778.262,0,0,0,0.0,0.0,1.264,0.0,1.264,1328.023,1015.105,1137.836,1306.244,4561.017,1037.434,1467.7,11853.359,0.0,0.0,0.0,1.654,3.192,0.171,94.229,99.246,3.377,4916.43,207.394,5127.201,0.0,0.0,0.0,0.0,246.27,0.0,192.918,4641.11517,888.468,0.0,0.0,5968.77117,0.0,0.0,0.0,0.0,0.0,0.0,0.0,0.0,0.0,0.0,0.0,0.0,0.0,0.0,0.0,0.0,0.141,101.35,102.8,740.68,862.218,313.962,17.371,2138.522,0.0,0,0.0,0.0,10.023,0.0,272.33,282.353
2007-03-01,Monthly,Bank-bank Perdagangan (SPI) / IBS of Commercial Banks,0.0,0.0,0.0,0.0,0.0,0.0,0.0,0.0,0,0,0,0.0,0.0,0,0,0.0,508.741,637.987,1638.122,2829.516,6312.433,1781.22,369.623,14077.642,0,0,0,0.0,0.0,0.0,0.0,0.0,617.011,246.799,283.498,299.42,3209.356,1953.767,458.158,7068.009,0.0,0.0,0.0,0.0,0.0,0.0,0.0,0.0,0.618,6373.127,266.479,6640.224,0.0,0.0,0.0,0.0,0.0,0.0,0.0,6704.632,538.052,0.0,0.0,7242.684,0.0,0.0,0.0,0.0,0.0,0.0,0.0,0.0,0.0,0.0,0.0,0.0,0.0,0.0,0.0,0.0,6.536,0.0,22.34,755.356,600.064,0.0,0.0,1384.296,0.0,0,0.0,0.0,0.0,0.0,0.0,0.0
2007-03-01,Monthly,Bank-bank Pelaburan (Saudagar) SPI / IBS of Investment (Merchant) Banks,69.675,5.0,50.158,129.95,226.237,0.0,81.983,563.003,0,0,0,0.0,0.0,0,0,0.0,44.0,0.0,266.199,1560.641,1039.967,0.0,64.638,2975.445,0,0,0,0.0,0.0,0.0,0.0,0.0,0.0,0.0,0.0,0.0,0.0,0.0,0.0,0.0,0.0,0.0,0.0,0.0,0.0,0.0,0.0,0.0,0.0,0.0,0.0,0.0,0.0,0.0,0.0,0.0,0.0,0.0,0.0,78.338,0.0,0.0,0.0,78.338,0.0,0.0,0.0,0.0,0.0,0.0,0.0,0.0,0.0,0.0,0.0,0.0,0.0,0.0,0.0,0.0,0.0,0.0,0.0,89.372,30.793,0.0,12.158,132.323,0.0,0,0.0,0.0,0.0,0.0,0.0,0.0
2007-03-01,Monthly,Jumlah/ Total,322.91,237.011,1698.232,4187.23,8401.93,9.28,188.671,15045.264,0,0,0,0.0,0.0,0,0,0.0,1910.019,2986.675,5690.471,7196.824,13877.676,3823.671,2346.013,37831.349,0,0,0,0.0,0.0,1.264,0.0,1.264,1945.034,1261.904,1421.334,1605.664,7770.373,2991.201,1925.858,18921.368,0.0,0.0,0.0,1.654,3.192,0.171,94.229,99.246,3.995,11289.557,473.873,11767.425,0.0,0.0,0.0,0.0,246.27,0.0,192.918,11424.08517,1426.52,0.0,0.0,13289.79317,0.0,0.0,0.0,0.0,0.0,0.0,0.0,0.0,0.0,0.0,0.0,0.0,0.0,0.0,0.0,0.0,6.677,101.35,125.14,1585.408,1493.075,313.962,29.529,3655.141,0.0,0,0.0,0.0,10.023,0.0,272.33,282.353
2007-04-01,Monthly,Bank-bank Islam / Islamic Banks,229.764,323.511,1930.004,3978.993,8702.495,9.289,104.025,15278.081,0,0,0,0.0,0.0,0,0,0.0,1440.49,2589.772,3581.132,2833.384,6584.272,2062.422,1912.411,21003.883,0,0,0,0.0,0.0,1.153,0.0,1.153,1436.384,1116.684,1055.544,1315.703,4269.792,1080.153,1319.779,11594.039,0.0,0.0,0.0,3.59,3.874,0.275,51.112,58.851,3.508,4900.964,208.441,5112.913,0.0,0.0,0.0,0.0,273.28,0.0,22.084,5409.34072,899.507,0.0,0.0,6604.21172,0.0,0.0,0.0,0.0,0.0,0.0,0.0,0.0,0.0,0.0,0.0,0.0,0.0,0.0,0.0,0.0,0.175,101.35,102.8,748.862,889.614,311.966,17.291,2172.058,0.0,0,0.0,0.0,28.614,0.0,277.906,306.52
2007-04-01,Monthly,Bank-bank Perdagangan (SPI) / IBS of Commercial Banks,0.0,0.0,0.0,0.0,0.0,0.0,0.0,0.0,0,0,0,0.0,0.0,0,0,0.0,505.966,675.162,1600.706,3164.845,6931.545,1787.334,367.74,15033.298,0,0,0,0.0,0.0,0.0,0.0,0.0,660.893,268.945,262.66,323.405,3094.609,1955.467,563.601,7129.58,0.0,0.0,0.0,0.0,0.0,0.0,0.0,0.0,0.56,6478.21,271.465,6750.235,0.0,0.0,0.0,0.0,0.0,0.0,0.0,7090.512,152.301,0.0,0.0,7242.813,0.0,0.0,0.0,0.0,0.0,0.0,0.0,0.0,0.0,0.0,0.0,0.0,0.0,0.0,0.0,0.0,6.627,0.0,46.003,597.981,491.948,0.0,0.0,1142.559,0.0,0,0.0,0.0,0.0,0.0,0.0,0.0
2007-04-01,Monthly,Bank-bank Pelaburan (Saudagar) SPI / IBS of Investment (Merchant) Banks,37.552,0.0,55.386,166.928,271.725,0.0,82.149,613.74,0,0,0,0.0,0.0,0,0,0.0,36.0,10.0,232.696,1736.896,1241.174,0.0,70.628,3327.394,0,0,0,0.0,0.0,0.0,0.0,0.0,0.0,0.0,0.0,0.0,0.0,0.0,0.0,0.0,0.0,0.0,0.0,0.0,0.0,0.0,0.0,0.0,0.0,0.0,0.0,0.0,0.0,0.0,0.0,0.0,0.0,0.0,0.0,98.338,3.25,0.0,0.0,101.588,0.0,0.0,0.0,0.0,0.0,0.0,0.0,0.0,0.0,0.0,0.0,0.0,0.0,0.0,0.0,0.0,0.0,0.0,0.0,130.187,23.517,0.0,11.989,165.693,0.0,0,0.0,0.0,0.0,0.0,0.0,0.0
2007-04-01,Monthly,Jumlah/ Total,267.316,323.511,1985.39,4145.921,8974.22,9.289,186.174,15891.821,0,0,0,0.0,0.0,0,0,0.0,1982.456,3274.934,5414.534,7735.125,14756.991,3849.756,2350.779,39364.575,0,0,0,0.0,0.0,1.153,0.0,1.153,2097.277,1385.629,1318.204,1639.108,7364.401,3035.62,1883.38,18723.619,0.0,0.0,0.0,3.59,3.874,0.275,51.112,58.851,4.068,11379.174,479.906,11863.148,0.0,0.0,0.0,0.0,273.28,0.0,22.084,12598.19072,1055.058,0.0,0.0,13948.61272,0.0,0.0,0.0,0.0,0.0,0.0,0.0,0.0,0.0,0.0,0.0,0.0,0.0,0.0,0.0,0.0,6.802,101.35,148.803,1477.03,1405.079,311.966,29.28,3480.31,0.0,0,0.0,0.0,28.614,0.0,277.906,306.52
2007-05-01,Monthly,Bank-bank Islam / Islamic Banks,191.859,234.08,1815.88,4056.512,8235.116,13.292,58.358,14605.097,0,0,0,0.0,0.0,0,0,0.0,1498.796,2383.583,3711.196,3056.107,7447.05,1995.403,1825.052,21917.187,0,0,0,0.0,0.0,1.161,0.0,1.161,1134.982,1273.939,1156.45,1202.705,4376.763,1064.904,1367.477,11577.22,0.0,0.0,0.0,1.655,2.916,0.141,19.428,24.14,3.575,4927.481,211.078,5142.134,0.0,0.0,0.0,0.0,233.835,0.0,68.051,5641.275,1823.679,0.0,0.0,7766.84,0.0,0.0,0.0,0.0,0.0,0.0,0.0,0.0,0.0,0.0,0.0,0.0,0.0,0.0,0.0,0.0,0.278,101.35,102.801,987.386,1135.867,311.968,16.616,2656.266,0.0,0,0.0,31.463,18.572,0.0,251.735,301.77
2007-05-01,Monthly,Bank-bank Perdagangan (SPI) / IBS of Commercial Banks,0.0,0.0,0.0,0.0,0.0,0.0,0.0,0.0,0,0,0,0.0,0.0,0,0,0.0,506.045,674.66,1566.47,3274.933,7370.778,1787.66,377.523,15558.069,0,0,0,0.0,0.0,0.0,0.0,0.0,545.566,306.931,304.027,1229.3,3019.022,1955.946,507.014,7867.806,0.0,0.0,0.0,0.0,0.0,0.0,0.0,0.0,0.579,6520.012,276.634,6797.225,0.0,0.0,0.0,0.0,0.0,0.0,0.0,7197.752,130.99,0.0,0.0,7328.742,0.0,0.0,0.0,0.0,0.0,0.0,0.0,0.0,0.0,0.0,0.0,0.0,0.0,0.0,0.0,0.0,2.84,0.0,35.723,454.556,426.971,15.6,2.0,937.69,0.0,0,0.0,0.0,0.0,0.0,0.0,0.0
2007-05-01,Monthly,Bank-bank Pelaburan (Saudagar) SPI / IBS of Investment (Merchant) Banks,22.755,0.824,31.686,143.787,357.906,0.0,77.807,634.765,0,0,0,0.0,0.0,0,0,0.0,31.7,15.59,182.76,1378.184,1455.188,0.0,96.925,3160.347,0,0,0,0.0,0.0,0.0,0.0,0.0,0.0,0.0,0.0,0.0,0.0,0.0,0.0,0.0,0.0,0.0,0.0,0.0,0.0,0.0,0.0,0.0,0.0,0.0,0.0,0.0,0.0,0.0,0.0,0.0,0.0,0.0,0.0,98.786,3.25,0.0,0.0,102.036,0.0,0.0,0.0,0.0,0.0,0.0,0.0,0.0,0.0,0.0,0.0,0.0,0.0,0.0,0.0,0.0,0.0,0.0,0.0,168.807,22.371,0.0,9.299,200.477,0.0,0,0.0,0.0,0.0,0.0,0.0,0.0
2007-05-01,Monthly,Jumlah/ Total,214.614,234.904,1847.566,4200.299,8593.022,13.292,136.165,15239.862,0,0,0,0.0,0.0,0,0,0.0,2036.541,3073.833,5460.426,7709.224,16273.016,3783.063,2299.5,40635.603,0,0,0,0.0,0.0,1.161,0.0,1.161,1680.548,1580.87,1460.477,2432.005,7395.785,3020.85,1874.491,19445.026,0.0,0.0,0.0,1.655,2.916,0.141,19.428,24.14,4.154,11447.493,487.712,11939.359,0.0,0.0,0.0,0.0,233.835,0.0,68.051,12937.813,1957.919,0.0,0.0,15197.618,0.0,0.0,0.0,0.0,0.0,0.0,0.0,0.0,0.0,0.0,0.0,0.0,0.0,0.0,0.0,0.0,3.118,101.35,138.524,1610.749,1585.209,327.568,27.915,3794.433,0.0,0,0.0,31.463,18.572,0.0,251.735,301.77
2007-06-01,Monthly,Bank-bank Islam / Islamic Banks,211.667,240.872,2344.627,3670.513,8193.413,11.252,55.662,14728.006,0,0,0,0.0,0.0,0,0,0.0,1574.58,2395.168,3718.483,3212.664,7421.916,1780.918,1560.174,21663.903,0,0,0,0.0,0.0,1.184,0.0,1.184,1718.995,1082.286,866.703,1119.401,5195.277,1083.996,1181.224,12247.882,0.0,0.0,0.0,2.344,3.575,3.633,15.459,25.011,3.646,4930.951,208.877,5143.474,0.0,0.0,0.0,0.0,225.075,0.0,41.433,6129.117,2179.625,0.0,0.0,8575.25,0.0,0.0,0.0,0.0,0.0,0.0,0.0,0.0,0.0,0.0,0.0,0.0,0.0,0.0,0.0,0.0,0.618,101.35,102.801,961.555,1152.229,317.983,16.529,2653.065,0.0,0,0.0,0.0,18.864,0.0,277.662,296.526
2007-06-01,Monthly,Bank-bank Perdagangan (SPI) / IBS of Commercial Banks,0.0,0.0,0.0,0.0,0.0,0.0,0.0,0.0,0,0,0,0.0,0.0,0,0,0.0,498.526,795.917,1568.95,3234.25,7180.538,1800.007,385.377,15463.565,0,0,0,0.0,0.0,0.0,0.0,0.0,766.337,275.936,292.831,281.277,3085.016,2004.946,512.702,7219.045,0.0,0.0,0.0,0.0,0.0,0.0,0.0,0.0,0.659,6598.571,286.895,6886.125,0.0,0.0,0.0,0.0,0.0,0.0,0.0,6391.999,131.168,0.0,0.0,6523.167,0.0,0.0,0.0,0.0,0.0,0.0,0.0,0.0,0.0,0.0,0.0,0.0,0.0,0.0,0.0,0.0,1.602,0.0,19.34,494.268,465.73,15.6,2.0,998.54,0.0,0,0.0,0.0,0.0,0.0,0.0,0.0
2007-06-01,Monthly,Bank-bank Pelaburan (Saudagar) SPI / IBS of Investment (Merchant) Banks,26.874,0.824,36.283,166.411,372.792,0.0,77.964,681.148,0,0,0,0.0,0.0,0,0,0.0,213.0,0.951,164.526,1542.483,1406.109,0.0,35.7,3362.769,0,0,0,0.0,0.0,0.0,0.0,0.0,0.0,0.0,0.0,0.0,0.0,0.0,0.0,0.0,0.0,0.0,0.0,0.0,0.0,0.0,0.0,0.0,0.0,0.0,0.0,0.0,0.0,0.0,0.0,0.0,0.0,0.0,0.0,143.71,5.45,0.0,0.0,149.16,0.0,0.0,0.0,0.0,0.0,0.0,0.0,0.0,0.0,0.0,0.0,0.0,0.0,0.0,0.0,0.0,0.0,0.0,0.0,700.691,29.297,0.0,10.61,740.598,0.0,0,0.0,0.0,0.0,0.0,0.0,0.0
2007-06-01,Monthly,Jumlah/ Total,238.541,241.696,2380.91,3836.924,8566.205,11.252,133.626,15409.154,0,0,0,0.0,0.0,0,0,0.0,2286.106,3192.036,5451.959,7989.397,16008.563,3580.925,1981.251,40490.237,0,0,0,0.0,0.0,1.184,0.0,1.184,2485.332,1358.222,1159.534,1400.678,8280.293,3088.942,1693.926,19466.927,0.0,0.0,0.0,2.344,3.575,3.633,15.459,25.011,4.305,11529.522,495.772,12029.599,0.0,0.0,0.0,0.0,225.075,0.0,41.433,12664.826,2316.243,0.0,0.0,15247.577,0.0,0.0,0.0,0.0,0.0,0.0,0.0,0.0,0.0,0.0,0.0,0.0,0.0,0.0,0.0,0.0,2.22,101.35,122.141,2156.514,1647.256,333.583,29.139,4392.203,0.0,0,0.0,0.0,18.864,0.0,277.662,296.526
2007-07-01,Monthly,Bank-bank Islam / Islamic Banks,278.82,432.872,2585.71,2912.414,9548.012,9.255,62.505,15829.588,0,0,0,0.0,0.0,0,0,0.0,1590.879,2364.009,3688.037,3276.562,7504.087,1789.894,1468.281,21681.749,0,0,0,0.0,0.0,2.778,0.0,2.778,2102.966,1212.48,1342.83,1160.436,4682.972,1064.35,1111.573,12677.607,0.0,0.0,0.0,0.003,6.75,3.65,13.831,24.234,3.719,5205.401,208.74,5417.86,0.0,0.0,0.0,0.0,302.725,0.0,49.543,5713.999,1724.855,0.0,0.0,7791.122,0.0,0.0,0.0,0.0,0.0,0.0,0.0,0.0,0.0,0.0,0.0,0.0,0.0,0.0,0.0,0.0,0.082,101.35,102.801,1189.259,1151.287,311.413,16.448,2872.64,0.0,0,0.0,34.515,0.0,0.0,241.608,276.123
2007-07-01,Monthly,Bank-bank Perdagangan (SPI) / IBS of Commercial Banks,0.0,0.0,0.0,0.0,0.0,0.0,0.0,0.0,0,0,0,0.0,0.0,0,0,0.0,499.564,786.776,1553.324,3093.783,7050.497,1786.598,394.263,15164.805,0,0,0,0.0,0.0,0.0,0.0,0.0,525.48,358.538,323.094,280.68,3149.831,2037.083,468.775,7143.481,0.0,0.0,0.0,0.0,0.0,0.0,0.0,0.0,0.681,6722.053,300.231,7022.965,0.0,0.0,0.0,0.0,0.0,0.0,0.0,6227.359,131.658,0.0,0.0,6359.017,0.0,0.0,0.0,0.0,0.0,0.0,0.0,0.0,0.0,0.0,0.0,0.0,0.0,0.0,0.0,0.0,1.153,0.0,20.641,432.865,513.574,15.6,2.0,985.833,0.0,0,0.0,0.0,0.0,0.0,0.0,0.0
2007-07-01,Monthly,Bank-bank Pelaburan (Saudagar) SPI / IBS of Investment (Merchant) Banks,24.217,0.824,40.021,149.328,365.249,0.0,77.964,657.603,0,0,0,0.0,0.0,0,0,0.0,2.0,22.302,349.511,1942.408,1815.991,0.0,22.255,4154.467,0,0,0,0.0,0.0,0.0,0.0,0.0,0.0,0.0,0.0,0.0,0.0,0.0,0.0,0.0,0.0,0.0,0.0,0.0,0.0,0.0,0.0,0.0,0.0,0.0,0.0,0.0,0.0,0.0,0.0,0.0,0.0,0.0,0.0,124.148,2.2,0.0,0.0,126.348,0.0,0.0,0.0,0.0,0.0,0.0,0.0,0.0,0.0,0.0,0.0,0.0,0.0,0.0,0.0,0.0,0.0,0.0,50.0,679.914,30.198,0.0,11.561,771.673,0.0,0,0.0,0.0,0.0,0.0,0.0,0.0
2007-07-01,Monthly,Jumlah/ Total,303.037,433.696,2625.731,3061.742,9913.261,9.255,140.469,16487.191,0,0,0,0.0,0.0,0,0,0.0,2092.443,3173.087,5590.872,8312.753,16370.575,3576.492,1884.799,41001.021,0,0,0,0.0,0.0,2.778,0.0,2.778,2628.446,1571.018,1665.924,1441.116,7832.803,3101.433,1580.348,19821.088,0.0,0.0,0.0,0.003,6.75,3.65,13.831,24.234,4.4,11927.454,508.971,12440.825,0.0,0.0,0.0,0.0,302.725,0.0,49.543,12065.506,1858.713,0.0,0.0,14276.487,0.0,0.0,0.0,0.0,0.0,0.0,0.0,0.0,0.0,0.0,0.0,0.0,0.0,0.0,0.0,0.0,1.235,101.35,173.442,2302.038,1695.059,327.013,30.009,4630.146,0.0,0,0.0,34.515,0.0,0.0,241.608,276.123
2007-08-01,Monthly,Bank-bank Islam / Islamic Banks,242.994,234.057,2004.803,2579.954,13250.282,8.255,61.642,18381.987,0,0,0,0.0,0.0,0,0,0.0,1890.079,2509.042,3730.139,3302.686,7063.624,1807.096,1492.738,21795.404,0,0,0,0.0,0.0,4.932,0.0,4.932,2024.526,1288.404,1012.329,1045.569,4786.058,1069.2,1113.664,12339.75,0.0,0.0,0.0,0.003,6.397,0.222,13.546,20.168,3.374,5226.553,209.733,5439.66,0.0,0.0,0.0,0.0,339.771,0.0,61.487,5874.32,2275.504,0.0,0.0,8551.082,0.0,0.0,0.0,0.0,0.0,0.0,0.0,0.0,0.0,0.0,0.0,0.0,0.0,0.0,0.0,0.0,0.07,101.35,102.801,1609.89,546.936,311.626,15.502,2688.175,0.0,0,0.0,35.087,0.0,0.0,227.379,262.466
2007-08-01,Monthly,Bank-bank Perdagangan (SPI) / IBS of Commercial Banks,0.0,0.0,0.0,0.0,0.0,0.0,0.0,0.0,0,0,0,0.0,0.0,0,0,0.0,436.335,805.598,1490.506,3179.373,7131.702,1799.747,388.177,15231.438,0,0,0,0.0,0.0,0.0,0.0,0.0,517.797,303.785,342.505,371.439,3386.37,2006.963,463.61,7392.469,0.0,0.0,0.0,0.0,0.0,0.0,0.0,0.0,0.737,6858.194,307.22,7166.151,0.0,0.0,0.0,0.0,0.0,0.0,0.0,4673.785,86.44,0.0,0.0,4760.225,0.0,0.0,0.0,0.0,0.0,0.0,0.0,0.0,0.0,0.0,0.0,0.0,0.0,0.0,0.0,0.0,0.715,0.0,9.34,496.736,504.176,15.6,2.0,1028.567,0.0,0,0.0,0.0,0.0,0.0,0.0,0.0
2007-08-01,Monthly,Bank-bank Pelaburan (Saudagar) SPI / IBS of Investment (Merchant) Banks,34.231,0.824,44.448,156.85,322.574,0.0,77.964,636.891,0,0,0,0.0,0.0,0,0,0.0,61.5,22.056,437.381,1857.1,1826.83,0.0,26.499,4231.366,0,0,0,0.0,0.0,0.0,0.0,0.0,0.0,0.0,0.0,0.0,0.0,0.0,0.0,0.0,0.0,0.0,0.0,0.0,0.0,0.0,0.0,0.0,0.0,0.0,0.0,0.0,0.0,0.0,0.0,0.0,0.0,0.0,0.0,124.148,2.2,0.0,0.0,126.348,0.0,0.0,0.0,0.0,0.0,0.0,0.0,0.0,0.0,0.0,0.0,0.0,0.0,0.0,0.0,0.0,0.0,0.0,75.0,679.232,30.72,0.0,2.954,787.906,0.0,0,0.0,0.0,0.0,0.0,0.0,0.0
2007-08-01,Monthly,Jumlah/ Total,277.225,234.881,2049.251,2736.804,13572.856,8.255,139.606,19018.878,0,0,0,0.0,0.0,0,0,0.0,2387.914,3336.696,5658.026,8339.159,16022.156,3606.843,1907.414,41258.208,0,0,0,0.0,0.0,4.932,0.0,4.932,2542.323,1592.189,1354.834,1417.008,8172.428,3076.163,1577.274,19732.219,0.0,0.0,0.0,0.003,6.397,0.222,13.546,20.168,4.111,12084.747,516.953,12605.811,0.0,0.0,0.0,0.0,339.771,0.0,61.487,10672.253,2364.144,0.0,0.0,13437.655,0.0,0.0,0.0,0.0,0.0,0.0,0.0,0.0,0.0,0.0,0.0,0.0,0.0,0.0,0.0,0.0,0.785,101.35,187.141,2785.858,1081.832,327.226,20.456,4504.648,0.0,0,0.0,35.087,0.0,0.0,227.379,262.466
2007-09-01,Monthly,Bank-bank Islam / Islamic Banks,324.201,241.073,2061.417,2615.947,9865.768,11.26,90.668,15210.334,0,0,0,0.0,0.0,0,0,0.0,1859.993,2398.004,3521.703,3726.394,6684.332,1827.434,1439.478,21457.338,0,0,0,0.0,0.0,0.0,4.367,4.367,2327.08,1107.482,1079.23,1104.678,5107.791,1105.021,1108.852,12940.134,0.0,0.0,0.0,0.003,5.939,0.25,19.014,25.206,3.176,5323.211,210.349,5536.736,0.0,0.0,0.0,0.0,309.62,0.0,46.772,5558.941,2068.622,0.0,0.1,7984.055,0.0,0.0,0.0,0.0,0.0,0.0,0.0,0.0,0.0,0.0,0.0,0.0,0.0,0.0,0.0,0.0,0.077,103.85,124.697,1836.187,1221.329,377.087,16.639,3679.866,0.0,0,0.0,34.152,0.0,0.0,325.259,359.411
2007-09-01,Monthly,Bank-bank Perdagangan (SPI) / IBS of Commercial Banks,0.0,0.0,0.0,0.0,0.0,0.0,0.0,0.0,0,0,0,0.0,0.0,0,0,0.0,425.806,755.68,1651.136,3797.613,7527.289,1802.441,362.592,16322.557,0,0,0,0.0,0.0,0.0,0.0,0.0,1023.521,299.69,406.227,324.155,3430.261,2045.932,485.335,8015.121,0.0,0.0,0.0,0.0,0.0,0.0,0.0,0.0,0.61,7014.511,310.121,7325.242,0.0,0.0,0.0,0.0,9.971,0.0,0.0,4950.954,90.385,0.0,0.0,5051.31,0.0,0.0,0.0,0.0,0.0,0.0,0.0,0.0,0.0,0.0,0.0,0.0,0.0,0.0,0.0,0.0,0.754,0.0,0.0,333.27,375.341,15.6,2.0,726.965,0.0,0,0.0,0.0,0.0,0.0,0.0,0.0
2007-09-01,Monthly,Bank-bank Pelaburan (Saudagar) SPI / IBS of Investment (Merchant) Banks,46.535,0.824,43.963,165.243,294.326,0.0,78.195,629.086,0,0,0,0.0,0.0,0,0,0.0,58.3,31.815,431.857,1787.747,1801.435,0.0,25.864,4137.018,0,0,0,0.0,0.0,0.0,0.0,0.0,0.0,0.0,0.0,0.0,0.0,0.0,0.0,0.0,0.0,0.0,0.0,0.0,0.0,0.0,0.0,0.0,0.0,0.0,0.0,0.0,0.0,0.0,0.0,0.0,0.0,0.0,0.0,124.148,0.0,0.0,0.0,124.148,0.0,0.0,0.0,0.0,0.0,0.0,0.0,0.0,0.0,0.0,0.0,0.0,0.0,0.0,0.0,0.0,0.0,0.0,75.0,684.958,53.225,0.0,2.953,816.136,0.0,0,0.0,0.0,0.0,0.0,0.0,0.0
2007-09-01,Monthly,Jumlah/ Total,370.736,241.897,2105.38,2781.19,10160.094,11.26,168.863,15839.42,0,0,0,0.0,0.0,0,0,0.0,2344.099,3185.499,5604.696,9311.754,16013.056,3629.875,1827.934,41916.913,0,0,0,0.0,0.0,0.0,4.367,4.367,3350.601,1407.172,1485.457,1428.833,8538.052,3150.953,1594.187,20955.255,0.0,0.0,0.0,0.003,5.939,0.25,19.014,25.206,3.786,12337.722,520.47,12861.978,0.0,0.0,0.0,0.0,319.591,0.0,46.772,10634.043,2159.007,0.0,0.1,13159.513,0.0,0.0,0.0,0.0,0.0,0.0,0.0,0.0,0.0,0.0,0.0,0.0,0.0,0.0,0.0,0.0,0.831,103.85,199.697,2854.415,1649.895,392.687,21.592,5222.967,0.0,0,0.0,34.152,0.0,0.0,325.259,359.411
2007-10-01,Monthly,Bank-bank Islam / Islamic Banks,227.802,224.073,1996.035,2468.259,10035.66,8.265,96.311,15056.405,0,0,0,0.0,0.0,0,0,0.0,1903.389,2186.159,3457.017,3551.346,7601.936,1786.034,1404.825,21890.706,0,0,0,0.0,0.0,3.851,0.0,3.851,1719.168,1440.952,1014.417,1054.449,5603.082,1134.462,1152.726,13119.256,0.0,0.0,0.0,0.003,8.661,0.3,17.605,26.569,3.326,5347.414,211.836,5562.576,0.0,0.0,0.0,0.0,256.171,0.0,59.747,5463.416,1389.534,0.0,0.1,7168.968,0.0,0.0,0.0,0.0,0.0,0.0,0.0,0.0,0.0,0.0,0.0,0.0,0.0,0.0,0.0,0.0,0.118,103.85,217.752,1402.525,1734.147,575.512,19.34,4053.244,0.0,0,0.0,33.415,0.0,0.0,270.681,304.096
2007-10-01,Monthly,Bank-bank Perdagangan (SPI) / IBS of Commercial Banks,0.0,0.0,0.0,0.0,0.0,0.0,0.0,0.0,0,0,0,0.0,0.0,0,0,0.0,436.844,691.73,1479.815,4161.236,7568.959,1797.008,361.647,16497.239,0,0,0,0.0,0.0,0.0,0.0,0.0,1077.636,290.172,350.095,293.019,3651.774,2108.048,482.799,8253.543,0.0,0.0,0.0,0.0,0.0,0.0,0.0,0.0,0.576,7143.736,322.133,7466.445,0.0,0.0,0.0,0.0,9.972,0.0,0.0,5188.333,1578.239,0.0,0.0,6776.544,0.0,0.0,0.0,0.0,0.0,0.0,0.0,0.0,0.0,0.0,0.0,0.0,0.0,0.0,0.0,0.0,1.361,0.0,0.0,343.014,641.807,15.6,2.0,1003.782,0.0,0,0.0,0.0,0.0,0.0,0.0,0.0
2007-10-01,Monthly,Bank-bank Pelaburan (Saudagar) SPI / IBS of Investment (Merchant) Banks,43.182,0.824,34.764,175.123,280.879,0.0,82.717,617.489,0,0,0,0.0,0.0,0,0,0.0,9.08,72.768,393.519,1291.598,1230.163,0.0,24.025,3021.153,0,0,0,0.0,0.0,0.0,0.0,0.0,0.0,0.0,0.0,0.0,0.0,0.0,0.0,0.0,0.0,0.0,0.0,0.0,0.0,0.0,0.0,0.0,0.0,0.0,0.0,0.0,0.0,0.0,0.0,0.0,0.0,0.0,0.0,124.148,0.0,0.0,0.0,124.148,0.0,0.0,0.0,0.0,0.0,0.0,0.0,0.0,0.0,0.0,0.0,0.0,0.0,0.0,0.0,0.0,0.0,0.0,75.0,680.915,46.756,0.0,2.031,804.702,0.0,0,0.0,0.0,0.0,0.0,0.0,0.0
2007-10-01,Monthly,Jumlah/ Total,270.984,224.897,2030.799,2643.382,10316.539,8.265,179.028,15673.894,0,0,0,0.0,0.0,0,0,0.0,2349.313,2950.657,5330.351,9004.18,16401.058,3583.042,1790.497,41409.098,0,0,0,0.0,0.0,3.851,0.0,3.851,2796.804,1731.124,1364.512,1347.468,9254.856,3242.51,1635.525,21372.799,0.0,0.0,0.0,0.003,8.661,0.3,17.605,26.569,3.902,12491.15,533.969,13029.021,0.0,0.0,0.0,0.0,266.143,0.0,59.747,10775.897,2967.773,0.0,0.1,14069.66,0.0,0.0,0.0,0.0,0.0,0.0,0.0,0.0,0.0,0.0,0.0,0.0,0.0,0.0,0.0,0.0,1.479,103.85,292.752,2426.454,2422.71,591.112,23.371,5861.728,0.0,0,0.0,33.415,0.0,0.0,270.681,304.096
2007-11-01,Monthly,Bank-bank Islam / Islamic Banks,140.975,267.4,1950.255,4016.765,9213.847,1072.435,189.303,16850.98,0,0,0,0.0,0.0,0,0,0.0,1735.702,2167.773,3472.516,3748.45,7420.613,1930.962,1116.657,21592.673,0,0,0,0.0,0.0,3.39,0.0,3.39,1802.765,1225.205,1138.138,969.105,5014.807,1140.87,1133.755,12424.645,0.0,0.0,0.0,0.003,8.661,0.424,43.278,52.366,3.226,5351.908,217.442,5572.576,0.0,0.0,0.0,0.0,196.121,79.744,59.755,5332.618,2599.271,0.0,0.0,8267.509,0.0,0.0,0.0,0.0,0.0,0.0,0.0,0.0,0.0,0.0,0.0,0.0,0.0,0.0,0.0,0.0,0.168,124.75,291.342,1319.317,2211.107,719.29,36.344,4702.318,0.0,0,0.0,33.595,0.0,0.0,226.656,260.251
2007-11-01,Monthly,Bank-bank Perdagangan (SPI) / IBS of Commercial Banks,0.0,0.0,0.0,0.0,0.0,0.0,0.0,0.0,0,0,0,0.0,0.0,0,0,0.0,437.651,693.516,1557.282,2667.046,6955.869,1806.781,363.661,14481.806,0,0,0,0.0,0.0,0.0,0.0,0.0,813.185,249.73,364.622,278.414,4507.613,2082.366,483.138,8779.068,0.0,0.0,0.0,0.0,0.0,0.0,0.0,0.0,0.566,7216.202,327.007,7543.775,0.0,0.0,0.0,0.0,14.997,0.0,24.25,5168.509,1670.818,230.5,28.7,7137.774,0.0,0.0,0.0,0.0,0.0,0.0,0.0,0.0,0.0,0.0,0.0,0.0,0.0,0.0,0.0,0.0,1.435,0.0,6.5,409.315,522.784,15.6,2.0,957.634,0.0,0,0.0,0.0,0.0,0.0,0.0,0.0
2007-11-01,Monthly,Bank-bank Pelaburan (Saudagar) SPI / IBS of Investment (Merchant) Banks,31.217,0.694,29.409,166.164,256.513,0.0,85.762,569.759,0,0,0,0.0,0.0,0,0,0.0,131.3,84.449,363.788,1824.259,1386.976,0.0,31.454,3822.226,0,0,0,0.0,0.0,0.0,0.0,0.0,0.0,0.0,0.0,0.0,0.0,0.0,0.0,0.0,0.0,0.0,0.0,0.0,0.0,0.0,0.0,0.0,0.0,0.0,0.0,0.0,0.0,0.0,0.0,0.0,0.0,0.0,0.0,124.606,0.0,0.0,0.0,124.606,0.0,0.0,0.0,0.0,0.0,0.0,0.0,0.0,0.0,0.0,0.0,0.0,0.0,0.0,0.0,0.0,0.0,0.0,75.0,675.851,41.567,0.0,2.031,794.449,0.0,0,0.0,0.0,0.0,0.0,0.0,0.0
2007-11-01,Monthly,Jumlah/ Total,172.192,268.094,1979.664,4182.929,9470.36,1072.435,275.065,17420.739,0,0,0,0.0,0.0,0,0,0.0,2304.653,2945.738,5393.586,8239.755,15763.458,3737.743,1511.772,39896.705,0,0,0,0.0,0.0,3.39,0.0,3.39,2615.95,1474.935,1502.76,1247.519,9522.42,3223.236,1616.893,21203.713,0.0,0.0,0.0,0.003,8.661,0.424,43.278,52.366,3.792,12568.11,544.449,13116.351,0.0,0.0,0.0,0.0,211.118,79.744,84.005,10625.733,4270.089,230.5,28.7,15529.889,0.0,0.0,0.0,0.0,0.0,0.0,0.0,0.0,0.0,0.0,0.0,0.0,0.0,0.0,0.0,0.0,1.603,124.75,372.842,2404.483,2775.458,734.89,40.375,6454.401,0.0,0,0.0,33.595,0.0,0.0,226.656,260.251
2007-12-01,Monthly,Bank-bank Islam / Islamic Banks,57.977,237.609,3210.36,4431.978,9520.635,1.787,107.687,17568.033,0,0,0,0.0,0.0,0,0,0.0,1548.311,1597.558,3533.679,3620.056,8681.236,1867.181,918.709,21766.73,0,0,0,0.0,0.0,1.684,0.0,1.684,2135.416,1414.058,1403.476,1113.258,6366.28,1341.0,1216.885,14990.373,0.0,0.0,0.0,57.472,8.224,0.528,206.723,272.947,3.286,5677.14,216.138,5896.564,0.0,0.0,0.0,0.0,231.094,186.7,551.696,5366.54,2453.324,0.0,0.1,8789.454,0.0,0.0,0.0,0.0,0.0,0.0,0.0,0.0,0.0,0.0,0.0,0.0,0.0,0.0,0.0,0.0,0.26,124.45,357.138,1429.224,2794.881,875.96,43.777,5625.69,0.0,0,0.0,33.065,0.0,0.0,224.506,257.571
2007-12-01,Monthly,Bank-bank Perdagangan (SPI) / IBS of Commercial Banks,0.0,0.0,0.0,0.0,0.0,0.0,0.0,0.0,0,0,0,0.0,0.0,0,0,0.0,436.185,675.402,1447.738,2488.516,7075.812,1813.121,386.693,14323.467,0,0,0,0.0,0.0,0.0,0.0,0.0,1230.145,282.429,1061.061,865.132,3832.83,2175.263,516.932,9963.792,0.0,0.0,0.0,0.0,0.0,0.0,0.0,0.0,0.587,7331.611,331.164,7663.362,0.0,0.0,0.0,0.0,9.997,0.0,22.5,6997.193,1722.796,230.35,30.55,9013.386,0.0,0.0,0.0,0.0,0.0,0.0,0.0,0.0,0.0,0.0,0.0,0.0,0.0,0.0,0.0,0.0,1.295,0.0,19.0,383.262,611.64,15.6,2.0,1032.797,0.0,0,0.0,0.0,0.0,0.0,0.0,0.0
2007-12-01,Monthly,Bank-bank Pelaburan (Saudagar) SPI / IBS of Investment (Merchant) Banks,31.721,0.694,26.992,99.991,244.123,0.0,86.008,489.529,0,0,0,0.0,0.0,0,0,0.0,18.24,57.609,480.09,1528.209,1302.03,0.0,48.864,3435.042,0,0,0,0.0,0.0,0.0,0.0,0.0,0.0,0.0,0.0,0.0,0.0,0.0,0.0,0.0,0.0,0.0,0.0,0.0,0.0,0.0,0.0,0.0,0.0,0.0,0.0,0.0,0.0,0.0,0.0,0.0,0.0,0.0,0.0,125.889,0.0,0.0,0.0,125.889,0.0,0.0,0.0,0.0,0.0,0.0,0.0,0.0,0.0,0.0,0.0,0.0,0.0,0.0,0.0,0.0,0.0,0.0,75.0,663.083,40.587,0.0,3.011,781.681,0.0,0,0.0,0.0,0.0,0.0,0.0,0.0
2007-12-01,Monthly,Jumlah/ Total,89.698,238.303,3237.352,4531.969,9764.758,1.787,193.695,18057.562,0,0,0,0.0,0.0,0,0,0.0,2002.736,2330.569,5461.507,7636.781,17059.078,3680.302,1354.266,39525.239,0,0,0,0.0,0.0,1.684,0.0,1.684,3365.561,1696.487,2464.537,1978.39,10199.11,3516.263,1733.817,24954.165,0.0,0.0,0.0,57.472,8.224,0.528,206.723,272.947,3.873,13008.751,547.302,13559.926,0.0,0.0,0.0,0.0,241.091,186.7,574.196,12489.622,4176.12,230.35,30.65,17928.729,0.0,0.0,0.0,0.0,0.0,0.0,0.0,0.0,0.0,0.0,0.0,0.0,0.0,0.0,0.0,0.0,1.555,124.45,451.138,2475.569,3447.108,891.56,48.788,7440.168,0.0,0,0.0,33.065,0.0,0.0,224.506,257.571
2008-01-01,Monthly,Bank-bank Islam / Islamic Banks,151.881,149.059,2089.835,2729.712,7882.86,1073.113,250.674,14327.134,0,0,0,0.0,0.0,0,0,0.0,1983.278,1844.248,4240.924,3838.641,11136.269,2390.702,1106.008,26540.07,0,0,0,0.0,0.0,5.52,0.0,5.52,2912.057,1673.63,1556.56,1176.525,8084.505,3350.038,2095.402,20848.717,0.0,0.0,0.0,0.003,6.491,0.514,203.579,210.587,3.305,9411.604,415.747,9830.656,0.0,0.0,0.0,0.0,293.094,10.029,728.57,8970.278,4142.167,230.2,30.55,14404.888,0.0,0.0,0.0,1710.067,1586.596,0.0,0.0,3296.663,0.0,0.0,0.0,978.362,0.0,0.0,88.481,1066.843,1.307,135.336,568.378,1194.575,2041.625,934.55,82.336,4958.107,0.0,0,0.0,0.0,0.0,0.0,0.0,0.0
2008-01-01,Monthly,Bank-bank Perdagangan (SPI) / IBS of Commercial Banks,0.0,0.0,0.0,0.0,0.0,0.0,0.0,0.0,0,0,0,0.0,0.0,0,0,0.0,45.017,453.553,442.662,1961.003,6492.83,1378.022,188.637,10961.724,0,0,0,0.0,0.0,0.0,0.0,0.0,228.617,8.32,742.974,135.245,2389.494,376.368,96.207,3977.225,0.0,0.0,0.0,0.0,0.0,0.0,0.0,0.0,0.556,4020.466,145.616,4166.638,0.0,0.0,0.0,0.0,14.986,0.0,0.0,3231.337,0.0,0.0,0.0,3246.323,0.0,0.0,0.0,0.0,0.0,0.0,0.0,0.0,0.0,0.0,0.0,0.9,0.0,0.0,0.0,0.9,0.094,0.0,0.0,228.807,618.729,15.35,2.0,864.98,0.0,0,0.0,0.0,0.0,0.0,0.0,0.0
2008-01-01,Monthly,Bank-bank Pelaburan (Saudagar) SPI / IBS of Investment (Merchant) Banks,0.0,0.0,0.0,0.671,0.0,0.0,3.137,3.808,0,0,0,0.0,0.0,0,0,0.0,188.399,58.305,422.975,1887.876,1509.057,0.0,119.79,4186.402,0,0,0,0.0,0.0,0.0,0.0,0.0,0.0,0.0,0.0,0.0,0.0,0.0,0.0,0.0,0.0,0.0,0.0,0.0,0.0,0.0,0.0,0.0,0.0,0.0,0.0,0.0,0.0,0.0,0.0,0.0,0.0,0.0,0.0,125.889,0.0,0.0,0.0,125.889,0.0,0.0,0.0,0.0,0.0,0.0,0.0,0.0,0.0,0.0,0.0,0.0,0.0,0.0,0.0,0.0,0.0,0.0,75.0,583.855,39.895,0.0,5.011,703.761,0.0,0,0.0,0.0,0.0,0.0,0.0,0.0
2008-01-01,Monthly,Jumlah/ Total,151.881,149.059,2089.835,2730.383,7882.86,1073.113,253.811,14330.942,0,0,0,0.0,0.0,0,0,0.0,2216.694,2356.106,5106.561,7687.52,19138.156,3768.724,1414.435,41688.196,0,0,0,0.0,0.0,5.52,0.0,5.52,3140.674,1681.95,2299.534,1311.77,10473.999,3726.406,2191.609,24825.942,0.0,0.0,0.0,0.003,6.491,0.514,203.579,210.587,3.861,13432.07,561.363,13997.294,0.0,0.0,0.0,0.0,308.08,10.029,728.57,12327.504,4142.167,230.2,30.55,17777.1,0.0,0.0,0.0,1710.067,1586.596,0.0,0.0,3296.663,0.0,0.0,0.0,979.262,0.0,0.0,88.481,1067.743,1.401,135.336,643.378,2007.237,2700.249,949.9,89.347,6526.848,0.0,0,0.0,0.0,0.0,0.0,0.0,0.0
2008-02-01,Monthly,Bank-bank Islam / Islamic Banks,105.99,362.035,1938.88,3053.803,8045.704,983.817,253.319,14743.548,0,0,0,0.0,0.0,0,0,0.0,1963.399,1727.064,4083.502,3975.129,11187.477,2366.178,1097.361,26400.11,0,0,0,0.0,0.0,6.43,0.0,6.43,3451.041,1540.464,1603.752,1151.322,7396.686,3391.542,2423.432,20958.239,0.0,0.0,0.0,0.004,22.608,0.572,42.185,65.369,3.283,9653.042,428.292,10084.617,0.0,0.0,0.0,0.0,339.953,10.057,816.054,8358.422,4621.13,228.35,25.3,14399.266,0.0,0.0,0.0,1747.26,1552.359,0.0,0.0,3299.619,0.0,0.0,0.0,1741.663,0.0,0.0,80.16,1821.823,1.281,146.186,629.446,1311.087,2343.144,1398.665,150.13,5979.939,0.0,0,0.0,0.0,0.0,0.0,41.887,41.887
2008-02-01,Monthly,Bank-bank Perdagangan (SPI) / IBS of Commercial Banks,0.0,0.0,0.0,0.0,0.0,0.0,0.0,0.0,0,0,0,0.0,0.0,0,0,0.0,45.054,452.506,430.94,2076.096,5611.168,1387.562,207.611,10210.937,0,0,0,0.0,0.0,0.0,0.0,0.0,200.676,5.494,31.825,121.08,3022.697,344.203,95.241,3821.216,0.0,0.0,0.0,0.0,0.0,0.0,0.0,0.0,0.574,4102.88,148.004,4251.458,0.0,0.0,0.0,0.0,0.0,0.0,0.0,3180.493,0.0,0.0,0.0,3180.493,0.0,0.0,0.0,0.0,0.0,0.0,0.0,0.0,0.0,0.0,0.0,0.889,0.0,0.0,0.0,0.889,0.029,0.0,0.0,219.713,623.164,15.35,2.0,860.256,0.0,0,0.0,0.0,0.0,0.0,0.0,0.0
2008-02-01,Monthly,Bank-bank Pelaburan (Saudagar) SPI / IBS of Investment (Merchant) Banks,0.0,0.0,0.0,5.349,0.0,0.0,3.137,8.486,0,0,0,0.0,0.0,0,0,0.0,129.088,2.801,361.035,1799.24,1833.48,0.0,132.124,4257.768,0,0,0,0.0,0.0,0.0,0.0,0.0,0.0,0.0,0.0,0.0,0.0,0.0,0.0,0.0,0.0,0.0,0.0,0.0,0.0,0.0,0.0,0.0,0.0,0.0,0.0,0.0,0.0,0.0,0.0,0.0,0.0,0.0,0.0,125.889,0.0,0.0,0.0,125.889,0.0,0.0,0.0,0.0,0.0,0.0,0.0,0.0,0.0,0.0,0.0,0.0,0.0,0.0,0.0,0.0,0.0,0.0,75.0,583.855,38.395,0.0,4.438,701.688,0.0,0,0.0,0.0,0.0,0.0,0.0,0.0
2008-02-01,Monthly,Jumlah/ Total,105.99,362.035,1938.88,3059.152,8045.704,983.817,256.456,14752.034,0,0,0,0.0,0.0,0,0,0.0,2137.541,2182.371,4875.477,7850.465,18632.125,3753.74,1437.096,40868.815,0,0,0,0.0,0.0,6.43,0.0,6.43,3651.717,1545.958,1635.577,1272.402,10419.383,3735.745,2518.673,24779.455,0.0,0.0,0.0,0.004,22.608,0.572,42.185,65.369,3.857,13755.922,576.296,14336.075,0.0,0.0,0.0,0.0,339.953,10.057,816.054,11664.804,4621.13,228.35,25.3,17705.648,0.0,0.0,0.0,1747.26,1552.359,0.0,0.0,3299.619,0.0,0.0,0.0,1742.552,0.0,0.0,80.16,1822.712,1.31,146.186,704.446,2114.655,3004.703,1414.015,156.568,7541.883,0.0,0,0.0,0.0,0.0,0.0,41.887,41.887
2008-03-01,Monthly,Bank-bank Islam / Islamic Banks,146.208,174.415,2141.299,4580.767,6469.895,1206.623,818.469,15537.676,0,0,0,0.0,0.0,0,0,0.0,2032.483,1798.765,4196.108,3780.746,11927.782,2370.37,1087.499,27193.753,0,0,0,0.0,0.0,5.465,0.0,5.465,2890.324,1533.001,1608.234,1387.8,7540.406,3412.802,2212.684,20585.251,0.0,0.0,1.979,0.004,8.683,0.98,80.867,92.513,3.366,9521.134,424.709,9949.209,0.0,0.0,0.0,0.0,330.081,10.087,995.785,9012.033,4180.182,227.3,25.9,14781.368,0.0,0.0,0.0,1990.667,2869.76,0.0,0.0,4860.427,0.0,0.0,0.0,2161.769,0.0,0.0,172.166,2333.935,19.293,157.952,807.902,1139.469,1365.436,1493.318,171.847,5155.217,0.0,0,0.0,0.0,0.0,0.0,0.0,0.0
2008-03-01,Monthly,Bank-bank Perdagangan (SPI) / IBS of Commercial Banks,0.0,0.0,0.0,190.097,0.0,0.0,0.0,190.097,0,0,0,0.0,0.0,0,0,0.0,41.062,449.119,521.983,2233.314,6218.668,1398.503,208.644,11071.293,0,0,0,0.0,0.0,0.0,0.0,0.0,239.067,5.179,30.534,116.238,3212.357,344.705,98.824,4046.904,0.0,0.0,0.0,0.0,0.0,0.0,0.0,0.0,0.578,4071.754,144.345,4216.677,0.0,0.0,0.0,0.0,0.0,0.0,0.0,3398.648,64.456,0.0,0.0,3463.104,0.0,0.0,0.0,0.0,0.0,0.0,0.0,0.0,0.0,0.0,0.0,0.888,0.0,0.0,0.0,0.888,0.046,0.0,0.0,186.667,630.668,15.35,2.0,834.731,0.0,0,0.0,0.0,0.0,0.0,0.0,0.0
2008-03-01,Monthly,Bank-bank Pelaburan (Saudagar) SPI / IBS of Investment (Merchant) Banks,0.0,0.0,0.0,10.87,0.0,0.0,3.137,14.007,0,0,0,0.0,0.0,0,0,0.0,139.74,1.814,409.91,2171.763,2447.093,0.0,129.791,5300.111,0,0,0,0.0,0.0,0.0,0.0,0.0,0.0,0.0,0.0,0.0,0.0,0.0,0.0,0.0,0.0,0.0,0.0,0.0,0.0,0.0,0.0,0.0,0.0,0.0,0.0,0.0,0.0,0.0,0.0,0.0,0.0,0.0,0.0,125.889,0.0,0.0,0.0,125.889,0.0,0.0,0.0,0.0,0.0,0.0,0.0,0.0,0.0,0.0,0.0,0.0,0.0,0.0,0.0,0.0,0.0,0.0,75.0,590.655,38.395,0.0,4.438,708.488,0.0,0,0.0,0.0,0.0,0.0,0.0,0.0
2008-03-01,Monthly,Jumlah/ Total,146.208,174.415,2141.299,4781.734,6469.895,1206.623,821.606,15741.78,0,0,0,0.0,0.0,0,0,0.0,2213.285,2249.698,5128.001,8185.823,20593.543,3768.873,1425.934,43565.157,0,0,0,0.0,0.0,5.465,0.0,5.465,3129.391,1538.18,1638.768,1504.038,10752.763,3757.507,2311.508,24632.155,0.0,0.0,1.979,0.004,8.683,0.98,80.867,92.513,3.944,13592.888,569.054,14165.886,0.0,0.0,0.0,0.0,330.081,10.087,995.785,12536.57,4244.638,227.3,25.9,18370.361,0.0,0.0,0.0,1990.667,2869.76,0.0,0.0,4860.427,0.0,0.0,0.0,2162.657,0.0,0.0,172.166,2334.823,19.339,157.952,882.902,1916.791,2034.499,1508.668,178.285,6698.436,0.0,0,0.0,0.0,0.0,0.0,0.0,0.0
2008-04-01,Monthly,Bank-bank Islam / Islamic Banks,89.456,513.573,2049.967,5124.594,6368.03,1274.03,246.794,15666.444,0,0,0,0.0,0.0,0,0,0.0,1927.827,1773.516,4239.003,5146.483,13126.969,2453.179,1604.717,30271.694,0,0,0,0.0,0.0,5.412,0.0,5.412,2785.646,1537.499,1626.191,1224.456,8213.714,3505.103,1985.813,20878.422,0.0,0.0,1.392,0.007,10.963,1.467,65.151,78.98,3.463,9963.286,456.906,10423.655,0.0,0.0,0.0,0.0,284.731,195.3,972.253,9162.707,3607.556,225.3,31.645,14479.492,0.0,0.0,0.0,1998.645,3351.313,0.0,0.0,5349.958,0.0,0.0,0.0,1974.468,0.0,0.0,183.892,2158.36,19.388,140.172,783.842,1245.002,1544.449,1520.584,158.211,5411.648,0.0,0,0.0,0.0,0.0,0.0,0.0,0.0
2008-04-01,Monthly,Bank-bank Perdagangan (SPI) / IBS of Commercial Banks,0.0,0.0,0.0,190.097,0.0,0.0,0.0,190.097,0,0,0,0.0,0.0,0,0,0.0,38.071,442.868,460.207,1601.425,6728.495,1363.7,159.558,10794.324,0,0,0,0.0,0.0,0.0,0.0,0.0,275.222,4.813,29.619,99.938,2198.638,292.411,83.89,2984.531,0.0,0.0,0.0,0.0,0.0,0.0,0.0,0.0,0.595,3893.481,139.704,4033.78,0.0,0.0,0.0,0.0,0.0,0.0,0.0,3625.206,0.0,0.0,0.0,3625.206,0.0,0.0,0.0,0.0,0.0,0.0,0.0,0.0,0.0,0.0,0.0,1.384,0.0,0.0,0.0,1.384,0.038,0.0,0.0,103.556,716.83,15.35,2.0,837.774,0.0,0,0.0,0.0,0.0,0.0,0.0,0.0
2008-04-01,Monthly,Bank-bank Pelaburan (Saudagar) SPI / IBS of Investment (Merchant) Banks,20.0,0.0,0.0,4.45,0.0,0.0,3.137,27.587,0,0,0,0.0,0.0,0,0,0.0,145.46,29.9,372.902,2021.058,1801.301,0.0,63.744,4434.365,0,0,0,0.0,0.0,0.0,0.0,0.0,0.0,0.0,0.0,0.0,0.0,0.0,0.0,0.0,0.0,0.0,0.0,0.0,0.0,0.0,0.0,0.0,0.0,0.0,0.0,0.0,0.0,0.0,0.0,0.0,0.0,0.0,0.0,41.83,0.0,0.0,0.0,41.83,0.0,0.0,0.0,0.0,0.0,0.0,0.0,0.0,0.0,0.0,0.0,0.0,0.0,0.0,0.0,0.0,0.0,0.0,75.0,590.12,39.71,0.0,4.438,709.268,0.0,0,0.0,0.0,0.0,0.0,0.0,0.0
2008-04-01,Monthly,Jumlah/ Total,109.456,513.573,2049.967,5319.141,6368.03,1274.03,249.931,15884.128,0,0,0,0.0,0.0,0,0,0.0,2111.358,2246.284,5072.112,8768.966,21656.765,3816.879,1828.019,45500.383,0,0,0,0.0,0.0,5.412,0.0,5.412,3060.868,1542.312,1655.81,1324.394,10412.352,3797.514,2069.703,23862.953,0.0,0.0,1.392,0.007,10.963,1.467,65.151,78.98,4.058,13856.767,596.61,14457.435,0.0,0.0,0.0,0.0,284.731,195.3,972.253,12829.743,3607.556,225.3,31.645,18146.528,0.0,0.0,0.0,1998.645,3351.313,0.0,0.0,5349.958,0.0,0.0,0.0,1975.852,0.0,0.0,183.892,2159.744,19.426,140.172,858.842,1938.678,2300.989,1535.934,164.649,6958.69,0.0,0,0.0,0.0,0.0,0.0,0.0,0.0
2008-05-01,Monthly,Bank-bank Islam / Islamic Banks,103.145,171.965,1851.442,5224.915,6867.612,1286.525,210.808,15716.412,0,0,0,0.0,0.0,0,0,0.0,2108.846,1759.764,5090.724,5090.114,13564.668,2500.62,1092.141,31206.877,0,0,0,0.0,0.0,3.93,0.0,3.93,3992.161,1522.184,1882.094,1273.263,8186.658,3474.92,1889.385,22220.665,0.0,0.0,1.893,0.008,11.924,2.781,92.251,108.857,3.423,9850.989,458.272,10312.684,0.0,0.0,0.0,0.0,283.231,603.875,890.908,9695.165,4224.987,225.05,51.659,15974.875,0.0,0.0,0.0,2287.089,3050.852,4.591,0.0,5342.532,0.0,0.0,0.0,2249.587,0.0,0.0,215.021,2464.608,19.579,142.712,1017.658,1257.267,1326.569,1575.334,408.942,5748.061,0.0,0,0.0,0.0,0.0,0.0,0.0,0.0
2008-05-01,Monthly,Bank-bank Perdagangan (SPI) / IBS of Commercial Banks,0.0,0.0,0.0,220.219,0.0,0.0,0.0,220.219,0,0,0,0.0,0.0,0,0,0.0,39.077,450.879,846.722,1899.588,6993.882,1325.913,138.88,11694.941,0,0,0,0.0,0.0,0.0,0.0,0.0,133.058,4.604,23.029,129.239,2195.695,292.849,83.914,2862.388,0.0,0.0,0.0,0.0,0.0,0.0,0.0,0.0,0.164,3886.39,143.472,4030.026,0.0,0.0,0.0,0.0,0.0,0.0,0.0,3674.551,0.0,0.0,0.0,3674.551,0.0,0.0,0.0,0.0,0.0,0.0,0.0,0.0,0.0,0.0,0.0,1.42,0.0,0.0,0.0,1.42,0.05,0.0,0.0,148.568,647.61,15.35,2.0,813.578,0.0,0,0.0,0.0,0.0,0.0,0.0,0.0
2008-05-01,Monthly,Bank-bank Pelaburan (Saudagar) SPI / IBS of Investment (Merchant) Banks,15.471,15.0,0.0,7.923,0.0,0.0,3.137,41.531,0,0,0,0.0,0.0,0,0,0.0,471.107,42.205,358.584,2175.889,1426.2,0.0,83.289,4557.274,0,0,0,0.0,0.0,0.0,0.0,0.0,0.0,0.0,0.0,0.0,0.0,0.0,0.0,0.0,0.0,0.0,0.0,0.0,0.0,0.0,0.0,0.0,0.0,0.0,0.0,0.0,0.0,0.0,0.0,0.0,0.0,0.0,0.0,41.83,0.0,0.0,0.0,41.83,0.0,0.0,0.0,0.0,0.0,0.0,0.0,0.0,0.0,0.0,0.0,0.0,0.0,0.0,0.0,0.0,0.0,0.0,75.0,589.51,39.347,0.0,2.438,706.295,0.0,0,0.0,0.0,0.0,0.0,0.0,0.0
2008-05-01,Monthly,Jumlah/ Total,118.616,186.965,1851.442,5453.057,6867.612,1286.525,213.945,15978.162,0,0,0,0.0,0.0,0,0,0.0,2619.03,2252.848,6296.03,9165.591,21984.75,3826.533,1314.31,47459.092,0,0,0,0.0,0.0,3.93,0.0,3.93,4125.219,1526.788,1905.123,1402.502,10382.353,3767.769,1973.299,25083.053,0.0,0.0,1.893,0.008,11.924,2.781,92.251,108.857,3.587,13737.379,601.744,14342.71,0.0,0.0,0.0,0.0,283.231,603.875,890.908,13411.546,4224.987,225.05,51.659,19691.256,0.0,0.0,0.0,2287.089,3050.852,4.591,0.0,5342.532,0.0,0.0,0.0,2251.007,0.0,0.0,215.021,2466.028,19.629,142.712,1092.658,1995.345,2013.526,1590.684,413.38,7267.934,0.0,0,0.0,0.0,0.0,0.0,0.0,0.0
2008-06-01,Monthly,Bank-bank Islam / Islamic Banks,129.176,171.461,2506.02,4571.02,7687.217,1808.906,295.215,17169.015,0,0,0,0.0,0.0,0,0,0.0,2286.809,1811.018,5252.432,5107.972,13736.869,2556.142,1138.898,31890.14,0,0,0,0.0,15.446,4.027,0.0,19.473,3099.052,1544.305,1907.665,1179.391,8749.023,3555.974,1912.529,21947.939,0.0,0.0,1.547,1.618,18.171,2.767,66.167,90.27,3.077,9940.98,466.367,10410.424,0.0,0.0,0.0,0.0,275.481,555.072,894.61,10038.848,4314.728,224.55,46.65,16349.939,0.0,0.0,0.0,2034.162,4104.941,11.57,0.0,6150.673,0.0,0.0,0.0,1576.396,0.0,0.0,631.377,2207.773,22.685,144.212,1169.118,1269.115,1638.299,1666.751,317.983,6228.163,0.0,0,0.0,0.0,0.0,0.0,0.0,0.0
2008-06-01,Monthly,Bank-bank Perdagangan (SPI) / IBS of Commercial Banks,0.0,0.0,0.0,220.219,0.0,0.0,0.0,220.219,0,0,0,0.0,0.0,0,0,0.0,74.702,444.143,728.887,2117.433,6672.833,1322.384,201.731,11562.113,0,0,0,0.0,0.0,0.0,0.0,0.0,359.07,0.112,30.861,95.939,2220.825,290.992,98.215,3096.014,0.0,0.0,0.0,0.0,0.0,0.0,0.0,0.0,0.146,3927.891,140.558,4068.595,0.0,0.0,0.0,0.0,0.0,0.0,0.0,3740.091,0.0,0.0,0.0,3740.091,0.0,0.0,0.0,0.0,0.0,0.0,0.0,0.0,0.0,0.0,0.0,1.431,0.0,0.0,0.0,1.431,0.07,0.0,0.0,431.387,676.158,15.35,2.0,1124.965,0.0,0,0.0,0.0,0.0,0.0,0.0,0.0
2008-06-01,Monthly,Bank-bank Pelaburan (Saudagar) SPI / IBS of Investment (Merchant) Banks,6.233,5.0,0.0,2.618,0.0,0.0,3.137,16.988,0,0,0,0.0,0.0,0,0,0.0,211.058,30.718,315.449,1676.66,2074.354,0.0,25.738,4333.977,0,0,0,0.0,0.0,0.0,0.0,0.0,0.0,0.0,0.0,0.0,0.0,0.0,0.0,0.0,0.0,0.0,0.0,0.0,0.0,0.0,0.0,0.0,0.0,0.0,0.0,0.0,0.0,0.0,0.0,0.0,10.6,6.0,29.9,108.57,39.8,0.0,0.0,194.87,0.0,0.0,0.0,0.0,0.0,0.0,0.0,0.0,0.0,0.0,0.0,0.0,0.0,0.0,0.0,0.0,0.0,0.0,75.0,1098.14,35.679,0.0,3.193,1212.012,0.0,0,0.0,0.0,0.0,0.0,0.0,0.0
2008-06-01,Monthly,Jumlah/ Total,135.409,176.461,2506.02,4793.857,7687.217,1808.906,298.352,17406.222,0,0,0,0.0,0.0,0,0,0.0,2572.569,2285.879,6296.768,8902.065,22484.056,3878.526,1366.367,47786.23,0,0,0,0.0,15.446,4.027,0.0,19.473,3458.122,1544.417,1938.526,1275.33,10969.848,3846.966,2010.744,25043.953,0.0,0.0,1.547,1.618,18.171,2.767,66.167,90.27,3.223,13868.871,606.925,14479.019,0.0,0.0,0.0,0.0,286.081,561.072,924.51,13887.509,4354.528,224.55,46.65,20284.9,0.0,0.0,0.0,2034.162,4104.941,11.57,0.0,6150.673,0.0,0.0,0.0,1577.827,0.0,0.0,631.377,2209.204,22.755,144.212,1244.118,2798.642,2350.136,1682.101,323.176,8565.14,0.0,0,0.0,0.0,0.0,0.0,0.0,0.0
2008-07-01,Monthly,Bank-bank Islam / Islamic Banks,127.279,167.277,1753.688,4428.468,7591.7,1412.096,867.564,16348.072,0,0,0,0.0,0.0,0,0,0.0,2488.234,1679.309,5315.344,5201.383,13766.409,2873.963,1202.56,32527.202,0,0,0,0.0,14.711,4.247,0.0,18.958,2627.004,1505.494,1863.479,1073.02,8417.709,3695.011,1795.627,20977.344,0.0,0.0,2.054,1.618,19.422,2.529,104.276,129.899,2.951,10420.496,480.815,10904.262,0.0,0.0,0.0,0.0,193.781,218.02,895.946,10635.597,4405.826,223.65,46.65,16619.47,0.0,0.0,0.0,2088.71,4241.431,21.459,0.0,6351.6,0.0,0.0,0.0,1738.994,7.927,0.0,325.195,2072.116,39.753,150.812,1039.957,1400.827,1554.528,1727.147,294.926,6207.95,0.0,0,0.0,0.0,0.0,0.0,0.0,0.0
2008-07-01,Monthly,Bank-bank Perdagangan (SPI) / IBS of Commercial Banks,0.0,0.0,0.0,220.219,0.0,0.0,0.0,220.219,0,0,0,0.0,0.0,0,0,0.0,23.732,446.309,774.167,1517.681,7433.914,1299.604,163.55,11658.957,0,0,0,0.0,0.0,0.0,0.0,0.0,170.161,0.092,26.375,116.128,2225.55,295.575,100.995,2934.876,0.0,0.0,0.0,0.0,0.0,0.0,0.0,0.0,0.143,3992.496,137.497,4130.136,0.0,0.0,0.0,0.0,0.0,0.0,0.0,3570.141,0.0,0.0,0.0,3570.141,0.0,0.0,0.0,0.0,0.0,0.0,0.0,0.0,0.0,0.0,0.0,0.0,0.0,0.0,0.0,0.0,0.006,0.0,0.0,412.647,704.788,15.35,2.0,1134.791,0.0,0,0.0,0.0,0.0,0.0,0.0,0.0
2008-07-01,Monthly,Bank-bank Pelaburan (Saudagar) SPI / IBS of Investment (Merchant) Banks,2.236,5.0,0.0,2.929,0.5,0.0,3.137,13.802,0,0,0,0.0,0.0,0,0,0.0,48.489,15.445,527.237,1652.23,1157.61,0.0,45.625,3446.636,0,0,0,0.0,0.0,0.0,0.0,0.0,0.0,0.0,0.0,0.0,0.0,0.0,0.0,0.0,0.0,0.0,0.0,0.0,0.0,0.0,0.0,0.0,0.0,0.0,0.0,0.0,0.0,0.0,0.0,0.0,29.1,0.0,43.0,267.481,113.804,0.0,0.0,453.385,0.0,0.0,0.0,0.0,0.0,0.0,0.0,0.0,0.0,0.0,0.0,0.0,0.0,0.0,0.0,0.0,0.0,0.0,75.0,1094.846,30.495,0.0,2.692,1203.033,0.0,0,0.0,0.0,0.0,0.0,0.0,0.0
2008-07-01,Monthly,Jumlah/ Total,129.515,172.277,1753.688,4651.616,7592.2,1412.096,870.701,16582.093,0,0,0,0.0,0.0,0,0,0.0,2560.455,2141.063,6616.748,8371.294,22357.933,4173.567,1411.735,47632.795,0,0,0,0.0,14.711,4.247,0.0,18.958,2797.165,1505.586,1889.854,1189.148,10643.259,3990.586,1896.622,23912.22,0.0,0.0,2.054,1.618,19.422,2.529,104.276,129.899,3.094,14412.992,618.312,15034.398,0.0,0.0,0.0,0.0,222.881,218.02,938.946,14473.219,4519.63,223.65,46.65,20642.996,0.0,0.0,0.0,2088.71,4241.431,21.459,0.0,6351.6,0.0,0.0,0.0,1738.994,7.927,0.0,325.195,2072.116,39.759,150.812,1114.957,2908.32,2289.811,1742.497,299.618,8545.774,0.0,0,0.0,0.0,0.0,0.0,0.0,0.0
2008-08-01,Monthly,Bank-bank Islam / Islamic Banks,163.151,188.539,1563.441,5432.64,7360.35,1250.086,221.967,16180.174,0,0,0,0.0,0.0,0,0,0.0,2534.987,1647.154,5286.509,6194.364,17305.286,3669.365,1434.931,38072.596,0,0,0,22.045,14.236,5.972,0.0,42.253,4670.579,1567.34,1559.13,1168.572,9127.564,3350.842,1871.853,23315.88,0.0,0.0,2.121,33.823,16.817,3.919,107.206,163.886,2.887,10698.996,534.602,11236.485,0.0,0.0,0.0,0.0,143.697,245.95,569.571,10984.898,4420.269,223.4,46.65,16634.435,0.0,0.0,0.0,2602.238,4235.051,36.065,0.0,6873.354,0.0,0.0,0.0,1753.308,17.778,0.0,288.287,2059.373,35.83,152.672,836.688,1747.875,1898.67,1782.027,240.752,6694.514,0.0,0,0.0,0.0,0.0,0.0,0.0,0.0
2008-08-01,Monthly,Bank-bank Perdagangan (SPI) / IBS of Commercial Banks,0.0,0.0,0.0,0.0,0.0,0.0,0.0,0.0,0,0,0,0.0,0.0,0,0,0.0,23.137,346.102,709.717,1234.161,4182.533,357.549,75.563,6928.762,0,0,0,0.0,0.0,0.0,0.0,0.0,186.595,0.119,22.129,77.122,2091.122,294.134,97.334,2768.555,0.0,0.0,0.0,0.0,0.0,0.0,0.0,0.0,0.142,3604.416,87.117,3691.675,0.0,0.0,0.0,0.0,0.0,0.0,0.0,3963.887,0.0,0.0,0.0,3963.887,0.0,0.0,0.0,0.0,0.0,0.0,0.0,0.0,0.0,0.0,0.0,0.0,0.0,0.0,0.0,0.0,0.019,0.0,0.0,221.737,721.417,15.35,2.0,960.523,0.0,0,0.0,0.0,0.0,0.0,0.0,0.0
2008-08-01,Monthly,Bank-bank Pelaburan (Saudagar) SPI / IBS of Investment (Merchant) Banks,0.0,5.0,0.0,3.096,0.5,0.0,3.137,11.733,0,0,0,0.0,0.0,0,0,0.0,57.388,34.1,421.272,1395.735,1318.438,0.0,48.845,3275.778,0,0,0,0.0,0.0,0.0,0.0,0.0,0.0,0.0,0.0,0.0,0.0,0.0,0.0,0.0,0.0,0.0,0.0,0.0,0.0,0.0,0.0,0.0,0.0,0.0,0.0,0.0,0.0,0.0,0.0,0.0,118.1,8.0,48.2,321.639,132.472,0.0,0.0,628.411,0.0,0.0,0.0,0.0,0.0,0.0,0.0,0.0,0.0,0.0,0.0,0.0,0.0,0.0,0.0,0.0,0.0,0.0,75.0,1085.796,30.496,0.0,1.216,1192.508,0.0,0,0.0,0.0,0.0,0.0,0.0,0.0
2008-08-01,Monthly,Jumlah/ Total,163.151,193.539,1563.441,5435.736,7360.85,1250.086,225.104,16191.907,0,0,0,0.0,0.0,0,0,0.0,2615.512,2027.356,6417.498,8824.26,22806.257,4026.914,1559.339,48277.136,0,0,0,22.045,14.236,5.972,0.0,42.253,4857.174,1567.459,1581.259,1245.694,11218.686,3644.976,1969.187,26084.435,0.0,0.0,2.121,33.823,16.817,3.919,107.206,163.886,3.029,14303.412,621.719,14928.16,0.0,0.0,0.0,0.0,261.797,253.95,617.771,15270.424,4552.741,223.4,46.65,21226.733,0.0,0.0,0.0,2602.238,4235.051,36.065,0.0,6873.354,0.0,0.0,0.0,1753.308,17.778,0.0,288.287,2059.373,35.849,152.672,911.688,3055.408,2650.583,1797.377,243.968,8847.545,0.0,0,0.0,0.0,0.0,0.0,0.0,0.0
2008-09-01,Monthly,Bank-bank Islam / Islamic Banks,150.481,206.029,1741.375,5601.773,8262.761,1182.511,833.31,17978.24,0,0,0,22.344,0.0,0,0,22.344,2159.61,1994.334,5160.404,5618.123,15948.415,3682.019,1367.984,35930.889,0,0,0,0.0,31.564,6.69,0.0,38.254,3254.472,1350.174,1327.977,1360.857,9551.393,3446.999,1812.678,22104.55,0.0,0.0,1.727,29.278,21.948,2.093,120.49,175.536,3.127,11196.078,557.674,11756.879,0.0,0.0,0.0,0.0,138.964,243.233,471.441,11446.281,4095.662,220.95,46.6,16663.131,0.0,0.0,0.0,2653.481,4163.006,48.831,0.0,6865.318,0.0,0.0,0.0,2476.866,18.268,0.0,260.534,2755.668,56.464,157.475,908.653,1893.226,1881.741,1828.936,268.434,6994.929,0.0,0,0.0,0.0,0.0,0.0,0.0,0.0
2008-09-01,Monthly,Bank-bank Perdagangan (SPI) / IBS of Commercial Banks,0.0,0.0,0.0,0.0,0.0,0.0,0.0,0.0,0,0,0,0.0,0.0,0,0,0.0,29.3,352.633,783.188,1729.241,2148.887,371.093,56.004,5470.346,0,0,0,0.0,0.0,0.0,0.0,0.0,225.491,0.07,19.907,114.375,2143.014,306.651,96.185,2905.693,0.0,0.0,0.0,0.0,0.0,0.0,0.0,0.0,0.113,3710.398,91.503,3802.014,0.0,0.0,0.0,0.0,0.0,0.0,0.0,3902.681,70.615,0.0,0.0,3973.296,0.0,0.0,0.0,0.0,0.0,0.0,0.0,0.0,0.0,0.0,0.0,0.296,0.0,0.0,0.0,0.296,0.031,0.0,0.0,225.617,686.981,15.35,2.0,929.979,0.0,0,0.0,0.0,0.0,0.0,0.0,0.0
2008-09-01,Monthly,Bank-bank Pelaburan (Saudagar) SPI / IBS of Investment (Merchant) Banks,0.0,10.0,0.0,3.634,0.5,0.0,3.137,17.271,0,0,0,0.0,0.0,0,0,0.0,11.593,9.84,433.878,1320.715,1252.28,0.0,44.206,3072.512,0,0,0,0.0,0.0,0.0,0.0,0.0,0.0,0.0,0.0,0.0,0.0,0.0,0.0,0.0,0.0,0.0,0.0,0.0,0.0,0.0,0.0,0.0,0.0,0.0,0.0,0.0,0.0,0.0,0.0,0.0,103.8,20.0,51.7,268.665,107.41,0.0,0.0,551.575,0.0,0.0,0.0,0.0,0.0,0.0,0.0,0.0,0.0,0.0,0.0,0.0,0.0,0.0,0.0,0.0,0.0,0.0,75.0,1082.996,30.495,0.0,1.217,1189.708,0.0,0,0.0,0.0,0.0,0.0,0.0,0.0
2008-09-01,Monthly,Jumlah/ Total,150.481,216.029,1741.375,5605.407,8263.261,1182.511,836.447,17995.511,0,0,0,22.344,0.0,0,0,22.344,2200.503,2356.807,6377.47,8668.079,19349.582,4053.112,1468.194,44473.747,0,0,0,0.0,31.564,6.69,0.0,38.254,3479.963,1350.244,1347.884,1475.232,11694.407,3753.65,1908.863,25010.243,0.0,0.0,1.727,29.278,21.948,2.093,120.49,175.536,3.24,14906.476,649.177,15558.893,0.0,0.0,0.0,0.0,242.764,263.233,523.141,15617.627,4273.687,220.95,46.6,21188.002,0.0,0.0,0.0,2653.481,4163.006,48.831,0.0,6865.318,0.0,0.0,0.0,2477.162,18.268,0.0,260.534,2755.964,56.495,157.475,983.653,3201.839,2599.217,1844.286,271.651,9114.616,0.0,0,0.0,0.0,0.0,0.0,0.0,0.0
2008-10-01,Monthly,Bank-bank Islam / Islamic Banks,191.537,178.018,1807.389,5987.236,9889.655,1024.463,779.212,19857.51,0,0,0,23.072,0.0,0,0,23.072,2312.284,1987.869,5267.124,6413.737,16945.327,3915.175,1374.773,38216.289,0,0,0,0.0,51.387,6.404,0.0,57.791,2322.576,1277.145,1381.395,1176.504,9073.236,3373.315,1693.22,20297.391,0.0,0.0,1.423,36.994,16.119,2.494,212.526,269.556,3.082,10943.916,554.058,11501.056,0.0,0.0,0.0,0.0,138.964,291.514,552.028,12141.976,3051.106,292.2,71.04,16538.828,0.0,0.0,0.0,2550.175,4197.85,67.627,0.0,6815.652,0.0,0.0,0.0,2239.274,16.75,0.0,190.772,2446.796,46.561,161.925,899.346,1905.209,1839.658,1916.27,248.168,7017.137,0.0,0,0.0,0.0,0.0,0.0,0.0,0.0
2008-10-01,Monthly,Bank-bank Perdagangan (SPI) / IBS of Commercial Banks,0.0,0.0,0.0,0.0,0.0,0.0,0.0,0.0,0,0,0,0.0,0.0,0,0,0.0,39.422,366.426,919.832,1439.018,1746.301,230.861,51.079,4792.939,0,0,0,0.0,0.0,0.0,0.0,0.0,189.613,0.091,23.089,99.106,1977.607,299.379,90.578,2679.463,0.0,0.0,0.0,0.0,0.0,0.0,0.0,0.0,0.103,3654.534,86.926,3741.563,0.0,0.0,0.0,0.0,0.0,0.0,0.0,3520.776,0.0,0.0,0.0,3520.776,0.0,0.0,0.0,0.0,0.0,0.0,0.0,0.0,0.0,0.0,0.0,0.0,0.0,0.0,0.0,0.0,0.009,0.0,0.0,228.588,723.204,15.35,2.0,969.151,0.0,0,0.0,0.0,0.0,0.0,0.0,0.0
2008-10-01,Monthly,Bank-bank Pelaburan (Saudagar) SPI / IBS of Investment (Merchant) Banks,0.0,40.0,0.0,3.147,0.5,0.0,3.137,46.784,0,0,0,0.0,0.0,0,0,0.0,10.0,4.148,427.307,1257.75,1222.173,0.0,49.783,2971.161,0,0,0,0.0,0.0,0.0,0.0,0.0,0.0,0.0,0.0,0.0,0.0,0.0,0.0,0.0,0.0,0.0,0.0,0.0,0.0,0.0,0.0,0.0,0.0,0.0,0.0,0.0,0.0,0.0,0.0,0.0,244.3,26.75,44.55,394.371,97.335,0.0,0.0,807.306,0.0,0.0,0.0,0.0,0.0,0.0,0.0,0.0,0.0,0.0,0.0,0.0,0.0,0.0,0.0,0.0,0.0,0.0,75.0,1076.296,27.008,0.0,1.217,1179.521,0.0,0,0.0,0.0,0.0,0.0,0.0,0.0
2008-10-01,Monthly,Jumlah/ Total,191.537,218.018,1807.389,5990.383,9890.155,1024.463,782.349,19904.294,0,0,0,23.072,0.0,0,0,23.072,2361.706,2358.443,6614.263,9110.505,19913.801,4146.036,1475.635,45980.389,0,0,0,0.0,51.387,6.404,0.0,57.791,2512.189,1277.236,1404.484,1275.61,11050.843,3672.694,1783.798,22976.854,0.0,0.0,1.423,36.994,16.119,2.494,212.526,269.556,3.185,14598.45,640.984,15242.619,0.0,0.0,0.0,0.0,383.264,318.264,596.578,16057.123,3148.441,292.2,71.04,20866.91,0.0,0.0,0.0,2550.175,4197.85,67.627,0.0,6815.652,0.0,0.0,0.0,2239.274,16.75,0.0,190.772,2446.796,46.57,161.925,974.346,3210.093,2589.87,1931.62,251.385,9165.809,0.0,0,0.0,0.0,0.0,0.0,0.0,0.0
2008-11-01,Monthly,Bank-bank Islam / Islamic Banks,162.126,159.736,1448.625,5201.398,9198.218,1697.781,1161.135,19029.019,0,0,0,23.559,0.0,0,0,23.559,3005.351,2010.126,6168.559,6912.855,21488.774,4126.779,1426.108,45138.552,0,0,0,0.0,81.565,7.515,0.0,89.08,3641.803,1130.873,3816.779,1356.457,9920.498,3664.42,1764.857,25295.687,0.0,0.0,1.13,29.906,30.632,1.147,104.875,167.69,3.3,14037.531,625.377,14666.208,0.0,0.0,0.0,0.0,146.71,369.63,756.071,15661.169,4248.009,288.8,74.701,21545.09,0.0,0.0,0.0,2118.097,4175.161,73.553,0.0,6366.811,0.0,0.0,0.0,2039.881,10.971,0.0,332.733,2383.585,52.184,166.775,924.093,1911.16,1775.155,1911.683,368.927,7109.977,0.0,0,0.0,0.0,0.0,0.0,0.0,0.0
2008-11-01,Monthly,Bank-bank Perdagangan (SPI) / IBS of Commercial Banks,0.0,0.0,0.0,0.0,0.0,0.0,0.0,0.0,0,0,0,0.0,0.0,0,0,0.0,0.0,0.0,0.0,324.708,809.912,79.408,6.431,1220.459,0,0,0,0.0,0.0,0.0,0.0,0.0,0.0,0.012,0.008,24.317,1145.808,77.53,6.695,1254.37,0.0,0.0,0.0,0.0,0.0,0.0,0.0,0.0,0.0,465.154,4.729,469.883,0.0,0.0,0.0,0.0,0.0,0.0,0.0,323.663,0.0,0.0,0.0,323.663,0.0,0.0,0.0,0.0,0.0,0.0,0.0,0.0,0.0,0.0,0.0,0.0,0.0,0.0,0.0,0.0,0.006,0.0,0.0,228.676,435.86,15.35,2.0,681.892,0.0,0,0.0,0.0,0.0,0.0,0.0,0.0
2008-11-01,Monthly,Bank-bank Pelaburan (Saudagar) SPI / IBS of Investment (Merchant) Banks,0.0,0.0,0.0,0.0,0.0,0.0,0.0,0.0,0,0,0,0.0,0.0,0,0,0.0,78.26,32.936,378.715,1057.622,983.777,0.0,53.909,2585.219,0,0,0,0.0,0.0,0.0,0.0,0.0,0.0,0.0,0.0,0.0,0.0,0.0,0.0,0.0,0.0,0.0,0.0,0.0,0.0,0.0,0.0,0.0,0.0,0.0,0.0,0.0,0.0,0.0,0.0,0.0,178.3,16.8,27.95,222.515,60.7,0.0,0.0,506.265,0.0,0.0,0.0,0.0,0.0,0.0,0.0,0.0,0.0,0.0,0.0,0.0,0.0,0.0,0.0,0.0,0.0,0.0,75.0,1070.896,43.532,0.0,1.216,1190.644,0.0,0,0.0,0.0,0.0,0.0,0.0,0.0
2008-11-01,Monthly,Jumlah/ Total,162.126,159.736,1448.625,5201.398,9198.218,1697.781,1161.135,19029.019,0,0,0,23.559,0.0,0,0,23.559,3083.611,2043.062,6547.274,8295.185,23282.463,4206.187,1486.448,48944.23,0,0,0,0.0,81.565,7.515,0.0,89.08,3641.803,1130.885,3816.787,1380.774,11066.306,3741.95,1771.552,26550.057,0.0,0.0,1.13,29.906,30.632,1.147,104.875,167.69,3.3,14502.685,630.106,15136.091,0.0,0.0,0.0,0.0,325.01,386.43,784.021,16207.347,4308.709,288.8,74.701,22375.018,0.0,0.0,0.0,2118.097,4175.161,73.553,0.0,6366.811,0.0,0.0,0.0,2039.881,10.971,0.0,332.733,2383.585,52.19,166.775,999.093,3210.732,2254.547,1927.033,372.143,8982.513,0.0,0,0.0,0.0,0.0,0.0,0.0,0.0
2008-12-01,Monthly,Bank-bank Islam / Islamic Banks,118.797,207.613,2191.511,5985.175,9104.527,16.236,1592.25,19216.109,0,0,0,22.519,0.0,0,0,22.519,3888.388,2066.563,6119.713,8951.38,20448.443,4265.952,1541.614,47282.053,0,0,0,0.0,127.906,7.767,0.0,135.673,3102.549,1211.845,2553.285,1158.486,12109.133,4194.539,1706.468,26036.305,0.0,0.0,1.159,9.971,30.013,2.185,125.433,168.761,3.482,14878.802,638.079,15520.363,0.0,0.0,0.0,0.0,149.627,181.315,911.834,18936.743,3514.204,297.8,70.785,24062.308,50.0,0.0,0.0,2517.577,4546.535,71.768,4.047,7189.927,0.0,0.0,0.0,1950.278,18.133,0.0,301.084,2269.495,60.552,147.355,863.803,2619.674,2111.79,1844.391,379.723,8027.288,0.0,0,0.0,0.0,0.799,0.0,0.0,0.799
2008-12-01,Monthly,Skim Perbankan Islam (SPI) / Islamic Banking Scheme (IBS),0.0,0.0,0.0,0.0,0.0,0.0,0.0,0.0,0,0,0,0.0,0.0,0,0,0.0,60.0,11.604,355.991,981.616,1138.661,10.564,66.43,2624.866,0,0,0,0.0,0.0,0.0,0.0,0.0,0.0,0.0,0.018,10.803,271.712,7.955,0.152,290.64,0.0,0.0,0.0,0.448,0.0,0.0,0.0,0.448,0.0,224.246,0.0,224.246,0.0,0.0,0.0,0.0,65.7,7.3,17.95,111.3,53.8,0.0,0.0,256.05,0.0,0.0,0.0,0.0,0.0,0.0,0.0,0.0,0.0,0.0,0.0,0.0,0.0,0.0,0.0,0.0,0.0,0.0,75.0,1258.794,39.03,0.0,1.216,1374.04,0.0,0,0.0,0.0,0.0,0.0,0.0,0.0
2008-12-01,Monthly,Jumlah/ Total,118.797,207.613,2191.511,5985.175,9104.527,16.236,1592.25,19216.109,0,0,0,22.519,0.0,0,0,22.519,3948.388,2078.167,6475.704,9932.996,21587.104,4276.516,1608.044,49906.919,0,0,0,0.0,127.906,7.767,0.0,135.673,3102.549,1211.845,2553.303,1169.289,12380.845,4202.494,1706.62,26326.945,0.0,0.0,1.159,10.419,30.013,2.185,125.433,169.209,3.482,15103.048,638.079,15744.609,0.0,0.0,0.0,0.0,215.327,188.615,929.784,19048.043,3568.004,297.8,70.785,24318.358,50.0,0.0,0.0,2517.577,4546.535,71.768,4.047,7189.927,0.0,0.0,0.0,1950.278,18.133,0.0,301.084,2269.495,60.552,147.355,938.803,3878.468,2150.82,1844.391,380.939,9401.328,0.0,0,0.0,0.0,0.799,0.0,0.0,0.799
2009-01-01,Monthly,Bank-bank Islam / Islamic Banks,118.358,214.362,2507.307,6191.069,11293.964,19.305,1586.602,21930.967,0,0,0,23.462,0.0,0,0,23.462,3983.937,1832.731,5469.529,7873.418,19259.613,4249.293,1614.462,44282.983,0,0,0,0.0,26.202,8.286,0.0,34.488,2832.092,1058.343,1707.206,1142.084,11010.652,4465.958,1884.388,24100.723,0.0,0.0,4.308,15.063,66.411,2.688,121.267,209.737,3.348,15071.434,653.176,15727.958,0.0,0.0,0.0,0.0,136.824,196.19,906.626,18886.195,4324.006,317.5,165.004,24932.345,50.0,0.0,0.0,1728.173,4611.352,79.358,5.366,6474.249,0.0,0.0,0.0,1569.875,19.111,0.0,319.177,1908.163,55.217,148.262,1015.254,2600.014,1966.724,1804.851,477.529,8067.851,0.0,0,0.0,0.0,0.799,0.0,0.0,0.799
2009-01-01,Monthly,Skim Perbankan Islam (SPI) / Islamic Banking Scheme (IBS),0.0,0.0,0.0,0.0,0.0,0.0,0.0,0.0,0,0,0,0.0,0.0,0,0,0.0,60.0,11.0,271.547,803.847,1391.023,9.11,65.769,2612.296,0,0,0,0.0,0.0,0.0,0.0,0.0,0.0,0.0,1.374,13.245,287.981,7.829,0.035,310.464,0.0,0.0,0.0,0.0,0.0,0.0,0.0,0.0,0.0,229.041,0.0,229.041,0.0,0.0,0.0,0.0,0.0,0.0,17.95,6.1,0.0,0.0,0.0,24.05,0.0,0.0,0.0,0.0,0.0,0.0,0.0,0.0,0.0,0.0,0.0,0.0,0.0,0.0,0.0,0.0,0.0,0.0,75.0,1298.415,27.537,0.0,1.228,1402.18,0.0,0,0.0,0.0,0.0,0.0,0.0,0.0
2009-01-01,Monthly,Jumlah/ Total,118.358,214.362,2507.307,6191.069,11293.964,19.305,1586.602,21930.967,0,0,0,23.462,0.0,0,0,23.462,4043.937,1843.731,5741.076,8677.265,20650.636,4258.403,1680.231,46895.279,0,0,0,0.0,26.202,8.286,0.0,34.488,2832.092,1058.343,1708.58,1155.329,11298.633,4473.787,1884.423,24411.187,0.0,0.0,4.308,15.063,66.411,2.688,121.267,209.737,3.348,15300.475,653.176,15956.999,0.0,0.0,0.0,0.0,136.824,196.19,924.576,18892.295,4324.006,317.5,165.004,24956.395,50.0,0.0,0.0,1728.173,4611.352,79.358,5.366,6474.249,0.0,0.0,0.0,1569.875,19.111,0.0,319.177,1908.163,55.217,148.262,1090.254,3898.429,1994.261,1804.851,478.757,9470.031,0.0,0,0.0,0.0,0.799,0.0,0.0,0.799
2009-02-01,Monthly,Bank-bank Islam / Islamic Banks,131.91,306.309,2066.222,7006.606,10492.454,35.765,1624.517,21663.783,0,0,0,24.066,0.0,0,0,24.066,3816.451,1868.963,5319.279,9403.485,19507.296,4423.933,1649.79,45989.197,0,0,0,0.0,26.897,8.518,0.0,35.415,5240.045,1127.089,1812.805,1093.536,10742.461,4381.508,2035.232,26432.676,0.0,0.0,5.596,13.785,23.859,2.133,121.318,166.691,3.26,15480.427,672.51,16156.197,0.0,0.0,0.0,0.0,37.736,69.299,910.615,16956.724,3887.277,284.002,125.684,22271.337,50.0,0.0,0.0,1612.984,4199.197,90.234,5.566,5957.981,0.0,0.0,0.0,1593.81,22.617,0.0,307.33,1923.757,44.46,143.662,987.732,2209.665,2329.99,1744.326,389.039,7848.874,0.0,0,0.0,0.0,0.799,0.0,0.0,0.799
2009-02-01,Monthly,Skim Perbankan Islam (SPI) / Islamic Banking Scheme (IBS),0.0,0.0,0.0,0.0,0.0,0.0,0.0,0.0,0,0,0,0.0,0.0,0,0,0.0,60.0,36.0,223.386,1150.188,1276.996,9.131,77.23,2832.931,0,0,0,0.0,0.0,0.0,0.0,0.0,0.0,0.0,0.01,16.083,423.891,7.88,0.035,447.899,0.0,0.0,0.146,0.685,0.0,0.0,0.0,0.831,0.0,238.501,0.0,238.501,0.0,0.0,0.0,0.0,0.0,0.0,36.95,206.556,0.0,0.0,0.0,243.506,0.0,0.0,0.0,0.0,0.0,0.0,0.0,0.0,0.0,0.0,0.0,0.0,0.0,0.0,0.0,0.0,0.0,0.0,75.0,1294.187,27.554,0.0,1.229,1397.97,0.0,0,0.0,0.0,0.0,0.0,0.0,0.0
2009-02-01,Monthly,Jumlah/ Total,131.91,306.309,2066.222,7006.606,10492.454,35.765,1624.517,21663.783,0,0,0,24.066,0.0,0,0,24.066,3876.451,1904.963,5542.665,10553.673,20784.292,4433.064,1727.02,48822.128,0,0,0,0.0,26.897,8.518,0.0,35.415,5240.045,1127.089,1812.815,1109.619,11166.352,4389.388,2035.267,26880.575,0.0,0.0,5.742,14.47,23.859,2.133,121.318,167.522,3.26,15718.928,672.51,16394.698,0.0,0.0,0.0,0.0,37.736,69.299,947.565,17163.28,3887.277,284.002,125.684,22514.843,50.0,0.0,0.0,1612.984,4199.197,90.234,5.566,5957.981,0.0,0.0,0.0,1593.81,22.617,0.0,307.33,1923.757,44.46,143.662,1062.732,3503.852,2357.544,1744.326,390.268,9246.844,0.0,0,0.0,0.0,0.799,0.0,0.0,0.799
2009-03-01,Monthly,Bank-bank Islam / Islamic Banks,129.25,189.744,2597.845,7141.337,9710.56,65.148,1587.558,21421.442,0,0,0,23.699,0.0,0,0,23.699,3685.764,2206.037,5478.453,10081.877,19901.692,4390.85,1758.234,47502.907,0,0,0,0.0,14.643,26.946,0.0,41.589,2966.49,1353.503,1571.213,1237.688,11458.147,4541.788,1941.065,25069.894,0.0,0.0,5.423,16.973,25.522,2.367,127.729,178.014,3.302,15350.471,681.909,16035.682,0.0,0.0,0.0,0.0,0.0,55.622,975.975,18518.478,4888.812,283.702,71.324,24793.913,50.0,0.0,0.0,1931.629,4939.678,96.424,5.567,7023.298,0.0,0.0,0.0,1595.583,24.506,0.0,331.027,1951.116,45.895,188.776,771.775,2632.929,2104.602,1476.226,443.912,7664.115,0.0,0,0.0,0.0,0.799,0.0,0.0,0.799
2009-03-01,Monthly,Skim Perbankan Islam (SPI) / Islamic Banking Scheme (IBS),0.0,0.0,0.0,0.0,0.0,0.0,0.0,0.0,0,0,0,0.0,0.0,0,0,0.0,60.0,50.0,274.447,791.906,1337.491,8.925,82.83,2605.599,0,0,0,0.0,0.0,0.0,0.0,0.0,0.0,0.0,0.133,11.724,359.166,7.954,0.04,379.017,0.0,0.0,0.154,1.084,0.0,0.0,0.0,1.238,0.0,247.718,0.0,247.718,0.0,0.0,0.0,0.0,0.0,0.0,19.6,207.35,19.955,0.0,0.0,246.905,0.0,0.0,0.0,0.0,0.0,0.0,0.0,0.0,0.0,0.0,0.0,0.0,0.0,0.0,0.0,0.0,0.0,0.0,75.0,1288.933,28.054,0.0,1.229,1393.216,0.0,0,0.0,0.0,0.0,0.0,0.0,0.0
2009-03-01,Monthly,Jumlah/ Total,129.25,189.744,2597.845,7141.337,9710.56,65.148,1587.558,21421.442,0,0,0,23.699,0.0,0,0,23.699,3745.764,2256.037,5752.9,10873.783,21239.183,4399.775,1841.064,50108.506,0,0,0,0.0,14.643,26.946,0.0,41.589,2966.49,1353.503,1571.346,1249.412,11817.313,4549.742,1941.105,25448.911,0.0,0.0,5.577,18.057,25.522,2.367,127.729,179.252,3.302,15598.189,681.909,16283.4,0.0,0.0,0.0,0.0,0.0,55.622,995.575,18725.828,4908.767,283.702,71.324,25040.818,50.0,0.0,0.0,1931.629,4939.678,96.424,5.567,7023.298,0.0,0.0,0.0,1595.583,24.506,0.0,331.027,1951.116,45.895,188.776,846.775,3921.862,2132.656,1476.226,445.141,9057.331,0.0,0,0.0,0.0,0.799,0.0,0.0,0.799
2009-04-01,Monthly,Bank-bank Islam / Islamic Banks,127.947,526.978,2328.894,8039.329,9516.981,84.395,1582.94,22207.464,0,0,0,23.147,0.0,0,0,23.147,4048.743,2546.57,5732.585,9665.819,19543.444,4440.961,1731.737,47709.859,0,0,0,0.0,32.048,141.021,0.0,173.069,2976.696,1409.037,1542.849,1085.385,11118.489,4552.568,3837.918,26522.942,0.0,0.0,1.437,6.528,44.979,3.413,103.615,159.972,3.536,16063.014,705.765,16772.315,0.0,0.0,0.0,0.0,0.0,55.556,1074.487,19049.286,5858.254,290.372,188.935,26516.89,50.0,100.0,0.0,2825.682,2869.2,98.097,13.088,5956.067,0.0,0.0,0.0,1631.695,18.218,0.499,215.434,1865.846,44.763,194.286,1000.816,2946.563,1974.079,1400.946,344.343,7905.796,0.0,0,0.0,0.0,0.799,0.0,0.0,0.799
2009-04-01,Monthly,Skim Perbankan Islam (SPI) / Islamic Banking Scheme (IBS),0.0,0.0,0.0,0.0,0.0,0.0,0.0,0.0,0,0,0,0.0,0.0,0,0,0.0,60.0,45.0,176.672,1150.227,1506.984,8.683,83.61,3031.176,0,0,0,0.0,0.0,0.0,0.0,0.0,0.0,0.0,0.033,7.417,316.596,7.985,0.631,332.662,0.0,0.0,0.056,3.111,0.0,0.0,0.0,3.167,0.0,270.523,0.0,270.523,0.0,0.0,0.0,0.0,13.8,0.0,32.5,287.3,35.355,0.0,0.0,368.955,0.0,0.0,0.0,0.0,0.0,0.0,0.0,0.0,0.0,0.0,0.0,0.0,0.0,0.0,0.0,0.0,0.0,0.0,75.0,1296.991,29.057,0.0,1.229,1402.277,0.0,0,0.0,0.0,0.0,0.0,0.0,0.0
2009-04-01,Monthly,Jumlah/ Total,127.947,526.978,2328.894,8039.329,9516.981,84.395,1582.94,22207.464,0,0,0,23.147,0.0,0,0,23.147,4108.743,2591.57,5909.257,10816.046,21050.428,4449.644,1815.347,50741.035,0,0,0,0.0,32.048,141.021,0.0,173.069,2976.696,1409.037,1542.882,1092.802,11435.085,4560.553,3838.549,26855.604,0.0,0.0,1.493,9.639,44.979,3.413,103.615,163.139,3.536,16333.537,705.765,17042.838,0.0,0.0,0.0,0.0,13.8,55.556,1106.987,19336.586,5893.609,290.372,188.935,26885.845,50.0,100.0,0.0,2825.682,2869.2,98.097,13.088,5956.067,0.0,0.0,0.0,1631.695,18.218,0.499,215.434,1865.846,44.763,194.286,1075.816,4243.554,2003.136,1400.946,345.572,9308.073,0.0,0,0.0,0.0,0.799,0.0,0.0,0.799
2009-05-01,Monthly,Bank-bank Islam / Islamic Banks,162.435,225.396,2036.727,7192.493,9284.459,89.167,1556.152,20546.829,0,0,0,22.727,0.0,0,0,22.727,4367.908,2753.649,4976.046,10096.072,21656.227,4511.963,2332.191,50694.056,0,0,0,0.0,0.0,128.358,0.0,128.358,3303.417,946.527,1671.283,1326.397,15773.674,4654.611,2390.39,30066.299,0.0,0.0,1.786,6.647,43.47,2.904,114.309,169.116,3.482,15297.54,685.422,15986.444,0.0,0.0,0.0,0.0,0.0,55.652,885.947,18991.53,5588.711,289.734,91.336,25902.91,50.0,100.0,0.0,3062.127,2765.452,93.326,15.184,6086.089,0.0,0.0,0.0,1658.953,19.431,0.0,182.557,1860.941,43.62,189.478,888.568,2991.468,2084.94,1351.937,358.822,7908.833,0.0,0,0.0,0.0,0.799,0.0,0.0,0.799
2009-05-01,Monthly,Skim Perbankan Islam (SPI) / Islamic Banking Scheme (IBS),0.0,0.0,0.0,0.0,0.0,0.0,0.0,0.0,0,0,0,0.0,0.0,0,0,0.0,82.1,30.0,111.179,1411.981,1196.845,8.685,72.638,2913.428,0,0,0,0.0,0.0,0.0,0.0,0.0,0.0,0.0,0.007,9.251,405.019,8.055,0.531,422.863,0.0,0.0,0.059,23.274,52.416,0.0,0.0,75.749,0.0,269.671,0.0,269.671,0.0,0.0,0.0,0.0,0.0,10.0,236.5,99.5,116.539,0.0,0.0,462.539,0.0,0.0,0.0,0.0,0.0,0.0,0.0,0.0,0.0,0.0,0.0,0.0,0.0,0.0,0.0,0.0,0.0,0.0,75.0,1271.567,27.225,0.0,1.0,1374.792,0.0,0,0.0,0.0,0.0,0.0,0.0,0.0
2009-05-01,Monthly,Jumlah/ Total,162.435,225.396,2036.727,7192.493,9284.459,89.167,1556.152,20546.829,0,0,0,22.727,0.0,0,0,22.727,4450.008,2783.649,5087.225,11508.053,22853.072,4520.648,2404.829,53607.484,0,0,0,0.0,0.0,128.358,0.0,128.358,3303.417,946.527,1671.29,1335.648,16178.693,4662.666,2390.921,30489.162,0.0,0.0,1.845,29.921,95.886,2.904,114.309,244.865,3.482,15567.211,685.422,16256.115,0.0,0.0,0.0,0.0,0.0,65.652,1122.447,19091.03,5705.25,289.734,91.336,26365.449,50.0,100.0,0.0,3062.127,2765.452,93.326,15.184,6086.089,0.0,0.0,0.0,1658.953,19.431,0.0,182.557,1860.941,43.62,189.478,963.568,4263.035,2112.165,1351.937,359.822,9283.625,0.0,0,0.0,0.0,0.799,0.0,0.0,0.799
2009-06-01,Monthly,Bank-bank Islam / Islamic Banks,160.518,177.023,3152.348,7310.695,9843.516,88.79,1599.527,22332.417,0,0,0,22.861,0.0,0,0,22.861,6166.455,3070.701,5885.011,12295.895,23217.116,4755.432,2442.845,57833.455,0,0,0,0.0,0.0,141.55,0.0,141.55,3949.54,1499.398,1590.205,1341.189,11562.079,4715.678,2440.872,27098.961,0.0,0.0,1.613,7.421,33.887,5.79,120.338,169.049,3.484,15544.947,715.475,16263.906,0.0,0.0,0.0,0.0,35.929,32.448,748.482,19552.795,4777.246,289.347,257.946,25694.193,100.0,100.0,44.538,3186.142,2585.918,92.347,8.684,6117.629,0.0,0.0,0.0,1526.634,22.397,0.0,306.069,1855.1,95.131,207.802,694.701,3284.517,2047.596,1315.698,371.852,8017.297,0.0,0,0.0,0.0,0.799,0.0,0.0,0.799
2009-06-01,Monthly,Skim Perbankan Islam (SPI) / Islamic Banking Scheme (IBS),0.0,0.0,0.0,0.0,0.0,0.0,0.0,0.0,0,0,0,0.0,0.0,0,0,0.0,60.0,15.0,264.786,1169.555,1098.796,8.356,85.5,2701.993,0,0,0,0.0,0.0,0.0,0.0,0.0,0.0,0.0,0.101,12.44,276.89,0.287,0.063,289.781,0.0,0.0,0.061,1.994,52.73,0.0,0.0,54.785,0.0,274.629,0.0,274.629,0.0,0.0,0.0,0.0,20.1,10.0,136.709,336.803,101.959,0.0,0.0,605.571,0.0,0.0,0.0,0.0,0.0,0.0,0.0,0.0,0.0,0.0,0.0,0.0,0.0,0.0,0.0,0.0,0.0,0.0,75.0,1266.179,27.225,0.0,1.0,1369.404,0.0,0,0.0,0.0,0.0,0.0,0.0,0.0
2009-06-01,Monthly,Jumlah/ Total,160.518,177.023,3152.348,7310.695,9843.516,88.79,1599.527,22332.417,0,0,0,22.861,0.0,0,0,22.861,6226.455,3085.701,6149.797,13465.45,24315.912,4763.788,2528.345,60535.448,0,0,0,0.0,0.0,141.55,0.0,141.55,3949.54,1499.398,1590.306,1353.629,11838.969,4715.965,2440.935,27388.742,0.0,0.0,1.674,9.415,86.617,5.79,120.338,223.834,3.484,15819.576,715.475,16538.535,0.0,0.0,0.0,0.0,56.029,42.448,885.191,19889.598,4879.205,289.347,257.946,26299.764,100.0,100.0,44.538,3186.142,2585.918,92.347,8.684,6117.629,0.0,0.0,0.0,1526.634,22.397,0.0,306.069,1855.1,95.131,207.802,769.701,4550.696,2074.821,1315.698,372.852,9386.701,0.0,0,0.0,0.0,0.799,0.0,0.0,0.799
2009-07-01,Monthly,Bank-bank Islam / Islamic Banks,139.717,190.058,2917.097,8862.395,10707.372,94.894,1591.436,24502.969,0,0,0,22.896,0.0,0,0,22.896,6715.205,3140.309,6489.239,11893.06,22384.485,4963.852,2427.115,58013.265,0,0,0,0.0,0.0,30.84,0.0,30.84,3701.427,1042.64,1560.648,1232.152,11907.648,4784.789,2288.864,26518.168,0.0,0.0,1.455,2.869,29.084,6.646,329.904,369.958,3.366,16085.171,734.038,16822.575,0.0,0.004,0.0,0.004,0.0,77.553,637.943,19106.714,4571.548,282.052,243.637,24919.447,154.537,100.0,44.574,3260.008,2571.956,88.579,13.399,6233.053,0.0,0.0,0.0,1662.871,79.033,0.0,232.043,1973.947,97.776,145.058,987.429,2482.192,2218.802,1403.647,307.658,7642.562,0.0,0,0.0,0.0,0.799,0.0,0.0,0.799
2009-07-01,Monthly,Skim Perbankan Islam (SPI) / Islamic Banking Scheme (IBS),0.0,0.0,0.0,0.0,0.0,0.0,0.0,0.0,0,0,0,0.0,0.0,0,0,0.0,154.1,53.06,237.074,1256.736,1093.237,12.305,74.5,2881.012,0,0,0,0.0,0.0,0.0,0.0,0.0,0.0,0.0,0.052,8.381,259.283,2.658,0.435,270.809,0.0,0.0,0.062,1.052,52.155,0.0,0.0,53.269,0.0,291.349,0.0,291.349,0.0,0.0,0.0,0.0,166.25,0.0,147.703,637.723,85.817,0.0,0.0,1037.493,0.0,0.0,0.0,0.0,0.0,0.0,0.0,0.0,0.0,0.0,0.0,0.0,0.0,0.0,0.0,0.0,0.0,0.0,75.0,1262.899,29.228,0.0,1.0,1368.127,0.0,0,0.0,0.0,0.0,0.0,0.0,0.0
2009-07-01,Monthly,Jumlah/ Total,139.717,190.058,2917.097,8862.395,10707.372,94.894,1591.436,24502.969,0,0,0,22.896,0.0,0,0,22.896,6869.305,3193.369,6726.313,13149.796,23477.722,4976.157,2501.615,60894.277,0,0,0,0.0,0.0,30.84,0.0,30.84,3701.427,1042.64,1560.7,1240.533,12166.931,4787.447,2289.299,26788.977,0.0,0.0,1.517,3.921,81.239,6.646,329.904,423.227,3.366,16376.52,734.038,17113.924,0.0,0.004,0.0,0.004,166.25,77.553,785.646,19744.437,4657.365,282.052,243.637,25956.94,154.537,100.0,44.574,3260.008,2571.956,88.579,13.399,6233.053,0.0,0.0,0.0,1662.871,79.033,0.0,232.043,1973.947,97.776,145.058,1062.429,3745.091,2248.03,1403.647,308.658,9010.689,0.0,0,0.0,0.0,0.799,0.0,0.0,0.799
2009-08-01,Monthly,Bank-bank Islam / Islamic Banks,111.372,222.79,3498.691,7822.502,10101.988,97.742,1616.935,23472.02,0,0,0,22.896,0.0,0,0,22.896,6653.322,3275.691,6352.709,12708.213,21535.06,4979.119,2673.691,58177.805,0,0,0,0.0,0.0,61.78,0.011,61.791,4137.315,920.441,1671.007,1367.034,12141.21,4764.672,2447.525,27449.204,0.0,0.0,1.237,12.428,23.926,8.864,125.469,171.924,3.135,15979.409,745.243,16727.787,0.0,0.25,0.45,0.7,0.0,127.492,429.991,18984.92,4043.072,280.102,71.05,23936.627,189.537,110.008,54.542,3148.523,2728.107,89.475,13.406,6333.598,0.0,0.0,0.0,1808.641,70.724,26.419,274.365,2180.149,99.116,209.708,926.329,3005.694,1965.124,1256.199,387.902,7850.072,0.0,0,0.0,0.0,0.799,0.0,0.0,0.799
2009-08-01,Monthly,Skim Perbankan Islam (SPI) / Islamic Banking Scheme (IBS),0.0,0.0,0.0,0.0,0.0,0.0,0.0,0.0,0,0,0,0.0,0.0,0,0,0.0,128.8,68.199,176.508,1739.93,1097.346,12.006,76.5,3299.289,0,0,0,0.0,0.0,0.0,0.0,0.0,0.0,0.0,0.044,7.962,187.589,8.118,0.119,203.832,0.0,0.0,0.063,0.616,49.566,0.0,0.0,50.245,0.0,313.719,0.0,313.719,0.0,0.0,0.0,0.0,97.6,10.0,132.709,173.293,192.407,0.0,0.0,606.009,0.0,0.0,0.0,0.0,0.0,0.0,0.0,0.0,0.0,0.0,0.0,0.0,0.0,0.0,0.0,0.0,0.0,0.0,75.0,1256.689,29.028,0.0,1.0,1361.717,0.0,0,0.0,0.0,0.0,0.0,0.0,0.0
2009-08-01,Monthly,Jumlah/ Total,111.372,222.79,3498.691,7822.502,10101.988,97.742,1616.935,23472.02,0,0,0,22.896,0.0,0,0,22.896,6782.122,3343.89,6529.217,14448.143,22632.406,4991.125,2750.191,61477.094,0,0,0,0.0,0.0,61.78,0.011,61.791,4137.315,920.441,1671.051,1374.996,12328.799,4772.79,2447.644,27653.036,0.0,0.0,1.3,13.044,73.492,8.864,125.469,222.169,3.135,16293.128,745.243,17041.506,0.0,0.25,0.45,0.7,97.6,137.492,562.7,19158.213,4235.479,280.102,71.05,24542.636,189.537,110.008,54.542,3148.523,2728.107,89.475,13.406,6333.598,0.0,0.0,0.0,1808.641,70.724,26.419,274.365,2180.149,99.116,209.708,1001.329,4262.383,1994.152,1256.199,388.902,9211.789,0.0,0,0.0,0.0,0.799,0.0,0.0,0.799
2009-09-01,Monthly,Bank-bank Islam / Islamic Banks,117.336,359.535,1922.329,8467.894,10898.222,101.571,1580.182,23447.069,0,0,0,22.506,0.0,0,0,22.506,5735.167,3347.187,6062.245,13693.055,21377.605,4992.756,2736.115,57944.13,0,0,0,0.0,0.0,63.792,0.01,63.802,3888.554,1097.025,1324.064,1514.058,12503.371,4954.009,2274.258,27555.339,0.0,0.0,0.637,9.238,24.5,8.735,104.873,147.983,3.511,16147.862,734.645,16886.018,0.0,0.246,0.287,0.533,0.0,11.936,429.65,18823.696,3782.688,279.902,71.05,23398.922,165.0,160.037,94.081,3676.606,2664.133,89.925,28.31,6878.092,0.0,0.0,0.0,2027.886,79.294,25.961,326.028,2459.169,293.474,207.548,883.462,2961.899,2265.808,1248.883,219.525,8080.599,0.0,0,0.0,0.0,0.01,0.0,0.0,0.01
2009-09-01,Monthly,Skim Perbankan Islam (SPI) / Islamic Banking Scheme (IBS),0.0,0.0,0.0,0.0,0.0,0.0,0.0,0.0,0,0,0,0.0,0.0,0,0,0.0,90.0,55.009,208.765,1586.688,925.103,11.988,74.58,2952.133,0,0,0,0.0,0.0,0.0,0.0,0.0,0.0,0.0,0.007,11.894,70.333,8.208,0.102,90.544,0.0,0.0,0.065,0.617,48.778,0.0,0.0,49.46,0.0,295.574,0.0,295.574,0.0,0.0,0.0,0.0,35.2,10.0,321.222,267.592,240.532,0.0,0.0,874.546,0.0,0.0,0.0,0.0,0.0,0.0,0.0,0.0,0.0,0.0,0.0,0.0,0.0,0.0,0.0,0.0,0.0,0.0,75.0,1335.389,34.878,0.0,6.65,1451.917,0.0,0,0.0,0.0,0.0,0.0,0.0,0.0
2009-09-01,Monthly,Jumlah/ Total,117.336,359.535,1922.329,8467.894,10898.222,101.571,1580.182,23447.069,0,0,0,22.506,0.0,0,0,22.506,5825.167,3402.196,6271.01,15279.743,22302.708,5004.744,2810.695,60896.263,0,0,0,0.0,0.0,63.792,0.01,63.802,3888.554,1097.025,1324.071,1525.952,12573.704,4962.217,2274.36,27645.883,0.0,0.0,0.702,9.855,73.278,8.735,104.873,197.443,3.511,16443.436,734.645,17181.592,0.0,0.246,0.287,0.533,35.2,21.936,750.872,19091.288,4023.22,279.902,71.05,24273.468,165.0,160.037,94.081,3676.606,2664.133,89.925,28.31,6878.092,0.0,0.0,0.0,2027.886,79.294,25.961,326.028,2459.169,293.474,207.548,958.462,4297.288,2300.686,1248.883,226.175,9532.516,0.0,0,0.0,0.0,0.01,0.0,0.0,0.01
2009-10-01,Monthly,Bank-bank Islam / Islamic Banks,173.594,249.404,2001.025,9664.814,10801.451,102.533,1622.864,24615.685,0,0,0,22.181,0.0,0,0,22.181,5044.909,3337.184,6017.383,13227.407,23560.344,5007.662,2510.172,58705.061,0,0,0,0.0,20.607,30.595,0.01,51.212,2693.055,1066.081,1372.463,1275.26,12301.516,4910.081,2695.597,26314.053,0.0,0.0,1.541,9.144,42.032,7.45,116.991,177.158,3.56,16129.532,740.312,16873.404,0.0,0.037,0.318,0.355,0.0,11.932,387.102,19695.089,3727.738,279.252,71.05,24172.163,325.0,196.045,191.004,4167.72,2783.492,97.871,35.638,7796.77,0.0,0.0,0.0,2019.649,67.09,25.594,306.483,2418.816,293.1,210.978,915.406,3036.112,3736.89,1170.422,255.901,9618.809,0.0,0,0.0,0.0,0.0,0.0,0.0,0.0
2009-10-01,Monthly,Skim Perbankan Islam (SPI) / Islamic Banking Scheme (IBS),0.0,0.0,0.0,0.0,0.0,0.0,0.0,0.0,0,0,0,0.0,0.0,0,0,0.0,90.0,62.287,351.379,1347.682,974.839,11.746,82.798,2920.731,0,0,0,0.0,0.0,0.0,0.0,0.0,0.0,0.0,0.029,13.354,139.671,8.103,0.102,161.259,0.0,0.0,0.067,0.614,496.948,0.0,0.0,497.629,0.0,284.723,0.0,284.723,0.0,0.0,0.0,0.0,1.7,19.5,336.034,596.446,71.07,0.0,0.0,1024.75,0.0,0.0,0.0,0.0,0.0,0.0,0.0,0.0,0.0,0.0,0.0,0.0,0.0,0.0,0.0,0.0,0.0,0.0,75.0,1399.407,104.323,0.0,8.9,1587.63,0.0,0,0.0,0.0,0.0,0.0,0.0,0.0
2009-10-01,Monthly,Jumlah/ Total,173.594,249.404,2001.025,9664.814,10801.451,102.533,1622.864,24615.685,0,0,0,22.181,0.0,0,0,22.181,5134.909,3399.471,6368.762,14575.089,24535.183,5019.408,2592.97,61625.792,0,0,0,0.0,20.607,30.595,0.01,51.212,2693.055,1066.081,1372.492,1288.614,12441.187,4918.184,2695.699,26475.312,0.0,0.0,1.608,9.758,538.98,7.45,116.991,674.787,3.56,16414.255,740.312,17158.127,0.0,0.037,0.318,0.355,1.7,31.432,723.136,20291.535,3798.808,279.252,71.05,25196.913,325.0,196.045,191.004,4167.72,2783.492,97.871,35.638,7796.77,0.0,0.0,0.0,2019.649,67.09,25.594,306.483,2418.816,293.1,210.978,990.406,4435.519,3841.213,1170.422,264.801,11206.439,0.0,0,0.0,0.0,0.0,0.0,0.0,0.0
2009-11-01,Monthly,Bank-bank Islam / Islamic Banks,158.576,333.264,1812.857,14403.325,8343.311,108.106,1615.092,26774.531,0,0,0,22.051,0.0,0,0,22.051,5168.351,3333.847,6423.555,12875.585,23986.95,5154.476,2677.027,59619.791,0,0,0,0.0,59.714,54.842,0.01,114.566,3446.322,984.951,2594.436,1301.97,13959.401,4936.611,2248.888,29472.579,0.0,0.0,0.562,17.319,150.861,8.641,155.609,332.992,3.32,16330.948,737.763,17072.031,0.0,0.037,0.304,0.341,0.0,11.932,677.145,18451.949,3382.827,278.102,71.05,22873.005,535.0,198.063,280.814,4112.032,3114.87,133.134,95.925,8469.838,0.0,0.0,0.0,1805.737,76.078,0.0,253.129,2134.944,600.61,181.298,678.236,3151.043,3959.714,1184.285,444.841,10200.027,0.0,0,0.0,0.0,0.0,0.0,0.0,0.0
2009-11-01,Monthly,Skim Perbankan Islam (SPI) / Islamic Banking Scheme (IBS),0.0,0.0,0.0,0.0,0.0,0.0,0.0,0.0,0,0,0,0.0,0.0,0,0,0.0,140.0,52.288,392.493,1729.184,910.685,10.768,78.436,3313.854,0,0,0,0.0,0.0,0.0,0.0,0.0,0.0,0.0,0.014,13.74,187.067,8.117,0.0,208.938,0.0,0.0,0.066,0.614,492.99,0.0,0.0,493.67,0.0,283.926,0.0,283.926,0.0,0.0,0.0,0.0,51.7,19.5,234.436,139.3,99.62,0.0,0.0,544.556,0.0,0.0,0.0,0.0,0.0,0.0,0.0,0.0,0.0,0.0,0.0,0.0,0.0,0.0,0.0,0.0,0.0,0.0,90.0,1241.976,103.774,154.35,8.9,1599.0,0.0,0,0.0,0.0,0.0,0.0,0.0,0.0
2009-11-01,Monthly,Jumlah/ Total,158.576,333.264,1812.857,14403.325,8343.311,108.106,1615.092,26774.531,0,0,0,22.051,0.0,0,0,22.051,5308.351,3386.135,6816.048,14604.769,24897.635,5165.244,2755.463,62933.645,0,0,0,0.0,59.714,54.842,0.01,114.566,3446.322,984.951,2594.45,1315.71,14146.468,4944.728,2248.888,29681.517,0.0,0.0,0.628,17.933,643.851,8.641,155.609,826.662,3.32,16614.874,737.763,17355.957,0.0,0.037,0.304,0.341,51.7,31.432,911.581,18591.249,3482.447,278.102,71.05,23417.561,535.0,198.063,280.814,4112.032,3114.87,133.134,95.925,8469.838,0.0,0.0,0.0,1805.737,76.078,0.0,253.129,2134.944,600.61,181.298,768.236,4393.019,4063.488,1338.635,453.741,11799.027,0.0,0,0.0,0.0,0.0,0.0,0.0,0.0
2009-12-01,Monthly,Bank-bank Islam / Islamic Banks,124.091,164.437,1943.985,15697.603,7381.223,106.344,1602.895,27020.578,0,0,0,22.266,0.0,0,0,22.266,5113.313,3246.094,6697.086,14592.365,25465.646,5090.976,2602.87,62808.35,0,0,0,0.0,26.373,55.989,0.01,82.372,2916.461,942.734,1573.979,1272.35,15492.243,5236.651,2280.094,29714.512,0.0,0.0,1.054,8.249,39.899,5.671,145.311,200.184,3.143,17065.439,769.565,17838.147,0.0,0.038,0.24,0.278,0.0,19.783,561.675,19330.569,2911.01,276.701,70.55,23170.288,584.877,88.081,473.598,4511.196,2511.904,95.6,96.981,8362.237,0.0,0.0,0.0,1569.75,71.454,0.0,253.882,1895.086,554.976,174.188,777.137,3686.304,3979.833,1169.789,420.529,10762.756,0.0,0,0.0,0.0,0.0,0.0,0.0,0.0
2009-12-01,Monthly,Skim Perbankan Islam (SPI) / Islamic Banking Scheme (IBS),0.0,0.0,0.0,0.0,0.0,0.0,0.0,0.0,0,0,0,0.0,0.0,0,0,0.0,148.2,30.0,544.572,1681.189,1209.06,10.78,82.086,3705.887,0,0,0,0.0,0.0,0.0,0.0,0.0,0.0,0.0,0.308,14.614,318.072,8.135,0.0,341.129,0.0,0.0,0.066,0.541,496.45,0.0,0.0,497.057,0.0,288.248,0.0,288.248,0.0,0.0,0.0,0.0,0.0,17.1,268.479,102.6,149.62,0.0,0.0,537.799,0.0,0.0,0.0,0.0,0.0,0.0,0.0,0.0,0.0,0.0,0.0,0.0,0.0,0.0,0.0,0.0,0.0,44.0,100.4,1239.374,44.487,154.6,9.4,1592.261,0.0,0,0.0,0.0,0.0,0.0,0.0,0.0
2009-12-01,Monthly,Jumlah/ Total,124.091,164.437,1943.985,15697.603,7381.223,106.344,1602.895,27020.578,0,0,0,22.266,0.0,0,0,22.266,5261.513,3276.094,7241.658,16273.554,26674.706,5101.756,2684.956,66514.237,0,0,0,0.0,26.373,55.989,0.01,82.372,2916.461,942.734,1574.287,1286.964,15810.315,5244.786,2280.094,30055.641,0.0,0.0,1.12,8.79,536.349,5.671,145.311,697.241,3.143,17353.687,769.565,18126.395,0.0,0.038,0.24,0.278,0.0,36.883,830.154,19433.169,3060.63,276.701,70.55,23708.087,584.877,88.081,473.598,4511.196,2511.904,95.6,96.981,8362.237,0.0,0.0,0.0,1569.75,71.454,0.0,253.882,1895.086,554.976,218.188,877.537,4925.678,4024.32,1324.389,429.929,12355.017,0.0,0,0.0,0.0,0.0,0.0,0.0,0.0
2010-01-01,Monthly,Bank-bank Islam / Islamic Banks,123.455,146.228,1698.252,15531.359,7631.983,108.543,1727.584,26967.404,0,0,0,125.911,0.0,0,0,125.911,5071.512,3388.565,6504.244,14654.02,26603.743,5310.741,2447.741,63980.566,0,0,0,0.0,99.874,55.769,0.01,155.653,4756.898,1251.047,1420.097,1552.005,13884.087,5371.002,2355.64,30590.776,0.0,0.0,2.497,6.825,27.66,4.621,133.045,174.648,3.469,17171.772,763.764,17939.005,0.0,0.041,0.41,0.451,0.0,33.806,511.11,20640.189,2645.9,380.383,66.65,24278.038,511.012,63.124,451.094,4360.749,2362.702,119.288,121.043,7989.012,0.0,0.0,0.0,1527.575,67.542,0.0,250.274,1845.391,551.496,171.528,676.198,2987.365,4254.109,1163.226,404.57,10208.492,0.0,0,0.0,0.0,0.0,0.0,0.0,0.0
2010-01-01,Monthly,Skim Perbankan Islam (SPI) / Islamic Banking Scheme (IBS),0.0,0.0,0.0,0.0,0.0,0.0,0.0,0.0,0,0,0,0.0,0.0,0,0,0.0,296.5,75.0,658.078,1280.913,1403.55,11.303,157.352,3882.696,0,0,0,0.0,0.0,0.0,0.0,0.0,0.0,0.0,0.144,16.368,72.772,8.097,0.015,97.396,0.0,0.0,0.065,0.538,493.65,0.0,0.0,494.253,0.0,365.332,0.0,365.332,0.0,0.0,0.0,0.0,0.0,0.0,278.587,35.9,209.618,0.0,0.0,524.105,0.0,0.0,0.0,0.0,0.0,0.0,0.0,0.0,0.0,0.0,0.0,0.0,0.0,0.0,0.0,0.0,0.0,44.0,100.4,1214.8,44.586,153.85,9.4,1567.036,0.0,0,0.0,0.0,0.0,0.0,0.0,0.0
2010-01-01,Monthly,Jumlah/ Total,123.455,146.228,1698.252,15531.359,7631.983,108.543,1727.584,26967.404,0,0,0,125.911,0.0,0,0,125.911,5368.012,3463.565,7162.322,15934.933,28007.293,5322.044,2605.093,67863.262,0,0,0,0.0,99.874,55.769,0.01,155.653,4756.898,1251.047,1420.241,1568.373,13956.859,5379.099,2355.655,30688.172,0.0,0.0,2.562,7.363,521.31,4.621,133.045,668.901,3.469,17537.104,763.764,18304.337,0.0,0.041,0.41,0.451,0.0,33.806,789.697,20676.089,2855.518,380.383,66.65,24802.143,511.012,63.124,451.094,4360.749,2362.702,119.288,121.043,7989.012,0.0,0.0,0.0,1527.575,67.542,0.0,250.274,1845.391,551.496,215.528,776.598,4202.165,4298.695,1317.076,413.97,11775.528,0.0,0,0.0,0.0,0.0,0.0,0.0,0.0
2010-02-01,Monthly,Bank-bank Islam / Islamic Banks,136.526,76.889,973.301,12245.684,5239.57,118.666,8324.817,27115.453,0,0,0,250.646,0.0,0,0,250.646,4708.026,3097.417,5933.517,15238.735,26530.164,5193.966,3173.131,63874.956,0,0,0,0.0,91.057,46.393,0.01,137.46,3832.97,1275.727,2241.658,1657.435,13381.643,5358.386,2537.379,30285.198,0.0,0.0,4.222,13.495,28.757,6.221,199.778,252.473,3.591,17194.704,854.752,18053.047,0.0,0.038,0.392,0.43,0.0,33.806,311.363,18728.366,2438.97,383.616,56.65,21952.771,491.012,193.119,510.163,4664.592,2434.013,117.052,112.679,8522.63,0.0,0.0,0.0,1450.403,69.152,0.0,275.974,1795.529,547.609,176.856,727.453,3502.703,3828.324,1148.081,404.111,10335.137,0.0,0,0.0,0.0,0.0,0.0,0.0,0.0
2010-02-01,Monthly,Skim Perbankan Islam (SPI) / Islamic Banking Scheme (IBS),0.0,0.0,0.0,0.0,0.0,0.0,0.0,0.0,0,0,0,0.0,0.0,0,0,0.0,220.43,79.971,757.289,1826.239,1337.835,12.226,86.445,4320.435,0,0,0,0.0,0.0,0.0,0.0,0.0,0.0,0.0,0.006,16.484,54.385,291.887,0.474,363.236,0.0,0.0,0.065,0.536,38.12,0.0,0.0,38.721,0.0,79.042,0.0,79.042,0.0,0.0,0.0,0.0,0.0,7.0,48.0,72.974,149.667,0.0,0.0,277.641,0.0,0.0,0.0,0.0,0.0,0.0,0.0,0.0,0.0,0.0,0.0,0.0,0.0,0.0,0.0,0.0,0.0,44.0,100.4,1211.635,44.09,153.85,9.4,1563.375,0.0,0,0.0,0.0,0.0,0.0,0.0,0.0
2010-02-01,Monthly,Jumlah/ Total,136.526,76.889,973.301,12245.684,5239.57,118.666,8324.817,27115.453,0,0,0,250.646,0.0,0,0,250.646,4928.456,3177.388,6690.806,17064.974,27867.999,5206.192,3259.576,68195.391,0,0,0,0.0,91.057,46.393,0.01,137.46,3832.97,1275.727,2241.664,1673.919,13436.028,5650.273,2537.853,30648.434,0.0,0.0,4.287,14.031,66.877,6.221,199.778,291.194,3.591,17273.746,854.752,18132.089,0.0,0.038,0.392,0.43,0.0,40.806,359.363,18801.34,2588.637,383.616,56.65,22230.412,491.012,193.119,510.163,4664.592,2434.013,117.052,112.679,8522.63,0.0,0.0,0.0,1450.403,69.152,0.0,275.974,1795.529,547.609,220.856,827.853,4714.338,3872.414,1301.931,413.511,11898.512,0.0,0,0.0,0.0,0.0,0.0,0.0,0.0
2010-03-01,Monthly,Bank-bank Islam / Islamic Banks,281.442,573.843,2477.048,15469.502,7133.323,113.396,1797.463,27846.017,0,0,0,287.588,0.0,0,0,287.588,4986.113,3511.182,6048.693,14473.455,28328.048,5508.613,3110.387,65966.491,0,0,0,0.0,75.958,50.005,0.01,125.973,2022.506,1518.809,1943.104,1710.735,13403.514,5402.424,2447.614,28448.706,0.0,0.0,1.606,9.516,38.085,6.879,185.712,241.798,3.681,17530.441,800.951,18335.073,0.0,0.062,0.731,0.793,0.0,233.723,316.563,20630.193,1466.86,381.767,81.65,23110.756,512.442,153.0,206.759,4179.825,2519.966,94.452,146.394,7812.838,0.0,0.0,0.0,1385.073,59.08,0.0,233.063,1677.216,540.296,818.369,747.45,3412.719,4362.269,1130.161,423.414,11434.678,0.0,0,0.0,0.0,6.687,0.0,0.0,6.687
2010-03-01,Monthly,Skim Perbankan Islam (SPI) / Islamic Banking Scheme (IBS),0.0,0.0,0.0,0.0,0.0,0.0,0.0,0.0,0,0,0,0.0,0.0,0,0,0.0,298.14,33.293,745.928,1769.538,1336.819,15.306,55.101,4254.125,0,0,0,0.0,0.0,0.0,0.0,0.0,0.0,0.0,0.123,10.142,53.175,232.475,0.015,295.93,0.0,0.0,0.064,0.516,36.559,0.0,0.0,37.139,0.0,70.574,0.0,70.574,0.0,0.0,0.0,0.0,0.0,7.0,48.0,381.452,194.538,0.0,0.0,630.99,0.0,0.0,0.0,0.0,0.0,0.0,0.0,0.0,0.0,0.0,0.0,0.0,0.0,0.0,0.0,0.0,0.0,44.0,100.4,1190.701,43.691,153.1,7.55,1539.442,0.0,0,0.0,0.0,0.0,0.0,0.0,0.0
2010-03-01,Monthly,Jumlah/ Total,281.442,573.843,2477.048,15469.502,7133.323,113.396,1797.463,27846.017,0,0,0,287.588,0.0,0,0,287.588,5284.253,3544.475,6794.621,16242.993,29664.867,5523.919,3165.488,70220.616,0,0,0,0.0,75.958,50.005,0.01,125.973,2022.506,1518.809,1943.227,1720.877,13456.689,5634.899,2447.629,28744.636,0.0,0.0,1.67,10.032,74.644,6.879,185.712,278.937,3.681,17601.015,800.951,18405.647,0.0,0.062,0.731,0.793,0.0,240.723,364.563,21011.645,1661.398,381.767,81.65,23741.746,512.442,153.0,206.759,4179.825,2519.966,94.452,146.394,7812.838,0.0,0.0,0.0,1385.073,59.08,0.0,233.063,1677.216,540.296,862.369,847.85,4603.42,4405.96,1283.261,430.964,12974.12,0.0,0,0.0,0.0,6.687,0.0,0.0,6.687
2010-04-01,Monthly,Bank-bank Islam / Islamic Banks,323.736,186.91,1816.253,17025.763,6898.342,115.108,1598.864,27964.976,0,0,0,307.022,0.0,0,0,307.022,4848.165,3846.785,6192.995,14411.168,28111.357,5835.55,3064.626,66310.646,0,0,0,0.0,208.04,49.202,0.01,257.252,2073.838,1359.43,2022.829,1677.671,13116.816,5443.192,2716.408,28410.184,0.0,0.0,0.699,7.172,54.438,8.028,127.783,198.12,3.939,17770.375,805.04,18579.354,0.0,0.35,0.981,1.331,0.0,50.998,321.746,20309.152,1540.825,380.765,81.65,22685.136,456.43,153.0,289.58,4583.432,2331.016,95.579,131.353,8040.39,0.0,0.0,0.0,1207.452,72.831,0.0,181.83,1462.113,549.424,1115.441,734.66,3603.936,4063.101,1096.538,399.018,11562.118,0.0,0,0.0,0.0,6.37,0.0,0.0,6.37
2010-04-01,Monthly,Skim Perbankan Islam (SPI) / Islamic Banking Scheme (IBS),0.0,0.0,0.0,0.0,0.0,0.0,0.0,0.0,0,0,0,0.0,0.0,0,0,0.0,312.74,33.323,650.301,2030.253,1638.374,14.873,58.123,4737.987,0,0,0,0.0,0.0,0.0,0.0,0.0,0.0,0.0,0.025,13.781,50.896,222.924,0.099,287.725,0.0,0.0,0.001,0.512,32.996,0.0,0.0,33.509,0.0,65.649,0.0,65.649,0.0,0.0,0.0,0.0,0.0,9.0,247.537,55.6,182.528,0.0,0.0,494.665,0.0,0.0,0.0,0.0,0.0,0.0,57.72,57.72,0.0,0.0,0.0,0.0,0.0,0.0,0.0,0.0,0.0,44.0,100.4,1207.624,43.69,152.1,7.55,1555.364,0.0,0,0.0,0.0,0.0,0.0,0.0,0.0
2010-04-01,Monthly,Jumlah/ Total,323.736,186.91,1816.253,17025.763,6898.342,115.108,1598.864,27964.976,0,0,0,307.022,0.0,0,0,307.022,5160.905,3880.108,6843.296,16441.421,29749.731,5850.423,3122.749,71048.633,0,0,0,0.0,208.04,49.202,0.01,257.252,2073.838,1359.43,2022.854,1691.452,13167.712,5666.116,2716.507,28697.909,0.0,0.0,0.7,7.684,87.434,8.028,127.783,231.629,3.939,17836.024,805.04,18645.003,0.0,0.35,0.981,1.331,0.0,59.998,569.283,20364.752,1723.353,380.765,81.65,23179.801,456.43,153.0,289.58,4583.432,2331.016,95.579,189.073,8098.11,0.0,0.0,0.0,1207.452,72.831,0.0,181.83,1462.113,549.424,1159.441,835.06,4811.56,4106.791,1248.638,406.568,13117.482,0.0,0,0.0,0.0,6.37,0.0,0.0,6.37
2010-05-01,Monthly,Bank-bank Islam / Islamic Banks,165.662,162.939,2612.567,18479.994,8675.651,116.02,1779.526,31992.359,0,0,0,284.86,0.0,0,0,284.86,4517.924,3121.521,6428.032,12796.472,24523.955,4633.772,3158.528,59180.204,0,0,0,0.0,398.873,30.53,0.01,429.413,2779.137,1287.362,1847.557,1675.173,13654.355,5378.046,2663.465,29285.095,0.0,0.0,0.383,9.332,226.562,7.612,173.074,416.963,3.675,17710.371,790.643,18504.689,0.0,0.81,1.267,2.077,0.0,50.998,182.854,21389.471,1394.814,379.366,71.65,23469.153,438.872,703.8,479.847,4635.722,6195.93,1271.161,440.058,14165.39,0.0,0.0,0.0,1197.317,61.811,0.0,173.636,1432.764,562.248,1114.779,780.756,4804.953,3864.404,1179.475,434.568,12741.183,0.0,0,0.0,0.0,6.536,0.0,0.0,6.536
2010-05-01,Monthly,Skim Perbankan Islam (SPI) / Islamic Banking Scheme (IBS),0.0,0.0,0.0,0.0,0.0,0.0,0.0,0.0,0,0,0,0.0,0.0,0,0,0.0,197.0,42.54,925.055,494.177,1390.183,12.663,52.835,3114.453,0,0,0,0.0,0.0,0.0,0.0,0.0,0.0,0.0,0.008,11.906,130.083,225.166,0.099,367.262,0.0,0.0,0.001,0.704,33.709,0.0,4.237,38.651,0.0,74.678,0.0,74.678,0.0,0.0,0.0,0.0,0.0,0.0,402.309,0.0,88.978,0.0,0.0,491.287,0.0,0.0,0.0,0.0,0.0,0.0,57.844,57.844,0.0,0.0,0.0,0.0,0.0,0.0,0.0,0.0,0.0,44.0,100.4,1198.213,41.588,151.2,7.55,1542.951,0.0,0,0.0,0.0,0.0,0.0,0.0,0.0
2010-05-01,Monthly,Jumlah/ Total,165.662,162.939,2612.567,18479.994,8675.651,116.02,1779.526,31992.359,0,0,0,284.86,0.0,0,0,284.86,4714.924,3164.061,7353.087,13290.649,25914.138,4646.435,3211.363,62294.657,0,0,0,0.0,398.873,30.53,0.01,429.413,2779.137,1287.362,1847.565,1687.079,13784.438,5603.212,2663.564,29652.357,0.0,0.0,0.384,10.036,260.271,7.612,177.311,455.614,3.675,17785.049,790.643,18579.367,0.0,0.81,1.267,2.077,0.0,50.998,585.163,21389.471,1483.792,379.366,71.65,23960.44,438.872,703.8,479.847,4635.722,6195.93,1271.161,497.902,14223.234,0.0,0.0,0.0,1197.317,61.811,0.0,173.636,1432.764,562.248,1158.779,881.156,6003.166,3905.992,1330.675,442.118,14284.134,0.0,0,0.0,0.0,6.536,0.0,0.0,6.536
2010-06-01,Monthly,Bank-bank Islam / Islamic Banks,383.348,323.852,2796.194,20170.927,10133.776,114.514,1584.826,35507.437,0,0,0,169.507,0.0,0,0,169.507,5157.73,3179.22,6582.553,12983.618,27069.891,4925.543,2484.144,62382.699,0,0,0,0.0,261.743,30.367,0.01,292.12,2605.616,1599.057,2687.921,1548.695,13669.568,5434.907,3265.116,30810.88,0.0,0.0,0.699,10.444,174.343,10.184,156.557,352.227,3.687,17715.25,807.558,18526.495,0.0,1.415,1.459,2.874,0.0,50.998,175.839,23730.597,1351.761,378.515,71.5,25759.21,496.503,686.9,417.049,4698.984,6569.477,1288.748,466.237,14623.898,0.0,0.0,0.0,1285.485,152.638,0.0,90.313,1528.436,483.277,1128.363,1036.428,6299.088,3736.739,1097.261,485.177,14266.333,0.0,0,0.0,0.0,6.487,0.0,0.0,6.487
2010-06-01,Monthly,Skim Perbankan Islam (SPI) / Islamic Banking Scheme (IBS),0.0,0.0,0.0,0.0,0.0,0.0,0.0,0.0,0,0,0,0.0,0.0,0,0,0.0,138.0,33.519,846.279,425.55,1266.406,12.48,45.84,2768.074,0,0,0,0.0,0.0,0.0,0.0,0.0,0.0,0.0,1.127,13.473,95.961,232.53,0.407,343.498,0.0,0.0,0.001,0.778,36.673,0.0,0.0,37.452,0.0,70.612,0.0,70.612,0.0,0.0,0.0,0.0,30.0,0.0,196.7,0.0,148.978,0.0,0.0,375.678,0.0,0.0,0.0,0.0,0.0,0.0,57.844,57.844,0.0,0.0,0.0,0.0,0.0,0.0,0.0,0.0,0.0,44.0,100.4,617.373,35.839,150.95,7.55,956.112,0.0,0,0.0,0.0,0.0,0.0,0.0,0.0
2010-06-01,Monthly,Jumlah/ Total,383.348,323.852,2796.194,20170.927,10133.776,114.514,1584.826,35507.437,0,0,0,169.507,0.0,0,0,169.507,5295.73,3212.739,7428.832,13409.168,28336.297,4938.023,2529.984,65150.773,0,0,0,0.0,261.743,30.367,0.01,292.12,2605.616,1599.057,2689.048,1562.168,13765.529,5667.437,3265.523,31154.378,0.0,0.0,0.7,11.222,211.016,10.184,156.557,389.679,3.687,17785.862,807.558,18597.107,0.0,1.415,1.459,2.874,30.0,50.998,372.539,23730.597,1500.739,378.515,71.5,26134.888,496.503,686.9,417.049,4698.984,6569.477,1288.748,524.081,14681.742,0.0,0.0,0.0,1285.485,152.638,0.0,90.313,1528.436,483.277,1172.363,1136.828,6916.461,3772.578,1248.211,492.727,15222.445,0.0,0,0.0,0.0,6.487,0.0,0.0,6.487
2010-07-01,Monthly,Bank-bank Islam / Islamic Banks,1390.447,336.41,2802.847,21286.105,7844.007,112.618,1649.29,35421.724,0,0,0,93.072,0.0,0,0,93.072,4543.204,3214.785,6623.718,13341.014,27661.983,5165.903,2497.788,63048.395,0,0,0,0.0,221.183,30.224,0.01,251.417,2183.498,1258.087,2604.431,1436.616,13156.125,5465.032,2752.659,28856.448,0.0,0.0,0.791,6.541,183.494,9.653,121.546,322.025,3.652,17833.763,812.977,18650.392,0.0,1.388,3.273,4.661,0.0,74.0,227.071,23449.789,1338.856,864.648,101.98,26056.344,1199.623,620.421,393.067,4862.01,6692.348,1344.264,483.507,15595.24,0.0,0.0,0.0,1514.758,37.007,0.0,200.739,1752.504,584.798,1075.482,776.061,5237.622,3780.047,700.732,454.592,12609.334,0.0,0,0.0,0.0,6.376,0.0,0.0,6.376
2010-07-01,Monthly,Skim Perbankan Islam (SPI) / Islamic Banking Scheme (IBS),0.0,0.0,0.0,0.0,0.0,0.0,0.0,0.0,0,0,0,0.0,0.0,0,0,0.0,111.8,13.0,1030.265,330.175,1211.931,12.203,52.723,2762.097,0,0,0,0.0,0.0,0.0,0.0,0.0,0.0,0.0,0.095,15.321,89.704,230.913,0.131,336.164,0.0,0.0,0.001,0.794,36.441,0.0,0.0,37.236,0.0,69.925,0.0,69.925,0.0,0.0,0.0,0.0,30.0,18.7,192.2,0.0,246.96,0.0,0.0,487.86,0.0,0.0,0.0,0.0,58.1,0.0,0.0,58.1,0.0,0.0,0.0,0.0,0.0,0.0,0.0,0.0,0.0,44.0,50.4,639.699,34.826,148.45,6.55,923.925,0.0,0,0.0,0.0,0.0,0.0,0.0,0.0
2010-07-01,Monthly,Jumlah/ Total,1390.447,336.41,2802.847,21286.105,7844.007,112.618,1649.29,35421.724,0,0,0,93.072,0.0,0,0,93.072,4655.004,3227.785,7653.983,13671.189,28873.914,5178.106,2550.511,65810.492,0,0,0,0.0,221.183,30.224,0.01,251.417,2183.498,1258.087,2604.526,1451.937,13245.829,5695.945,2752.79,29192.612,0.0,0.0,0.792,7.335,219.935,9.653,121.546,359.261,3.652,17903.688,812.977,18720.317,0.0,1.388,3.273,4.661,30.0,92.7,419.271,23449.789,1585.816,864.648,101.98,26544.204,1199.623,620.421,393.067,4862.01,6750.448,1344.264,483.507,15653.34,0.0,0.0,0.0,1514.758,37.007,0.0,200.739,1752.504,584.798,1119.482,826.461,5877.321,3814.873,849.182,461.142,13533.259,0.0,0,0.0,0.0,6.376,0.0,0.0,6.376
2010-08-01,Monthly,Bank-bank Islam / Islamic Banks,198.768,387.215,3684.47,20201.1,8139.178,118.977,1657.027,34386.735,0,0,0,38.554,0.0,0,0,38.554,5048.192,3235.71,6647.558,14222.062,28270.067,5461.535,2622.029,65507.153,0,0,0,0.0,143.434,32.407,0.009,175.85,4359.419,1717.725,2355.109,1460.158,14157.381,5615.435,2396.54,32061.767,0.0,0.0,1.477,7.597,175.975,9.025,125.549,319.623,3.64,18124.469,795.552,18923.661,0.0,2.07,3.104,5.174,0.0,78.5,237.074,21165.352,1452.423,899.249,203.095,24035.693,651.354,552.94,478.6,4783.615,6521.006,1506.393,538.07,15031.978,0.0,0.0,0.0,1519.313,52.369,0.0,289.665,1861.347,842.081,986.426,1022.522,5477.137,3471.117,697.657,387.329,12884.269,0.0,0,0.0,0.0,6.291,0.0,0.0,6.291
2010-08-01,Monthly,Skim Perbankan Islam (SPI) / Islamic Banking Scheme (IBS),0.0,0.0,0.0,0.0,0.0,0.0,0.0,0.0,0,0,0,0.0,0.0,0,0,0.0,164.4,42.061,539.18,551.972,1259.545,12.138,52.726,2622.022,0,0,0,0.0,0.0,0.0,0.0,0.0,0.0,0.0,0.015,9.101,1082.088,214.105,0.18,1305.489,0.0,0.0,0.001,0.925,35.586,0.0,0.0,36.512,0.0,71.937,0.0,71.937,0.0,0.0,0.0,0.0,30.0,18.7,622.201,0.0,332.81,0.0,0.0,1003.711,0.0,0.0,0.0,0.0,58.244,0.0,0.0,58.244,0.0,0.0,0.0,0.0,0.0,0.0,0.0,0.0,0.0,44.0,25.4,607.149,34.679,148.45,6.55,866.228,0.0,0,0.0,0.0,0.0,0.0,0.0,0.0
2010-08-01,Monthly,Jumlah/ Total,198.768,387.215,3684.47,20201.1,8139.178,118.977,1657.027,34386.735,0,0,0,38.554,0.0,0,0,38.554,5212.592,3277.771,7186.738,14774.034,29529.612,5473.673,2674.755,68129.175,0,0,0,0.0,143.434,32.407,0.009,175.85,4359.419,1717.725,2355.124,1469.259,15239.469,5829.54,2396.72,33367.256,0.0,0.0,1.478,8.522,211.561,9.025,125.549,356.135,3.64,18196.406,795.552,18995.598,0.0,2.07,3.104,5.174,30.0,97.2,859.275,21165.352,1785.233,899.249,203.095,25039.404,651.354,552.94,478.6,4783.615,6579.25,1506.393,538.07,15090.222,0.0,0.0,0.0,1519.313,52.369,0.0,289.665,1861.347,842.081,1030.426,1047.922,6084.286,3505.796,846.107,393.879,13750.497,0.0,0,0.0,0.0,6.291,0.0,0.0,6.291
2010-09-01,Monthly,Bank-bank Islam / Islamic Banks,295.828,490.613,2821.624,19381.587,7931.116,148.665,1711.91,32781.343,0,0,0,20.062,0.0,0,0,20.062,6821.088,4305.449,6864.095,14644.571,26432.354,5753.758,1758.321,66579.636,0,0,0,3.087,123.331,27.547,0.31,154.275,2331.561,1459.324,2666.211,1410.864,13992.426,5722.777,2454.808,30037.971,0.0,0.0,1.676,6.038,206.874,7.289,143.885,365.762,3.893,18370.134,836.887,19210.914,0.0,2.665,1.961,4.626,0.0,83.5,244.877,21749.058,1548.83,930.479,203.245,24759.989,714.224,647.94,423.779,5592.823,6540.971,1575.247,550.485,16045.469,0.0,0.0,0.0,1319.001,90.875,0.0,390.189,1800.065,924.279,994.228,968.145,6078.874,3549.835,714.597,578.254,13808.212,0.0,0,0.0,0.0,0.0,0.0,6.187,6.187
2010-09-01,Monthly,Skim Perbankan Islam (SPI) / Islamic Banking Scheme (IBS),0.0,0.0,0.0,0.0,0.0,0.0,0.0,0.0,0,0,0,0.0,0.0,0,0,0.0,177.5,52.453,463.086,473.956,1070.49,12.205,60.729,2310.419,0,0,0,0.0,0.0,0.0,0.0,0.0,0.0,0.0,0.211,22.135,895.409,214.693,0.18,1132.628,0.0,0.0,0.001,0.96,35.008,0.0,117.306,153.275,0.0,80.015,0.0,80.015,0.0,0.0,0.0,0.0,80.0,18.7,643.982,0.0,248.81,0.0,0.0,991.492,0.0,0.0,0.0,0.0,58.385,0.0,0.0,58.385,0.0,0.0,0.0,0.0,0.0,0.0,0.0,0.0,0.0,44.0,25.4,599.555,14.5,144.9,6.55,834.905,0.0,0,0.0,0.0,0.0,0.0,0.0,0.0
2010-09-01,Monthly,Jumlah/ Total,295.828,490.613,2821.624,19381.587,7931.116,148.665,1711.91,32781.343,0,0,0,20.062,0.0,0,0,20.062,6998.588,4357.902,7327.181,15118.527,27502.844,5765.963,1819.05,68890.055,0,0,0,3.087,123.331,27.547,0.31,154.275,2331.561,1459.324,2666.422,1432.999,14887.835,5937.47,2454.988,31170.599,0.0,0.0,1.677,6.998,241.882,7.289,261.191,519.037,3.893,18450.149,836.887,19290.929,0.0,2.665,1.961,4.626,80.0,102.2,888.859,21749.058,1797.64,930.479,203.245,25751.481,714.224,647.94,423.779,5592.823,6599.356,1575.247,550.485,16103.854,0.0,0.0,0.0,1319.001,90.875,0.0,390.189,1800.065,924.279,1038.228,993.545,6678.429,3564.335,859.497,584.804,14643.117,0.0,0,0.0,0.0,0.0,0.0,6.187,6.187
2010-10-01,Monthly,Bank-bank Islam / Islamic Banks,281.47,438.653,3041.687,19059.369,8202.869,158.938,1593.99,32776.976,0,0,0,172.9,0.0,0,0,172.9,7102.376,4331.132,7474.102,13556.912,25684.218,6029.408,1543.0,65721.148,0,0,0,3.112,96.635,33.022,0.365,133.134,2507.355,1431.391,2018.837,1431.764,14282.474,5763.072,2576.011,30010.904,0.0,0.0,0.25,7.17,202.357,10.149,136.121,356.047,3.801,18308.421,862.206,19174.428,0.0,2.818,3.268,6.086,97.446,83.5,194.982,22930.53,1676.957,1031.714,205.185,26220.314,840.724,824.947,467.934,6929.138,7046.019,1561.348,499.95,18170.06,0.0,0.0,0.0,1548.631,22.694,0.0,388.929,1960.254,924.706,1084.43,920.913,6459.883,3576.192,711.522,488.453,14166.099,0.0,0,0.0,0.0,6.233,0.0,0.0,6.233
2010-10-01,Monthly,Skim Perbankan Islam (SPI) / Islamic Banking Scheme (IBS),0.0,0.0,0.0,0.0,0.0,0.0,0.0,0.0,0,0,0,0.0,0.0,0,0,0.0,247.2,28.435,617.351,356.553,1780.511,12.232,60.233,3102.515,0,0,0,0.0,0.0,0.0,0.0,0.0,0.0,0.0,0.168,20.121,365.824,219.896,0.18,606.189,0.0,0.0,0.002,1.167,35.138,0.0,133.833,170.14,0.0,78.921,0.0,78.921,0.0,0.0,0.0,0.0,80.0,22.2,539.498,0.0,289.086,0.0,0.0,930.784,0.0,0.0,0.0,0.0,58.526,0.0,0.0,58.526,0.0,0.0,0.0,0.0,0.0,0.0,0.0,0.0,0.0,44.0,25.4,501.15,21.164,138.85,6.05,736.614,0.0,0,0.0,0.0,0.0,0.0,0.0,0.0
2010-10-01,Monthly,Jumlah/ Total,281.47,438.653,3041.687,19059.369,8202.869,158.938,1593.99,32776.976,0,0,0,172.9,0.0,0,0,172.9,7349.576,4359.567,8091.453,13913.465,27464.729,6041.64,1603.233,68823.663,0,0,0,3.112,96.635,33.022,0.365,133.134,2507.355,1431.391,2019.005,1451.885,14648.298,5982.968,2576.191,30617.093,0.0,0.0,0.252,8.337,237.495,10.149,269.954,526.187,3.801,18387.342,862.206,19253.349,0.0,2.818,3.268,6.086,177.446,105.7,734.48,22930.53,1966.043,1031.714,205.185,27151.098,840.724,824.947,467.934,6929.138,7104.545,1561.348,499.95,18228.586,0.0,0.0,0.0,1548.631,22.694,0.0,388.929,1960.254,924.706,1128.43,946.313,6961.033,3597.356,850.372,494.503,14902.713,0.0,0,0.0,0.0,6.233,0.0,0.0,6.233
2010-11-01,Monthly,Bank-bank Islam / Islamic Banks,810.409,459.59,4101.391,18866.101,7019.598,185.517,1754.482,33197.088,0,0,0,178.352,0.0,0,0,178.352,8019.109,3992.53,7505.891,13241.463,25229.127,6162.393,1659.385,65809.898,0,0,0,3.154,52.051,34.306,0.111,89.622,3198.302,1618.201,2385.999,1565.215,15194.308,5717.45,2347.508,32026.983,0.0,0.0,0.26,8.255,173.541,10.455,147.464,339.975,3.426,18539.92,867.636,19410.982,0.0,2.481,4.423,6.904,97.446,84.5,195.087,21366.76,1678.435,1109.689,221.015,24752.932,959.924,972.457,587.917,6456.156,8426.405,1561.494,520.492,19484.845,0.0,0.0,0.0,1606.257,38.458,0.0,388.054,2032.769,992.42,1097.477,947.332,6406.983,3286.618,730.794,623.853,14085.477,0.0,0,0.0,0.0,6.343,0.0,0.0,6.343
2010-11-01,Monthly,Skim Perbankan Islam (SPI) / Islamic Banking Scheme (IBS),0.0,0.0,0.0,0.0,0.0,0.0,0.0,0.0,0,0,0,0.0,0.0,0,0,0.0,291.7,25.616,696.694,312.434,2003.953,10.076,60.237,3400.71,0,0,0,0.0,0.0,0.0,0.0,0.0,0.0,0.0,0.064,8.98,117.223,238.311,0.18,364.758,0.0,0.0,0.002,1.319,35.331,0.0,144.975,181.627,0.0,71.977,0.0,71.977,0.0,0.0,0.0,0.0,130.0,22.2,529.435,0.0,270.0,0.0,0.0,951.635,0.0,0.0,0.0,0.0,58.673,0.0,0.0,58.673,0.0,0.0,0.0,0.0,0.0,0.0,0.0,0.0,0.0,44.0,25.4,492.039,18.663,134.5,6.05,720.652,0.0,0,0.0,0.0,0.0,0.0,0.0,0.0
2010-11-01,Monthly,Jumlah/ Total,810.409,459.59,4101.391,18866.101,7019.598,185.517,1754.482,33197.088,0,0,0,178.352,0.0,0,0,178.352,8310.809,4018.146,8202.585,13553.897,27233.08,6172.469,1719.622,69210.608,0,0,0,3.154,52.051,34.306,0.111,89.622,3198.302,1618.201,2386.063,1574.195,15311.531,5955.761,2347.688,32391.741,0.0,0.0,0.262,9.574,208.872,10.455,292.439,521.602,3.426,18611.897,867.636,19482.959,0.0,2.481,4.423,6.904,227.446,106.7,724.522,21366.76,1948.435,1109.689,221.015,25704.567,959.924,972.457,587.917,6456.156,8485.078,1561.494,520.492,19543.518,0.0,0.0,0.0,1606.257,38.458,0.0,388.054,2032.769,992.42,1141.477,972.732,6899.022,3305.281,865.294,629.903,14806.129,0.0,0,0.0,0.0,6.343,0.0,0.0,6.343
2010-12-01,Monthly,Bank-bank Islam / Islamic Banks,797.967,449.602,2359.722,18102.989,7661.058,171.772,1463.159,31006.269,0,0,0,181.095,0.0,0,0,181.095,8202.647,3607.961,8403.845,13238.157,26081.584,6229.299,1749.081,67512.574,0,0,0,3.086,50.936,29.357,3.278,86.657,3191.86,1691.884,2406.211,1461.065,15848.597,6039.395,2520.578,33159.59,0.0,0.0,0.781,4.074,356.743,12.117,191.422,565.137,3.62,19275.969,918.312,20197.901,0.0,4.014,4.53,8.544,137.46,98.5,175.068,20040.684,1598.036,1158.655,227.395,23435.798,1442.193,1191.489,665.062,5160.79,8315.555,1633.581,588.54,18997.21,0.0,0.0,0.0,1672.356,23.011,0.0,402.441,2097.808,903.834,1083.375,1148.961,6199.536,3790.827,822.924,627.264,14576.721,0.0,0,0.0,0.0,11.725,0.0,0.0,11.725
2010-12-01,Monthly,Skim Perbankan Islam (SPI) / Islamic Banking Scheme (IBS),0.0,0.0,0.0,0.0,0.0,0.0,0.0,0.0,0,0,0,0.0,0.0,0,0,0.0,270.0,21.196,870.808,349.308,1970.039,5.387,59.229,3545.967,0,0,0,0.0,0.0,0.0,0.0,0.0,0.0,0.0,0.022,16.588,226.674,136.006,0.18,379.47,0.0,0.0,0.002,0.543,34.496,0.0,3.156,38.197,0.0,69.203,0.0,69.203,0.0,0.0,0.0,0.0,80.0,21.41,83.5,9.982,180.0,0.0,0.0,374.892,0.0,0.0,0.0,0.0,0.0,0.0,0.0,0.0,0.0,0.0,0.0,0.0,0.0,0.0,0.0,0.0,0.0,44.0,25.4,486.669,15.906,130.0,5.8,707.775,0.0,0,0.0,0.0,0.0,0.0,0.0,0.0
2010-12-01,Monthly,Jumlah/ Total,797.967,449.602,2359.722,18102.989,7661.058,171.772,1463.159,31006.269,0,0,0,181.095,0.0,0,0,181.095,8472.647,3629.157,9274.653,13587.465,28051.623,6234.686,1808.31,71058.541,0,0,0,3.086,50.936,29.357,3.278,86.657,3191.86,1691.884,2406.233,1477.653,16075.271,6175.401,2520.758,33539.06,0.0,0.0,0.783,4.617,391.239,12.117,194.578,603.334,3.62,19345.172,918.312,20267.104,0.0,4.014,4.53,8.544,217.46,119.91,258.568,20050.666,1778.036,1158.655,227.395,23810.69,1442.193,1191.489,665.062,5160.79,8315.555,1633.581,588.54,18997.21,0.0,0.0,0.0,1672.356,23.011,0.0,402.441,2097.808,903.834,1127.375,1174.361,6686.205,3806.733,952.924,633.064,15284.496,0.0,0,0.0,0.0,11.725,0.0,0.0,11.725
2011-01-01,Monthly,Bank-bank Islam / Islamic Banks,837.903,408.899,2823.162,18163.598,7115.961,185.238,1399.227,30933.988,0,0,0,199.427,0.0,0,0,199.427,7944.157,3162.986,8371.605,14796.547,26704.76,6296.725,1604.484,68881.264,0,0,0,3.066,249.588,29.163,3.255,285.072,3138.11,2039.269,2261.564,1730.415,17115.748,6560.993,2620.308,35466.407,0.0,0.0,2.566,4.014,209.077,10.59,131.481,357.728,3.724,19912.98,941.414,20858.118,0.0,5.966,4.155,10.121,137.572,107.4,177.099,19527.111,1538.36,1246.397,277.095,23011.034,1158.111,1186.043,587.075,4686.108,8795.008,1667.036,680.233,18759.614,0.0,0.0,0.0,1587.086,25.578,0.0,494.359,2107.023,845.611,1027.916,1078.467,5695.581,3805.141,1194.914,474.59,14122.22,0.0,0,0.0,840.382,11.652,0.0,0.0,852.034
2011-01-01,Monthly,Skim Perbankan Islam (SPI) / Islamic Banking Scheme (IBS),0.0,0.0,0.0,0.0,0.0,0.0,0.0,0.0,0,0,0,0.0,0.0,0,0,0.0,272.0,19.4,646.531,482.417,1707.351,5.266,58.54,3191.505,0,0,0,0.0,0.0,0.0,0.0,0.0,0.0,0.0,0.102,19.211,154.817,223.172,0.637,397.939,0.0,0.0,0.002,0.6,23.3,0.0,0.083,23.985,0.0,62.722,0.0,62.722,0.0,0.0,0.0,0.0,70.0,17.5,91.2,10.98,175.46,0.0,0.0,365.14,0.0,0.0,0.0,0.0,0.0,0.0,0.0,0.0,0.0,0.0,0.0,0.0,0.0,0.0,0.0,0.0,0.0,44.0,25.4,481.649,15.383,126.65,5.8,698.882,0.0,0,0.0,0.0,0.0,0.0,0.0,0.0
2011-01-01,Monthly,Jumlah/ Total,837.903,408.899,2823.162,18163.598,7115.961,185.238,1399.227,30933.988,0,0,0,199.427,0.0,0,0,199.427,8216.157,3182.386,9018.136,15278.964,28412.111,6301.991,1663.024,72072.769,0,0,0,3.066,249.588,29.163,3.255,285.072,3138.11,2039.269,2261.666,1749.626,17270.565,6784.165,2620.945,35864.346,0.0,0.0,2.568,4.614,232.377,10.59,131.564,381.713,3.724,19975.702,941.414,20920.84,0.0,5.966,4.155,10.121,207.572,124.9,268.299,19538.091,1713.82,1246.397,277.095,23376.174,1158.111,1186.043,587.075,4686.108,8795.008,1667.036,680.233,18759.614,0.0,0.0,0.0,1587.086,25.578,0.0,494.359,2107.023,845.611,1071.916,1103.867,6177.23,3820.524,1321.564,480.39,14821.102,0.0,0,0.0,840.382,11.652,0.0,0.0,852.034
2011-02-01,Monthly,Bank-bank Islam / Islamic Banks,851.536,386.153,2293.055,17209.391,7162.507,175.447,774.939,28853.028,0,0,0,195.782,0.0,0,0,195.782,7569.777,3397.039,8027.469,14626.875,30093.917,5888.292,1531.141,71134.51,0,0,0,0.0,244.364,28.184,3.642,276.19,5608.054,2240.752,3306.009,1586.438,16462.892,6625.981,3298.054,39128.18,0.0,0.0,3.006,4.674,111.68,11.622,254.298,385.28,3.722,19849.017,928.335,20781.074,0.0,6.02,5.418,11.438,137.674,99.665,146.859,19083.095,1442.553,1169.037,275.195,22354.078,1155.771,1228.573,875.117,5252.093,9160.889,2303.852,820.134,20796.429,0.0,0.0,0.0,1446.587,26.503,1.368,699.192,2173.65,845.208,905.147,831.712,5283.591,3657.541,1075.705,521.023,13119.927,0.0,0,0.0,837.088,11.621,0.0,0.0,848.709
2011-02-01,Monthly,Skim Perbankan Islam (SPI) / Islamic Banking Scheme (IBS),0.0,0.0,0.0,0.0,0.0,0.0,0.0,0.0,0,0,0,0.0,0.0,0,0,0.0,270.0,19.481,581.168,288.75,1835.531,5.722,58.54,3059.192,0,0,0,0.0,0.0,0.0,0.0,0.0,0.0,0.0,0.023,13.162,95.313,234.353,0.008,342.859,0.0,0.0,0.002,2.46,23.038,0.0,0.082,25.582,0.0,64.525,0.0,64.525,0.0,0.0,0.0,0.0,70.0,17.5,29.5,10.98,108.0,0.0,0.0,235.98,0.0,0.0,0.0,0.0,0.0,0.0,0.0,0.0,0.0,0.0,0.0,0.0,0.0,0.0,0.0,0.0,0.0,44.0,25.4,472.304,15.032,126.15,5.8,688.686,0.0,0,0.0,0.0,0.0,0.0,0.0,0.0
2011-02-01,Monthly,Jumlah/ Total,851.536,386.153,2293.055,17209.391,7162.507,175.447,774.939,28853.028,0,0,0,195.782,0.0,0,0,195.782,7839.777,3416.52,8608.637,14915.625,31929.448,5894.014,1589.681,74193.702,0,0,0,0.0,244.364,28.184,3.642,276.19,5608.054,2240.752,3306.032,1599.6,16558.205,6860.334,3298.062,39471.039,0.0,0.0,3.008,7.134,134.718,11.622,254.38,410.862,3.722,19913.542,928.335,20845.599,0.0,6.02,5.418,11.438,207.674,117.165,176.359,19094.075,1550.553,1169.037,275.195,22590.058,1155.771,1228.573,875.117,5252.093,9160.889,2303.852,820.134,20796.429,0.0,0.0,0.0,1446.587,26.503,1.368,699.192,2173.65,845.208,949.147,857.112,5755.895,3672.573,1201.855,526.823,13808.613,0.0,0,0.0,837.088,11.621,0.0,0.0,848.709
2011-03-01,Monthly,Bank-bank Islam / Islamic Banks,1051.459,729.981,1976.857,17157.898,7888.339,130.952,724.536,29660.022,0,0,0,145.489,0.908,0,0,146.397,7429.318,3608.995,8117.891,14169.621,32785.581,5893.347,1922.312,73927.065,0,0,0,32.443,238.147,28.158,3.611,302.359,3364.024,1677.832,2695.489,1747.969,16397.228,6842.454,2923.942,35648.938,0.0,0.0,4.068,5.197,143.026,10.832,229.78,392.903,4.452,20056.299,953.311,21014.062,0.0,6.612,6.36,12.972,137.575,33.7,127.732,19177.749,1533.599,1316.337,324.68,22651.372,1286.001,1287.467,973.916,6192.136,9829.297,2719.515,865.303,23153.635,0.0,0.0,0.0,1873.214,31.87,1.788,650.164,2557.036,1025.442,443.562,1890.678,5913.322,4282.993,838.171,561.543,14955.711,0.0,0,0.0,582.261,13.336,0.0,0.0,595.597
2011-03-01,Monthly,Skim Perbankan Islam (SPI) / Islamic Banking Scheme (IBS),0.0,0.0,0.0,0.0,0.0,0.0,0.0,0.0,0,0,0,0.0,0.0,0,0,0.0,270.0,27.481,494.409,454.246,1772.638,6.681,58.54,3083.995,0,0,0,0.0,0.0,0.0,0.0,0.0,0.0,0.0,0.027,11.79,127.089,233.883,0.022,372.811,0.0,0.0,0.002,0.901,23.912,0.0,7.655,32.47,0.0,58.847,0.0,58.847,0.0,0.0,0.0,0.0,70.0,17.5,245.597,10.952,88.0,0.0,0.0,432.049,0.0,0.0,0.0,0.0,0.0,0.0,0.0,0.0,0.0,0.0,0.0,0.0,0.0,0.0,0.0,0.0,0.0,44.0,25.4,463.406,15.114,125.3,5.8,679.02,0.0,0,0.0,0.0,0.0,0.0,0.0,0.0
2011-03-01,Monthly,Jumlah/ Total,1051.459,729.981,1976.857,17157.898,7888.339,130.952,724.536,29660.022,0,0,0,145.489,0.908,0,0,146.397,7699.318,3636.476,8612.3,14623.867,34558.219,5900.028,1980.852,77011.06,0,0,0,32.443,238.147,28.158,3.611,302.359,3364.024,1677.832,2695.516,1759.759,16524.317,7076.337,2923.964,36021.749,0.0,0.0,4.07,6.098,166.938,10.832,237.435,425.373,4.452,20115.146,953.311,21072.909,0.0,6.612,6.36,12.972,207.575,51.2,373.329,19188.701,1621.599,1316.337,324.68,23083.421,1286.001,1287.467,973.916,6192.136,9829.297,2719.515,865.303,23153.635,0.0,0.0,0.0,1873.214,31.87,1.788,650.164,2557.036,1025.442,487.562,1916.078,6376.728,4298.107,963.471,567.343,15634.731,0.0,0,0.0,582.261,13.336,0.0,0.0,595.597
2011-04-01,Monthly,Bank-bank Islam / Islamic Banks,1041.177,488.884,2308.674,17956.5,7724.725,123.958,724.2,30368.118,0,0,0,143.922,0.0,0,0,143.922,6327.379,3585.694,8017.401,12883.841,29306.008,6108.591,1713.042,67941.956,0,0,0,0.0,192.598,30.965,0.009,223.572,3374.984,1998.331,2151.789,1610.197,15675.839,6728.631,3074.569,34614.34,0.0,0.0,0.326,6.579,499.204,10.867,229.75,746.726,4.414,20311.594,989.279,21305.287,0.0,5.851,5.473,11.324,154.986,51.7,127.253,18536.675,1429.195,1351.052,356.67,22007.531,1313.526,1167.128,851.001,7056.186,10150.116,3478.494,969.42,24985.871,0.0,0.0,0.0,1522.578,37.314,1.845,577.995,2139.732,918.977,258.905,1225.327,6546.504,4322.049,902.261,1004.554,15178.577,0.0,0,0.0,550.412,57.793,0.0,3.531,611.736
2011-04-01,Monthly,Skim Perbankan Islam (SPI) / Islamic Banking Scheme (IBS),0.0,0.0,0.0,0.0,0.0,0.0,0.0,0.0,0,0,0,0.0,0.0,0,0,0.0,270.0,27.619,593.072,700.128,1962.283,6.473,58.54,3618.115,0,0,0,0.0,0.0,0.0,0.0,0.0,0.0,0.0,0.007,13.244,106.144,235.552,0.022,354.969,0.0,0.0,0.002,7.71,272.216,0.0,1.571,281.499,0.0,64.185,0.0,64.185,0.0,0.0,0.0,0.0,70.0,17.5,256.597,10.979,0.0,0.0,0.0,355.076,0.0,0.0,0.0,0.0,0.0,0.0,0.0,0.0,0.0,0.0,0.0,0.0,0.0,0.0,0.0,0.0,0.0,44.0,25.4,460.079,15.325,122.5,5.8,673.104,0.0,0,0.0,0.0,0.0,0.0,0.0,0.0
2011-04-01,Monthly,Jumlah/ Total,1041.177,488.884,2308.674,17956.5,7724.725,123.958,724.2,30368.118,0,0,0,143.922,0.0,0,0,143.922,6597.379,3613.313,8610.473,13583.969,31268.291,6115.064,1771.582,71560.071,0,0,0,0.0,192.598,30.965,0.009,223.572,3374.984,1998.331,2151.796,1623.441,15781.983,6964.183,3074.591,34969.309,0.0,0.0,0.328,14.289,771.42,10.867,231.321,1028.225,4.414,20375.779,989.279,21369.472,0.0,5.851,5.473,11.324,224.986,69.2,383.85,18547.654,1429.195,1351.052,356.67,22362.607,1313.526,1167.128,851.001,7056.186,10150.116,3478.494,969.42,24985.871,0.0,0.0,0.0,1522.578,37.314,1.845,577.995,2139.732,918.977,302.905,1250.727,7006.583,4337.374,1024.761,1010.354,15851.681,0.0,0,0.0,550.412,57.793,0.0,3.531,611.736
2011-05-01,Monthly,Bank-bank Islam / Islamic Banks,1026.625,521.31,2699.955,12277.415,6777.178,125.874,835.013,24263.37,0,0,0,167.041,0.0,0,0,167.041,7787.313,3624.094,7576.235,14831.523,27791.971,6081.646,1504.575,69197.357,0,0,0,8.896,52.86,5.058,9.853,76.667,3395.478,1740.222,2264.578,1567.629,16884.573,7199.87,2874.422,35926.772,0.0,0.0,1.19,37.584,133.186,11.635,224.379,407.974,4.586,20252.544,999.234,21256.364,0.0,5.199,7.736,12.935,155.148,51.7,127.276,18326.985,1173.188,1380.337,347.805,21562.439,1400.15,1201.879,1429.455,7203.247,10890.492,3911.305,1420.487,27457.015,0.0,0.0,34.019,1719.797,11.238,5.305,539.287,2309.646,1241.316,277.146,1762.493,5432.682,4891.521,972.303,990.145,15567.606,0.0,0,0.0,571.841,45.958,0.0,96.151,713.95
2011-05-01,Monthly,Skim Perbankan Islam (SPI) / Islamic Banking Scheme (IBS),0.0,0.0,0.0,0.0,0.0,0.0,0.0,0.0,0,0,0,0.0,0.0,0,0,0.0,316.8,74.725,611.043,885.661,2023.503,6.478,58.54,3976.75,0,0,0,0.0,0.0,0.0,0.0,0.0,0.0,0.0,0.012,11.68,118.081,264.413,0.036,394.222,0.0,0.0,0.002,2.131,106.447,0.0,1.596,110.176,0.0,67.607,0.0,67.607,0.0,0.0,0.0,0.0,50.0,17.5,251.597,10.949,0.0,0.0,0.0,330.046,0.0,0.0,0.0,0.0,0.0,0.0,0.0,0.0,0.0,0.0,0.0,0.0,0.0,0.0,0.0,0.0,0.0,44.0,25.4,407.874,24.624,122.25,5.8,629.948,0.0,0,0.0,0.0,0.0,0.0,0.0,0.0
2011-05-01,Monthly,Jumlah/ Total,1026.625,521.31,2699.955,12277.415,6777.178,125.874,835.013,24263.37,0,0,0,167.041,0.0,0,0,167.041,8104.113,3698.819,8187.278,15717.184,29815.474,6088.124,1563.115,73174.107,0,0,0,8.896,52.86,5.058,9.853,76.667,3395.478,1740.222,2264.59,1579.309,17002.654,7464.283,2874.458,36320.994,0.0,0.0,1.192,39.715,239.633,11.635,225.975,518.15,4.586,20320.151,999.234,21323.971,0.0,5.199,7.736,12.935,205.148,69.2,378.873,18337.934,1173.188,1380.337,347.805,21892.485,1400.15,1201.879,1429.455,7203.247,10890.492,3911.305,1420.487,27457.015,0.0,0.0,34.019,1719.797,11.238,5.305,539.287,2309.646,1241.316,321.146,1787.893,5840.556,4916.145,1094.553,995.945,16197.554,0.0,0,0.0,571.841,45.958,0.0,96.151,713.95
2011-06-01,Monthly,Bank-bank Islam / Islamic Banks,1131.629,475.699,2712.239,13201.867,7691.351,129.343,621.972,25964.1,0,0,0,142.063,0.0,0,0,142.063,7884.024,3831.674,7161.221,14749.797,29764.528,5829.142,1458.914,70679.3,0,0,0,9.233,50.054,5.229,9.903,74.419,3133.458,1696.586,2714.524,1451.86,17394.129,7448.327,3056.398,36895.282,0.0,0.0,1.565,30.829,156.061,12.235,264.558,465.248,4.437,20668.205,1045.181,21717.823,0.0,5.835,11.231,17.066,155.089,44.7,127.296,17426.459,1339.815,1377.61,399.185,20870.154,2489.728,1199.176,1390.788,7145.681,10434.624,4382.963,1472.556,28515.516,0.0,0.0,33.594,1838.033,1.907,5.443,550.277,2429.254,1722.517,289.931,1202.518,5100.01,4382.461,1059.126,1181.542,14938.105,0.0,0,0.0,555.865,50.64,0.0,126.078,732.583
2011-06-01,Monthly,Skim Perbankan Islam (SPI) / Islamic Banking Scheme (IBS),0.0,0.0,0.0,0.0,0.0,0.0,0.0,0.0,0,0,0,0.0,0.0,0,0,0.0,480.0,52.85,851.592,835.093,1839.797,7.002,58.54,4124.874,0,0,0,0.0,0.0,0.0,0.0,0.0,0.0,0.0,0.033,16.485,73.756,263.922,0.055,354.251,0.0,0.0,0.002,6.263,68.41,0.0,0.091,74.766,0.0,72.217,0.0,72.217,0.0,0.0,0.0,0.0,50.0,17.5,38.2,10.977,0.0,0.0,0.0,116.677,0.0,0.0,0.0,0.0,0.0,0.0,0.0,0.0,0.0,0.0,0.0,0.0,0.0,0.0,0.0,0.0,0.0,44.0,25.4,237.078,41.474,122.0,5.8,475.752,0.0,0,0.0,0.0,0.0,0.0,0.0,0.0
2011-06-01,Monthly,Jumlah/ Total,1131.629,475.699,2712.239,13201.867,7691.351,129.343,621.972,25964.1,0,0,0,142.063,0.0,0,0,142.063,8364.024,3884.524,8012.813,15584.89,31604.325,5836.144,1517.454,74804.174,0,0,0,9.233,50.054,5.229,9.903,74.419,3133.458,1696.586,2714.557,1468.345,17467.885,7712.249,3056.453,37249.533,0.0,0.0,1.567,37.092,224.471,12.235,264.649,540.014,4.437,20740.422,1045.181,21790.04,0.0,5.835,11.231,17.066,205.089,62.2,165.496,17437.436,1339.815,1377.61,399.185,20986.831,2489.728,1199.176,1390.788,7145.681,10434.624,4382.963,1472.556,28515.516,0.0,0.0,33.594,1838.033,1.907,5.443,550.277,2429.254,1722.517,333.931,1227.918,5337.088,4423.935,1181.126,1187.342,15413.857,0.0,0,0.0,555.865,50.64,0.0,126.078,732.583
2011-07-01,Monthly,Bank-bank Islam / Islamic Banks,1350.595,434.43,2695.553,14087.869,8025.194,129.049,589.73,27312.42,0,0,0,166.575,0.0,0,0,166.575,8314.084,3833.988,7217.476,15987.782,28409.235,5808.406,2420.979,71991.95,0,0,0,9.083,49.193,5.214,9.732,73.222,3250.465,1610.716,2330.826,1453.888,17860.867,7012.315,2847.062,36366.139,0.0,0.0,1.171,22.251,215.3,12.383,206.809,457.914,4.501,20659.758,1029.626,21693.885,0.0,6.697,14.973,21.67,135.252,68.865,122.218,17100.1,1709.945,1376.2,375.226,20887.806,2503.168,928.593,1849.704,6565.627,10992.741,4545.63,1607.967,28993.43,0.0,0.0,0.374,1640.557,20.85,5.996,533.409,2201.186,1821.556,418.749,1363.471,4371.183,5259.005,1238.49,1060.657,15533.111,0.0,0,0.0,546.871,49.749,0.0,123.826,720.446
2011-07-01,Monthly,Skim Perbankan Islam (SPI) / Islamic Banking Scheme (IBS),0.0,0.0,0.0,0.0,0.0,0.0,0.0,0.0,0,0,0,0.0,0.0,0,0,0.0,330.0,23.481,1075.854,673.64,1773.433,9.435,58.54,3944.383,0,0,0,0.0,0.0,0.0,0.0,0.0,0.0,0.0,0.215,14.885,88.429,260.282,0.086,363.897,0.0,0.0,0.002,0.933,34.926,0.0,0.09,35.951,0.0,67.602,0.0,67.602,0.0,0.0,0.0,0.0,50.0,27.0,14.5,9.95,0.0,0.0,0.0,101.45,0.0,0.0,0.0,0.0,0.0,0.0,0.0,0.0,0.0,0.0,0.0,0.0,0.0,0.0,0.0,0.0,0.0,49.25,20.4,229.616,50.894,117.5,8.25,475.91,0.0,0,0.0,0.0,0.0,0.0,0.0,0.0
2011-07-01,Monthly,Jumlah/ Total,1350.595,434.43,2695.553,14087.869,8025.194,129.049,589.73,27312.42,0,0,0,166.575,0.0,0,0,166.575,8644.084,3857.469,8293.33,16661.422,30182.668,5817.841,2479.519,75936.333,0,0,0,9.083,49.193,5.214,9.732,73.222,3250.465,1610.716,2331.041,1468.773,17949.296,7272.597,2847.148,36730.036,0.0,0.0,1.173,23.184,250.226,12.383,206.899,493.865,4.501,20727.36,1029.626,21761.487,0.0,6.697,14.973,21.67,185.252,95.865,136.718,17110.05,1709.945,1376.2,375.226,20989.256,2503.168,928.593,1849.704,6565.627,10992.741,4545.63,1607.967,28993.43,0.0,0.0,0.374,1640.557,20.85,5.996,533.409,2201.186,1821.556,467.999,1383.871,4600.799,5309.899,1355.99,1068.907,16009.021,0.0,0,0.0,546.871,49.749,0.0,123.826,720.446
2011-08-01,Monthly,Bank-bank Islam / Islamic Banks,658.286,507.014,2954.691,12731.799,8093.156,130.012,248.932,25323.89,0,0,0,164.534,0.0,0,0,164.534,7331.448,3668.992,6728.454,14572.919,28372.119,5779.927,2591.253,69045.112,0,0,0,9.147,49.475,5.197,9.715,73.534,4324.708,2070.457,2399.795,1577.213,17805.62,7301.034,2892.811,38371.638,0.0,0.0,0.685,19.83,221.352,11.075,193.594,446.536,4.561,21563.023,1064.456,22632.04,0.0,7.011,14.44,21.451,135.415,76.865,122.24,19271.343,1626.067,1371.135,273.341,22876.406,2710.602,902.821,1920.691,6362.062,11250.73,4594.439,1691.639,29432.984,0.0,0.0,0.366,1645.427,22.362,3.701,548.96,2220.816,1619.203,386.65,1308.194,6692.555,5666.739,1248.319,1409.31,18330.97,0.0,0,0.0,545.89,49.999,0.0,103.825,699.714
2011-08-01,Monthly,Skim Perbankan Islam (SPI) / Islamic Banking Scheme (IBS),0.0,0.0,0.0,50.0,0.0,0.0,0.0,50.0,0,0,0,0.0,0.0,0,0,0.0,280.0,54.715,1153.548,530.788,1699.951,9.17,174.713,3902.885,0,0,0,0.0,0.0,0.0,0.0,0.0,0.0,0.0,0.023,15.243,143.17,250.2,0.089,408.725,0.0,0.0,0.002,0.738,29.99,0.0,0.09,30.82,0.0,65.697,0.0,65.697,0.0,0.0,0.0,0.0,50.0,29.0,14.5,9.978,0.0,0.0,0.0,103.478,0.0,0.0,0.0,0.0,0.0,0.0,0.0,0.0,0.0,0.0,0.0,0.0,0.0,0.0,0.0,0.0,0.0,34.25,20.4,221.546,44.505,114.0,8.25,442.951,0.0,0,0.0,0.0,0.0,0.0,0.0,0.0
2011-08-01,Monthly,Jumlah/ Total,658.286,507.014,2954.691,12781.799,8093.156,130.012,248.932,25373.89,0,0,0,164.534,0.0,0,0,164.534,7611.448,3723.707,7882.002,15103.707,30072.07,5789.097,2765.966,72947.997,0,0,0,9.147,49.475,5.197,9.715,73.534,4324.708,2070.457,2399.818,1592.456,17948.79,7551.234,2892.9,38780.363,0.0,0.0,0.687,20.568,251.342,11.075,193.684,477.356,4.561,21628.72,1064.456,22697.737,0.0,7.011,14.44,21.451,185.415,105.865,136.74,19281.321,1626.067,1371.135,273.341,22979.884,2710.602,902.821,1920.691,6362.062,11250.73,4594.439,1691.639,29432.984,0.0,0.0,0.366,1645.427,22.362,3.701,548.96,2220.816,1619.203,420.9,1328.594,6914.101,5711.244,1362.319,1417.56,18773.921,0.0,0,0.0,545.89,49.999,0.0,103.825,699.714
2011-09-01,Monthly,Bank-bank Islam / Islamic Banks,787.857,551.013,2485.632,10868.124,7204.227,123.07,1033.452,23053.375,0,0,0,172.734,0.0,0,0,172.734,6456.624,4591.815,7560.455,16325.649,30428.536,5745.063,2504.593,73612.735,0,0,0,9.786,52.914,5.215,9.852,77.767,2563.205,2848.302,2436.258,1531.655,17551.248,7467.511,2817.578,37215.757,0.0,0.0,0.189,16.1,217.124,10.865,228.672,472.95,4.518,21545.793,1073.865,22624.176,0.0,6.832,12.675,19.507,135.213,66.865,122.228,21150.579,1524.067,1312.371,269.37,24580.693,2564.605,925.085,1893.198,6248.923,11468.643,4897.162,1688.173,29685.789,0.0,0.0,0.36,619.637,23.932,5.083,524.25,1173.262,1586.313,330.828,3624.06,6245.529,5270.166,1282.544,1528.714,19868.154,0.0,0,0.0,583.587,56.122,0.0,90.852,730.561
2011-09-01,Monthly,Skim Perbankan Islam (SPI) / Islamic Banking Scheme (IBS),0.0,0.0,0.0,50.0,0.0,0.0,0.0,50.0,0,0,0,0.0,0.0,0,0,0.0,280.0,54.531,1056.312,466.981,1972.811,9.384,174.997,4015.016,0,0,0,0.0,0.0,0.0,0.0,0.0,0.0,0.0,0.326,18.716,136.58,240.394,0.089,396.105,0.0,0.0,25.013,1.077,344.573,0.0,0.096,370.759,0.0,58.479,0.0,58.479,0.0,0.0,0.0,0.0,50.637,29.505,12.603,9.948,0.0,0.0,0.0,102.693,0.0,0.0,0.0,0.0,0.0,0.0,0.0,0.0,0.0,0.0,0.0,0.0,0.0,0.0,0.0,0.0,0.0,34.25,20.4,215.482,30.762,112.75,8.25,421.894,0.0,0,0.0,0.0,0.0,0.0,0.0,0.0
2011-09-01,Monthly,Jumlah/ Total,787.857,551.013,2485.632,10918.124,7204.227,123.07,1033.452,23103.375,0,0,0,172.734,0.0,0,0,172.734,6736.624,4646.346,8616.767,16792.63,32401.347,5754.447,2679.59,77627.751,0,0,0,9.786,52.914,5.215,9.852,77.767,2563.205,2848.302,2436.584,1550.371,17687.828,7707.905,2817.667,37611.862,0.0,0.0,25.202,17.177,561.697,10.865,228.768,843.709,4.518,21604.272,1073.865,22682.655,0.0,6.832,12.675,19.507,185.85,96.37,134.831,21160.527,1524.067,1312.371,269.37,24683.386,2564.605,925.085,1893.198,6248.923,11468.643,4897.162,1688.173,29685.789,0.0,0.0,0.36,619.637,23.932,5.083,524.25,1173.262,1586.313,365.078,3644.46,6461.011,5300.928,1395.294,1536.964,20290.048,0.0,0,0.0,583.587,56.122,0.0,90.852,730.561
2011-10-01,Monthly,Bank-bank Islam / Islamic Banks,836.699,706.395,2490.028,11689.661,8054.541,122.599,236.113,24136.036,0,0,0,152.536,0.0,0,0,152.536,6700.486,4879.53,8066.288,17392.119,29406.846,5439.695,2056.667,73941.631,0,0,0,9.412,4.862,4.914,9.715,28.903,3530.869,1983.285,2790.931,1541.205,18269.603,8405.351,2919.463,39440.707,0.0,0.0,0.196,15.381,181.856,10.403,230.209,438.045,4.395,21295.261,1099.163,22398.819,0.0,6.566,11.22,17.786,56.666,74.565,87.406,21371.361,1082.514,1063.067,353.72,24089.299,2564.275,1058.271,1945.79,5385.023,12473.45,5319.426,1662.214,30408.449,0.0,0.0,0.0,610.034,69.278,4.489,501.408,1185.209,1574.915,356.378,1910.845,5664.262,5839.371,1347.452,1317.838,18011.061,0.0,0,0.0,561.444,61.687,0.0,87.35,710.481
2011-10-01,Monthly,Skim Perbankan Islam (SPI) / Islamic Banking Scheme (IBS),0.0,0.0,0.0,50.0,0.0,0.0,0.0,50.0,0,0,0,0.0,0.0,0,0,0.0,320.124,54.671,828.086,455.665,2369.908,9.391,175.319,4213.164,0,0,0,0.0,0.0,0.0,0.0,0.0,0.0,0.0,0.025,17.11,157.636,244.074,0.214,419.059,0.0,0.0,21.842,0.98,118.222,0.0,0.093,141.137,0.0,58.43,0.0,58.43,0.0,0.0,0.0,0.0,50.778,29.584,30.639,9.975,0.0,0.0,0.0,120.976,0.0,0.0,0.0,0.0,0.0,0.0,0.0,0.0,0.0,0.0,0.0,0.0,0.0,0.0,0.0,0.0,0.0,34.25,20.4,214.814,52.278,112.2,8.25,442.192,0.0,0,0.0,0.0,0.0,0.0,0.0,0.0
2011-10-01,Monthly,Jumlah/ Total,836.699,706.395,2490.028,11739.661,8054.541,122.599,236.113,24186.036,0,0,0,152.536,0.0,0,0,152.536,7020.61,4934.201,8894.374,17847.784,31776.754,5449.086,2231.986,78154.795,0,0,0,9.412,4.862,4.914,9.715,28.903,3530.869,1983.285,2790.956,1558.315,18427.239,8649.425,2919.677,39859.766,0.0,0.0,22.038,16.361,300.078,10.403,230.302,579.182,4.395,21353.691,1099.163,22457.249,0.0,6.566,11.22,17.786,107.444,104.149,118.045,21381.336,1082.514,1063.067,353.72,24210.275,2564.275,1058.271,1945.79,5385.023,12473.45,5319.426,1662.214,30408.449,0.0,0.0,0.0,610.034,69.278,4.489,501.408,1185.209,1574.915,390.628,1931.245,5879.076,5891.649,1459.652,1326.088,18453.253,0.0,0,0.0,561.444,61.687,0.0,87.35,710.481
2011-11-01,Monthly,Bank-bank Islam / Islamic Banks,1290.228,804.902,3459.864,10997.283,15466.26,121.168,1602.89,33742.595,0,0,0,119.483,0.0,0,0,119.483,6711.538,4175.558,7111.074,15157.241,29466.516,5283.325,2153.664,70058.916,0,0,0,9.769,5.052,4.926,9.772,29.519,3486.564,1886.541,2311.195,1439.413,18814.646,8661.164,3129.769,39729.292,0.0,0.0,0.272,12.442,177.151,9.12,275.312,474.297,4.456,21542.252,1121.418,22668.126,0.0,6.756,12.889,19.645,56.823,86.21,68.46,21966.839,1415.91,799.479,321.641,24715.362,2465.4,1132.554,2070.631,5828.935,13021.562,5510.255,1667.272,31696.609,0.0,0.0,0.0,555.728,71.033,4.272,496.083,1127.116,1341.507,395.486,1822.553,7984.217,10480.639,1433.464,1013.434,24471.3,0.0,0,0.0,613.451,51.325,0.0,67.658,732.434
2011-11-01,Monthly,Skim Perbankan Islam (SPI) / Islamic Banking Scheme (IBS),0.0,0.0,0.0,50.0,0.0,0.0,0.0,50.0,0,0,0,0.0,0.0,0,0,0.0,330.093,56.202,765.324,453.976,1882.895,8.384,175.586,3672.46,0,0,0,0.0,0.0,0.0,0.0,0.0,0.0,0.0,0.036,15.457,155.471,238.691,0.089,409.744,0.0,0.0,7.246,1.61,34.936,0.0,0.096,43.888,0.0,55.483,0.0,55.483,0.0,0.0,0.0,0.0,50.072,10.001,30.715,9.921,0.0,0.0,0.0,100.709,0.0,0.0,0.0,0.0,0.0,0.0,0.0,0.0,0.0,0.0,0.0,0.0,0.0,0.0,0.0,0.0,0.0,34.25,20.4,226.606,42.447,111.7,8.25,443.653,0.0,0,0.0,0.0,0.0,0.0,0.0,0.0
2011-11-01,Monthly,Jumlah/ Total,1290.228,804.902,3459.864,11047.283,15466.26,121.168,1602.89,33792.595,0,0,0,119.483,0.0,0,0,119.483,7041.631,4231.76,7876.398,15611.217,31349.411,5291.709,2329.25,73731.376,0,0,0,9.769,5.052,4.926,9.772,29.519,3486.564,1886.541,2311.231,1454.87,18970.117,8899.855,3129.858,40139.036,0.0,0.0,7.518,14.052,212.087,9.12,275.408,518.185,4.456,21597.735,1121.418,22723.609,0.0,6.756,12.889,19.645,106.895,96.211,99.175,21976.76,1415.91,799.479,321.641,24816.071,2465.4,1132.554,2070.631,5828.935,13021.562,5510.255,1667.272,31696.609,0.0,0.0,0.0,555.728,71.033,4.272,496.083,1127.116,1341.507,429.736,1842.953,8210.823,10523.086,1545.164,1021.684,24914.953,0.0,0,0.0,613.451,51.325,0.0,67.658,732.434
2011-12-01,Monthly,Bank-bank Islam / Islamic Banks,1227.795,477.481,2523.479,9950.803,7895.296,123.544,1882.78,24081.178,0,0,0,222.157,0.0,0,0,222.157,7661.09,4402.177,8467.041,17638.596,36199.474,5466.907,2664.446,82499.731,0,0,0,9.753,5.078,4.806,9.046,28.683,3753.054,2141.094,2318.118,1496.873,19539.869,9310.229,3655.768,42215.005,0.0,0.0,0.725,13.445,212.555,8.469,280.844,516.038,4.189,22270.918,1135.787,23410.894,0.0,7.821,13.795,21.616,56.612,70.565,120.47,22044.519,972.472,657.115,251.884,24173.637,3084.629,1103.875,2276.783,6465.084,13456.725,6225.783,1743.309,34356.188,0.0,0.0,0.0,817.923,75.335,4.054,494.383,1391.695,1614.24,358.578,2180.214,11179.114,9660.44,1512.12,979.545,27484.251,0.0,0,0.0,573.788,499.686,0.0,67.697,1141.171
2011-12-01,Monthly,Skim Perbankan Islam (SPI) / Islamic Banking Scheme (IBS),0.0,0.0,0.0,50.0,0.0,0.0,0.0,50.0,0,0,0,0.0,0.0,0,0,0.0,290.059,56.312,912.357,607.215,1783.75,8.392,58.54,3716.625,0,0,0,0.0,0.0,0.0,0.0,0.0,0.0,0.0,0.022,27.114,134.32,255.656,0.091,417.203,0.0,0.0,8.317,1.803,47.676,0.0,0.096,57.892,0.0,69.911,0.0,69.911,0.0,0.0,0.0,0.0,50.212,10.028,30.699,9.948,0.0,0.0,0.0,100.887,0.0,0.0,0.0,0.0,0.0,0.0,0.0,0.0,0.0,0.0,0.0,0.0,0.0,0.0,0.0,0.0,0.0,34.25,20.4,215.519,42.996,110.9,8.25,432.315,0.0,0,0.0,0.0,0.0,0.0,0.0,0.0
2011-12-01,Monthly,Jumlah/ Total,1227.795,477.481,2523.479,10000.803,7895.296,123.544,1882.78,24131.178,0,0,0,222.157,0.0,0,0,222.157,7951.149,4458.489,9379.398,18245.811,37983.224,5475.299,2722.986,86216.356,0,0,0,9.753,5.078,4.806,9.046,28.683,3753.054,2141.094,2318.14,1523.987,19674.189,9565.885,3655.859,42632.208,0.0,0.0,9.042,15.248,260.231,8.469,280.94,573.93,4.189,22340.829,1135.787,23480.805,0.0,7.821,13.795,21.616,106.824,80.593,151.169,22054.467,972.472,657.115,251.884,24274.524,3084.629,1103.875,2276.783,6465.084,13456.725,6225.783,1743.309,34356.188,0.0,0.0,0.0,817.923,75.335,4.054,494.383,1391.695,1614.24,392.828,2200.614,11394.633,9703.436,1623.02,987.795,27916.566,0.0,0,0.0,573.788,499.686,0.0,67.697,1141.171
2012-01-01,Monthly,Bank-bank Islam / Islamic Banks,516.15,443.028,1832.559,8973.199,7905.605,124.827,1079.305,20874.673,0,0,0,1550.825,0.0,0,0,1550.825,6787.153,4155.808,8061.415,17422.405,37330.842,6199.45,2533.039,82490.112,0,0,0,9.375,158.655,5.034,131.738,304.802,3366.832,2011.911,2622.811,1642.338,20391.972,9245.466,3687.569,42968.899,0.0,0.0,3.908,10.186,232.808,8.858,275.622,531.382,3.921,22306.563,1142.835,23453.319,0.0,9.307,13.813,23.12,56.121,61.665,98.496,21688.344,882.528,537.045,1353.912,24678.111,2979.378,1116.45,2666.28,5539.699,13506.074,6890.706,2017.393,34715.98,0.0,0.0,0.0,482.311,76.807,4.038,547.064,1110.22,1614.142,268.426,2252.906,12610.379,10402.641,1490.774,981.753,29621.021,0.0,0,0.0,514.596,52.297,0.0,62.012,628.905
2012-01-01,Monthly,Skim Perbankan Islam (SPI) / Islamic Banking Scheme (IBS),0.0,0.0,0.0,50.0,0.0,0.0,0.0,50.0,0,0,0,0.0,0.0,0,0,0.0,295.019,60.88,836.724,708.015,1421.473,7.489,58.54,3388.14,0,0,0,0.0,0.0,0.0,0.0,0.0,0.0,0.0,0.018,31.845,117.651,221.916,0.459,371.889,0.0,0.0,3.325,2.172,24.758,0.0,88.564,118.819,0.0,60.424,0.0,60.424,0.0,0.0,0.0,0.0,50.353,0.0,92.612,9.975,0.0,0.0,0.0,152.94,0.0,0.0,0.0,0.0,0.0,0.0,0.0,0.0,0.0,0.0,0.0,0.0,0.0,0.0,0.0,0.0,0.0,34.25,20.4,211.445,44.747,110.1,8.0,428.942,0.0,0,0.0,0.0,0.0,0.0,0.0,0.0
2012-01-01,Monthly,Jumlah/ Total,516.15,443.028,1832.559,9023.199,7905.605,124.827,1079.305,20924.673,0,0,0,1550.825,0.0,0,0,1550.825,7082.172,4216.688,8898.139,18130.42,38752.315,6206.939,2591.579,85878.252,0,0,0,9.375,158.655,5.034,131.738,304.802,3366.832,2011.911,2622.829,1674.183,20509.623,9467.382,3688.028,43340.788,0.0,0.0,7.233,12.358,257.566,8.858,364.186,650.201,3.921,22366.987,1142.835,23513.743,0.0,9.307,13.813,23.12,106.474,61.665,191.108,21698.319,882.528,537.045,1353.912,24831.051,2979.378,1116.45,2666.28,5539.699,13506.074,6890.706,2017.393,34715.98,0.0,0.0,0.0,482.311,76.807,4.038,547.064,1110.22,1614.142,302.676,2273.306,12821.824,10447.388,1600.874,989.753,30049.963,0.0,0,0.0,514.596,52.297,0.0,62.012,628.905
2012-02-01,Monthly,Bank-bank Islam / Islamic Banks,560.961,506.309,2778.906,8711.241,8268.391,137.498,841.854,21805.16,0,0,0,1535.47,0.0,0,0,1535.47,6787.671,3572.849,8654.366,15624.131,38710.556,6426.279,2104.541,81880.393,0,0,0,9.245,130.209,4.943,128.665,273.062,5523.637,2367.774,2851.31,1723.611,19879.729,9337.738,3957.233,45641.032,0.0,0.0,2.555,11.879,238.596,11.884,282.8,547.714,3.86,22655.699,1153.205,23812.764,0.0,12.163,15.63,27.793,56.273,64.165,541.184,21599.703,1095.779,549.552,1646.601,25553.257,2949.713,1163.938,2731.304,5823.262,12974.03,7355.144,2208.12,35205.511,0.0,0.0,0.0,517.031,66.918,4.465,661.527,1249.941,1096.503,220.198,2447.96,13419.978,12692.693,1356.669,740.406,31974.407,0.0,0,0.0,565.004,419.811,0.0,60.896,1045.711
2012-02-01,Monthly,Skim Perbankan Islam (SPI) / Islamic Banking Scheme (IBS),0.0,0.0,0.0,50.0,0.0,0.0,0.0,50.0,0,0,0,0.0,0.0,0,0,0.0,305.019,15.214,816.744,740.781,1365.979,7.337,58.54,3309.614,0,0,0,0.0,0.0,0.0,0.0,0.0,0.0,0.0,0.188,93.886,125.878,226.651,0.223,446.826,0.0,0.0,12.902,36.242,54.026,0.0,107.928,211.098,0.0,63.636,0.0,63.636,0.0,0.0,0.0,0.0,50.484,0.0,92.127,10.0,0.0,0.0,0.0,152.611,0.0,0.0,0.0,0.0,0.0,0.0,0.0,0.0,0.0,0.0,0.0,0.0,0.0,0.0,0.0,0.0,0.0,34.25,20.4,209.774,95.841,107.6,8.0,475.865,0.0,0,0.0,0.0,0.0,0.0,0.0,0.0
2012-02-01,Monthly,Jumlah/ Total,560.961,506.309,2778.906,8761.241,8268.391,137.498,841.854,21855.16,0,0,0,1535.47,0.0,0,0,1535.47,7092.69,3588.063,9471.11,16364.912,40076.535,6433.616,2163.081,85190.007,0,0,0,9.245,130.209,4.943,128.665,273.062,5523.637,2367.774,2851.498,1817.497,20005.607,9564.389,3957.456,46087.858,0.0,0.0,15.457,48.121,292.622,11.884,390.728,758.812,3.86,22719.335,1153.205,23876.4,0.0,12.163,15.63,27.793,106.757,64.165,633.311,21609.703,1095.779,549.552,1646.601,25705.868,2949.713,1163.938,2731.304,5823.262,12974.03,7355.144,2208.12,35205.511,0.0,0.0,0.0,517.031,66.918,4.465,661.527,1249.941,1096.503,254.448,2468.36,13629.752,12788.534,1464.269,748.406,32450.272,0.0,0,0.0,565.004,419.811,0.0,60.896,1045.711
2012-03-01,Monthly,Bank-bank Islam / Islamic Banks,549.012,371.663,2338.156,7308.392,7757.428,137.319,548.982,19010.952,0,0,0,2141.519,0.0,0,0,2141.519,5669.112,4152.384,7766.632,16456.962,39807.087,6634.767,2944.406,83431.35,0,0,0,9.48,135.429,4.723,216.983,366.615,3255.781,2009.287,2610.81,1754.823,20508.419,10092.187,4052.725,44284.032,0.0,0.0,3.213,17.047,372.312,20.009,304.712,717.293,4.225,23014.854,1178.326,24197.405,0.0,10.522,16.487,27.009,0.0,76.165,985.926,20258.339,2055.933,504.028,1792.803,25673.194,3305.93,1315.68,2466.742,4037.904,12995.218,7551.64,2161.956,33835.07,0.0,0.0,1.18,535.052,59.119,6.052,582.146,1183.549,772.862,725.866,3077.198,13925.205,13311.348,1347.431,837.397,33997.307,0.0,0,0.0,750.693,435.97,1.187,74.646,1262.496
2012-03-01,Monthly,Skim Perbankan Islam (SPI) / Islamic Banking Scheme (IBS),0.0,0.0,0.0,50.0,0.0,0.0,0.0,50.0,0,0,0,0.0,0.0,0,0,0.0,322.536,86.285,682.281,790.148,1439.105,7.117,58.54,3386.012,0,0,0,0.0,0.0,0.0,0.0,0.0,0.0,0.0,0.07,22.734,95.318,237.684,0.034,355.84,0.0,0.0,16.697,3.709,75.125,0.0,70.623,166.154,0.0,58.18,0.0,58.18,0.0,0.0,0.0,0.0,50.624,0.0,92.145,9.973,0.0,0.0,0.0,152.742,0.0,0.0,0.0,0.0,0.0,0.0,0.0,0.0,0.0,0.0,0.0,0.0,0.0,0.0,0.0,0.0,0.0,34.25,20.4,206.231,46.018,106.55,8.0,421.449,0.0,0,0.0,0.0,0.0,0.0,0.0,0.0
2012-03-01,Monthly,Jumlah/ Total,549.012,371.663,2338.156,7358.392,7757.428,137.319,548.982,19060.952,0,0,0,2141.519,0.0,0,0,2141.519,5991.648,4238.669,8448.913,17247.11,41246.192,6641.884,3002.946,86817.362,0,0,0,9.48,135.429,4.723,216.983,366.615,3255.781,2009.287,2610.88,1777.557,20603.737,10329.871,4052.759,44639.872,0.0,0.0,19.91,20.756,447.437,20.009,375.335,883.447,4.225,23073.034,1178.326,24255.585,0.0,10.522,16.487,27.009,50.624,76.165,1078.071,20268.312,2055.933,504.028,1792.803,25825.936,3305.93,1315.68,2466.742,4037.904,12995.218,7551.64,2161.956,33835.07,0.0,0.0,1.18,535.052,59.119,6.052,582.146,1183.549,772.862,760.116,3097.598,14131.436,13357.366,1453.981,845.397,34418.756,0.0,0,0.0,750.693,435.97,1.187,74.646,1262.496
2012-04-01,Monthly,Bank-bank Islam / Islamic Banks,678.787,472.983,2441.704,7586.068,7748.944,134.786,652.22,19715.492,0,0,0,1798.826,0.0,0,0,1798.826,6083.875,4240.736,8143.917,17398.424,38346.961,6636.055,2551.824,83401.792,0,0,0,9.385,199.748,5.268,233.145,447.546,3099.018,1875.768,2932.088,2338.369,20247.705,10752.049,4139.816,45384.813,0.0,0.0,0.957,17.113,412.002,21.868,284.053,735.993,4.059,23528.578,1204.181,24736.818,0.0,9.544,16.585,26.129,0.0,89.765,998.055,16798.183,1495.126,481.317,1496.541,21358.987,3935.789,1407.285,3463.933,5934.466,14492.722,8336.877,2647.821,40218.893,0.0,0.0,1.176,653.747,25.43,6.14,493.507,1180.0,71.727,676.428,3174.874,16694.669,11790.33,575.455,355.27,33338.753,0.0,0,0.0,631.924,460.28,0.975,73.852,1167.031
2012-04-01,Monthly,Skim Perbankan Islam (SPI) / Islamic Banking Scheme (IBS),0.0,0.0,0.0,50.0,0.0,0.0,0.0,50.0,0,0,0,0.0,0.0,0,0,0.0,322.588,67.159,723.391,681.582,1704.231,7.087,58.54,3564.578,0,0,0,0.0,0.0,0.0,0.0,0.0,0.0,0.0,0.022,20.951,87.948,247.54,0.034,356.495,0.0,0.0,23.699,4.676,62.444,0.0,106.188,197.007,0.0,55.4,0.0,55.4,0.0,0.0,0.0,0.0,50.759,0.0,92.163,9.999,0.0,0.0,0.0,152.921,0.0,0.0,0.0,0.0,0.0,0.0,0.0,0.0,0.0,0.0,0.0,0.0,0.0,0.0,0.0,0.0,0.0,34.0,20.4,198.026,85.102,106.3,8.0,451.828,0.0,0,0.0,0.0,0.0,0.0,0.0,0.0
2012-04-01,Monthly,Jumlah/ Total,678.787,472.983,2441.704,7636.068,7748.944,134.786,652.22,19765.492,0,0,0,1798.826,0.0,0,0,1798.826,6406.463,4307.895,8867.308,18080.006,40051.192,6643.142,2610.364,86966.37,0,0,0,9.385,199.748,5.268,233.145,447.546,3099.018,1875.768,2932.11,2359.32,20335.653,10999.589,4139.85,45741.308,0.0,0.0,24.656,21.789,474.446,21.868,390.241,933.0,4.059,23583.978,1204.181,24792.218,0.0,9.544,16.585,26.129,50.759,89.765,1090.218,16808.182,1495.126,481.317,1496.541,21511.908,3935.789,1407.285,3463.933,5934.466,14492.722,8336.877,2647.821,40218.893,0.0,0.0,1.176,653.747,25.43,6.14,493.507,1180.0,71.727,710.428,3195.274,16892.695,11875.432,681.755,363.27,33790.581,0.0,0,0.0,631.924,460.28,0.975,73.852,1167.031
2012-05-01,Monthly,Bank-bank Islam / Islamic Banks,636.851,350.693,1689.709,9124.273,7609.403,122.961,290.802,19824.692,0,0,0,1804.176,0.0,0,0,1804.176,5518.022,4453.813,8805.155,16362.032,37775.272,6579.033,2232.994,81726.321,0,0,0,9.859,280.001,5.342,264.384,559.586,2877.642,2366.228,2249.071,1910.501,19745.792,11315.211,4260.125,44724.57,0.0,0.0,0.804,18.812,357.0,21.009,333.613,731.238,4.097,24167.797,1240.282,25412.176,0.0,10.65,19.855,30.505,0.0,89.765,650.306,18546.396,1112.731,469.312,1909.834,22778.344,3490.214,1271.325,3843.23,5544.517,12447.853,8162.794,3090.645,37850.578,0.0,0.0,1.155,606.157,51.283,5.599,485.201,1149.395,73.042,683.049,1796.47,17350.483,10936.235,718.422,235.228,31792.929,0.0,0,0.0,669.774,172.733,0.643,77.483,920.633
2012-05-01,Monthly,Skim Perbankan Islam (SPI) / Islamic Banking Scheme (IBS),0.0,0.0,0.0,50.0,0.0,0.0,0.0,50.0,0,0,0,0.0,0.0,0,0,0.0,237.509,58.801,641.385,1138.533,1129.322,7.101,58.54,3271.191,0,0,0,0.0,7.955,0.0,0.0,7.955,0.0,0.0,0.034,27.558,132.42,228.295,0.051,388.358,0.0,0.0,15.226,1.527,47.156,0.0,1.719,65.628,0.0,55.848,0.0,55.848,0.0,0.0,0.0,0.0,6.601,0.0,85.58,9.974,0.0,0.0,0.0,102.155,0.0,0.0,0.0,0.0,0.0,0.0,0.0,0.0,0.0,0.0,0.0,0.0,0.0,0.0,0.0,0.0,0.0,34.0,20.4,198.426,90.026,105.55,7.25,455.652,0.0,0,0.0,0.0,0.0,0.0,0.0,0.0
2012-05-01,Monthly,Jumlah/ Total,636.851,350.693,1689.709,9174.273,7609.403,122.961,290.802,19874.692,0,0,0,1804.176,0.0,0,0,1804.176,5755.531,4512.614,9446.54,17500.565,38904.594,6586.134,2291.534,84997.512,0,0,0,9.859,287.956,5.342,264.384,567.541,2877.642,2366.228,2249.105,1938.059,19878.212,11543.506,4260.176,45112.928,0.0,0.0,16.03,20.339,404.156,21.009,335.332,796.866,4.097,24223.645,1240.282,25468.024,0.0,10.65,19.855,30.505,6.601,89.765,735.886,18556.37,1112.731,469.312,1909.834,22880.499,3490.214,1271.325,3843.23,5544.517,12447.853,8162.794,3090.645,37850.578,0.0,0.0,1.155,606.157,51.283,5.599,485.201,1149.395,73.042,717.049,1816.87,17548.909,11026.261,823.972,242.478,32248.581,0.0,0,0.0,669.774,172.733,0.643,77.483,920.633
2012-06-01,Monthly,Bank-bank Islam / Islamic Banks,530.027,298.396,1839.121,9640.663,7035.661,130.051,327.813,19801.732,0,0,0,1802.007,0.0,0,0,1802.007,5430.97,4732.885,13524.406,15086.748,36678.13,6534.456,2382.258,84369.853,0,0,0,9.873,14.975,5.396,30.022,60.266,2786.89,1832.469,2606.55,2215.242,20508.154,11532.341,4309.812,45791.458,0.0,0.0,0.603,16.262,350.887,19.536,324.216,711.504,2.548,24369.458,1263.513,25635.519,0.0,11.602,21.491,33.093,0.0,85.765,249.671,18760.215,1427.154,517.74,1995.041,23035.586,1925.876,1140.771,3520.179,4962.895,13640.983,8376.523,3135.424,36702.651,0.0,0.0,1.049,677.732,44.898,5.601,434.825,1164.105,68.974,931.598,2307.951,16708.523,12610.349,870.6,292.032,33790.027,0.0,0,0.0,1003.482,211.629,0.805,77.585,1293.501
2012-06-01,Monthly,Skim Perbankan Islam (SPI) / Islamic Banking Scheme (IBS),0.0,0.0,0.0,50.0,0.0,0.0,0.0,50.0,0,0,0,0.0,0.0,0,0,0.0,192.521,81.285,878.592,972.884,1023.142,7.112,58.54,3214.076,0,0,0,0.0,0.0,0.0,0.0,0.0,0.0,0.0,0.021,41.141,144.359,249.637,0.045,435.203,0.0,0.0,10.452,2.305,122.616,0.0,119.407,254.78,0.0,55.099,0.0,55.099,0.0,0.0,0.0,0.0,0.0,0.0,85.58,9.999,0.0,0.0,0.0,95.579,0.0,0.0,0.0,0.0,0.0,0.0,0.0,0.0,0.0,0.0,0.0,0.0,0.0,0.0,0.0,0.0,0.0,34.0,20.4,199.126,64.881,105.05,7.25,430.707,0.0,0,0.0,0.0,0.0,0.0,0.0,0.0
2012-06-01,Monthly,Jumlah/ Total,530.027,298.396,1839.121,9690.663,7035.661,130.051,327.813,19851.732,0,0,0,1802.007,0.0,0,0,1802.007,5623.491,4814.17,14402.998,16059.632,37701.272,6541.568,2440.798,87583.929,0,0,0,9.873,14.975,5.396,30.022,60.266,2786.89,1832.469,2606.571,2256.383,20652.513,11781.978,4309.857,46226.661,0.0,0.0,11.055,18.567,473.503,19.536,443.623,966.284,2.548,24424.557,1263.513,25690.618,0.0,11.602,21.491,33.093,0.0,85.765,335.251,18770.214,1427.154,517.74,1995.041,23131.165,1925.876,1140.771,3520.179,4962.895,13640.983,8376.523,3135.424,36702.651,0.0,0.0,1.049,677.732,44.898,5.601,434.825,1164.105,68.974,965.598,2328.351,16907.649,12675.23,975.65,299.282,34220.734,0.0,0,0.0,1003.482,211.629,0.805,77.585,1293.501
2012-07-01,Monthly,Bank-bank Islam / Islamic Banks,708.093,399.964,1672.122,9674.138,7987.599,128.355,335.837,20906.108,0,0,0,1741.058,0.0,0,0,1741.058,5237.562,5075.72,8641.49,16286.863,37201.659,6590.034,2836.005,81869.333,0,0,0,39.318,346.672,4.888,142.996,533.874,3160.993,2828.794,2901.603,2405.07316,21613.95457,11901.8313,4304.74094,49116.98997,0.0,0.0,0.238,16.421,440.44,13.809,318.134,789.042,4.07814,24636.78272,1290.39812,25931.25898,0.0,12.458,21.143,33.601,0.0,82.765,250.102,19312.558,1125.31,498.143,1541.033,22809.911,2082.515,1162.462,3421.04,4720.52,12443.644,8582.976,3539.916,35953.073,0.0,0.0,1.071,640.23,40.895,5.365,456.681,1144.242,76.321,728.869,1775.265,16129.83,13278.771,1125.721,384.347,33499.124,0.0,0,0.0,869.972,400.802,3.4,76.385,1350.559
2012-07-01,Monthly,Skim Perbankan Islam (SPI) / Islamic Banking Scheme (IBS),0.0,0.0,0.0,50.0,0.0,0.0,0.0,50.0,0,0,0,0.0,0.0,0,0,0.0,227.592,81.064,885.21,1297.852,1241.544,7.119,58.54,3798.921,0,0,0,0.0,0.0,0.0,0.0,0.0,0.0,0.0,0.081,37.577,94.121,240.38,0.059,372.218,0.0,0.0,13.189,4.389,79.715,0.0,101.901,199.194,0.0,57.053,0.0,57.053,0.0,0.0,0.0,0.0,0.0,0.0,85.58,10.969,0.0,0.0,0.0,96.549,0.0,0.0,0.0,0.0,0.0,0.0,0.0,0.0,0.0,0.0,0.0,0.0,0.0,0.0,0.0,0.0,0.0,34.0,20.4,197.272,117.808,104.25,7.25,480.98,0.0,0,0.0,0.0,0.0,0.0,0.0,0.0
2012-07-01,Monthly,Jumlah/ Total,708.093,399.964,1672.122,9724.138,7987.599,128.355,335.837,20956.108,0,0,0,1741.058,0.0,0,0,1741.058,5465.154,5156.784,9526.7,17584.715,38443.203,6597.153,2894.545,85668.254,0,0,0,39.318,346.672,4.888,142.996,533.874,3160.993,2828.794,2901.684,2442.65016,21708.07557,12142.2113,4304.79994,49489.20797,0.0,0.0,13.427,20.81,520.155,13.809,420.035,988.236,4.07814,24693.83572,1290.39812,25988.31198,0.0,12.458,21.143,33.601,0.0,82.765,335.682,19323.527,1125.31,498.143,1541.033,22906.46,2082.515,1162.462,3421.04,4720.52,12443.644,8582.976,3539.916,35953.073,0.0,0.0,1.071,640.23,40.895,5.365,456.681,1144.242,76.321,762.869,1795.665,16327.102,13396.579,1229.971,391.597,33980.104,0.0,0,0.0,869.972,400.802,3.4,76.385,1350.559
2012-08-01,Monthly,Bank-bank Islam / Islamic Banks,613.118,303.057,1601.953,11984.831,7197.094,123.164,472.088,22295.305,0,0,0,440.669,0.0,0,0,440.669,4106.535,4888.9,9326.694,15522.887,38504.838,6545.333,3074.445,81969.632,0,0,0,9.729,349.368,4.855,354.277,718.229,5023.376,1857.041,2679.912,2203.78,22728.061,12240.646,4259.085,50991.901,0.0,0.0,0.269,17.751,213.701,14.679,323.139,569.539,4.344,24757.705,1297.334,26059.383,0.0,15.269,22.561,37.83,0.0,76.765,250.531,18339.296,1058.176,606.495,1680.376,22011.639,1960.93,1417.947,3594.116,4762.886,14273.97,9181.441,3685.557,38876.847,0.0,0.0,1.055,907.084,200.896,4.179,306.117,1419.331,76.1,793.919,2811.171,16514.046,14116.791,1532.995,408.326,36253.348,0.0,0,0.0,881.246,214.198,2.664,76.215,1174.323
2012-08-01,Monthly,Skim Perbankan Islam (SPI) / Islamic Banking Scheme (IBS),0.0,0.0,0.0,50.0,0.0,0.0,0.0,50.0,0,0,0,0.0,0.0,0,0,0.0,177.704,81.221,720.217,1070.888,935.987,7.097,58.69,3051.804,0,0,0,46.861,0.0,0.0,0.0,46.861,0.0,0.0,0.014,30.11,134.359,240.656,0.057,405.196,0.0,0.0,2.215,9.47,38.899,0.0,79.829,130.413,0.0,58.498,0.0,58.498,0.0,0.0,0.0,0.0,0.0,0.0,0.0,10.998,0.0,0.0,0.0,10.998,0.0,0.0,0.0,0.0,0.0,0.0,0.0,0.0,0.0,0.0,0.0,0.0,0.0,0.0,0.0,0.0,0.0,34.0,20.4,283.702,114.757,103.75,7.25,563.859,0.0,0,0.0,0.0,0.0,0.0,0.0,0.0
2012-08-01,Monthly,Jumlah/ Total,613.118,303.057,1601.953,12034.831,7197.094,123.164,472.088,22345.305,0,0,0,440.669,0.0,0,0,440.669,4284.239,4970.121,10046.911,16593.775,39440.825,6552.43,3133.135,85021.436,0,0,0,56.59,349.368,4.855,354.277,765.09,5023.376,1857.041,2679.926,2233.89,22862.42,12481.302,4259.142,51397.097,0.0,0.0,2.484,27.221,252.6,14.679,402.968,699.952,4.344,24816.203,1297.334,26117.881,0.0,15.269,22.561,37.83,0.0,76.765,250.531,18350.294,1058.176,606.495,1680.376,22022.637,1960.93,1417.947,3594.116,4762.886,14273.97,9181.441,3685.557,38876.847,0.0,0.0,1.055,907.084,200.896,4.179,306.117,1419.331,76.1,827.919,2831.571,16797.748,14231.548,1636.745,415.576,36817.207,0.0,0,0.0,881.246,214.198,2.664,76.215,1174.323
2012-09-01,Monthly,Bank-bank Islam / Islamic Banks,312.16,282.019,1463.32,10467.609,5674.185,122.996,509.325,18831.614,0,0,0,351.307,0.0,0,0,351.307,4502.455,3797.929,9276.758,15057.075,35833.957,6401.052,2949.347,77818.573,0,0,0,9.534,339.096,4.847,197.868,551.345,3305.344,1961.238,3448.645,2211.206,22281.576,12462.594,4215.913,49886.516,0.0,0.0,0.227,36.151,244.779,13.512,395.608,690.277,4.145,24645.165,1300.193,25949.503,0.0,14.729,28.4,43.129,0.0,99.965,100.691,19102.348,1042.741,565.039,1700.916,22611.7,2010.426,1445.923,3768.746,4382.61,15351.111,9082.389,3516.057,39557.262,0.0,0.0,0.887,1019.582,206.14,5.241,225.571,1457.421,87.351,1384.672,5541.861,17365.689,16088.11,1790.878,498.062,42756.623,0.0,0,0.0,708.079,210.636,3.011,73.776,995.502
2012-09-01,Monthly,Skim Perbankan Islam (SPI) / Islamic Banking Scheme (IBS),0.0,0.0,0.0,50.0,0.0,0.0,0.0,50.0,0,0,0,0.0,0.0,0,0,0.0,177.512,81.351,990.121,1321.454,859.677,7.101,58.69,3495.906,0,0,0,76.65,0.0,0.0,0.0,76.65,0.0,0.0,0.105,22.626,114.519,229.988,0.163,367.401,0.0,0.0,6.37,10.15,34.917,0.0,0.154,51.591,0.0,57.052,0.0,57.052,0.0,0.0,0.0,0.0,0.0,0.0,85.58,0.0,0.0,0.0,0.0,85.58,0.0,0.0,0.0,0.0,0.0,0.0,0.0,0.0,0.0,0.0,0.0,0.0,0.0,0.0,0.0,0.0,0.0,34.0,20.4,202.496,88.431,103.5,7.25,456.077,0.0,0,0.0,0.0,0.0,0.0,0.0,0.0
2012-09-01,Monthly,Jumlah/ Total,312.16,282.019,1463.32,10517.609,5674.185,122.996,509.325,18881.614,0,0,0,351.307,0.0,0,0,351.307,4679.967,3879.28,10266.879,16378.529,36693.634,6408.153,3008.037,81314.479,0,0,0,86.184,339.096,4.847,197.868,627.995,3305.344,1961.238,3448.75,2233.832,22396.095,12692.582,4216.076,50253.917,0.0,0.0,6.597,46.301,279.696,13.512,395.762,741.868,4.145,24702.217,1300.193,26006.555,0.0,14.729,28.4,43.129,0.0,99.965,186.271,19102.348,1042.741,565.039,1700.916,22697.28,2010.426,1445.923,3768.746,4382.61,15351.111,9082.389,3516.057,39557.262,0.0,0.0,0.887,1019.582,206.14,5.241,225.571,1457.421,87.351,1418.672,5562.261,17568.185,16176.541,1894.378,505.312,43212.7,0.0,0,0.0,708.079,210.636,3.011,73.776,995.502
2012-10-01,Monthly,Bank-bank Islam / Islamic Banks,1560.188,311.736,3986.246,11239.221,5907.061,118.409,595.507,23718.368,0,0,0,347.626,0.0,0,0,347.626,5781.571,4301.336,8035.43,14979.881,35863.351,6418.208,2482.915,77862.692,0,0,0,9.514,446.549,4.856,413.085,874.004,6182.063,1967.65,2874.149,2224.137,22001.263,12784.842,4141.126,52175.23,0.0,0.0,0.173,38.885,264.167,17.047,297.325,617.597,4.151,24855.398,1332.247,26191.796,0.0,19.272,31.898,51.17,0.0,91.965,100.892,20144.931,1056.383,556.49,475.249,22425.91,4155.467,1417.566,3885.092,4045.275,17314.625,9226.251,3520.564,43564.84,0.0,0.0,0.88,1147.395,156.966,6.77,663.679,1975.69,93.287,1407.199,2944.579,15821.301,16608.289,1985.902,582.773,39443.33,0.0,0,0.0,263.514,379.641,1.679,54.663,699.497
2012-10-01,Monthly,Skim Perbankan Islam (SPI) / Islamic Banking Scheme (IBS),0.0,0.0,0.0,50.0,0.0,0.0,0.0,50.0,0,0,0,0.0,0.0,0,0,0.0,287.52,71.508,1053.824,1301.664,845.82,7.237,58.5,3626.073,0,0,0,76.413,0.0,0.0,0.0,76.413,0.0,0.0,53.047,18.977,124.132,234.44,0.167,430.763,0.0,0.0,19.164,5.239,112.145,0.0,62.317,198.865,0.0,56.562,0.0,56.562,0.0,0.0,0.0,0.0,0.0,0.0,85.58,0.0,0.0,0.0,0.0,85.58,0.0,0.0,0.0,4.5,0.0,0.0,0.0,4.5,0.0,0.0,0.0,0.0,0.0,0.0,0.0,0.0,0.0,34.0,20.4,230.93,47.384,101.95,7.25,441.914,0.0,0,0.0,0.0,0.0,0.0,0.0,0.0
2012-10-01,Monthly,Jumlah/ Total,1560.188,311.736,3986.246,11289.221,5907.061,118.409,595.507,23768.368,0,0,0,347.626,0.0,0,0,347.626,6069.091,4372.844,9089.254,16281.545,36709.171,6425.445,2541.415,81488.765,0,0,0,85.927,446.549,4.856,413.085,950.417,6182.063,1967.65,2927.196,2243.114,22125.395,13019.282,4141.293,52605.993,0.0,0.0,19.337,44.124,376.312,17.047,359.642,816.462,4.151,24911.96,1332.247,26248.358,0.0,19.272,31.898,51.17,0.0,91.965,186.472,20144.931,1056.383,556.49,475.249,22511.49,4155.467,1417.566,3885.092,4049.775,17314.625,9226.251,3520.564,43569.34,0.0,0.0,0.88,1147.395,156.966,6.77,663.679,1975.69,93.287,1441.199,2964.979,16052.231,16655.673,2087.852,590.023,39885.244,0.0,0,0.0,263.514,379.641,1.679,54.663,699.497
2012-11-01,Monthly,Bank-bank Islam / Islamic Banks,2532.255,1007.052,1822.626,12896.329,5242.399,117.273,619.695,24237.629,0,0,0,346.173,0.0,0,0,346.173,6329.492,5105.169,8461.539,15054.861,37013.849,6366.492,3175.944,81507.346,0,0,0,9.505,481.68,4.918,119.869,615.972,5130.422,1772.973,2658.29,2504.808,21415.563,12880.77,4133.547,50496.373,0.0,0.0,0.055,38.729,283.984,23.386,271.529,617.683,4.148,25028.507,1357.179,26389.834,0.0,19.758,38.053,57.811,0.0,88.965,100.914,18694.323,836.075,553.826,463.276,20737.379,5286.151,1856.445,4440.284,6150.724,18814.281,9531.882,3396.449,49476.216,0.0,0.0,0.0,1008.115,152.163,7.064,679.015,1846.357,39.748,1409.983,2721.024,16627.928,17956.038,2094.212,549.291,41398.224,0.0,0,0.0,307.267,296.719,2.07,94.038,700.094
2012-11-01,Monthly,Skim Perbankan Islam (SPI) / Islamic Banking Scheme (IBS),0.0,0.0,0.0,50.0,0.0,0.0,0.0,50.0,0,0,0,0.0,0.0,0,0,0.0,267.545,83.574,1112.697,1431.712,837.959,7.273,58.5,3799.26,0,0,0,0.585,0.0,0.0,0.0,0.585,0.0,0.0,47.089,16.63,167.694,236.301,0.182,467.896,0.0,0.0,16.598,5.826,68.726,0.0,77.392,168.542,0.0,55.783,0.0,55.783,0.0,0.0,0.0,0.0,0.0,0.0,85.58,0.0,0.0,0.0,0.0,85.58,0.0,0.0,0.0,4.5,0.0,0.0,0.0,4.5,0.0,0.0,0.0,0.0,0.0,0.0,0.0,0.0,0.0,34.0,20.4,225.523,82.915,101.15,7.25,471.238,0.0,0,0.0,0.0,0.0,0.0,0.0,0.0
2012-11-01,Monthly,Jumlah/ Total,2532.255,1007.052,1822.626,12946.329,5242.399,117.273,619.695,24287.629,0,0,0,346.173,0.0,0,0,346.173,6597.037,5188.743,9574.236,16486.573,37851.808,6373.765,3234.444,85306.606,0,0,0,10.09,481.68,4.918,119.869,616.557,5130.422,1772.973,2705.379,2521.438,21583.257,13117.071,4133.729,50964.269,0.0,0.0,16.653,44.555,352.71,23.386,348.921,786.225,4.148,25084.29,1357.179,26445.617,0.0,19.758,38.053,57.811,0.0,88.965,186.494,18694.323,836.075,553.826,463.276,20822.959,5286.151,1856.445,4440.284,6155.224,18814.281,9531.882,3396.449,49480.716,0.0,0.0,0.0,1008.115,152.163,7.064,679.015,1846.357,39.748,1443.983,2741.424,16853.451,18038.953,2195.362,556.541,41869.462,0.0,0,0.0,307.267,296.719,2.07,94.038,700.094
2012-12-01,Monthly,Bank-bank Islam / Islamic Banks,1706.266,291.482,1430.073,15018.4,4700.448,118.886,472.593,23738.148,0,0,0,347.319,0.0,0,0,347.319,5579.121,3767.748,8648.228,13820.82,39217.502,6194.597,2137.447,79365.463,0,0,0,9.596,524.441,4.754,542.868,1081.659,4303.867,2184.919,3403.976,2658.008,23527.457,13583.76,4579.106,54241.093,0.0,0.0,0.464,27.182,281.583,69.685,311.735,690.649,4.459,25541.128,1388.698,26934.285,0.0,19.972,35.876,55.848,59.0,79.965,747.338,20742.368,208.79,544.89,56.91,22439.261,5450.395,2045.911,4608.732,5627.263,18509.14,10588.9,3652.139,50482.48,0.0,0.0,0.0,1293.085,195.567,5.993,695.579,2190.224,41.964,1411.975,2477.721,17185.712,15197.158,1941.15,474.901,38730.581,0.0,0,0.0,592.536,326.888,2.759,94.649,1016.832
2012-12-01,Monthly,Skim Perbankan Islam (SPI) / Islamic Banking Scheme (IBS),0.0,0.0,0.0,50.0,0.0,0.0,0.0,50.0,0,0,0,0.0,0.0,0,0,0.0,237.506,61.706,1066.916,1264.951,1042.171,7.29,58.5,3739.04,0,0,0,0.0,0.0,0.0,0.0,0.0,0.0,0.0,39.903,19.72,119.061,240.323,0.283,419.29,0.0,0.0,33.388,4.695,64.444,0.0,0.24,102.767,0.0,53.787,0.0,53.787,0.0,0.0,0.0,0.0,0.0,0.0,85.58,0.0,0.0,0.0,0.0,85.58,0.0,0.0,0.0,4.0,0.0,0.0,0.0,4.0,0.0,0.0,0.0,0.0,0.0,0.0,0.0,0.0,0.0,34.0,20.4,217.273,84.615,101.15,7.25,464.688,0.0,0,0.0,0.0,0.0,0.0,0.0,0.0
2012-12-01,Monthly,Jumlah/ Total,1706.266,291.482,1430.073,15068.4,4700.448,118.886,472.593,23788.148,0,0,0,347.319,0.0,0,0,347.319,5816.627,3829.454,9715.144,15085.771,40259.673,6201.887,2195.947,83104.503,0,0,0,9.596,524.441,4.754,542.868,1081.659,4303.867,2184.919,3443.879,2677.728,23646.518,13824.083,4579.389,54660.383,0.0,0.0,33.852,31.877,346.027,69.685,311.975,793.416,4.459,25594.915,1388.698,26988.072,0.0,19.972,35.876,55.848,59.0,79.965,832.918,20742.368,208.79,544.89,56.91,22524.841,5450.395,2045.911,4608.732,5631.263,18509.14,10588.9,3652.139,50486.48,0.0,0.0,0.0,1293.085,195.567,5.993,695.579,2190.224,41.964,1445.975,2498.121,17402.985,15281.773,2042.3,482.151,39195.269,0.0,0,0.0,592.536,326.888,2.759,94.649,1016.832
2013-01-01,Monthly,Bank-bank Islam / Islamic Banks,1654.35174,345.693941,3793.049575,16288.61856,5524.157351,123.395899,702.463881,28431.730947,0,0,0,347.537234,0.0,0,0,347.537234,5163.291064,4771.394898,9239.22323,21737.229588,44067.990715,5856.60332,2776.842475,93612.57529,0,0,0,9.747106,350.107594,4.78944,134.822026,499.466166,2793.939881,2520.760019,3582.721156,2702.998729,24713.615039,12569.201318,4793.880935,53677.117077,0.0,0.0,2.619821,24.884892,374.886113,16.655467,279.555319,698.601612,8.424279,26181.604318,1429.294719,27619.323316,0.0,19.378012,39.065697,58.443709,0.0,75.965274,100.961395,16631.479531,895.031127,510.29148,1610.169097,19823.897904,4482.747065,2164.658834,4441.455577,4152.392314,17792.703774,11196.119744,3650.8431,47880.920408,0.0,0.0,0.0,1480.642055,143.584896,9.335352,593.815678,2227.377981,20.120878,238.181408,1982.472233,12291.671571,13664.443395,2005.007858,234.9169,30436.814243,0.0,0,0.0,648.891542,524.131134,2.48962,96.070052,1271.582348
2013-01-01,Monthly,Skim Perbankan Islam (SPI) / Islamic Banking Scheme (IBS),0.0,0.0,0.0,50.0,0.0,0.0,0.0,50.0,0,0,0,0.0,0.0,0,0,0.0,231.002378,30.501589,1100.616059,1238.371315,815.760546,7.260534,58.5,3482.012421,0,0,0,0.0,0.0,0.0,0.0,0.0,0.0,0.0,29.046594,45.66187,132.233034,231.991074,0.128639,439.061211,0.0,0.0,4.879167,3.901131,43.97533,0.0,0.175711,52.931339,0.0,54.562693,0.0,54.562693,0.0,0.0,0.0,0.0,0.0,0.0,85.58,0.0,0.0,0.0,0.0,85.58,0.0,0.0,0.0,4.0,0.0,0.0,0.0,4.0,0.0,0.0,0.0,0.0,0.0,0.0,0.0,0.0,0.0,34.0,20.4,186.012768,83.174698,96.65,7.25,427.487466,0.0,0,0.0,0.0,0.0,0.0,0.0,0.0
2013-01-01,Monthly,Jumlah/ Total,1654.35174,345.693941,3793.049575,16338.61856,5524.157351,123.395899,702.463881,28481.730947,0,0,0,347.537234,0.0,0,0,347.537234,5394.293442,4801.896487,10339.839289,22975.600903,44883.751261,5863.863854,2835.342475,97094.587711,0,0,0,9.747106,350.107594,4.78944,134.822026,499.466166,2793.939881,2520.760019,3611.76775,2748.660599,24845.848073,12801.192392,4794.009574,54116.178288,0.0,0.0,7.498988,28.786023,418.861443,16.655467,279.73103,751.532951,8.424279,26236.167011,1429.294719,27673.886009,0.0,19.378012,39.065697,58.443709,0.0,75.965274,186.541395,16631.479531,895.031127,510.29148,1610.169097,19909.477904,4482.747065,2164.658834,4441.455577,4156.392314,17792.703774,11196.119744,3650.8431,47884.920408,0.0,0.0,0.0,1480.642055,143.584896,9.335352,593.815678,2227.377981,20.120878,272.181408,2002.872233,12477.684339,13747.618093,2101.657858,242.1669,30864.301709,0.0,0,0.0,648.891542,524.131134,2.48962,96.070052,1271.582348
2013-02-01,Monthly,Bank-bank Islam / Islamic Banks,571.4,518.176,1543.038445,16933.519198,5978.360749,119.68776,1896.292457,27560.474609,0,0,0,318.419134,0.0,0,0,318.419134,4687.970035,4561.771677,10851.323636,22251.545573,41643.133679,5855.627187,2327.434442,92178.806229,0,0,0,9.711183,266.628522,4.572883,139.266238,420.178826,3976.782736,2288.044174,3527.990445,2613.342683,24253.310202,12545.860526,4929.664909,54134.995675,0.0,0.0,4.425844,701.313185,315.86448,16.734708,289.401274,1327.739491,8.478019,26853.388714,1494.192674,28356.059407,0.0,20.177551,40.98942,61.166971,0.0,80.46522,61.283063,16954.795104,859.064583,291.152884,1595.163373,19841.924227,2497.190822,1992.163412,4458.357291,4085.687496,17209.743802,12584.23197,3795.39279,46622.767583,0.0,0.0,0.0,1514.225031,188.469995,10.169055,449.51905,2162.383131,15.120858,237.261341,2236.673863,11858.427935,15314.579043,1983.211848,297.612488,31942.887376,0.0,0,0.0,668.986669,470.993488,3.334226,84.859918,1228.174301
2013-02-01,Monthly,Skim Perbankan Islam (SPI) / Islamic Banking Scheme (IBS),0.0,0.0,0.0,50.0,0.0,0.0,0.0,50.0,0,0,0,0.0,0.0,0,0,0.0,131.004756,2.5,758.720315,945.18611,806.806045,6.981227,58.5,2709.698453,0,0,0,0.0,0.0,0.0,0.0,0.0,0.0,0.0,27.97844,21.703387,131.341193,231.470348,0.125066,412.618434,0.0,0.0,5.911299,6.916523,1.318375,0.0,0.174948,14.321145,0.0,57.078186,0.0,57.078186,0.0,0.0,0.0,0.0,0.0,0.0,85.58,0.0,0.0,0.0,0.0,85.58,0.0,0.0,0.0,4.873,0.0,0.0,0.0,4.873,0.0,0.0,0.0,0.0,0.0,0.0,0.0,0.0,0.0,34.0,20.4,185.331212,43.33685,96.3,7.25,386.618062,0.0,0,0.0,0.0,0.0,0.0,0.0,0.0
2013-02-01,Monthly,Jumlah/ Total,571.4,518.176,1543.038445,16983.519198,5978.360749,119.68776,1896.292457,27610.474609,0,0,0,318.419134,0.0,0,0,318.419134,4818.974791,4564.271677,11610.043951,23196.731683,42449.939724,5862.608414,2385.934442,94888.504682,0,0,0,9.711183,266.628522,4.572883,139.266238,420.178826,3976.782736,2288.044174,3555.9688850000002,2635.04607,24384.651395,12777.330874,4929.789975,54547.614109,0.0,0.0,10.337143,708.229708,317.182855,16.734708,289.576222,1342.060636,8.478019,26910.4669,1494.192674,28413.137593,0.0,20.177551,40.98942,61.166971,0.0,80.46522,146.863063,16954.795104,859.064583,291.152884,1595.163373,19927.504227,2497.190822,1992.163412,4458.357291,4090.560496,17209.743802,12584.23197,3795.39279,46627.640583,0.0,0.0,0.0,1514.225031,188.469995,10.169055,449.51905,2162.383131,15.120858,271.261341,2257.073863,12043.759147,15357.915893,2079.511848,304.862488,32329.505438,0.0,0,0.0,668.986669,470.993488,3.334226,84.859918,1228.174301
2013-03-01,Monthly,Bank-bank Islam / Islamic Banks,882.947614,425.257349,1782.693449,16585.372241,6357.094078,124.719852,1746.527486,27904.612069,0,0,0,286.695383,0.0,0,0,286.695383,4730.465222,4878.148521,12534.979724,23698.588741,43631.279311,5671.551481,2807.975259,97952.988259,0,0,0,9.723315,9.649473,4.580719,131.132941,155.086448,2520.634744,2416.249817,2729.621021,2805.532396,23670.735626,13623.787993,4697.013161,52463.574758,0.0,0.0,4.751338,219.340776,390.990142,17.511652,265.651985,898.245893,8.530809,26706.426323,1485.957525,28200.914657,0.0,23.981364,46.293466,70.27483,0.0,70.465,161.24596,19962.672842,823.587018,172.243644,1293.488082,22483.702546,2617.704171,3464.067171,4512.896019,3951.828714,16137.029017,13456.638629,4500.086907,48640.250628,0.0,0.0,0.0,1412.166734,128.067748,9.804194,260.577032,1810.615708,5.120858,238.556325,2282.235699,11782.846352,14541.701481,2048.344412,505.249299,31404.054426,0.0,0,0.0,677.261379,611.841775,3.723932,122.312069,1415.139155
2013-03-01,Monthly,Skim Perbankan Islam (SPI) / Islamic Banking Scheme (IBS),0.0,0.0,0.0,50.0,0.0,0.0,0.0,50.0,0,0,0,0.0,0.0,0,0,0.0,1.002256,55.008836,860.659944,480.357867,793.387498,6.916759,58.5,2255.83316,0,0,0,0.0,0.0,0.0,0.0,0.0,0.0,0.0,25.715863,26.981913,61.124977,226.238404,0.140458,340.201615,0.0,0.0,14.741559,13.522225,31.213248,0.0,0.186889,59.663921,0.0,55.792643,0.0,55.792643,0.0,0.0,0.0,0.0,0.0,0.0,85.58,0.0,0.0,0.0,0.0,85.58,0.0,0.0,0.0,1.2519,0.0,0.0,0.0,1.2519,0.0,0.0,0.0,0.0,0.0,0.0,0.0,0.0,0.0,34.0,20.4,183.702022,84.69085,96.0,7.25,426.042872,0.0,0,0.0,0.0,0.0,0.0,0.0,0.0
2013-03-01,Monthly,Jumlah/ Total,882.947614,425.257349,1782.693449,16635.372241,6357.094078,124.719852,1746.527486,27954.612069,0,0,0,286.695383,0.0,0,0,286.695383,4731.467478,4933.157357,13395.639668,24178.946608,44424.666809,5678.46824,2866.475259,100208.821419,0,0,0,9.723315,9.649473,4.580719,131.132941,155.086448,2520.634744,2416.249817,2755.336884,2832.514309,23731.860603,13850.026397,4697.153619,52803.776373,0.0,0.0,19.492897,232.863001,422.20339,17.511652,265.838874,957.909814,8.530809,26762.218966,1485.957525,28256.7073,0.0,23.981364,46.293466,70.27483,0.0,70.465,246.82596,19962.672842,823.587018,172.243644,1293.488082,22569.282546,2617.704171,3464.067171,4512.896019,3953.080614,16137.029017,13456.638629,4500.086907,48641.502528,0.0,0.0,0.0,1412.166734,128.067748,9.804194,260.577032,1810.615708,5.120858,272.556325,2302.635699,11966.548374,14626.392331,2144.344412,512.499299,31830.097298,0.0,0,0.0,677.261379,611.841775,3.723932,122.312069,1415.139155
2013-04-01,Monthly,Bank-bank Islam / Islamic Banks,857.421714,588.55401,1435.905309,16886.31905,6221.304772,128.157308,2801.500688,28919.162851,0,0,0,291.011245,0.0,0,0,291.011245,4682.56843,4902.732134,10959.119528,24935.691578,41434.984573,5539.594844,3031.340418,95486.031505,0,0,0,9.563303,9.518104,4.565961,150.550178,174.197546,2328.600744,2311.286909,2830.875327,2695.420227,23348.69934,14160.29695,4746.875969,52422.055466,0.0,0.0,4.259954,242.463593,345.807735,17.734899,453.524992,1063.791173,8.54329,27096.403541,1512.249655,28617.196486,0.0,33.023526,56.818005,89.841531,0.0,70.465,206.144273,18514.313578,752.337728,176.729384,170.374142,19890.364105,2552.691658,3592.011787,4715.186375,4341.225455,15767.076743,13192.526286,4640.227085,48800.945389,0.0,0.0,0.0,1363.425992,138.433275,9.269077,259.402263,1770.530607,4.591371,235.372705,2322.525266,13093.414003,13007.083697,2026.205787,644.34539,31333.538219,0.0,0,0.0,613.081607,571.586307,6.149481,250.184875,1441.00227
2013-04-01,Monthly,Skim Perbankan Islam (SPI) / Islamic Banking Scheme (IBS),0.0,0.0,0.0,50.0,0.0,0.0,0.0,50.0,0,0,0,0.0,0.0,0,0,0.0,101.180589,11.324149,991.382129,442.248754,784.964179,6.797934,58.5,2396.397734,0,0,0,0.0,0.0,0.0,0.0,0.0,0.0,0.0,23.458739,20.40062,82.787166,201.678186,0.271983,328.596694,0.0,0.0,11.76057,5.234646,1.295126,0.0,0.171974,18.462316,0.0,53.181398,0.0,53.181398,0.0,0.0,0.0,0.0,0.0,0.0,85.58,0.0,0.0,0.0,0.0,85.58,0.0,0.0,0.0,7.072027,0.0,0.0,0.0,7.072027,0.0,0.0,0.0,0.0,0.0,0.0,0.0,0.0,0.0,34.0,20.4,181.857463,41.942546,94.75,7.25,380.200009,0.0,0,0.0,0.0,0.0,0.0,0.0,0.0
2013-04-01,Monthly,Jumlah/ Total,857.421714,588.55401,1435.905309,16936.31905,6221.304772,128.157308,2801.500688,28969.162851,0,0,0,291.011245,0.0,0,0,291.011245,4783.749019,4914.056283,11950.501657,25377.940332,42219.948752,5546.392778,3089.840418,97882.429239,0,0,0,9.563303,9.518104,4.565961,150.550178,174.197546,2328.600744,2311.286909,2854.334066,2715.820847,23431.486506,14361.975136,4747.147952,52750.65216,0.0,0.0,16.020524,247.698239,347.102861,17.734899,453.696966,1082.253489,8.54329,27149.584939,1512.249655,28670.377884,0.0,33.023526,56.818005,89.841531,0.0,70.465,291.724273,18514.313578,752.337728,176.729384,170.374142,19975.944105,2552.691658,3592.011787,4715.186375,4348.297482,15767.076743,13192.526286,4640.227085,48808.017416,0.0,0.0,0.0,1363.425992,138.433275,9.269077,259.402263,1770.530607,4.591371,269.372705,2342.925266,13275.271466,13049.026243,2120.955787,651.59539,31713.738228,0.0,0,0.0,613.081607,571.586307,6.149481,250.184875,1441.00227
2013-05-01,Monthly,Bank-bank Islam / Islamic Banks,807.532384,471.584665,1642.728952,18025.185514,6888.556539,152.431243,2490.064395,30478.083692,0,0,0,305.649577,0.0,0,0,305.649577,4679.05378,4755.273382,10681.26625,26125.825286,39992.40079,5521.313945,2892.590369,94647.723802,0,0,0,9.730948,105.341989,5.181557,283.224406,403.4789,1844.20378,2051.589794,2921.995072,2733.018349,27121.482303,14047.597362,4722.080322,55441.966982,0.0,0.0,4.029565,10.331781,541.1049,18.116165,256.739241,830.321652,11.699139,26751.83351,1514.938447,28278.471096,0.0,41.142693,75.165915,116.308608,0.0,70.465,206.16767,20905.212957,752.356796,175.2794,470.242713,22579.724536,2477.167882,3563.331857,4672.101882,4466.469997,14794.924624,13130.663046,4611.904803,47716.564091,0.0,0.0,0.0,1380.63119,79.126005,12.815303,319.425967,1791.998465,11.091223,276.087597,2100.948451,11934.504425,15279.603712,2060.450239,572.106981,32234.792628,0.0,0,0.0,612.799007,474.622543,4.302865,222.967144,1314.691559
2013-05-01,Monthly,Skim Perbankan Islam (SPI) / Islamic Banking Scheme (IBS),0.0,0.0,0.0,50.0,0.0,0.0,0.0,50.0,0,0,0,0.0,0.0,0,0,0.0,31.024937,3.005899,1026.690517,735.613886,1021.589808,6.590601,58.5,2883.015648,0,0,0,0.0,0.0,0.0,0.0,0.0,0.0,0.0,21.962985,21.678098,55.030278,192.152482,0.252787,291.07663,0.0,0.0,18.279017,6.82953,0.844894,0.0,0.162567,26.116008,0.0,53.239504,0.0,53.239504,0.0,0.0,0.0,0.0,0.0,0.0,85.58,100.118521,0.0,0.0,0.0,185.698521,0.0,0.0,0.0,6.336817,0.0,0.0,0.0,6.336817,0.0,0.0,0.0,0.0,0.0,0.0,0.0,0.0,0.0,34.0,20.4,181.157463,93.548316,94.45,7.25,430.805779,0.0,0,0.0,0.0,0.0,0.0,0.0,0.0
2013-05-01,Monthly,Jumlah/ Total,807.532384,471.584665,1642.728952,18075.185514,6888.556539,152.431243,2490.064395,30528.083692,0,0,0,305.649577,0.0,0,0,305.649577,4710.078717,4758.279281,11707.956767,26861.439172,41013.990598,5527.904546,2951.090369,97530.73945,0,0,0,9.730948,105.341989,5.181557,283.224406,403.4789,1844.20378,2051.589794,2943.958057,2754.696447,27176.512581,14239.749844,4722.333109,55733.043612,0.0,0.0,22.308582,17.161311,541.949794,18.116165,256.901808,856.43766,11.699139,26805.073014,1514.938447,28331.7106,0.0,41.142693,75.165915,116.308608,0.0,70.465,291.74767,21005.331478,752.356796,175.2794,470.242713,22765.423057,2477.167882,3563.331857,4672.101882,4472.806814,14794.924624,13130.663046,4611.904803,47722.900908,0.0,0.0,0.0,1380.63119,79.126005,12.815303,319.425967,1791.998465,11.091223,310.087597,2121.348451,12115.661888,15373.152028,2154.900239,579.356981,32665.598407,0.0,0,0.0,612.799007,474.622543,4.302865,222.967144,1314.691559
2013-06-01,Monthly,Bank-bank Islam / Islamic Banks,794.440197,392.878261,1294.773463,17241.947881,7051.569512,121.881948,1529.278303,28426.769565,0,0,0,506.788004,0.0,0,0,506.788004,3882.105535,3731.300566,10470.8884,23707.384031,39800.520657,5529.519176,2900.19353,90021.911895,0,0,0,9.93672,31.543317,5.28804,172.786863,219.55494,2193.210941,2148.118451,3136.677209,2886.004654,23472.739293,14242.892868,4695.712316,52775.355732,0.0,0.0,4.923388,11.010257,483.494742,16.454144,215.976257,731.858788,7.004524,26856.14806,1532.47755,28395.630134,0.0,34.495595,70.795811,105.291406,0.0,87.185982,169.269329,21992.657691,752.272703,402.927922,1218.217783,24622.53141,2389.162154,3335.910132,4327.243218,5714.970158,19137.917802,13019.996853,4292.498621,52217.698938,0.0,0.0,0.0,1425.427714,69.199447,13.222496,327.2583,1835.107957,61.091371,381.25003,2061.25407,11936.699703,12842.177484,2012.565426,513.750488,29808.788572,0.0,0,0.0,686.769929,442.953277,7.695657,192.075693,1329.494556
2013-06-01,Monthly,Skim Perbankan Islam (SPI) / Islamic Banking Scheme (IBS),0.0,0.0,0.0,50.0,0.0,0.0,0.0,50.0,0,0,0,0.0,0.0,0,0,0.0,51.025565,0.0,812.118657,682.182033,1053.023286,6.974416,54.0,2659.323957,0,0,0,0.0,0.0,0.0,0.0,0.0,0.0,0.0,19.427801,38.881196,154.090983,197.416666,0.238023,410.054669,0.0,0.0,19.9057,5.807353,5.620135,0.0,0.166531,31.499719,0.0,58.929939,0.0,58.929939,0.0,0.0,0.0,0.0,0.0,0.0,85.58,0.0,0.0,0.0,0.0,85.58,0.0,0.0,0.0,5.84089,0.0,0.0,0.0,5.84089,0.0,0.0,0.0,0.0,0.0,0.0,0.0,0.0,0.0,34.0,20.4,2.166728,43.451127,94.45,7.25,201.717855,0.0,0,0.0,0.0,0.0,0.0,0.0,0.0
2013-06-01,Monthly,Jumlah/ Total,794.440197,392.878261,1294.773463,17291.947881,7051.569512,121.881948,1529.278303,28476.769565,0,0,0,506.788004,0.0,0,0,506.788004,3933.1311,3731.300566,11283.007057,24389.566064,40853.543943,5536.493592,2954.19353,92681.235852,0,0,0,9.93672,31.543317,5.28804,172.786863,219.55494,2193.210941,2148.118451,3156.10501,2924.88585,23626.830276,14440.309534,4695.950339,53185.410401,0.0,0.0,24.829088,16.81761,489.114877,16.454144,216.142788,763.358507,7.004524,26915.077999,1532.47755,28454.560073,0.0,34.495595,70.795811,105.291406,0.0,87.185982,254.849329,21992.657691,752.272703,402.927922,1218.217783,24708.11141,2389.162154,3335.910132,4327.243218,5720.811048,19137.917802,13019.996853,4292.498621,52223.539828,0.0,0.0,0.0,1425.427714,69.199447,13.222496,327.2583,1835.107957,61.091371,415.25003,2081.65407,11938.866431,12885.628611,2107.015426,521.000488,30010.506427,0.0,0,0.0,686.769929,442.953277,7.695657,192.075693,1329.494556
2013-07-01,Monthly,Bank-bank Islam / Islamic Banks,791.66422,382.677629,1385.655627,18250.588876,5542.036977,114.584559,1405.134205,27872.342093,0,0,0,519.386509,0.0,0,0,519.386509,3845.50584,3523.350653,9198.837051,22748.456427,41532.875564,5457.286141,2426.558257,88732.869933,0,0,0,10.200979,5.882715,5.364209,178.606241,200.054144,2283.958974,1923.04312,3129.415622,2661.582676,25849.0109,12177.202286,4571.205468,52595.419046,0.0,0.0,4.692221,48.410095,420.301907,14.125167,229.514943,717.044333,4.881987,27477.817226,1641.302618,29124.001831,0.0,34.290173,77.121311,111.411484,0.0,57.185982,169.092727,22238.132387,633.243488,440.344463,1228.443184,24766.442231,2506.187429,3869.305946,4242.287417,6923.36517,20036.062535,13257.724783,4456.559394,55291.492674,0.0,0.0,0.0,1514.204681,195.350385,15.494482,328.198467,2053.248015,83.691371,372.522414,1926.778275,13318.336031,15107.307225,2189.617476,508.6153,33506.868092,0.0,0,0.0,691.108425,389.864742,9.759495,183.931245,1274.663907
2013-07-01,Monthly,Skim Perbankan Islam (SPI) / Islamic Banking Scheme (IBS),0.0,0.0,0.0,50.0,0.0,0.0,0.0,50.0,0,0,0,0.0,0.0,0,0,0.0,51.043372,30.076439,838.507144,750.564292,1082.989338,6.983698,54.0,2814.164283,0,0,0,0.0,0.0,0.0,0.0,0.0,0.0,0.0,20.617606,18.626946,165.057511,196.767204,0.390662,401.459929,0.0,0.0,29.680918,8.574653,1.469682,0.0,0.166684,39.891937,0.0,58.47195,0.0,58.47195,0.0,0.0,0.0,0.0,0.0,0.0,85.58,0.0,0.0,0.0,0.0,85.58,0.0,0.0,0.0,5.843932,0.0,0.0,0.0,5.843932,0.0,0.0,0.0,0.0,0.0,0.0,0.0,0.0,0.0,34.0,20.4,2.166729,38.981732,94.45,7.25,197.248461,0.0,0,0.0,0.0,0.0,0.0,0.0,0.0
2013-07-01,Monthly,Jumlah/ Total,791.66422,382.677629,1385.655627,18300.588876,5542.036977,114.584559,1405.134205,27922.342093,0,0,0,519.386509,0.0,0,0,519.386509,3896.549212,3553.427092,10037.344195,23499.020719,42615.864902,5464.269839,2480.558257,91547.034216,0,0,0,10.200979,5.882715,5.364209,178.606241,200.054144,2283.958974,1923.04312,3150.033228,2680.209622,26014.068411,12373.96949,4571.59613,52996.878975,0.0,0.0,34.373139,56.984748,421.771589,14.125167,229.681627,756.93627,4.881987,27536.289176,1641.302618,29182.473781,0.0,34.290173,77.121311,111.411484,0.0,57.185982,254.672727,22238.132387,633.243488,440.344463,1228.443184,24852.022231,2506.187429,3869.305946,4242.287417,6929.209102,20036.062535,13257.724783,4456.559394,55297.336606,0.0,0.0,0.0,1514.204681,195.350385,15.494482,328.198467,2053.248015,83.691371,406.522414,1947.178275,13320.50276,15146.288957,2284.067476,515.8653,33704.116553,0.0,0,0.0,691.108425,389.864742,9.759495,183.931245,1274.663907
2013-08-01,Monthly,Bank-bank Islam / Islamic Banks,656.640385,553.275526,2016.306287,22117.573255,5152.580524,113.172096,783.816292,31393.364365,0,0,0,645.567861,0.0,0,0,645.567861,3944.044013,3415.737552,9431.937141,26412.532474,37467.530513,5562.636589,2478.958351,88713.376633,0,0,0,0.0,9.510105,5.437152,176.261645,191.208902,4325.799773,2812.69577,3479.01045,2532.657261,26011.385381,10445.886183,4881.718063,54489.152881,0.0,0.0,4.464316,10.173916,528.355268,11.267238,275.648898,829.909636,4.832921,27212.143853,1676.934201,28893.910975,0.0,35.527231,79.578678,115.105909,0.0,57.157482,169.116123,22557.946358,663.200223,482.554963,1579.415815,25509.390964,2655.648641,3878.007047,4159.785954,6970.704655,20881.354355,13651.432746,4587.888549,56784.821947,0.0,0.0,0.0,693.157039,160.218144,11.82558,1124.528125,1989.728888,173.482195,359.263486,1769.423033,13578.043787,15408.034601,2159.634095,472.107797,33919.988994,0.0,0,0.0,710.755505,423.466345,6.189998,151.316055,1291.727903
2013-08-01,Monthly,Skim Perbankan Islam (SPI) / Islamic Banking Scheme (IBS),0.0,0.0,0.0,50.0,0.0,0.0,0.0,50.0,0,0,0,0.0,0.0,0,0,0.0,51.042403,30.151808,672.476178,840.581951,958.601696,6.256044,54.0,2613.11008,0,0,0,0.0,0.0,0.0,0.0,0.0,0.0,0.0,16.749583,95.054569,127.873751,202.626198,0.238698,442.542799,0.0,0.0,30.595509,8.975518,1.488466,0.0,0.168696,41.228189,0.0,62.215128,0.0,62.215128,0.0,0.0,0.0,0.0,0.0,0.0,85.58,0.0,0.0,0.0,0.0,85.58,0.0,0.0,0.0,5.846653,0.0,0.0,0.0,5.846653,0.0,0.0,0.0,0.0,0.0,0.0,0.0,0.0,0.0,34.0,20.4,2.166728,92.003527,94.2,7.25,250.020255,0.0,0,0.0,0.0,0.0,0.0,0.0,0.0
2013-08-01,Monthly,Jumlah/ Total,656.640385,553.275526,2016.306287,22167.573255,5152.580524,113.172096,783.816292,31443.364365,0,0,0,645.567861,0.0,0,0,645.567861,3995.086416,3445.88936,10104.413319,27253.114425,38426.132209,5568.892633,2532.958351,91326.486713,0,0,0,0.0,9.510105,5.437152,176.261645,191.208902,4325.799773,2812.69577,3495.760033,2627.71183,26139.259132,10648.512381,4881.956761,54931.69568,0.0,0.0,35.059825,19.149434,529.843734,11.267238,275.817594,871.137825,4.832921,27274.358981,1676.934201,28956.126103,0.0,35.527231,79.578678,115.105909,0.0,57.157482,254.696123,22557.946358,663.200223,482.554963,1579.415815,25594.970964,2655.648641,3878.007047,4159.785954,6976.551308,20881.354355,13651.432746,4587.888549,56790.6686,0.0,0.0,0.0,693.157039,160.218144,11.82558,1124.528125,1989.728888,173.482195,393.263486,1789.823033,13580.210515,15500.038128,2253.834095,479.357797,34170.009249,0.0,0,0.0,710.755505,423.466345,6.189998,151.316055,1291.727903
2013-09-01,Monthly,Bank-bank Islam / Islamic Banks,760.323268,548.867392,1370.291645,20718.516786,5857.861046,118.399973,663.888578,30038.148688,0,0,0,650.410724,0.0,0,0,650.410724,4574.026864,3846.23873,9792.755555,27574.393527,34815.437333,5860.264545,2752.558102,89215.674656,0,0,0,0.0,9.440926,5.553305,341.959905,356.954136,2815.996413,1855.448612,3302.38063,2983.180699,27133.54857,10702.134805,4924.619374,53717.309103,0.0,0.0,4.148558,12.252753,414.031854,12.328197,264.718097,707.479459,4.792335,27195.306405,1700.842347,28900.941087,0.0,42.964781,86.806036,129.770817,0.0,57.185982,169.139764,22927.985067,528.155088,533.53196,1819.688922,26035.686783,3050.967063,4831.851343,4216.366915,7519.834882,23164.072612,14308.801746,4721.88227,61813.776831,0.0,0.0,0.0,1459.125586,160.222233,16.553296,328.727024,1964.628139,151.043097,394.010565,3931.771058,12027.862637,14841.552898,2151.935512,1000.291277,34498.467044,0.0,0,0.0,686.534194,294.477906,8.03601,91.266832,1080.314942
2013-09-01,Monthly,Skim Perbankan Islam (SPI) / Islamic Banking Scheme (IBS),0.0,0.0,0.0,50.0,0.0,0.0,0.0,50.0,0,0,0,0.0,0.0,0,0,0.0,1.001086,30.224273,535.225476,564.412618,803.133549,6.260422,54.0,1994.257424,0,0,0,0.0,0.0,0.0,0.0,0.0,0.0,0.0,23.033404,48.59979,125.630072,205.164052,0.828458,403.255776,0.0,0.0,29.160701,9.337674,0.057508,0.0,0.176508,38.732391,0.0,58.222852,0.0,58.222852,0.0,0.0,0.0,0.0,0.0,0.0,85.58,0.0,0.0,0.0,0.0,85.58,0.0,0.0,0.0,9.392313,0.0,0.0,0.0,9.392313,0.0,0.0,0.0,0.0,0.0,0.0,0.0,0.0,0.0,34.0,20.4,2.166728,41.852902,94.2,7.25,199.86963,0.0,0,0.0,0.0,0.0,0.0,0.0,0.0
2013-09-01,Monthly,Jumlah/ Total,760.323268,548.867392,1370.291645,20768.516786,5857.861046,118.399973,663.888578,30088.148688,0,0,0,650.410724,0.0,0,0,650.410724,4575.02795,3876.463003,10327.981031,28138.806145,35618.570882,5866.524967,2806.558102,91209.93208,0,0,0,0.0,9.440926,5.553305,341.959905,356.954136,2815.996413,1855.448612,3325.414034,3031.780489,27259.178642,10907.298857,4925.447832,54120.564879,0.0,0.0,33.309259,21.590427,414.089362,12.328197,264.894605,746.21185,4.792335,27253.529257,1700.842347,28959.163939,0.0,42.964781,86.806036,129.770817,0.0,57.185982,254.719764,22927.985067,528.155088,533.53196,1819.688922,26121.266783,3050.967063,4831.851343,4216.366915,7529.227195,23164.072612,14308.801746,4721.88227,61823.169144,0.0,0.0,0.0,1459.125586,160.222233,16.553296,328.727024,1964.628139,151.043097,428.010565,3952.171058,12030.029365,14883.4058,2246.135512,1007.541277,34698.336674,0.0,0,0.0,686.534194,294.477906,8.03601,91.266832,1080.314942
2013-10-01,Monthly,Bank-bank Islam / Islamic Banks,499.355838,452.639965,1536.544127,25215.574483,7070.676683,120.372553,868.542551,35763.7062,0,0,0,812.526091,0.0,0,0,812.526091,4717.820716,3806.638476,10026.296075,25927.413664,34684.241813,5976.887644,2699.339611,87838.637999,0,0,0,0.0,10.212761,5.164964,235.98981,251.367535,2375.300547,2205.081268,2883.296044,2689.424005,27078.601735,10733.530427,4943.064244,52908.29827,0.0,0.0,2.311576,10.973494,474.763041,12.917494,206.203414,707.169019,4.633448,27176.730576,1736.112202,28917.476226,0.0,50.018818,95.594844,145.613662,0.0,57.157482,169.163232,21989.474129,526.422974,547.555916,1845.806151,25135.579884,3078.985608,5379.440705,4463.00142,8483.73963,24786.384265,14532.158166,4827.542368,65551.252162,0.0,0.0,0.0,1037.283775,81.24852,15.940105,388.870165,1523.342565,260.993317,470.777712,2144.953202,11350.421291,14089.530763,2092.596675,741.922322,31151.195282,0.0,0,0.0,703.781149,274.039682,5.868562,26.316475,1010.005868
2013-10-01,Monthly,Skim Perbankan Islam (SPI) / Islamic Banking Scheme (IBS),0.0,0.0,0.0,50.0,0.0,0.0,0.0,50.0,0,0,0,0.0,0.0,0,0,0.0,1.00117,60.354846,701.650811,604.352131,781.842957,5.875279,54.0,2209.077194,0,0,0,0.0,0.0,0.0,0.0,0.0,0.0,0.0,25.808043,66.697294,208.046763,210.422465,0.481907,511.456472,0.0,0.0,4.312458,9.511459,3.705316,0.0,0.23475,17.763983,0.0,57.407282,0.0,57.407282,0.0,0.0,0.0,0.0,0.0,0.0,85.58,0.0,0.0,0.0,0.0,85.58,0.0,0.0,0.0,9.424277,0.0,0.0,0.0,9.424277,0.0,0.0,0.0,25.490363,0.0,0.0,0.0,25.490363,0.0,34.0,20.4,2.192397,44.552902,93.95,7.25,202.345299,0.0,0,0.0,0.0,0.0,0.0,0.0,0.0
2013-10-01,Monthly,Jumlah/ Total,499.355838,452.639965,1536.544127,25265.574483,7070.676683,120.372553,868.542551,35813.7062,0,0,0,812.526091,0.0,0,0,812.526091,4718.821886,3866.993322,10727.946886,26531.765795,35466.08477,5982.762923,2753.339611,90047.715193,0,0,0,0.0,10.212761,5.164964,235.98981,251.367535,2375.300547,2205.081268,2909.104087,2756.121299,27286.648498,10943.952892,4943.546151,53419.754742,0.0,0.0,6.624034,20.484953,478.468357,12.917494,206.438164,724.933002,4.633448,27234.137858,1736.112202,28974.883508,0.0,50.018818,95.594844,145.613662,0.0,57.157482,254.743232,21989.474129,526.422974,547.555916,1845.806151,25221.159884,3078.985608,5379.440705,4463.00142,8493.163907,24786.384265,14532.158166,4827.542368,65560.676439,0.0,0.0,0.0,1062.774138,81.24852,15.940105,388.870165,1548.832928,260.993317,504.777712,2165.353202,11352.613688,14134.083665,2186.546675,749.172322,31353.540581,0.0,0,0.0,703.781149,274.039682,5.868562,26.316475,1010.005868
2013-11-01,Monthly,Bank-bank Islam / Islamic Banks,2185.373001,637.695628,1728.148358,26408.686976,5391.035446,121.115335,925.473688,37397.528432,0,0,0,824.952329,0.0,0,0,824.952329,6380.341353,3865.224338,9488.463328,23512.106306,34135.34229,5957.036471,2865.458429,86203.972515,0,0,0,0.0,12.976237,5.282004,410.207291,428.465532,2214.258813,2776.272333,3057.066936,2752.679438,28572.459545,10918.857949,4660.352383,54951.947397,0.0,0.0,2.236798,5.87714,373.73538,12.642053,575.017834,969.509205,4.776082,27265.021716,1820.732276,29090.530074,0.0,49.751354,100.67998,150.431334,0.0,57.157482,169.186949,22172.429339,105.025464,557.350547,1850.802888,24911.952669,4378.947135,5564.918559,4565.792384,8668.14399,25994.04234,14809.124674,4991.160109,68972.129191,0.0,0.0,0.0,906.439786,78.534627,16.574608,403.809493,1405.358514,360.293043,213.993398,2748.939925,9907.191177,14769.756831,2138.52404,1449.225649,31587.924063,0.0,0,0.0,668.030926,319.066012,9.340312,65.448039,1061.885289
2013-11-01,Monthly,Skim Perbankan Islam (SPI) / Islamic Banking Scheme (IBS),0.0,0.0,0.0,50.0,0.0,0.0,0.0,50.0,0,0,0,0.0,0.0,0,0,0.0,51.095929,60.50371,714.431122,548.369827,580.525413,6.313249,54.0,2015.23925,0,0,0,0.0,0.0,0.0,0.0,0.0,0.0,0.0,22.50639,66.214113,120.38927,205.828468,0.319614,415.257855,0.0,0.0,9.906501,9.500234,0.045687,0.0,0.303592,19.756014,0.0,57.683753,0.0,57.683753,0.0,0.0,0.0,0.0,0.0,0.0,85.58,0.0,0.0,0.0,0.0,85.58,0.0,0.0,0.0,9.417461,0.0,0.0,0.0,9.417461,0.0,0.0,0.0,0.0,0.0,0.0,0.0,0.0,0.0,34.0,20.4,2.192397,48.152902,93.45,7.25,205.445299,0.0,0,0.0,0.0,0.0,0.0,0.0,0.0
2013-11-01,Monthly,Jumlah/ Total,2185.373001,637.695628,1728.148358,26458.686976,5391.035446,121.115335,925.473688,37447.528432,0,0,0,824.952329,0.0,0,0,824.952329,6431.437282,3925.728048,10202.89445,24060.476133,34715.867703,5963.34972,2919.458429,88219.211765,0,0,0,0.0,12.976237,5.282004,410.207291,428.465532,2214.258813,2776.272333,3079.573326,2818.893551,28692.848815,11124.686417,4660.671997,55367.205252,0.0,0.0,12.143299,15.377374,373.781067,12.642053,575.321426,989.265219,4.776082,27322.705469,1820.732276,29148.213827,0.0,49.751354,100.67998,150.431334,0.0,57.157482,254.766949,22172.429339,105.025464,557.350547,1850.802888,24997.532669,4378.947135,5564.918559,4565.792384,8677.561451,25994.04234,14809.124674,4991.160109,68981.546652,0.0,0.0,0.0,906.439786,78.534627,16.574608,403.809493,1405.358514,360.293043,247.993398,2769.339925,9909.383574,14817.909733,2231.97404,1456.475649,31793.369362,0.0,0,0.0,668.030926,319.066012,9.340312,65.448039,1061.885289
2013-12-01,Monthly,Bank-bank Islam / Islamic Banks,1871.504572,521.096165,1336.010102,25792.511833,6233.063757,114.534217,739.31747,36608.038116,0,0,0,1776.834622,0.0,0,0,1776.834622,7096.428104,3696.634215,9582.735579,26546.048615,36031.375505,5912.486336,2213.838877,91079.547231,0,0,0,78.639825,69.469163,5.3427,4.544985,157.996673,3534.717921,2478.154772,3833.912735,3093.159869,30462.444303,11091.544004,5057.968074,59551.901678,0.0,0.0,1.500232,10.178917,537.144273,15.871086,218.283915,782.978423,3.660879,27526.217138,1877.431876,29407.309893,0.0,48.240248,98.42191,146.662158,0.0,37.157482,171.711475,20452.637401,105.040161,575.957858,1787.642298,23130.146675,4586.234128,5871.148798,4863.393608,8935.844217,26672.178978,15377.126257,4523.183786,70829.109772,0.0,0.0,0.0,710.828292,49.838755,17.718507,341.367118,1119.752672,246.420509,222.643678,2874.530356,8680.253694,15357.957967,2176.000283,901.895851,30459.702338,0.0,0,0.0,504.201241,261.190686,9.55367,63.665192,838.610789
2013-12-01,Monthly,Skim Perbankan Islam (SPI) / Islamic Banking Scheme (IBS),0.0,0.0,0.0,50.0,0.0,0.0,0.0,50.0,0,0,0,0.0,0.0,0,0,0.0,53.635252,60.238313,765.981705,446.613097,756.660965,6.513876,54.0,2143.643208,0,0,0,0.0,0.0,0.0,0.0,0.0,0.0,0.0,27.067744,56.691892,295.849976,2.536603,13.665248,395.811463,0.0,0.0,9.422766,11.744338,0.046508,0.0,0.377535,21.591147,0.0,63.511065,0.0,63.511065,0.0,0.0,0.0,0.0,0.0,0.0,85.58,0.0,0.0,0.0,0.0,85.58,0.0,0.0,0.0,10.028791,0.170374,0.0,0.0,10.199165,0.0,0.0,0.0,65.65,0.0,0.0,0.0,65.65,0.0,34.0,20.4,2.192397,64.585591,93.45,7.25,221.877988,0.0,0,0.0,0.0,0.0,0.0,0.0,0.0
2013-12-01,Monthly,Jumlah/ Total,1871.504572,521.096165,1336.010102,25842.511833,6233.063757,114.534217,739.31747,36658.038116,0,0,0,1776.834622,0.0,0,0,1776.834622,7150.063356,3756.872528,10348.717284,26992.661712,36788.03647,5919.000212,2267.838877,93223.190439,0,0,0,78.639825,69.469163,5.3427,4.544985,157.996673,3534.717921,2478.154772,3860.980479,3149.851761,30758.294279,11094.080607,5071.633322,59947.713141,0.0,0.0,10.922998,21.923255,537.190781,15.871086,218.66145,804.56957,3.660879,27589.728203,1877.431876,29470.820958,0.0,48.240248,98.42191,146.662158,0.0,37.157482,257.291475,20452.637401,105.040161,575.957858,1787.642298,23215.726675,4586.234128,5871.148798,4863.393608,8945.873008,26672.349352,15377.126257,4523.183786,70839.308937,0.0,0.0,0.0,776.478292,49.838755,17.718507,341.367118,1185.402672,246.420509,256.643678,2894.930356,8682.446091,15422.543558,2269.450283,909.145851,30681.580326,0.0,0,0.0,504.201241,261.190686,9.55367,63.665192,838.610789
2014-01-01,Monthly,Bank-bank Islam / Islamic Banks,1801.178272,531.508238,3026.15387,26472.82712,4494.819399,116.311147,939.462971,37382.261017,0,0,0,1845.32615,0.0,0,0,1845.32615,4677.037805,3660.407921,9816.121921,25106.101678,32971.107576,5808.220879,2312.465575,84351.463355,0,0,0,107.064,10.948921,0.689448,496.107896,614.810265,2927.325923,2438.536717,3782.28771,2829.08159,30174.965542,11409.067274,5225.749124,58787.01388,0.0,0.0,5.07102,13.173804,362.333998,13.815371,215.871121,610.265314,5.43291,28775.279504,1888.148359,30668.860773,0.0,46.56005,100.826729,147.386779,0.0,37.157482,171.236001,20099.410184,105.758213,632.501548,1636.110167,22682.173595,3628.643101,5176.442856,4519.63349,8546.009623,28442.155022,15914.780815,4608.399598,70836.064505,0.0,0.0,0.0,793.189422,63.820709,19.588498,251.219715,1127.818344,131.091782,266.308056,2574.699055,9041.560232,17761.461659,2090.016198,1228.906919,33094.043901,0.0,0,0.0,725.578693,433.386413,11.101492,106.117106,1276.183704
2014-01-01,Monthly,Skim Perbankan Islam (SPI) / Islamic Banking Scheme (IBS),0.0,0.0,0.0,50.0,0.0,0.0,0.0,50.0,0,0,0,0.0,0.0,0,0,0.0,83.274888,66.735119,1024.024058,1091.387858,642.820085,6.444023,54.0,2968.686031,0,0,0,0.0,0.0,0.0,0.0,0.0,0.0,0.0,12.16875,64.566102,282.335029,8.02957,12.174778,379.274229,0.0,0.0,5.102215,11.437857,1.130331,0.0,0.325341,17.995744,0.0,61.942926,0.0,61.942926,0.0,0.0,0.0,0.0,0.0,0.0,85.58,0.0,0.0,0.0,0.0,85.58,0.0,0.0,0.0,10.040672,0.170374,0.0,0.0,10.211046,0.0,0.0,0.0,0.0,0.0,0.0,0.0,0.0,0.0,34.0,20.4,2.192397,105.985591,92.2,7.25,262.027988,0.0,0,0.0,0.0,0.0,0.0,0.0,0.0
2014-01-01,Monthly,Jumlah/ Total,1801.178272,531.508238,3026.15387,26522.82712,4494.819399,116.311147,939.462971,37432.261017,0,0,0,1845.32615,0.0,0,0,1845.32615,4760.312693,3727.14304,10840.145979,26197.489536,33613.927661,5814.664902,2366.465575,87320.149386,0,0,0,107.064,10.948921,0.689448,496.107896,614.810265,2927.325923,2438.536717,3794.45646,2893.647692,30457.300571,11417.096844,5237.923902,59166.288109,0.0,0.0,10.173235,24.611661,363.464329,13.815371,216.196462,628.261058,5.43291,28837.22243,1888.148359,30730.803699,0.0,46.56005,100.826729,147.386779,0.0,37.157482,256.816001,20099.410184,105.758213,632.501548,1636.110167,22767.753595,3628.643101,5176.442856,4519.63349,8556.050295,28442.325396,15914.780815,4608.399598,70846.275551,0.0,0.0,0.0,793.189422,63.820709,19.588498,251.219715,1127.818344,131.091782,300.308056,2595.099055,9043.752629,17867.44725,2182.216198,1236.156919,33356.071889,0.0,0,0.0,725.578693,433.386413,11.101492,106.117106,1276.183704
2014-02-01,Monthly,Bank-bank Islam / Islamic Banks,355.324755,514.780959,1578.896219,25980.915563,5704.326688,115.836831,1303.782715,35553.86373,0,0,0,1846.878806,0.0,0,0,1846.878806,4061.585424,4091.143899,9045.224444,25228.788396,33042.484003,5825.960788,2659.842838,83955.029792,0,0,0,250.5156,25.478544,0.532947,546.807134,823.334225,4802.491126,2835.09842,3242.482048,3003.202369,30050.934108,11381.039166,6397.510184,61712.757421,0.0,0.0,6.810672,16.835219,326.387909,12.342209,223.50808,585.884089,5.956499,29805.591225,1924.717325,31736.265049,0.0,49.852071,111.730428,161.582499,0.0,47.157482,170.758153,20826.388565,107.964841,654.888805,1765.226234,23572.38408,3888.586796,4982.683995,4672.838166,8727.701239,28292.536932,16516.397767,4548.304706,71629.049601,0.0,0.0,0.0,758.360006,64.494096,18.973485,240.730335,1082.557922,181.091682,328.211923,2266.641294,8664.635191,14392.213563,2310.950588,1405.022821,29548.767062,0.0,0,0.0,936.787513,650.517197,40.952577,93.415414,1721.672701
2014-02-01,Monthly,Skim Perbankan Islam (SPI) / Islamic Banking Scheme (IBS),0.0,0.0,0.0,50.0,0.0,0.0,0.0,50.0,0,0,0,0.0,0.0,0,0,0.0,85.84864,36.57061,463.825895,1531.201056,637.378131,6.445205,52.0,2813.269537,0,0,0,0.0,0.0,0.0,0.0,0.0,0.0,0.0,11.897598,59.313086,322.255858,6.359083,13.552562,413.378187,0.0,0.0,120.289874,11.031904,1.107697,0.0,0.318835,132.74831,0.0,63.670302,0.0,63.670302,0.0,0.0,0.0,0.0,0.0,0.0,85.58,0.0,0.0,0.0,0.0,85.58,0.0,0.0,0.0,10.049597,0.170374,0.0,0.0,10.219971,0.0,0.0,0.0,0.0,0.0,0.0,0.0,0.0,0.0,34.0,20.4,2.192397,50.0,91.45,7.25,205.292397,0.0,0,0.0,0.0,0.0,0.0,0.0,0.0
2014-02-01,Monthly,Jumlah/ Total,355.324755,514.780959,1578.896219,26030.915563,5704.326688,115.836831,1303.782715,35603.86373,0,0,0,1846.878806,0.0,0,0,1846.878806,4147.434064,4127.714509,9509.050339,26759.989452,33679.862134,5832.405993,2711.842838,86768.299329,0,0,0,250.5156,25.478544,0.532947,546.807134,823.334225,4802.491126,2835.09842,3254.379646,3062.515455,30373.189966,11387.398249,6411.062746,62126.135608,0.0,0.0,127.100546,27.867123,327.495606,12.342209,223.826915,718.632399,5.956499,29869.261527,1924.717325,31799.935351,0.0,49.852071,111.730428,161.582499,0.0,47.157482,256.338153,20826.388565,107.964841,654.888805,1765.226234,23657.96408,3888.586796,4982.683995,4672.838166,8737.750836,28292.707306,16516.397767,4548.304706,71639.269572,0.0,0.0,0.0,758.360006,64.494096,18.973485,240.730335,1082.557922,181.091682,362.211923,2287.041294,8666.827588,14442.213563,2402.400588,1412.272821,29754.059459,0.0,0,0.0,936.787513,650.517197,40.952577,93.415414,1721.672701
2014-03-01,Monthly,Bank-bank Islam / Islamic Banks,1581.192345,506.438959,2729.901877,24967.202671,4416.456331,116.224107,1217.302173,35534.718463,0,0,0,1837.230798,0.0,0,0,1837.230798,6783.232701,4984.967855,10578.472424,24599.020285,36372.150935,5989.291985,2271.624907,91578.761092,0,0,0,69.59775,17.262643,0.548809,523.268387,610.677589,3680.415959,2112.560951,3246.259213,3327.411408,30213.711489,11181.695613,5869.484248,59631.538881,0.0,0.0,6.839056,19.542042,478.051206,13.688481,247.478641,765.599426,5.614642,29628.430924,1892.65625,31526.701816,0.0,53.346389,111.448227,164.794616,0.0,47.157482,20.782679,19136.843927,114.785746,577.374323,1781.251679,21678.195836,3434.275134,4980.774483,5229.654052,8450.16568,27731.150017,16935.516921,5127.14967,71888.685957,0.0,0.0,0.0,740.740185,59.155902,17.007531,223.86753,1040.771148,341.093977,535.43431,2535.13444,8799.346578,14183.162935,2531.719817,1146.849757,30072.741814,0.0,0,0.0,680.061432,635.336024,47.431543,151.450587,1514.279586
2014-03-01,Monthly,Skim Perbankan Islam (SPI) / Islamic Banking Scheme (IBS),0.0,0.0,0.0,50.0,0.0,0.0,0.0,50.0,0,0,0,0.0,0.0,0,0,0.0,81.09511,57.361021,1048.169084,1331.480948,635.099932,6.458576,52.0,3211.664671,0,0,0,0.0,0.0,0.0,0.0,0.0,0.0,0.0,12.688967,69.714418,276.671016,8.60708,12.176063,379.857544,0.0,0.0,66.709946,11.0537,1.451769,0.0,0.317531,79.532946,0.0,65.731212,0.0,65.731212,0.0,0.0,0.0,0.0,0.0,0.0,85.58,0.0,0.0,0.0,0.0,85.58,0.0,0.0,0.0,9.956644,0.170374,0.0,0.0,10.127018,0.0,0.0,0.0,0.0,0.0,0.0,0.0,0.0,0.0,34.0,20.4,2.192397,75.35,91.45,7.25,230.642397,0.0,0,0.0,0.0,0.0,0.0,0.0,0.0
2014-03-01,Monthly,Jumlah/ Total,1581.192345,506.438959,2729.901877,25017.202671,4416.456331,116.224107,1217.302173,35584.718463,0,0,0,1837.230798,0.0,0,0,1837.230798,6864.327811,5042.328876,11626.641508,25930.501233,37007.250867,5995.750561,2323.624907,94790.425763,0,0,0,69.59775,17.262643,0.548809,523.268387,610.677589,3680.415959,2112.560951,3258.94818,3397.125826,30490.382505,11190.302693,5881.660311,60011.396425,0.0,0.0,73.549002,30.595742,479.502975,13.688481,247.796172,845.132372,5.614642,29694.162136,1892.65625,31592.433028,0.0,53.346389,111.448227,164.794616,0.0,47.157482,106.362679,19136.843927,114.785746,577.374323,1781.251679,21763.775836,3434.275134,4980.774483,5229.654052,8460.122324,27731.320391,16935.516921,5127.14967,71898.812975,0.0,0.0,0.0,740.740185,59.155902,17.007531,223.86753,1040.771148,341.093977,569.43431,2555.53444,8801.538975,14258.512935,2623.169817,1154.099757,30303.384211,0.0,0,0.0,680.061432,635.336024,47.431543,151.450587,1514.279586
2014-04-01,Monthly,Bank-bank Islam / Islamic Banks,754.013811,913.256821,2527.856968,27576.105283,5005.177649,116.800156,1070.214868,37963.425556,0,0,0,1841.804923,0.0,0,0,1841.804923,4191.554713,4724.494417,9392.22352,25294.880028,34610.630678,5827.139506,2039.05792,86079.980782,0,0,0,692.879451,17.07516,0.552381,546.290266,1256.797258,3436.817908,2182.070232,3358.436841,3422.528847,31139.950677,11178.997822,5349.359653,60068.16198,0.0,0.0,3.331135,45.966623,502.526655,21.031175,256.045819,828.901407,5.475952,29686.020534,1910.849402,31602.345888,0.0,55.85785,114.216809,170.074659,0.0,47.157482,20.806414,16380.196128,104.001574,571.744094,2345.871161,19469.776853,3770.30942,5044.481995,6033.972453,9862.741531,28910.492257,17945.873098,5622.62531,77190.496064,0.0,0.0,0.0,773.50686,54.907442,16.114898,222.366194,1066.895394,291.62034,553.982318,2003.926592,10212.487591,15518.019572,2612.464797,1483.300936,32675.802146,0.0,0,0.0,612.092239,740.584152,53.465856,59.973384,1466.115631
2014-04-01,Monthly,Skim Perbankan Islam (SPI) / Islamic Banking Scheme (IBS),0.0,0.0,0.0,50.0,0.0,0.0,0.0,50.0,0,0,0,0.0,0.0,0,0,0.0,100.644727,57.823921,1109.834304,1333.089672,754.348529,6.449044,52.0,3414.190197,0,0,0,0.0,0.0,0.0,0.0,0.0,0.0,0.0,40.656969,75.788418,302.969918,7.797633,12.730725,439.943663,0.0,0.0,37.022543,14.678499,0.397983,0.0,16.64313,68.742155,0.0,64.223336,0.0,64.223336,0.0,0.0,0.0,0.0,0.0,0.0,85.58,0.0,0.0,0.0,0.0,85.58,0.0,0.0,0.0,9.965436,0.170374,0.0,0.0,10.13581,0.0,0.0,0.0,0.0,0.0,0.0,0.0,0.0,0.0,34.0,20.4,2.192397,73.95,90.95,7.25,228.742397,0.0,0,0.0,0.0,0.0,0.0,0.0,0.0
2014-04-01,Monthly,Jumlah/ Total,754.013811,913.256821,2527.856968,27626.105283,5005.177649,116.800156,1070.214868,38013.425556,0,0,0,1841.804923,0.0,0,0,1841.804923,4292.19944,4782.318338,10502.057824,26627.9697,35364.979207,5833.58855,2091.05792,89494.170979,0,0,0,692.879451,17.07516,0.552381,546.290266,1256.797258,3436.817908,2182.070232,3399.09381,3498.317265,31442.920595,11186.795455,5362.090378,60508.105643,0.0,0.0,40.353678,60.645122,502.924638,21.031175,272.688949,897.643562,5.475952,29750.24387,1910.849402,31666.569224,0.0,55.85785,114.216809,170.074659,0.0,47.157482,106.386414,16380.196128,104.001574,571.744094,2345.871161,19555.356853,3770.30942,5044.481995,6033.972453,9872.706967,28910.662631,17945.873098,5622.62531,77200.631874,0.0,0.0,0.0,773.50686,54.907442,16.114898,222.366194,1066.895394,291.62034,587.982318,2024.326592,10214.679988,15591.969572,2703.414797,1490.550936,32904.544543,0.0,0,0.0,612.092239,740.584152,53.465856,59.973384,1466.115631
2014-05-01,Monthly,Bank-bank Islam / Islamic Banks,766.778289,587.558658,1697.88886,27609.856338,6955.591038,117.265593,701.836182,38436.774958,0,0,0,1810.465962,0.0,0,0,1810.465962,3626.735638,4863.812192,9653.837797,26076.293225,32791.122163,5575.207141,1957.552539,84544.560695,0,0,0,688.31728,22.595891,0.499854,539.692833,1251.105858,2164.379456,2465.519628,2992.380822,3137.868921,29863.972562,11011.019716,6060.811641,57695.952746,0.0,0.0,3.466936,77.131142,705.661569,19.674802,237.978412,1043.912861,4.822904,29134.946535,1872.120242,31011.889681,0.0,70.494712,126.237069,196.731781,0.0,37.157482,20.83094,19038.531597,104.022619,628.564927,2352.596311,22181.703876,3642.711735,4789.543979,6010.967075,11657.850258,30054.505892,18918.130624,6010.678052,81084.387615,0.0,0.0,0.0,846.199767,66.45473,17.0842,265.129251,1194.867948,291.623494,558.860626,2679.45737,8837.888449,13744.025887,2576.127163,1433.699227,30121.682216,0.0,0,0.0,575.372201,1047.2953440000001,54.424497,30.229711,1707.321753
2014-05-01,Monthly,Skim Perbankan Islam (SPI) / Islamic Banking Scheme (IBS),0.0,0.0,0.0,50.0,0.0,0.0,0.0,50.0,0,0,0,0.0,0.0,0,0,0.0,76.051408,52.084207,882.136745,2058.671552,809.340922,1.911454,52.0,3932.196288,0,0,0,0.0,0.0,0.0,0.0,0.0,0.0,0.0,31.117284,84.539768,257.258772,13.941973,12.061893,398.91969,0.0,0.0,31.037013,13.660613,0.328654,0.0,202.6152,247.64148,0.0,57.465449,0.0,57.465449,0.0,0.0,0.0,0.0,0.0,0.0,85.58,0.0,0.0,0.0,0.0,85.58,0.0,0.0,0.0,9.083061,0.172128,0.0,0.0,9.255189,0.0,0.0,0.0,0.0,0.0,0.0,0.0,0.0,0.0,34.0,20.4,2.192397,73.05,90.4,7.25,227.292397,0.0,0,0.0,0.0,0.0,0.0,0.0,0.0
2014-05-01,Monthly,Jumlah/ Total,766.778289,587.558658,1697.88886,27659.856338,6955.591038,117.265593,701.836182,38486.774958,0,0,0,1810.465962,0.0,0,0,1810.465962,3702.787046,4915.896399,10535.974542,28134.964777,33600.463085,5577.118595,2009.552539,88476.756983,0,0,0,688.31728,22.595891,0.499854,539.692833,1251.105858,2164.379456,2465.519628,3023.498106,3222.408689,30121.231334,11024.961689,6072.873534,58094.872436,0.0,0.0,34.503949,90.791755,705.990223,19.674802,440.593612,1291.554341,4.822904,29192.411984,1872.120242,31069.35513,0.0,70.494712,126.237069,196.731781,0.0,37.157482,106.41094,19038.531597,104.022619,628.564927,2352.596311,22267.283876,3642.711735,4789.543979,6010.967075,11666.933319,30054.67802,18918.130624,6010.678052,81093.642804,0.0,0.0,0.0,846.199767,66.45473,17.0842,265.129251,1194.867948,291.623494,592.860626,2699.85737,8840.080846,13817.075887,2666.527163,1440.949227,30348.974613,0.0,0,0.0,575.372201,1047.2953440000001,54.424497,30.229711,1707.321753
2014-06-01,Monthly,Bank-bank Islam / Islamic Banks,1071.732412,577.461468,1338.332502,28495.751538,6435.156131,117.800357,629.79741,38666.031818,0,0,0,2171.567368,0.0,0,0,2171.567368,3849.833679,5510.52003,9434.769442,23889.052597,31641.703609,5458.599868,1557.044494,81341.523719,0,0,0,684.793878,8.227585,0.379372,539.043683,1232.444518,3250.127387,2776.001351,3196.870332,3348.414196,32012.372444,11232.282524,5410.190774,61226.259008,0.0,0.0,2.502271,75.467034,706.725998,25.35095,291.454334,1101.500587,2.993719,29381.73357,1862.610493,31247.337782,0.0,69.934978,124.945484,194.880462,0.0,37.157482,20.854675,19818.885375,114.032659,660.489479,2359.065093,23010.484763,5475.52093,5077.453504,6521.568329,10196.90575,29809.109772,19555.842081,6270.516217,82906.916583,0.0,0.0,0.0,758.326229,67.498801,17.936043,222.45179,1066.212863,494.745085,597.457767,3385.575349,12734.262031,16348.111126,2427.591101,2360.845743,38348.588202,0.0,0,0.0,600.357085,380.612927,88.206542,95.352408,1164.528962
2014-06-01,Monthly,Skim Perbankan Islam (SPI) / Islamic Banking Scheme (IBS),0.0,0.0,0.0,50.0,0.0,0.0,0.0,50.0,0,0,0,0.0,0.0,0,0,0.0,101.073583,13.628761,580.140209,1583.051877,787.427177,1.872093,52.0,3119.1937,0,0,0,0.0,0.0,0.0,0.0,0.0,0.0,0.0,33.024173,80.870247,289.626411,6.29095,13.047218,422.858999,0.0,0.0,9.958796,10.124203,0.296791,0.0,139.508156,159.887946,0.0,57.257931,0.0,57.257931,0.0,0.0,0.0,0.0,0.0,0.0,85.58,0.0,0.0,0.0,0.0,85.58,0.0,0.0,0.0,5.419599,0.678878,0.0,0.0,6.098477,0.0,0.0,0.0,0.0,0.0,0.0,0.0,0.0,0.0,34.0,20.4,2.192397,18.0,89.2,7.25,171.042397,0.0,0,0.0,0.0,0.0,0.0,0.0,0.0
2014-06-01,Monthly,Jumlah/ Total,1071.732412,577.461468,1338.332502,28545.751538,6435.156131,117.800357,629.79741,38716.031818,0,0,0,2171.567368,0.0,0,0,2171.567368,3950.907262,5524.148791,10014.909651,25472.104474,32429.130786,5460.471961,1609.044494,84460.717419,0,0,0,684.793878,8.227585,0.379372,539.043683,1232.444518,3250.127387,2776.001351,3229.894505,3429.284443,32301.998855,11238.573474,5423.237992,61649.118007,0.0,0.0,12.461067,85.591237,707.022789,25.35095,430.96249,1261.388533,2.993719,29438.991501,1862.610493,31304.595713,0.0,69.934978,124.945484,194.880462,0.0,37.157482,106.434675,19818.885375,114.032659,660.489479,2359.065093,23096.064763,5475.52093,5077.453504,6521.568329,10202.325349,29809.78865,19555.842081,6270.516217,82913.01506,0.0,0.0,0.0,758.326229,67.498801,17.936043,222.45179,1066.212863,494.745085,631.457767,3405.975349,12736.454428,16366.111126,2516.791101,2368.095743,38519.630599,0.0,0,0.0,600.357085,380.612927,88.206542,95.352408,1164.528962
2014-07-01,Monthly,Bank-bank Islam / Islamic Banks,330.989758,439.775515,1151.671522,27150.182529,6600.329213,117.827676,624.927278,36415.703491,0,0,0,2270.176893,0.0,0,0,2270.176893,3458.507971,4965.668295,9197.978076,19396.334592,33305.933123,5228.918188,1585.396809,77138.737054,0,0,0,684.712244,20.367221,0.37412,605.192237,1310.645822,2751.631889,2931.090276,3018.272097,3579.380035,32213.33808,11253.039278,5329.468176,61076.219831,0.0,0.0,2.421491,80.944588,766.058909,28.220287,301.201103,1178.846378,2.955153,29749.540566,1875.897469,31628.393188,0.0,81.469374,131.50584,212.975214,0.0,37.157482,271.161256,20776.147171,118.486521,684.68498,1665.505837,23553.143247,7136.061468,5372.876972,7372.086149,11614.699686,30196.650117,20328.549709,6557.960674,88578.884775,0.0,0.0,0.0,725.015459,79.323824,17.21602,165.445298,987.000601,494.708731,636.244435,2508.792136,12668.597126,17157.239037,2176.870321,2355.434925,37997.886711,0.0,0,0.0,520.887277,943.306644,72.968702,86.175243,1623.337866
2014-07-01,Monthly,Skim Perbankan Islam (SPI) / Islamic Banking Scheme (IBS),0.0,0.0,0.0,50.0,0.0,0.0,0.0,50.0,0,0,0,0.0,0.0,0,0,0.0,101.148637,0.0,794.668707,1507.605928,781.554315,1.29447,52.0,3238.272057,0,0,0,0.0,0.0,0.0,0.0,0.0,0.0,0.0,118.731013,93.446527,272.813953,9.247453,12.353678,506.592624,0.0,0.0,16.775672,9.372601,0.319595,0.0,16.016878,42.484746,0.0,55.636626,0.0,55.636626,0.0,0.0,0.0,0.0,0.0,0.0,85.58,0.0,0.0,0.0,0.0,85.58,0.0,0.0,0.0,5.42045,0.783823,0.0,0.0,6.204273,0.0,0.0,0.0,0.0,0.0,0.0,0.0,0.0,0.0,34.0,20.4,2.211627,18.0,88.95,7.25,170.811627,0.0,0,0.0,0.0,0.0,0.0,0.0,0.0
2014-07-01,Monthly,Jumlah/ Total,330.989758,439.775515,1151.671522,27200.182529,6600.329213,117.827676,624.927278,36465.703491,0,0,0,2270.176893,0.0,0,0,2270.176893,3559.656608,4965.668295,9992.646783,20903.94052,34087.487438,5230.212658,1637.396809,80377.009111,0,0,0,684.712244,20.367221,0.37412,605.192237,1310.645822,2751.631889,2931.090276,3137.00311,3672.826562,32486.152033,11262.286731,5341.821854,61582.812455,0.0,0.0,19.197163,90.317189,766.378504,28.220287,317.217981,1221.331124,2.955153,29805.177192,1875.897469,31684.029814,0.0,81.469374,131.50584,212.975214,0.0,37.157482,356.741256,20776.147171,118.486521,684.68498,1665.505837,23638.723247,7136.061468,5372.876972,7372.086149,11620.120136,30197.43394,20328.549709,6557.960674,88585.089048,0.0,0.0,0.0,725.015459,79.323824,17.21602,165.445298,987.000601,494.708731,670.244435,2529.192136,12670.808753,17175.239037,2265.820321,2362.684925,38168.698338,0.0,0,0.0,520.887277,943.306644,72.968702,86.175243,1623.337866
2014-08-01,Monthly,Bank-bank Islam / Islamic Banks,193.396677,452.49375,2132.327459,28230.226252,5198.421288,117.704065,949.373809,37273.9433,0,0,0,2224.839323,0.0,0,0,2224.839323,3561.840283,4783.516529,8755.386915,19059.405669,32634.444943,4871.409056,1709.139288,75375.142683,0,0,0,154.423894,4.745389,0.387786,451.450735,611.007804,4398.079287,2648.389134,3679.680659,3024.029581,30571.10838,11139.142241,5498.866125,60959.295407,0.0,0.0,2.817595,134.158482,547.302637,27.580825,294.858644,1006.718183,4.016301,29191.034705,1834.747465,31029.798471,0.0,77.98283,135.926361,213.909191,0.0,37.185982,419.279359,23726.69424,113.31167,697.252037,1385.061394,26378.784682,7298.643646,6144.544657,8083.852596,11157.125606,32395.681893,22090.139123,6621.0721,93791.059621,0.0,0.0,0.0,639.391209,77.973122,23.594125,243.360518,984.318974,409.463985,654.527446,3615.219875,13039.119341,15806.360345,1848.202439,3485.780535,38858.673966,0.0,0,0.0,1137.605828,863.945847,146.903002,72.891197,2221.345874
2014-08-01,Monthly,Skim Perbankan Islam (SPI) / Islamic Banking Scheme (IBS),0.0,0.0,0.0,50.0,0.0,0.0,0.0,50.0,0,0,0,0.0,0.0,0,0,0.0,101.04629,0.0,679.988197,2174.516581,575.256885,1.248995,52.0,3584.056948,0,0,0,0.0,0.0,0.0,0.0,0.0,0.0,0.0,40.509308,80.511938,243.177104,11.559505,12.620362,388.378217,0.0,0.0,19.861616,11.007741,0.13684,0.0,0.047343,31.05354,0.0,52.961141,0.0,52.961141,0.0,0.0,0.0,0.0,0.0,0.0,85.58,0.0,0.0,0.0,0.0,85.58,0.0,0.0,0.0,5.389379,0.992634,0.0,0.0,6.382013,0.0,0.0,0.0,0.0,0.0,0.0,0.0,0.0,0.0,34.0,20.4,2.211627,18.0,88.4,7.25,170.261627,0.0,0,0.0,0.0,0.0,0.0,0.0,0.0
2014-08-01,Monthly,Jumlah/ Total,193.396677,452.49375,2132.327459,28280.226252,5198.421288,117.704065,949.373809,37323.9433,0,0,0,2224.839323,0.0,0,0,2224.839323,3662.886573,4783.516529,9435.375112,21233.92225,33209.701828,4872.658051,1761.139288,78959.199631,0,0,0,154.423894,4.745389,0.387786,451.450735,611.007804,4398.079287,2648.389134,3720.189967,3104.541519,30814.285484,11150.701746,5511.486487,61347.673624,0.0,0.0,22.679211,145.166223,547.439477,27.580825,294.905987,1037.771723,4.016301,29243.995846,1834.747465,31082.759612,0.0,77.98283,135.926361,213.909191,0.0,37.185982,504.859359,23726.69424,113.31167,697.252037,1385.061394,26464.364682,7298.643646,6144.544657,8083.852596,11162.514985,32396.674527,22090.139123,6621.0721,93797.441634,0.0,0.0,0.0,639.391209,77.973122,23.594125,243.360518,984.318974,409.463985,688.527446,3635.619875,13041.330968,15824.360345,1936.602439,3493.030535,39028.935593,0.0,0,0.0,1137.605828,863.945847,146.903002,72.891197,2221.345874
2014-09-01,Monthly,Bank-bank Islam / Islamic Banks,206.285901,476.033585,1298.936192,23292.205868,5782.865514,127.447907,813.764783,31997.53975,0,0,0,2391.404998,0.0,0,0,2391.404998,3823.483232,4640.749136,10428.074824,18259.534444,28191.635005,4259.221779,1607.42273,71210.12115,0,0,0,81.43545,21.166403,0.882288,866.433244,969.917385,3191.96499,2508.93792,3375.811524,3111.660581,32399.166853,11194.066041,5426.386241,61207.99415,0.0,0.0,2.34153,144.276889,703.948009,36.76849,263.67278,1151.007698,6.732595,29384.006197,1866.717301,31257.456093,0.0,74.338021,140.053395,214.391416,0.0,37.185982,419.898235,28733.442168,109.638731,701.238693,597.270393,30598.674202,7694.388317,6804.930122,9437.291564,13781.788308,33751.279002,23901.719097,6516.150304,101887.546714,0.0,0.0,0.0,625.262401,88.282813,23.594995,254.214999,991.355208,450.011462,622.687374,2947.427026,14052.92924,15600.428594,1635.691052,5426.270616,40735.445364,0.0,0,0.0,991.924536,1019.659477,132.77934,31.585306,2175.948659
2014-09-01,Monthly,Skim Perbankan Islam (SPI) / Islamic Banking Scheme (IBS),0.0,0.0,0.0,50.0,0.0,0.0,0.0,50.0,0,0,0,0.0,0.0,0,0,0.0,51.028738,0.0,299.085017,1455.958754,555.817727,1.196167,52.0,2415.086403,0,0,0,0.0,0.0,0.0,0.0,0.0,0.0,0.0,42.657741,52.845544,253.404575,5.448254,13.697278,368.053392,0.0,0.0,34.391845,10.19102,0.142043,0.0,0.049145,44.774053,0.0,63.118198,0.0,63.118198,0.0,0.0,0.0,0.0,0.0,0.0,85.58,0.0,0.0,0.0,0.0,85.58,0.0,0.0,0.0,56.229869,75.240123,0.0,0.0,131.469992,0.0,0.0,0.0,0.0,0.0,0.0,0.0,0.0,0.0,34.0,20.4,2.211627,16.0,88.15,6.95,167.711627,0.0,0,0.0,0.0,0.0,0.0,0.0,0.0
2014-09-01,Monthly,Jumlah/ Total,206.285901,476.033585,1298.936192,23342.205868,5782.865514,127.447907,813.764783,32047.53975,0,0,0,2391.404998,0.0,0,0,2391.404998,3874.51197,4640.749136,10727.159841,19715.493198,28747.452732,4260.417946,1659.42273,73625.207553,0,0,0,81.43545,21.166403,0.882288,866.433244,969.917385,3191.96499,2508.93792,3418.469265,3164.506125,32652.571428,11199.514295,5440.083519,61576.047542,0.0,0.0,36.733375,154.467909,704.090052,36.76849,263.721925,1195.781751,6.732595,29447.124395,1866.717301,31320.574291,0.0,74.338021,140.053395,214.391416,0.0,37.185982,505.478235,28733.442168,109.638731,701.238693,597.270393,30684.254202,7694.388317,6804.930122,9437.291564,13838.018177,33826.519125,23901.719097,6516.150304,102019.016706,0.0,0.0,0.0,625.262401,88.282813,23.594995,254.214999,991.355208,450.011462,656.687374,2967.827026,14055.140867,15616.428594,1723.841052,5433.220616,40903.156991,0.0,0,0.0,991.924536,1019.659477,132.77934,31.585306,2175.948659
2014-10-01,Monthly,Bank-bank Islam / Islamic Banks,82.297204,441.254848,2081.497448,22583.949682,4294.089364,114.997347,501.161886,30099.247779,0,0,0,1531.926608,0.0,0,0,1531.926608,3853.036464,4149.858422,10076.864999,16576.126531,27603.841671,3921.201828,1777.048748,67957.978663,0,0,0,129.567588,20.084047,1.066807,740.591763,891.310205,3099.710908,2468.643253,3188.248511,3322.239086,32164.103825,11114.021642,5356.249851,60713.217076,0.0,0.0,1.345424,115.456026,657.843649,30.797287,328.293468,1133.735854,5.803984,28967.84615,1908.929444,30882.579578,0.0,69.158813,132.239598,201.398411,0.0,37.185982,419.079464,30807.177994,107.019406,700.17704,198.32601,32268.965896,8182.449593,7570.516233,11104.919496,14769.706489,36435.638334,24989.07522,7042.649009,110094.954374,0.0,0.0,0.0,629.705265,88.534521,25.086271,257.146895,1000.472952,421.530811,1158.238979,2365.964523,17919.30366,15974.405886,1652.905342,5686.684723,45179.033924,0.0,0,0.0,1239.948611,771.469689,201.892687,159.62667,2372.937657
2014-10-01,Monthly,Skim Perbankan Islam (SPI) / Islamic Banking Scheme (IBS),0.0,0.0,0.0,50.0,0.0,0.0,0.0,50.0,0,0,0,0.0,0.0,0,0,0.0,224.849442,0.0,689.299921,1068.069608,529.827972,1.144705,0.0,2513.191648,0,0,0,0.0,0.0,0.0,0.0,0.0,0.0,0.0,51.934566,48.009835,268.916668,6.440951,14.215639,389.517659,0.0,0.0,39.009399,10.925196,0.31225,0.0,0.049401,50.296246,0.0,57.307565,0.0,57.307565,0.0,0.0,0.0,0.0,0.0,0.0,85.58,0.0,0.0,0.0,0.0,85.58,0.0,0.0,0.0,226.451682,225.228492,0.0,49.5,501.180174,0.0,0.0,0.0,0.0,0.0,0.0,0.0,0.0,0.0,34.0,20.4,181.81022,110.588372,86.35,6.95,440.098592,0.0,0,0.0,0.0,0.0,0.0,0.0,0.0
2014-10-01,Monthly,Jumlah/ Total,82.297204,441.254848,2081.497448,22633.949682,4294.089364,114.997347,501.161886,30149.247779,0,0,0,1531.926608,0.0,0,0,1531.926608,4077.885906,4149.858422,10766.16492,17644.196139,28133.669643,3922.346533,1777.048748,70471.170311,0,0,0,129.567588,20.084047,1.066807,740.591763,891.310205,3099.710908,2468.643253,3240.183077,3370.248921,32433.020493,11120.462593,5370.46549,61102.734735,0.0,0.0,40.354823,126.381222,658.155899,30.797287,328.342869,1184.0321,5.803984,29025.153715,1908.929444,30939.887143,0.0,69.158813,132.239598,201.398411,0.0,37.185982,504.659464,30807.177994,107.019406,700.17704,198.32601,32354.545896,8182.449593,7570.516233,11104.919496,14996.158171,36660.866826,24989.07522,7092.149009,110596.134548,0.0,0.0,0.0,629.705265,88.534521,25.086271,257.146895,1000.472952,421.530811,1192.238979,2386.364523,18101.11388,16084.994258,1739.255342,5693.634723,45619.132516,0.0,0,0.0,1239.948611,771.469689,201.892687,159.62667,2372.937657
2014-11-01,Monthly,Bank-bank Islam / Islamic Banks,6.060794,285.119321,1242.359447,19612.183887,2718.046047,116.813499,411.930364,24392.513359,0,0,0,1551.741196,0.0,0,0,1551.741196,3860.788885,3751.542988,9512.661415,14514.868021,22984.780767,3755.87711,1437.315792,59817.834978,0,0,0,61.7808,186.517038,1.265734,733.742002,983.305574,2481.949166,2281.071416,3421.033491,3882.791004,32755.765404,11178.161697,5629.988615,61630.760793,0.0,0.0,1.394569,101.431054,700.321039,30.805484,306.064214,1140.01636,4.378011,28946.892725,1924.948871,30876.219607,0.0,64.232646,146.250506,210.483152,0.0,37.185982,219.306588,30679.214461,152.263698,702.43666,198.842526,31989.249915,9705.148228,8349.106522,14303.98857,23830.338706,42714.108354,25644.494492,7203.525041,131750.709913,0.0,0.0,0.0,644.032433,86.192953,23.455017,253.229983,1006.910386,431.534676,948.381277,1970.993202,19034.090079,14826.912075,1661.918254,5819.449622,44693.279185,0.0,0,0.0,556.885017,760.94488,226.440862,253.94164,1798.212399
2014-11-01,Monthly,Skim Perbankan Islam (SPI) / Islamic Banking Scheme (IBS),0.0,0.0,0.0,50.0,0.0,0.0,0.0,50.0,0,0,0,0.0,0.0,0,0,0.0,176.496401,0.0,453.257568,1127.815835,318.519237,0.901041,0.0,2076.990082,0,0,0,0.0,0.0,0.0,0.0,0.0,0.0,0.0,61.682837,53.903926,270.180215,10.155106,12.985847,408.907931,0.0,0.0,20.002498,9.643116,0.776293,0.0,33.812968,64.234875,0.0,55.235148,0.0,55.235148,0.0,0.0,0.0,0.0,0.0,0.0,85.58,0.0,0.0,0.0,0.0,85.58,0.0,0.0,0.0,232.8539,93.6063,0.0,49.5,375.9602,0.0,0.0,0.0,0.0,0.0,0.0,0.0,0.0,1.00104,34.0,328.883955,596.353906,144.20744,84.0,6.95,1195.396341,0.0,0,0.0,0.0,0.0,0.0,0.0,0.0
2014-11-01,Monthly,Jumlah/ Total,6.060794,285.119321,1242.359447,19662.183887,2718.046047,116.813499,411.930364,24442.513359,0,0,0,1551.741196,0.0,0,0,1551.741196,4037.285286,3751.542988,9965.918983,15642.683856,23303.300004,3756.778151,1437.315792,61894.82506,0,0,0,61.7808,186.517038,1.265734,733.742002,983.305574,2481.949166,2281.071416,3482.716328,3936.69493,33025.945619,11188.316803,5642.974462,62039.668724,0.0,0.0,21.397067,111.07417,701.097332,30.805484,339.877182,1204.251235,4.378011,29002.127873,1924.948871,30931.454755,0.0,64.232646,146.250506,210.483152,0.0,37.185982,304.886588,30679.214461,152.263698,702.43666,198.842526,32074.829915,9705.148228,8349.106522,14303.98857,24063.192606,42807.714654,25644.494492,7253.025041,132126.670113,0.0,0.0,0.0,644.032433,86.192953,23.455017,253.229983,1006.910386,432.535716,982.381277,2299.877157,19630.443985,14971.119515,1745.918254,5826.399622,45888.675526,0.0,0,0.0,556.885017,760.94488,226.440862,253.94164,1798.212399
2014-12-01,Monthly,Bank-bank Islam / Islamic Banks,4.061,40.904559,819.572872,21610.998572,2642.478085,114.921213,220.357665,25453.293966,0,0,0,3526.546789,0.0,0,0,3526.546789,2942.592854,1950.535566,8815.556337,10476.702664,19675.535742,3770.48861,1209.676709,48841.088482,0,0,0,51.7334,86.146717,1.259714,18.094948,157.234779,2590.894385,2760.293883,3069.198275,3620.314347,36177.59362,11420.977825,5804.296066,65443.568401,0.0,0.0,0.914835,91.888567,877.855768,25.433815,254.139177,1250.232162,4.504909,29954.521214,2063.713013,32022.739136,0.0,66.026956,146.314601,212.341557,0.0,37.158,18.615,30543.872581,151.956083,700.993037,199.377453,31651.972154,5437.843702,9348.028193,15166.828693,28990.229916,47672.485819,26866.801503,7757.725237,141239.943063,0.0,0.0,0.0,805.094186,101.783438,24.68647,271.972149,1203.536243,431.554269,829.263562,1941.848657,18336.571917,16706.495115,1477.658898,5727.577811,45450.970229,0.0,0,0.0,394.585473,784.736441,235.335679,173.274184,1587.931777
2014-12-01,Monthly,Skim Perbankan Islam (SPI) / Islamic Banking Scheme (IBS),0.0,0.0,0.0,50.0,0.0,0.0,0.0,50.0,0,0,0,0.0,0.0,0,0,0.0,0.0,0.0,107.059277,502.219346,10.42295,0.703113,0.0,620.404686,0,0,0,0.0,0.0,0.0,0.0,0.0,0.0,0.0,45.839377,64.604377,301.688418,5.961283,15.957359,434.050814,0.0,0.0,57.302204,8.760367,1.326019,0.0,0.060406,67.448996,0.0,53.994029,0.0,53.994029,0.0,0.0,0.0,0.0,0.0,0.0,85.58,0.0,0.0,0.0,0.0,85.58,0.0,0.0,0.0,223.997753,164.657713,0.0,49.5,438.155466,0.0,0.0,0.0,0.0,0.0,0.0,0.0,0.0,131.193008,34.0,348.083579,1575.572365,436.504411,83.75,6.95,2616.053363,0.0,0,0.0,0.0,0.0,0.0,0.0,0.0
2014-12-01,Monthly,Jumlah/ Total,4.061,40.904559,819.572872,21660.998572,2642.478085,114.921213,220.357665,25503.293966,0,0,0,3526.546789,0.0,0,0,3526.546789,2942.592854,1950.535566,8922.615614,10978.92201,19685.958692,3771.191723,1209.676709,49461.493168,0,0,0,51.7334,86.146717,1.259714,18.094948,157.234779,2590.894385,2760.293883,3115.037652,3684.918724,36479.282038,11426.939108,5820.253425,65877.619215,0.0,0.0,58.217039,100.648934,879.181787,25.433815,254.199583,1317.681158,4.504909,30008.515243,2063.713013,32076.733165,0.0,66.026956,146.314601,212.341557,0.0,37.158,104.195,30543.872581,151.956083,700.993037,199.377453,31737.552154,5437.843702,9348.028193,15166.828693,29214.227669,47837.143532,26866.801503,7807.225237,141678.098529,0.0,0.0,0.0,805.094186,101.783438,24.68647,271.972149,1203.536243,562.747277,863.263562,2289.932236,19912.144282,17142.999526,1561.408898,5734.527811,48067.023592,0.0,0,0.0,394.585473,784.736441,235.335679,173.274184,1587.931777
2015-01-01,Monthly,Bank-bank Islam / Islamic Banks,0.0,51.232236,602.071501,24410.412878,2228.567774,121.288295,168.667453,27582.240137,0,0,0,4599.355268,0.0,0,0,4599.355268,3041.87649,1854.256158,7566.266442,9954.303405,18041.139709,3479.682313,1171.156634,45108.681151,0,0,0,164.677507,12.143701,0.68759,813.068542,990.57734,3087.291439,2611.738195,3159.224735,3746.957963,34661.460231,11508.332833,6374.504086,65149.509482,0.0,0.0,3.401114,101.362965,939.493529,28.49062,283.266827,1356.015055,5.985256,30701.580559,2079.457022,32787.022837,0.0,69.388483,172.311412,241.699895,0.0,0.265,9.581705,29492.49948,125.135426,662.176894,10.985,30300.643505,5097.54377,9833.216941,17242.251832,31453.983925,48831.203805,28312.471775,7951.784751,148722.456799,0.0,0.0,0.0,630.304791,149.049392,22.639554,279.875987,1081.869724,433.730514,673.22744,2119.363822,17935.738298,15890.587029,1305.316521,5874.756747,44232.720371,0.0,0,0.0,500.881121,760.17026,171.224596,64.001898,1496.277875
2015-01-01,Monthly,Skim Perbankan Islam (SPI) / Islamic Banking Scheme (IBS),0.0,0.0,0.0,50.0,0.0,0.0,0.0,50.0,0,0,0,0.0,0.0,0,0,0.0,0.0,0.0,0.0,50.004397,10.446804,0.647971,0.0,61.099172,0,0,0,0.0,0.0,0.0,0.0,0.0,0.0,0.0,39.532332,89.495321,305.396508,8.202735,13.206505,455.833401,0.0,0.0,34.303658,12.901014,1.603678,0.0,0.062898,48.871248,0.0,59.302867,0.0,59.302867,0.0,0.0,0.0,0.0,0.0,0.0,85.58,0.0,0.0,0.0,0.0,85.58,0.0,0.0,30.0,429.207178,165.433449,0.0,49.5,674.140627,0.0,0.0,0.0,0.0,0.0,0.0,0.0,0.0,224.853949,34.0,549.985447,1771.512966,371.314895,83.15,6.95,3041.767257,0.0,0,0.0,0.0,0.0,0.0,0.0,0.0
2015-01-01,Monthly,Jumlah/ Total,0.0,51.232236,602.071501,24460.412878,2228.567774,121.288295,168.667453,27632.240137,0,0,0,4599.355268,0.0,0,0,4599.355268,3041.87649,1854.256158,7566.266442,10004.307802,18051.586513,3480.330284,1171.156634,45169.780323,0,0,0,164.677507,12.143701,0.68759,813.068542,990.57734,3087.291439,2611.738195,3198.757067,3836.453284,34966.856739,11516.535568,6387.710591,65605.342883,0.0,0.0,37.704772,114.263979,941.097207,28.49062,283.329725,1404.886303,5.985256,30760.883426,2079.457022,32846.325704,0.0,69.388483,172.311412,241.699895,0.0,0.265,95.161705,29492.49948,125.135426,662.176894,10.985,30386.223505,5097.54377,9833.216941,17272.251832,31883.191103,48996.637254,28312.471775,8001.284751,149396.597426,0.0,0.0,0.0,630.304791,149.049392,22.639554,279.875987,1081.869724,658.584463,707.22744,2669.349269,19707.251264,16261.901924,1388.466521,5881.706747,47274.487628,0.0,0,0.0,500.881121,760.17026,171.224596,64.001898,1496.277875
2015-02-01,Monthly,Bank-bank Islam / Islamic Banks,0.0,37.39305,322.541947,24931.464978,1967.914636,119.922727,110.782853,27490.020191,0,0,0,5403.495136,0.0,0,0,5403.495136,2756.25601,1821.925741,6902.617978,10845.111163,16243.566505,3005.64419,1098.870461,42673.992048,0,0,0,182.003154,1087.263821,0.5958,810.394542,2080.257317,4505.405796,2435.951896,3420.811048,3654.107872,34722.769532,11557.230811,6883.94726,67180.224215,0.0,0.0,4.345736,99.010808,813.375099,33.059612,260.494272,1210.285527,18.012278,31315.020772,2142.231405,33475.264455,0.0,71.227569,177.013432,248.241001,0.0,0.265,9.609059,29999.252446,354.59815,603.18467,10.6,30977.509325,4847.236923,9707.888901,18150.985194,33058.36863,50689.992258,30131.671104,8266.61246,154852.75547,0.0,0.0,0.0,707.614357,67.573196,25.114818,278.681238,1078.983609,453.832122,672.831896,2206.003724,16874.705493,16658.602089,968.539115,5396.547149,43231.061588,0.0,0,0.0,639.36165,835.721633,155.852616,38.028033,1668.963932
2015-02-01,Monthly,Skim Perbankan Islam (SPI) / Islamic Banking Scheme (IBS),0.0,0.0,0.0,50.0,0.0,0.0,0.0,50.0,0,0,0,0.0,0.0,0,0,0.0,0.0,0.0,0.0,500.449828,10.469068,0.647971,0.0,511.566867,0,0,0,0.0,0.0,0.0,0.0,0.0,0.0,0.0,49.308154,44.359705,367.486677,7.770546,13.601952,482.527034,0.0,0.0,32.263778,12.458444,2.986415,0.0,0.062776,47.771413,0.0,55.345692,0.0,55.345692,0.0,0.0,0.0,0.0,0.0,0.0,85.58,0.0,0.0,0.0,0.0,85.58,0.0,0.0,30.0,371.929147,170.196642,0.0,49.5,621.625789,0.0,0.0,0.0,0.0,0.0,0.0,0.0,0.0,81.171137,34.0,768.252907,1509.807358,279.859446,81.15,6.95,2761.190848,0.0,0,0.0,0.0,0.0,0.0,0.0,0.0
2015-02-01,Monthly,Jumlah/ Total,0.0,37.39305,322.541947,24981.464978,1967.914636,119.922727,110.782853,27540.020191,0,0,0,5403.495136,0.0,0,0,5403.495136,2756.25601,1821.925741,6902.617978,11345.560991,16254.035573,3006.292161,1098.870461,43185.558915,0,0,0,182.003154,1087.263821,0.5958,810.394542,2080.257317,4505.405796,2435.951896,3470.119202,3698.467577,35090.256209,11565.001357,6897.549212,67662.751249,0.0,0.0,36.609514,111.469252,816.361514,33.059612,260.557048,1258.05694,18.012278,31370.366464,2142.231405,33530.610147,0.0,71.227569,177.013432,248.241001,0.0,0.265,95.189059,29999.252446,354.59815,603.18467,10.6,31063.089325,4847.236923,9707.888901,18180.985194,33430.297777,50860.1889,30131.671104,8316.11246,155474.381259,0.0,0.0,0.0,707.614357,67.573196,25.114818,278.681238,1078.983609,535.003259,706.831896,2974.256631,18384.512851,16938.461535,1049.689115,5403.497149,45992.252436,0.0,0,0.0,639.36165,835.721633,155.852616,38.028033,1668.963932
2015-03-01,Monthly,Bank-bank Islam / Islamic Banks,0.0,32.540718,227.230429,26369.053661,1461.043846,122.114582,35.302549,28247.285785,0,0,0,4652.582392,0.0,0,0,4652.582392,1886.529261,1782.295327,5823.163315,9504.729594,12428.126056,1653.142814,794.163273,33872.14964,0,0,0,276.025814,109.703437,0.761552,986.31451,1372.805313,2747.324539,3187.977338,3488.425444,3911.516901,37658.946058,11646.591067,6244.765829,68885.547176,0.0,0.0,4.069759,126.435083,1092.306928,32.046379,283.870659,1538.728808,7.008112,31258.534764,2134.608912,33400.151788,0.0,76.056523,186.090864,262.147387,0.0,0.265,158.606273,31310.607015,354.855717,460.459704,5.6,32290.393709,5511.577986,10650.70028,20902.978586,33913.975536,59580.435803,34167.358958,9178.716082,173905.743231,0.0,0.0,0.0,818.007508,101.377549,23.538372,593.992454,1536.915883,413.820091,645.690788,1691.395025,17642.042255,17540.624691,878.706522,5398.975371,44211.254743,0.0,0,0.0,515.191263,669.923624,96.833959,59.647954,1341.5968
2015-03-01,Monthly,Skim Perbankan Islam (SPI) / Islamic Banking Scheme (IBS),0.0,0.0,0.0,50.0,0.0,0.0,0.0,50.0,0,0,0,0.0,0.0,0,0,0.0,0.0,0.0,0.0,138.012126,10.494513,0.053026,0.605558,149.165223,0,0,0,0.0,0.0,0.0,0.0,0.0,0.0,0.0,29.215311,90.212731,310.266711,3.199409,2.074488,434.96865,0.0,0.0,7.207024,15.233384,3.057368,0.0,0.064257,25.562033,0.0,51.413559,7.416825,58.830384,0.0,0.0,0.0,0.0,0.0,0.0,85.58,0.0,0.0,0.0,0.0,85.58,0.0,0.0,30.0,619.400378,324.495293,0.0,49.5,1023.395671,0.0,0.0,0.0,0.0,0.0,0.0,0.0,0.0,1.001264,34.0,409.383291,1359.777823,244.265888,80.15,6.95,2135.528266,0.0,0,0.0,0.0,0.0,0.0,0.0,0.0
2015-03-01,Monthly,Jumlah/ Total,0.0,32.540718,227.230429,26419.053661,1461.043846,122.114582,35.302549,28297.285785,0,0,0,4652.582392,0.0,0,0,4652.582392,1886.529261,1782.295327,5823.163315,9642.74172,12438.620569,1653.19584,794.768831,34021.314863,0,0,0,276.025814,109.703437,0.761552,986.31451,1372.805313,2747.324539,3187.977338,3517.640755,4001.729632,37969.212769,11649.790476,6246.840317,69320.515826,0.0,0.0,11.276783,141.668467,1095.364296,32.046379,283.934916,1564.290841,7.008112,31309.948323,2142.025737,33458.982172,0.0,76.056523,186.090864,262.147387,0.0,0.265,244.186273,31310.607015,354.855717,460.459704,5.6,32375.973709,5511.577986,10650.70028,20932.978586,34533.375914,59904.931096,34167.358958,9228.216082,174929.138902,0.0,0.0,0.0,818.007508,101.377549,23.538372,593.992454,1536.915883,414.821355,679.690788,2100.778316,19001.820078,17784.890579,958.856522,5405.925371,46346.783009,0.0,0,0.0,515.191263,669.923624,96.833959,59.647954,1341.5968
2015-04-01,Monthly,Bank-bank Islam / Islamic Banks,0.0,28.817398,218.113968,25683.244565,1098.744969,123.406171,35.396519,27187.72359,0,0,0,4544.187156,0.0,0,0,4544.187156,1404.762182,1804.039915,5713.617197,8321.240305,11844.937355,1541.808318,1146.432001,31776.837273,0,0,0,28.432,2.815682,0.564973,11.999935,43.81259,2600.445576,2654.016967,3860.898236,3873.22691,35463.820126,11582.375242,6077.767067,66112.550124,0.0,0.0,5.312151,77.168225,1094.566696,37.985283,323.015726,1538.048081,8.348408,31642.318326,2140.445023,33791.111757,0.0,91.281239,189.659538,280.940777,0.0,0.265,159.111843,30100.381834,355.784836,408.732069,5.6,31029.875582,7195.796199,11162.2157,19874.145334,34951.35277,61168.684238,38524.185424,9269.785363,182146.165028,111.18,0.0,0.0,660.129353,335.994061,25.205443,2240.356713,3372.86557,404.611081,642.122871,1445.230825,17176.961245,16863.090304,881.766441,5013.165514,42426.948281,0.0,0,0.0,384.556023,951.076906,103.252605,774.938695,2213.824229
2015-04-01,Monthly,Skim Perbankan Islam (SPI) / Islamic Banking Scheme (IBS),0.0,0.0,0.0,50.0,0.0,0.0,0.0,50.0,0,0,0,0.0,0.0,0,0,0.0,0.0,0.0,0.0,100.008822,4.124228,0.0,0.605558,104.738608,0,0,0,0.0,0.0,0.0,0.0,0.0,0.0,0.0,39.032534,90.539594,284.443175,4.67313,4.16455,422.852983,0.0,0.0,21.502069,21.830734,10.010402,0.0,10.028752,63.371957,0.0,47.420615,7.486034,54.906649,0.0,0.0,0.0,0.0,0.0,0.0,85.58,0.0,0.0,0.0,0.0,85.58,0.0,0.0,30.0,601.002898,301.880885,0.0,49.5,982.383783,0.0,0.0,0.0,0.0,0.0,0.0,0.0,0.0,81.011977,34.0,672.177042,1690.685473,468.823257,79.9,6.95,3033.547749,0.0,0,0.0,0.0,0.0,0.0,0.0,0.0
2015-04-01,Monthly,Jumlah/ Total,0.0,28.817398,218.113968,25733.244565,1098.744969,123.406171,35.396519,27237.72359,0,0,0,4544.187156,0.0,0,0,4544.187156,1404.762182,1804.039915,5713.617197,8421.249127,11849.061583,1541.808318,1147.037559,31881.575881,0,0,0,28.432,2.815682,0.564973,11.999935,43.81259,2600.445576,2654.016967,3899.93077,3963.766504,35748.263301,11587.048372,6081.931617,66535.403107,0.0,0.0,26.81422,98.998959,1104.577098,37.985283,333.044478,1601.420038,8.348408,31689.738941,2147.931057,33846.018406,0.0,91.281239,189.659538,280.940777,0.0,0.265,244.691843,30100.381834,355.784836,408.732069,5.6,31115.455582,7195.796199,11162.2157,19904.145334,35552.355668,61470.565123,38524.185424,9319.285363,183128.548811,111.18,0.0,0.0,660.129353,335.994061,25.205443,2240.356713,3372.86557,485.623058,676.122871,2117.407867,18867.646718,17331.913561,961.666441,5020.115514,45460.49603,0.0,0,0.0,384.556023,951.076906,103.252605,774.938695,2213.824229
2015-05-01,Monthly,Bank-bank Islam / Islamic Banks,0.0,22.37126,104.155477,25878.31395,342.205309,121.744309,6.267618,26475.057923,0,0,0,4652.506232,0.0,0,0,4652.506232,1471.989217,1715.187659,4941.777081,7347.041252,13220.506458,1479.95875,996.466336,31172.926753,0,0,0,29.308,1.493795,0.150075,0.563813,31.515683,4827.323264,2442.499842,3050.802509,3794.055212,35993.538207,11365.159956,6000.610179,67473.989169,0.0,0.0,2.941444,104.087881,1231.888592,38.063943,293.841922,1670.823782,7.290158,31342.288652,2072.701168,33422.279978,0.0,94.213158,187.511559,281.724717,0.0,0.265,159.635161,28981.769402,215.865349,302.712935,5.6,29665.847847,9078.705307,11362.397654,18636.580174,39026.407892,58420.873802,42272.141448,8716.668962,187513.775239,219.918838,0.0,0.0,543.889815,250.764587,27.517905,3201.999108,4244.090253,404.611286,633.810135,1121.170845,16762.854993,15130.371904,954.836259,4850.911916,39858.567338,0.0,0,0.0,1094.563666,788.189189,104.730547,66.028511,2053.511913
2015-05-01,Monthly,Skim Perbankan Islam (SPI) / Islamic Banking Scheme (IBS),0.0,0.0,0.0,50.0,0.0,0.0,0.0,50.0,0,0,0,0.0,0.0,0,0,0.0,0.0,0.0,0.0,100.026467,4.133061,0.0,0.605558,104.765086,0,0,0,0.0,0.0,0.0,0.0,0.0,0.0,0.0,52.356168,80.005301,441.316528,6.423432,7.395368,587.496797,0.0,0.0,21.715502,12.622732,10.307446,0.0,10.326653,54.972333,0.0,53.270163,7.364088,60.634251,0.0,0.0,0.0,0.0,0.0,0.0,85.58,0.0,0.0,0.0,0.0,85.58,0.0,0.0,30.0,780.241596,351.392617,0.0,49.5,1211.134213,0.0,0.0,0.0,0.0,0.0,0.0,0.0,0.0,119.919484,34.0,757.06179,1457.885862,535.763479,79.9,6.95,2991.480615,0.0,0,0.0,0.0,0.0,0.0,0.0,0.0
2015-05-01,Monthly,Jumlah/ Total,0.0,22.37126,104.155477,25928.31395,342.205309,121.744309,6.267618,26525.057923,0,0,0,4652.506232,0.0,0,0,4652.506232,1471.989217,1715.187659,4941.777081,7447.067719,13224.639519,1479.95875,997.071894,31277.691839,0,0,0,29.308,1.493795,0.150075,0.563813,31.515683,4827.323264,2442.499842,3103.158677,3874.060513,36434.854735,11371.583388,6008.005547,68061.485966,0.0,0.0,24.656946,116.710613,1242.196038,38.063943,304.168575,1725.796115,7.290158,31395.558815,2080.065256,33482.914229,0.0,94.213158,187.511559,281.724717,0.0,0.265,245.215161,28981.769402,215.865349,302.712935,5.6,29751.427847,9078.705307,11362.397654,18666.580174,39806.649488,58772.266419,42272.141448,8766.168962,188724.909452,219.918838,0.0,0.0,543.889815,250.764587,27.517905,3201.999108,4244.090253,524.53077,667.810135,1878.232635,18220.740855,15666.135383,1034.736259,4857.861916,42850.047953,0.0,0,0.0,1094.563666,788.189189,104.730547,66.028511,2053.511913
2015-06-01,Monthly,Bank-bank Islam / Islamic Banks,0.0,11.806363,287.51334,22320.086143,431.179386,120.559735,11.59002,23182.734987,0,0,0,3678.288769,0.0,0,0,3678.288769,1001.285153,1750.564393,3874.505057,915.059597,5864.281469,1324.889318,840.210922,15570.795909,0,0,0,0.0,0.0,0.0,0.0,0.0,4894.141248,2585.708156,3281.526175,4063.938624,36649.755897,11376.111906,6065.417226,68916.599232,0.0,0.0,3.822244,94.421543,1204.723125,37.88094,394.326286,1735.174138,6.873628,32284.037102,2221.910383,34512.821113,0.0,95.287096,183.387568,278.674664,0.0,0.265,9.728249,28318.282006,236.36017,298.999364,5.6,28869.234789,14083.642477,12927.739028,19956.302548,43188.623912,62627.64129,44066.545766,9486.671165,206337.166186,0.0,0.0,0.0,537.980655,170.733336,28.179258,1361.238783,2098.132032,140.666515,467.434723,1022.885505,16622.025016,16158.279978,741.752198,4887.046755,40040.09069,0.0,0,0.0,250.418797,678.491728,120.386256,65.838263,1115.135044
2015-06-01,Monthly,Skim Perbankan Islam (SPI) / Islamic Banking Scheme (IBS),0.0,0.0,0.0,50.0,0.0,0.0,0.0,50.0,0,0,0,0.0,0.0,0,0,0.0,0.0,0.0,0.0,50.004411,0.0,0.0,0.159194,50.163605,0,0,0,0.0,0.0,0.0,0.0,0.0,0.0,0.0,45.977857,72.901228,484.215296,5.407679,3.813307,612.315367,0.0,0.0,649.377164,14.314812,10.139866,0.0,10.714353,684.546195,0.0,50.465131,7.967471,58.432602,0.0,0.0,0.0,0.0,0.0,0.0,85.58,0.0,0.0,0.0,0.0,85.58,0.0,0.0,30.0,722.054087,416.205206,0.0,24.0,1192.259293,0.0,0.0,0.0,0.0,0.0,0.0,0.0,0.0,61.102813,34.0,520.925646,1091.845666,496.039528,78.9,5.95,2288.763653,0.0,0,0.0,0.0,0.0,0.0,0.0,0.0
2015-06-01,Monthly,Jumlah/ Total,0.0,11.806363,287.51334,22370.086143,431.179386,120.559735,11.59002,23232.734987,0,0,0,3678.288769,0.0,0,0,3678.288769,1001.285153,1750.564393,3874.505057,965.064008,5864.281469,1324.889318,840.370116,15620.959514,0,0,0,0.0,0.0,0.0,0.0,0.0,4894.141248,2585.708156,3327.504032,4136.839852,37133.971193,11381.519585,6069.230533,69528.914599,0.0,0.0,653.199408,108.736355,1214.862991,37.88094,405.040639,2419.720333,6.873628,32334.502233,2229.877854,34571.253715,0.0,95.287096,183.387568,278.674664,0.0,0.265,95.308249,28318.282006,236.36017,298.999364,5.6,28954.814789,14083.642477,12927.739028,19986.302548,43910.677999,63043.846496,44066.545766,9510.671165,207529.425479,0.0,0.0,0.0,537.980655,170.733336,28.179258,1361.238783,2098.132032,201.769328,501.434723,1543.811151,17713.870682,16654.319506,820.652198,4892.996755,42328.854343,0.0,0,0.0,250.418797,678.491728,120.386256,65.838263,1115.135044
2015-07-01,Monthly,Bank-bank Islam / Islamic Banks,0.0,0.0,0.0,0.095516,28.957263,119.415158,1.246007,149.713944,0,0,0,0.0,0.0,0,0,0.0,602.791029,388.834019,103.473946,54.257317,1171.044875,659.76624,99.46652,3079.633946,0,0,0,0.0,0.0,0.0,0.0,0.0,5249.438696,2226.408367,2722.905891,4673.555406,34770.201664,9512.050839,5879.8305,65034.391363,0.0,0.0,1.823647,103.96956,1121.608641,42.718398,413.783923,1683.904169,16.431607,31436.581999,2199.259645,33652.273251,0.0,100.065655,184.614092,284.679747,0.0,0.265,9.758535,26654.808487,236.867838,298.340504,5.6,27205.640364,15826.674312,14860.388927,23463.023404,41654.987456,66720.093044,45718.324179,9839.188655,218082.679977,0.0,0.0,0.0,631.23062,410.425942,28.794754,1572.498451,2642.949767,137.131131,463.741723,704.509198,16384.294738,17762.460824,756.935217,5217.311934,41426.384765,0.0,0,0.0,199.090436,648.3283,147.5036,78.051343,1072.973679
2015-07-01,Monthly,Skim Perbankan Islam (SPI) / Islamic Banking Scheme (IBS),0.0,0.0,0.0,50.0,0.0,0.0,0.0,50.0,0,0,0,0.0,0.0,0,0,0.0,0.0,0.0,0.0,0.0,0.0,0.0,0.159194,0.159194,0,0,0,0.0,0.0,0.0,0.0,0.0,0.0,0.0,41.646322,83.253156,308.410012,6.676486,3.512577,443.498553,0.0,0.0,344.570851,14.474157,2.563703,0.0,10.792451,372.401162,0.0,50.302621,6.988161,57.290782,0.0,0.0,0.0,0.0,0.0,0.0,85.58,0.0,0.0,0.0,0.0,85.58,0.0,0.0,55.0,708.192928,559.388006,0.0,24.0,1346.580934,0.0,0.0,0.0,0.0,0.0,0.0,0.0,0.0,229.843726,34.0,378.19586,1257.998934,545.904635,78.65,5.95,2530.543155,0.0,0,0.0,0.0,0.0,0.0,0.0,0.0
2015-07-01,Monthly,Jumlah/ Total,0.0,0.0,0.0,50.095516,28.957263,119.415158,1.246007,199.713944,0,0,0,0.0,0.0,0,0,0.0,602.791029,388.834019,103.473946,54.257317,1171.044875,659.76624,99.625714,3079.79314,0,0,0,0.0,0.0,0.0,0.0,0.0,5249.438696,2226.408367,2764.552213,4756.808562,35078.611676,9518.727325,5883.343077,65477.889916,0.0,0.0,346.394498,118.443717,1124.172344,42.718398,424.576374,2056.305331,16.431607,31486.88462,2206.247806,33709.564033,0.0,100.065655,184.614092,284.679747,0.0,0.265,95.338535,26654.808487,236.867838,298.340504,5.6,27291.220364,15826.674312,14860.388927,23518.023404,42363.180384,67279.48105,45718.324179,9863.188655,219429.260911,0.0,0.0,0.0,631.23062,410.425942,28.794754,1572.498451,2642.949767,366.974857,497.741723,1082.705058,17642.293672,18308.365459,835.585217,5223.261934,43956.92792,0.0,0,0.0,199.090436,648.3283,147.5036,78.051343,1072.973679
2015-08-01,Monthly,Bank-bank Islam / Islamic Banks,0.0,0.0,0.0,0.095421,28.955836,119.03715,1.201738,149.290145,0,0,0,0.0,0.0,0,0,0.0,602.791029,204.660816,99.357342,49.999859,1088.635285,630.48833,58.204027,2734.136688,0,0,0,0.0,0.0,0.0,0.0,0.0,5925.508864,2528.445629,3441.416217,3963.401587,34746.452634,8990.931335,6088.361613,65684.517879,0.0,0.0,2.294623,107.512376,1070.652953,53.592449,390.514221,1624.566622,6.859801,30895.093749,2223.972767,33125.926317,0.0,116.733428,211.660122,328.39355,0.0,0.265,9.788821,23664.130554,260.357586,31.08,6.78,23972.401961,16064.848608,14639.192867,23660.266296,41798.570455,70986.632031,46268.756277,9955.764367,223374.030901,0.0,0.0,0.0,634.4954,111.2199,30.930059,1567.911034,2344.556393,87.12848,509.466504,798.403197,14579.117017,15817.422886,263.421021,4929.768046,36984.727151,0.0,0,0.0,122.121536,720.364636,0.0,58.73,901.216172
2015-08-01,Monthly,Skim Perbankan Islam (SPI) / Islamic Banking Scheme (IBS),0.0,0.0,0.0,50.0,0.0,0.0,0.0,50.0,0,0,0,0.0,0.0,0,0,0.0,0.0,0.0,0.0,0.0,0.0,0.0,0.0,0.0,0,0,0,0.0,0.0,0.0,0.0,0.0,0.0,0.0,28.281134,74.729964,277.450429,6.247025,7.539592,394.248144,0.0,0.0,456.591344,18.515009,3.35273,0.0,0.09281,478.551893,0.0,56.236112,7.758328,63.99444,0.0,0.0,0.0,0.0,0.0,0.0,85.58,0.0,0.0,0.0,0.0,85.58,0.0,0.0,55.0,632.44901,427.563681,0.0,24.0,1139.012691,0.0,0.0,0.0,0.0,0.0,0.0,0.0,0.0,136.580238,34.0,349.701272,1018.349162,449.830661,78.65,5.95,2073.061333,0.0,0,0.0,0.0,0.0,0.0,0.0,0.0
2015-08-01,Monthly,Jumlah/ Total,0.0,0.0,0.0,50.095421,28.955836,119.03715,1.201738,199.290145,0,0,0,0.0,0.0,0,0,0.0,602.791029,204.660816,99.357342,49.999859,1088.635285,630.48833,58.204027,2734.136688,0,0,0,0.0,0.0,0.0,0.0,0.0,5925.508864,2528.445629,3469.697351,4038.131551,35023.903063,8997.17836,6095.901205,66078.766023,0.0,0.0,458.885967,126.027385,1074.005683,53.592449,390.607031,2103.118515,6.859801,30951.329861,2231.731095,33189.920757,0.0,116.733428,211.660122,328.39355,0.0,0.265,95.368821,23664.130554,260.357586,31.08,6.78,24057.981961,16064.848608,14639.192867,23715.266296,42431.019465,71414.195712,46268.756277,9979.764367,224513.043592,0.0,0.0,0.0,634.4954,111.2199,30.930059,1567.911034,2344.556393,223.708718,543.466504,1148.104469,15597.466179,16267.253547,342.071021,4935.718046,39057.788484,0.0,0,0.0,122.121536,720.364636,0.0,58.73,901.216172
2015-09-01,Monthly,Bank-bank Islam / Islamic Banks,0.0,0.0,0.0,0.094377,28.945631,117.033334,1.185224,147.258566,0,0,0,0.0,0.0,0,0,0.0,602.778008,16.724787,217.021573,62.403514,1052.914541,607.154359,57.927639,2616.924421,0,0,0,0.0,0.0,0.0,0.0,0.0,5603.798957,2252.154407,3493.067994,4261.531878,35775.161485,8951.587603,5750.848873,66088.151197,0.0,0.0,0.2192,99.648942,1556.377621,44.823175,370.178057,2071.246995,5.565235,31668.509714,2235.293274,33909.368223,0.0,118.755048,222.650012,341.40506,0.0,0.265,9.818129,21922.142278,240.81442,51.091067,6.78,22230.910894,17047.905054,14657.226487,24577.3879,45021.278208,70350.993142,46250.520802,9803.560263,227708.871856,0.223,0.0,0.0,540.646618,99.204236,31.815953,728.019873,1399.90968,1037.2341,506.663037,782.990248,14092.861494,15715.960323,251.322677,5041.879543,37428.911422,0.0,0,0.0,128.29412,692.496418,0.0,61.712,882.502538
2015-09-01,Monthly,Skim Perbankan Islam (SPI) / Islamic Banking Scheme (IBS),0.0,0.0,0.0,50.0,0.0,0.0,0.0,50.0,0,0,0,0.0,0.0,0,0,0.0,0.0,0.0,0.0,0.0,0.0,0.0,0.0,0.0,0,0,0,0.0,0.0,0.0,0.0,0.0,0.0,0.0,20.127263,81.473458,309.695101,6.154299,10.795104,428.245225,0.0,0.0,453.597638,18.478355,2.959074,0.0,0.179698,475.214765,0.0,55.26985,7.650427,62.920277,0.0,0.0,0.0,0.0,0.0,0.0,85.58,0.0,0.0,0.0,0.0,85.58,0.0,0.0,55.0,809.363965,384.631072,0.0,24.0,1272.995037,0.0,0.0,0.0,0.0,0.0,0.0,0.0,0.0,156.288614,34.0,1003.492232,992.204358,396.217151,78.65,5.95,2666.802355,0.0,0,0.0,0.0,0.0,0.0,0.0,0.0
2015-09-01,Monthly,Jumlah/ Total,0.0,0.0,0.0,50.094377,28.945631,117.033334,1.185224,197.258566,0,0,0,0.0,0.0,0,0,0.0,602.778008,16.724787,217.021573,62.403514,1052.914541,607.154359,57.927639,2616.924421,0,0,0,0.0,0.0,0.0,0.0,0.0,5603.798957,2252.154407,3513.195257,4343.005336,36084.856586,8957.741902,5761.643977,66516.396422,0.0,0.0,453.816838,118.127297,1559.336695,44.823175,370.357755,2546.46176,5.565235,31723.779564,2242.943701,33972.2885,0.0,118.755048,222.650012,341.40506,0.0,0.265,95.398129,21922.142278,240.81442,51.091067,6.78,22316.490894,17047.905054,14657.226487,24632.3879,45830.642173,70735.624214,46250.520802,9827.560263,228981.866893,0.223,0.0,0.0,540.646618,99.204236,31.815953,728.019873,1399.90968,1193.522714,540.663037,1786.48248,15085.065852,16112.177474,329.972677,5047.829543,40095.713777,0.0,0,0.0,128.29412,692.496418,0.0,61.712,882.502538
2015-10-01,Monthly,Bank-bank Islam / Islamic Banks,0.0,0.0,0.0,0.093186,28.933472,114.621204,1.16733,144.815192,0,0,0,0.0,0.0,0,0,0.0,202.778008,15.72528,82.905471,56.895339,1031.880538,599.269111,51.745176,2041.198923,0,0,0,0.0,0.0,0.0,0.0,0.0,5877.836898,1576.497211,3316.809062,3936.37634,34515.834128,8728.395327,5690.750293,63642.499259,0.0,0.0,0.297488,97.11791,1287.031976,44.80919,411.517118,1840.773682,5.449225,31408.650513,2278.24963,33692.349368,0.0,130.551244,233.187202,363.738446,0.0,0.265,9.851132,19844.402422,240.330752,48.517114,6.78,20150.14642,12366.919443,14314.14292,25483.860639,46596.168626,73448.516318,46672.667206,10709.124057,229591.399209,0.0,0.0,0.0,492.551625,550.172507,31.856963,1599.674766,2674.255861,33.867919,854.090179,969.032958,12014.130875,17280.814216,237.750555,5447.882637,36837.569339,0.0,0,0.0,129.55764,609.87738,0.0,60.13,799.56502
2015-10-01,Monthly,Skim Perbankan Islam (SPI) / Islamic Banking Scheme (IBS),0.0,0.0,0.0,50.0,0.0,0.0,0.0,50.0,0,0,0,0.0,0.0,0,0,0.0,0.0,0.0,0.0,0.0,0.0,0.0,0.0,0.0,0,0,0,0.0,0.0,0.0,0.0,0.0,0.0,0.0,21.450026,106.39307,262.290952,13.53069,6.271533,409.936271,0.0,0.0,244.298415,0.218478,21.882385,0.0,0.109085,266.508363,0.0,51.800318,8.023773,59.824091,0.0,0.0,0.0,0.0,0.0,0.0,85.58,0.0,0.0,0.0,0.0,85.58,10.0,0.0,207.096281,561.014106,321.095669,0.0,24.0,1123.206056,0.0,0.0,0.0,0.0,0.0,0.0,0.0,0.0,206.265504,34.0,1053.067714,688.741249,315.182846,78.35,5.95,2381.557313,0.0,0,0.0,0.0,0.0,0.0,0.0,0.0
2015-10-01,Monthly,Jumlah/ Total,0.0,0.0,0.0,50.093186,28.933472,114.621204,1.16733,194.815192,0,0,0,0.0,0.0,0,0,0.0,202.778008,15.72528,82.905471,56.895339,1031.880538,599.269111,51.745176,2041.198923,0,0,0,0.0,0.0,0.0,0.0,0.0,5877.836898,1576.497211,3338.259088,4042.76941,34778.12508,8741.926017,5697.021826,64052.43553,0.0,0.0,244.595903,97.336388,1308.914361,44.80919,411.626203,2107.282045,5.449225,31460.450831,2286.273403,33752.173459,0.0,130.551244,233.187202,363.738446,0.0,0.265,95.431132,19844.402422,240.330752,48.517114,6.78,20235.72642,12376.919443,14314.14292,25690.95692,47157.182732,73769.611987,46672.667206,10733.124057,230714.605265,0.0,0.0,0.0,492.551625,550.172507,31.856963,1599.674766,2674.255861,240.133423,888.090179,2022.100672,12702.872124,17595.997062,316.100555,5453.832637,39219.126652,0.0,0,0.0,129.55764,609.87738,0.0,60.13,799.56502
2015-11-01,Monthly,Bank-bank Islam / Islamic Banks,0.0,0.0,0.0,0.093162,28.932604,114.334683,1.16951,144.529959,0,0,0,0.0,0.0,0,0,0.0,2.891907,28.02081,70.49873,56.234974,1011.791797,581.580887,50.27868,1801.297785,0,0,0,0.0,0.0,0.0,0.0,0.0,4392.951048,1880.78104,3387.488755,3598.975851,33990.338724,8397.95314,5836.267456,61484.756014,0.0,0.0,0.610949,1006.901443,1224.639916,45.764695,397.061818,2674.978821,6.027783,31400.854328,2259.082994,33665.965105,0.0,147.617783,241.995729,389.613512,0.0,0.265,9.496788,18559.126319,240.822038,37.018,6.78,18853.508145,11942.534836,13045.736176,24896.630879,48226.918624,74834.934653,46799.484856,11498.890019,231245.130043,0.0,0.0,0.0,463.56591,139.771908,31.162975,1672.801157,2307.30195,1033.632776,446.879348,915.713343,12122.873676,15764.220966,222.26457,6213.751611,36719.33629,0.0,0,0.0,179.277673,686.282487,0.0,59.5,925.06016
2015-11-01,Monthly,Skim Perbankan Islam (SPI) / Islamic Banking Scheme (IBS),0.0,0.0,0.0,50.0,0.0,0.0,0.0,50.0,0,0,0,0.0,0.0,0,0,0.0,0.0,0.0,0.0,0.0,0.0,0.0,0.0,0.0,0,0,0,0.0,0.0,0.0,0.0,0.0,0.0,0.0,28.931447,101.068349,327.355378,14.144284,4.661032,476.16049,0.0,0.0,215.235412,4.130298,18.358117,0.0,0.101402,237.825229,0.0,50.411873,8.508609,58.920482,0.0,0.0,0.0,0.0,0.0,0.0,85.58,0.0,0.0,0.0,0.0,85.58,10.0,0.0,258.272449,570.031384,309.613794,0.0,24.0,1171.917627,0.0,0.0,0.0,0.0,0.0,0.0,0.0,0.0,126.353968,34.0,951.616113,737.616374,431.834246,78.1,5.95,2365.470701,0.0,0,0.0,0.0,0.0,0.0,0.0,0.0
2015-11-01,Monthly,Jumlah/ Total,0.0,0.0,0.0,50.093162,28.932604,114.334683,1.16951,194.529959,0,0,0,0.0,0.0,0,0,0.0,2.891907,28.02081,70.49873,56.234974,1011.791797,581.580887,50.27868,1801.297785,0,0,0,0.0,0.0,0.0,0.0,0.0,4392.951048,1880.78104,3416.420202,3700.0442,34317.694102,8412.097424,5840.928488,61960.916504,0.0,0.0,215.846361,1011.031741,1242.998033,45.764695,397.16322,2912.80405,6.027783,31451.266201,2267.591603,33724.885587,0.0,147.617783,241.995729,389.613512,0.0,0.265,95.076788,18559.126319,240.822038,37.018,6.78,18939.088145,11952.534836,13045.736176,25154.903328,48796.950008,75144.548447,46799.484856,11522.890019,232417.04767,0.0,0.0,0.0,463.56591,139.771908,31.162975,1672.801157,2307.30195,1159.986744,480.879348,1867.329456,12860.49005,16196.055212,300.36457,6219.701611,39084.806991,0.0,0,0.0,179.277673,686.282487,0.0,59.5,925.06016
2015-12-01,Monthly,Bank-bank Islam / Islamic Banks,0.0,0.0,0.0,0.093543,26.277899,114.657162,1.177448,142.206052,0,0,0,0.0,0.0,0,0,0.0,2.891907,28.177925,70.537959,56.770392,994.279379,544.097574,49.421751,1746.176887,0,0,0,0.0,0.0,0.0,0.0,0.0,3487.57668,2372.560562,3847.86045,3719.797595,36144.697948,8473.805144,5706.771942,63753.070321,0.0,0.0,0.138138,291.785098,1517.526875,47.516624,394.499363,2251.466098,3.914053,31685.655271,2299.751884,33989.321208,0.0,140.850348,254.521762,395.37211,0.0,0.265,498.462519,22552.980112,241.334747,30.725,6.78,23330.547378,9483.409684,13921.321298,25296.839576,53065.165038,76563.817098,46458.417692,11256.438801,236045.409187,0.0,0.0,0.0,413.168447,217.007127,29.647755,1470.104726,2129.928055,33.878594,450.386348,783.741051,12368.260953,13718.635123,221.121238,6517.50411,34093.527417,0.0,0,0.0,322.654234,1121.064553,0.0,0.0,1443.718787
2015-12-01,Monthly,Skim Perbankan Islam (SPI) / Islamic Banking Scheme (IBS),0.0,0.0,0.0,50.0,0.0,0.0,0.0,50.0,0,0,0,0.0,0.0,0,0,0.0,0.0,0.0,0.0,0.0,0.0,0.0,0.0,0.0,0,0,0,0.0,0.0,0.0,0.0,0.0,0.0,0.0,27.759768,74.005121,569.834668,14.149849,3.583274,689.33268,0.0,0.0,308.438522,0.276303,18.495231,0.0,0.183023,327.393079,0.0,51.5257,8.791908,60.317608,0.0,0.0,0.0,0.0,0.0,0.0,85.58,0.0,0.0,0.0,0.0,85.58,0.0,0.0,160.009687,540.284707,353.773831,0.895,34.0,1088.963225,0.0,0.0,0.0,0.0,0.0,0.0,0.0,0.0,101.165963,34.0,416.848803,1071.012748,401.770152,77.35,5.95,2108.097666,0.0,0,0.0,0.0,0.0,0.0,0.0,0.0
2015-12-01,Monthly,Jumlah/ Total,0.0,0.0,0.0,50.093543,26.277899,114.657162,1.177448,192.206052,0,0,0,0.0,0.0,0,0,0.0,2.891907,28.177925,70.537959,56.770392,994.279379,544.097574,49.421751,1746.176887,0,0,0,0.0,0.0,0.0,0.0,0.0,3487.57668,2372.560562,3875.620218,3793.802716,36714.532616,8487.954993,5710.355216,64442.403001,0.0,0.0,308.57666,292.061401,1536.022106,47.516624,394.682386,2578.859177,3.914053,31737.180971,2308.543792,34049.638816,0.0,140.850348,254.521762,395.37211,0.0,0.265,584.042519,22552.980112,241.334747,30.725,6.78,23416.127378,9483.409684,13921.321298,25456.849263,53605.449745,76917.590929,46459.312692,11290.438801,237134.372412,0.0,0.0,0.0,413.168447,217.007127,29.647755,1470.104726,2129.928055,135.044557,484.386348,1200.589854,13439.273701,14120.405275,298.471238,6523.45411,36201.625083,0.0,0,0.0,322.654234,1121.064553,0.0,0.0,1443.718787
2016-01-01,Monthly,Bank-bank Islam / Islamic Banks,0.0,0.0,0.0,0.094799,26.290816,116.664956,1.200402,144.250973,0,0,0,0.0,0.0,0,0,0.0,2.891907,24.665965,72.776735,54.131109,956.922293,521.292659,47.880719,1680.561387,0,0,0,0.0,0.0,0.0,0.0,0.0,6301.875013,2270.376648,3093.470781,3739.672516,36267.569372,8541.348757,6183.467849,66397.780936,0.0,0.0,4.040688,268.832959,1247.032771,47.659296,375.917295,1943.483009,5.143489,32266.785486,2277.824426,34549.753401,0.0,151.860846,243.729573,395.590419,0.0,0.265,650.214214,21873.736319,15.370368,30.13,6.78,22576.495901,9182.343306,12857.872503,24765.316784,59121.011457,62161.302372,45641.514163,11429.144467,225158.505052,0.0,0.0,0.0,506.735958,314.440245,27.817185,1696.506279,2545.499667,34.026041,617.959348,1034.159421,14645.76821,13765.856808,217.765608,5492.827579,35808.363015,0.0,0,0.0,261.954466,725.072288,0.0,0.0,987.026754
2016-01-01,Monthly,Skim Perbankan Islam (SPI) / Islamic Banking Scheme (IBS),0.0,0.0,0.0,50.0,0.0,0.0,0.0,50.0,0,0,0,0.0,0.0,0,0,0.0,0.0,0.0,0.0,0.0,0.0,0.0,0.0,0.0,0,0,0,0.0,0.0,0.0,0.0,0.0,0.0,0.0,26.984877,63.114211,463.774288,7.314425,2.639058,563.826859,0.0,0.0,404.373022,0.266109,12.223349,0.0,0.847472,417.709952,0.0,54.191083,8.14364,62.334723,0.0,0.0,0.0,0.0,0.0,0.0,85.58,0.0,0.0,0.0,0.0,85.58,0.0,0.0,55.0,801.957973,441.895329,0.897584,34.0,1333.750886,0.0,0.0,0.0,0.0,0.0,0.0,0.0,0.0,91.168918,34.0,238.107561,1212.08562,369.404444,77.35,5.95,2028.066543,0.0,0,0.0,0.0,0.0,0.0,0.0,0.0
2016-01-01,Monthly,Jumlah/ Total,0.0,0.0,0.0,50.094799,26.290816,116.664956,1.200402,194.250973,0,0,0,0.0,0.0,0,0,0.0,2.891907,24.665965,72.776735,54.131109,956.922293,521.292659,47.880719,1680.561387,0,0,0,0.0,0.0,0.0,0.0,0.0,6301.875013,2270.376648,3120.455658,3802.786727,36731.34366,8548.663182,6186.106907,66961.607795,0.0,0.0,408.41371,269.099068,1259.25612,47.659296,376.764767,2361.192961,5.143489,32320.976569,2285.968066,34612.088124,0.0,151.860846,243.729573,395.590419,0.0,0.265,735.794214,21873.736319,15.370368,30.13,6.78,22662.075901,9182.343306,12857.872503,24820.316784,59922.96943,62603.197701,45642.411747,11463.144467,226492.255938,0.0,0.0,0.0,506.735958,314.440245,27.817185,1696.506279,2545.499667,125.194959,651.959348,1272.266982,15857.85383,14135.261252,295.115608,5498.777579,37836.429558,0.0,0,0.0,261.954466,725.072288,0.0,0.0,987.026754
2016-02-01,Monthly,Bank-bank Islam / Islamic Banks,0.0,0.0,0.0,-0.949473,26.286746,115.722856,2.241049,143.301178,0,0,0,0.0,0.0,0,0,0.0,2.891907,24.69502,72.773258,53.724785,933.888743,499.761171,46.929354,1634.664238,0,0,0,0.0,0.0,0.0,0.0,0.0,5727.045958,2386.317156,4152.369829,3873.850612,34282.892403,8490.699409,6203.433324,65116.608691,0.0,0.0,3.776425,226.684439,1616.315531,51.747082,369.960018,2268.483495,8.302846,33122.171548,2292.227284,35422.701678,0.0,167.289208,254.28415,421.573358,0.0,0.265,356.589228,19844.334979,14.883984,29.98,6.78,20252.833191,7225.116678,13402.916403,24963.416896,58861.856483,65045.533827,48975.751075,11114.154247,229588.745609,0.0,0.0,0.0,518.001429,248.51855,28.474728,1814.117101,2609.111808,34.034455,618.149348,656.061365,14693.248771,12316.959037,225.892444,5753.226912,34297.572332,0.0,0,0.0,185.733771,966.879764,0.0,0.0,1152.613535
2016-02-01,Monthly,Skim Perbankan Islam (SPI) / Islamic Banking Scheme (IBS),0.0,0.0,0.0,50.0,0.0,0.0,0.0,50.0,0,0,0,0.0,0.0,0,0,0.0,0.0,0.0,0.0,0.0,0.0,0.0,0.0,0.0,0,0,0,0.0,0.0,0.0,0.0,0.0,0.0,0.0,25.658872,66.717,393.346536,7.475689,3.76257,496.960667,0.0,0.0,420.042659,0.285288,13.189454,0.0,1.05067,434.568071,0.0,49.041753,8.152403,57.194156,0.0,0.0,0.0,0.0,0.0,0.0,85.58,0.0,0.0,0.0,0.0,85.58,0.0,0.0,95.0,714.537512,440.963988,0.900009,34.0,1285.401509,0.0,0.0,0.0,0.0,0.0,0.0,0.0,0.0,141.333333,34.0,202.166704,1007.001463,273.800772,76.85,5.95,1741.102272,0.0,0,0.0,0.0,0.0,0.0,0.0,0.0
2016-02-01,Monthly,Jumlah/ Total,0.0,0.0,0.0,49.050527,26.286746,115.722856,2.241049,193.301178,0,0,0,0.0,0.0,0,0,0.0,2.891907,24.69502,72.773258,53.724785,933.888743,499.761171,46.929354,1634.664238,0,0,0,0.0,0.0,0.0,0.0,0.0,5727.045958,2386.317156,4178.028701,3940.567612,34676.238939,8498.175098,6207.195894,65613.569358,0.0,0.0,423.819084,226.969727,1629.504985,51.747082,371.010688,2703.051566,8.302846,33171.213301,2300.379687,35479.895834,0.0,167.289208,254.28415,421.573358,0.0,0.265,442.169228,19844.334979,14.883984,29.98,6.78,20338.413191,7225.116678,13402.916403,25058.416896,59576.393995,65486.497815,48976.651084,11148.154247,230874.147118,0.0,0.0,0.0,518.001429,248.51855,28.474728,1814.117101,2609.111808,175.367788,652.149348,858.228069,15700.250234,12590.759809,302.742444,5759.176912,36038.674604,0.0,0,0.0,185.733771,966.879764,0.0,0.0,1152.613535
2016-03-01,Monthly,Bank-bank Islam / Islamic Banks,0.0,0.0,0.0,0.093983,25.192286,114.273093,1.190266,140.749628,0,0,0,0.0,0.0,0,0,0.0,2.891907,24.764427,61.713912,52.203694,867.935775,385.294628,45.156351,1439.960694,0,0,0,0.0,0.0,0.0,0.0,0.0,4256.752913,2653.436582,3166.885101,4218.81844,34828.44959,8442.717588,5726.082416,63293.14263,0.0,0.0,5.453819,236.499138,1447.065174,57.432299,334.893844,2081.344274,4.165476,33291.285584,2273.419798,35568.870858,0.0,158.072847,252.508243,410.58109,0.0,0.265,357.86112,18622.663385,12.699527,28.79,6.78,19029.059032,7679.414594,14556.781294,25531.632437,58401.9084,67792.650037,48618.810444,10993.369828,233574.567034,0.0,0.0,0.0,490.046504,269.039572,28.968322,1958.830627,2746.885025,2004.026061,713.176348,461.967479,16810.518832,11630.596121,302.388081,5796.785998,37719.45892,0.0,0,0.0,34.944002,724.821442,0.0,33.3115,793.076944
2016-03-01,Monthly,Skim Perbankan Islam (SPI) / Islamic Banking Scheme (IBS),0.0,0.0,0.0,50.0,0.0,0.0,0.0,50.0,0,0,0,0.0,0.0,0,0,0.0,0.0,0.0,0.0,0.0,0.0,0.0,0.0,0.0,0,0,0,0.0,0.0,0.0,0.0,0.0,0.0,0.0,82.744014,76.079033,447.930258,7.594421,7.224311,621.572037,0.0,0.0,461.262165,0.798482,20.076609,0.0,0.161646,482.298902,0.0,50.798295,8.852677,59.650972,0.0,0.0,0.0,0.0,0.0,0.0,85.58,0.0,0.0,0.0,0.0,85.58,0.0,0.0,95.0,662.331848,463.727051,0.902441,34.0,1255.96134,0.0,0.0,0.0,0.0,0.0,0.0,0.0,0.0,121.17036,34.0,236.999386,1116.029543,165.91348,76.1,5.7,1755.912769,0.0,0,0.0,0.0,0.0,0.0,0.0,0.0
2016-03-01,Monthly,Jumlah/ Total,0.0,0.0,0.0,50.093983,25.192286,114.273093,1.190266,190.749628,0,0,0,0.0,0.0,0,0,0.0,2.891907,24.764427,61.713912,52.203694,867.935775,385.294628,45.156351,1439.960694,0,0,0,0.0,0.0,0.0,0.0,0.0,4256.752913,2653.436582,3249.629115,4294.897473,35276.379848,8450.312009,5733.306727,63914.714667,0.0,0.0,466.715984,237.29762,1467.141783,57.432299,335.05549,2563.643176,4.165476,33342.083879,2282.272475,35628.52183,0.0,158.072847,252.508243,410.58109,0.0,0.265,443.44112,18622.663385,12.699527,28.79,6.78,19114.639032,7679.414594,14556.781294,25626.632437,59064.240248,68256.377088,48619.712885,11027.369828,234830.528374,0.0,0.0,0.0,490.046504,269.039572,28.968322,1958.830627,2746.885025,2125.196421,747.176348,698.966865,17926.548375,11796.509601,378.488081,5802.485998,39475.371689,0.0,0,0.0,34.944002,724.821442,0.0,33.3115,793.076944
2016-04-01,Monthly,Bank-bank Islam / Islamic Banks,0.0,0.0,0.0,0.094011,25.066172,113.772493,1.176367,140.109043,0,0,0,0.0,0.0,0,0,0.0,2.891907,24.889185,61.720917,50.440878,859.935623,372.213296,44.187401,1416.279207,0,0,0,0.0,0.0,0.0,0.0,0.0,5259.157794,2200.023784,3312.691943,3318.875871,33867.556677,8312.05903,6036.012772,62306.377871,0.0,0.0,5.67204,274.504652,1787.748686,61.998318,388.994599,2518.918295,6.21546,33324.213207,2252.822541,35583.251208,0.0,154.850685,253.368022,408.218707,0.0,0.265,408.69656,16218.051382,12.715257,28.715,6.78,16675.223199,7511.773309,14877.993501,26442.27686,58462.110195,67779.675455,48666.98075,10679.279919,234420.089989,0.0,0.0,0.0,467.416277,259.05742,28.667733,1938.519105,2693.660535,2003.786437,471.708948,608.208536,16322.072411,13371.932205,285.982225,5929.736745,38993.427507,0.0,0,0.0,46.814261,653.674566,0.0,44.99375,745.482577
2016-04-01,Monthly,Skim Perbankan Islam (SPI) / Islamic Banking Scheme (IBS),0.0,0.0,0.0,50.0,0.0,0.0,0.0,50.0,0,0,0,0.0,0.0,0,0,0.0,0.0,0.0,0.0,0.0,0.0,0.0,0.0,0.0,0,0,0,0.0,0.0,0.0,0.0,0.0,0.0,0.0,65.900959,77.718555,380.4124,8.375085,7.786644,540.193643,0.0,0.0,453.08004,0.268481,23.990465,0.0,0.094891,477.433877,0.0,48.481618,8.582697,57.064315,0.0,0.0,0.0,0.0,0.0,0.0,85.58,0.0,0.0,0.0,0.0,85.58,0.0,0.0,95.0,740.808185,392.358598,0.905046,41.0,1270.071829,0.0,0.0,0.0,0.0,0.0,0.0,0.0,0.0,106.08727,34.0,255.411592,1130.686614,118.200824,75.85,5.45,1725.6863,0.0,0,0.0,0.0,0.0,0.0,0.0,0.0
2016-04-01,Monthly,Jumlah/ Total,0.0,0.0,0.0,50.094011,25.066172,113.772493,1.176367,190.109043,0,0,0,0.0,0.0,0,0,0.0,2.891907,24.889185,61.720917,50.440878,859.935623,372.213296,44.187401,1416.279207,0,0,0,0.0,0.0,0.0,0.0,0.0,5259.157794,2200.023784,3378.592902,3396.594426,34247.969077,8320.434115,6043.799416,62846.571514,0.0,0.0,458.75208,274.773133,1811.739151,61.998318,389.08949,2996.352172,6.21546,33372.694825,2261.405238,35640.315523,0.0,154.850685,253.368022,408.218707,0.0,0.265,494.27656,16218.051382,12.715257,28.715,6.78,16760.803199,7511.773309,14877.993501,26537.27686,59202.91838,68172.034053,48667.885796,10720.279919,235690.161818,0.0,0.0,0.0,467.416277,259.05742,28.667733,1938.519105,2693.660535,2109.873707,505.708948,863.620128,17452.759025,13490.133029,361.832225,5935.186745,40719.113807,0.0,0,0.0,46.814261,653.674566,0.0,44.99375,745.482577
2016-05-01,Monthly,Bank-bank Islam / Islamic Banks,0.0,0.0,0.0,0.094021,25.065398,113.759006,1.177773,140.096198,0,0,0,0.0,0.0,0,0,0.0,2.891907,24.915911,51.506267,45.404514,819.36894,363.735935,42.981564,1350.805038,0,0,0,0.0,0.0,0.0,0.0,0.0,4217.289618,2620.701521,4803.562356,3432.987561,33930.278942,8185.02727,5467.826438,62657.673706,0.0,0.0,1.257486,260.584134,1214.250836,64.829178,421.459442,1962.381076,5.724753,32840.003291,2239.243753,35084.971797,0.0,164.31429,257.405602,421.719892,0.0,0.265,59.494603,17512.313314,85.31244,27.945,6.78,17692.110357,7820.646377,15578.01145,25762.099605,54613.447292,69323.002626,49060.663985,10645.079587,232802.950922,826.2,0.0,0.0,510.065586,207.989553,27.697421,1950.327734,3522.280294,3000.225048,471.160397,828.343863,17894.012326,14729.713447,278.919712,6423.790647,43626.16544,0.0,0,0.0,1288.515733,674.611095,0.0,47.5065,2010.633328
2016-05-01,Monthly,Skim Perbankan Islam (SPI) / Islamic Banking Scheme (IBS),0.0,0.0,0.0,50.0,0.0,0.0,0.0,50.0,0,0,0,0.0,0.0,0,0,0.0,0.0,0.0,0.0,0.0,0.0,0.0,0.0,0.0,0,0,0,0.0,0.0,0.0,0.0,0.0,0.0,0.0,63.73949,76.139269,384.878027,21.07001,5.262336,551.089132,0.0,0.0,598.426613,0.807809,25.13598,0.0,0.100278,624.47068,0.0,46.447857,9.05001,55.497867,0.0,0.0,0.0,0.0,0.0,0.0,85.58,0.0,0.0,0.0,0.0,85.58,0.0,0.0,125.0,654.510016,366.014815,0.907576,44.5,1190.932407,0.0,0.0,0.0,0.0,0.0,0.0,0.0,0.0,202.227956,34.0,686.720055,669.925979,151.036672,75.85,5.45,1825.210662,0.0,0,0.0,0.0,0.0,0.0,0.0,0.0
2016-05-01,Monthly,Jumlah/ Total,0.0,0.0,0.0,50.094021,25.065398,113.759006,1.177773,190.096198,0,0,0,0.0,0.0,0,0,0.0,2.891907,24.915911,51.506267,45.404514,819.36894,363.735935,42.981564,1350.805038,0,0,0,0.0,0.0,0.0,0.0,0.0,4217.289618,2620.701521,4867.301846,3509.12683,34315.156969,8206.09728,5473.088774,63208.762838,0.0,0.0,599.684099,261.391943,1239.386816,64.829178,421.55972,2586.851756,5.724753,32886.451148,2248.293763,35140.469664,0.0,164.31429,257.405602,421.719892,0.0,0.265,145.074603,17512.313314,85.31244,27.945,6.78,17777.690357,7820.646377,15578.01145,25887.099605,55267.957308,69689.017441,49061.571561,10689.579587,233993.883329,826.2,0.0,0.0,510.065586,207.989553,27.697421,1950.327734,3522.280294,3202.453004,505.160397,1515.063918,18563.938305,14880.750119,354.769712,6429.240647,45451.376102,0.0,0,0.0,1288.515733,674.611095,0.0,47.5065,2010.633328
2016-06-01,Monthly,Bank-bank Islam / Islamic Banks,0.0,0.0,0.0,0.094191,25.208727,113.460232,1.181837,139.944987,0,0,0,0.0,0.0,0,0,0.0,2.891907,25.043466,39.698801,45.445086,805.846048,350.959082,42.34259,1312.22698,0,0,0,0.0,0.0,0.0,0.0,0.0,4900.751798,2489.39483,4392.42299,3679.728862,36752.808778,8220.660644,5388.263701,65824.031603,0.0,0.0,1.919344,276.289485,1183.282708,57.835164,395.936647,1915.263348,3.987185,34017.627239,2309.811401,36331.425825,0.0,154.032594,249.857794,403.890388,0.0,0.265,59.653778,15382.282339,3.8,27.945,6.78,15480.726117,8801.35528,15437.31401,27174.366274,52204.880232,64395.439478,50222.113554,10925.687803,229161.156631,806.236687,0.0,0.0,1134.230864,340.577369,26.706298,1890.9438,4198.695018,3000.225044,484.3,678.161827,18289.386459,14202.352104,268.760021,6687.548745,43610.7342,0.0,0,0.0,225.201544,774.009077,0.0,67.214613,1066.425234
2016-06-01,Monthly,Skim Perbankan Islam (SPI) / Islamic Banking Scheme (IBS),0.0,0.0,0.0,50.0,0.0,0.0,0.0,50.0,0,0,0,0.0,0.0,0,0,0.0,0.0,0.0,0.0,0.0,0.0,0.0,0.0,0.0,0,0,0,0.0,0.0,0.0,0.0,0.0,0.0,0.0,52.637538,26.784615,373.249622,6.357718,2.981482,462.010975,0.0,0.0,481.024969,0.313543,20.12038,0.0,0.097767,501.556659,0.0,49.37262,7.751718,57.124338,0.0,0.0,0.0,0.0,0.0,0.0,85.58,0.0,0.0,0.0,0.0,85.58,0.0,0.0,95.0,663.382793,484.447446,0.910366,28.0,1271.740605,0.0,0.0,0.0,0.0,0.0,0.0,0.0,0.0,21.006644,34.0,211.123128,1254.977882,120.163413,75.85,5.45,1722.571067,0.0,0,0.0,0.0,0.0,0.0,0.0,0.0
2016-06-01,Monthly,Jumlah/ Total,0.0,0.0,0.0,50.094191,25.208727,113.460232,1.181837,189.944987,0,0,0,0.0,0.0,0,0,0.0,2.891907,25.043466,39.698801,45.445086,805.846048,350.959082,42.34259,1312.22698,0,0,0,0.0,0.0,0.0,0.0,0.0,4900.751798,2489.39483,4445.060528,3706.513477,37126.0584,8227.018362,5391.245183,66286.042578,0.0,0.0,482.944313,276.603028,1203.403088,57.835164,396.034414,2416.820007,3.987185,34066.999859,2317.563119,36388.550163,0.0,154.032594,249.857794,403.890388,0.0,0.265,145.233778,15382.282339,3.8,27.945,6.78,15566.306117,8801.35528,15437.31401,27269.366274,52868.263025,64879.886924,50223.02392,10953.687803,230432.897236,806.236687,0.0,0.0,1134.230864,340.577369,26.706298,1890.9438,4198.695018,3021.231688,518.3,889.284955,19544.364341,14322.515517,344.610021,6692.998745,45333.305267,0.0,0,0.0,225.201544,774.009077,0.0,67.214613,1066.425234
2016-07-01,Monthly,Bank-bank Islam / Islamic Banks,0.0,0.0,0.0,0.094453,27.935247,113.705162,1.187427,142.922289,0,0,0,0.0,0.0,0,0,0.0,2.891907,25.109221,39.832927,45.479955,796.670094,343.836758,41.59261,1295.413472,0,0,0,0.0,0.0,0.0,0.0,0.0,5247.612557,2779.917432,3568.827621,3701.453425,34676.789878,8304.83747,5739.374275,64018.812658,0.0,0.0,1.91865,217.059548,1034.079465,61.458394,389.893915,1704.409972,4.632805,33028.26239,2243.037699,35275.932894,0.0,163.766099,252.048328,415.814427,0.0,0.265,9.751573,17507.703843,3.8,27.945,6.78,17556.245416,7952.031805,15018.962813,25124.114293,57093.204396,65185.744864,52644.449688,10375.973788,233394.481647,0.0,0.0,0.0,935.921134,1053.995095,25.763781,1837.471342,3853.151352,0.247248,491.11916,909.928925,19268.525298,12513.387163,304.286805,7115.579096,40603.073695,0.0,0,0.0,231.828801,806.958153,0.0,131.041272,1169.828226
2016-07-01,Monthly,Skim Perbankan Islam (SPI) / Islamic Banking Scheme (IBS),0.0,0.0,0.0,50.0,0.0,0.0,0.0,50.0,0,0,0,0.0,0.0,0,0,0.0,0.0,0.0,0.0,0.0,0.0,0.0,0.0,0.0,0,0,0,0.0,0.0,0.0,0.0,0.0,0.0,0.0,95.031611,254.242464,192.586137,7.631481,0.351077,549.84277,0.0,0.0,283.384599,4.828926,1.596503,0.0,13.22652,303.036548,0.0,45.552347,7.853372,53.405719,0.0,0.0,0.0,0.0,0.0,0.0,85.58,0.0,0.0,0.0,0.0,85.58,0.0,0.0,75.0,830.52403,517.047887,2.203707,28.0,1452.775624,0.0,0.0,0.0,0.0,0.0,0.0,0.0,0.0,91.084583,34.0,235.452699,1173.06914,92.714542,75.35,5.45,1707.120964,0.0,0,0.0,0.0,0.0,0.0,0.0,0.0
2016-07-01,Monthly,Jumlah/ Total,0.0,0.0,0.0,50.094453,27.935247,113.705162,1.187427,192.922289,0,0,0,0.0,0.0,0,0,0.0,2.891907,25.109221,39.832927,45.479955,796.670094,343.836758,41.59261,1295.413472,0,0,0,0.0,0.0,0.0,0.0,0.0,5247.612557,2779.917432,3663.859232,3955.695889,34869.376015,8312.468951,5739.725352,64568.655428,0.0,0.0,285.303249,221.888474,1035.675968,61.458394,403.120435,2007.44652,4.632805,33073.814737,2250.891071,35329.338613,0.0,163.766099,252.048328,415.814427,0.0,0.265,95.331573,17507.703843,3.8,27.945,6.78,17641.825416,7952.031805,15018.962813,25199.114293,57923.728426,65702.792751,52646.653395,10403.973788,234847.257271,0.0,0.0,0.0,935.921134,1053.995095,25.763781,1837.471342,3853.151352,91.331831,525.11916,1145.381624,20441.594438,12606.101705,379.636805,7121.029096,42310.194659,0.0,0,0.0,231.828801,806.958153,0.0,131.041272,1169.828226
2016-08-01,Monthly,Bank-bank Islam / Islamic Banks,0.0,0.0,0.0,0.094606,27.936893,113.67613,1.191147,142.898776,0,0,0,0.0,0.0,0,0,0.0,2.891907,24.733044,38.744659,38.255938,779.864311,336.511983,41.621264,1262.623106,0,0,0,0.0,0.0,0.0,0.0,0.0,4441.862605,2573.198095,3584.905769,3492.412578,34092.563191,8259.119983,5814.200128,62258.262349,0.0,0.0,1.649507,186.537948,1384.175223,64.348216,443.444796,2080.15569,5.983254,33395.460253,2249.93161,35651.375117,0.0,170.020511,252.951636,422.972147,0.0,0.265,9.784264,14777.124028,3.8,26.965,6.78,14824.718292,7885.650824,15313.919962,25788.407907,60010.405792,64492.956091,51821.085967,10221.445147,235533.87169,0.0,0.0,0.0,883.12575,307.025875,25.168239,1857.185868,3072.505732,0.250686,440.549,817.586332,18639.268329,11657.8595,276.313149,7663.092501,39494.919497,0.0,0,0.0,289.905954,758.36568,0.1402,138.038209,1186.450043
2016-08-01,Monthly,Skim Perbankan Islam (SPI) / Islamic Banking Scheme (IBS),0.0,0.0,0.0,0.0,0.0,0.0,0.0,0.0,0,0,0,0.0,0.0,0,0,0.0,0.0,0.0,0.0,0.0,0.0,0.0,0.0,0.0,0,0,0,0.0,0.0,0.0,0.0,0.0,0.0,0.0,67.641693,212.829994,207.074633,10.40622,0.414185,498.366725,0.0,0.0,303.414372,4.845189,1.997785,0.0,13.141333,323.398679,0.0,47.989524,7.500006,55.48953,0.0,0.0,0.0,0.0,0.0,0.0,85.58,0.0,0.0,0.0,0.0,85.58,0.0,0.0,75.0,761.126532,577.610048,24.524728,38.02,1476.281308,0.0,0.0,0.0,0.0,0.0,0.0,0.0,0.0,81.172555,34.0,351.196091,1001.115405,99.241339,75.35,5.45,1647.52539,0.0,0,0.0,0.0,0.0,0.0,0.0,0.0
2016-08-01,Monthly,Jumlah/ Total,0.0,0.0,0.0,0.094606,27.936893,113.67613,1.191147,142.898776,0,0,0,0.0,0.0,0,0,0.0,2.891907,24.733044,38.744659,38.255938,779.864311,336.511983,41.621264,1262.623106,0,0,0,0.0,0.0,0.0,0.0,0.0,4441.862605,2573.198095,3652.547462,3705.242572,34299.637824,8269.526203,5814.614313,62756.629074,0.0,0.0,305.063879,191.383137,1386.173008,64.348216,456.586129,2403.554369,5.983254,33443.449777,2257.431616,35706.864647,0.0,170.020511,252.951636,422.972147,0.0,0.265,95.364264,14777.124028,3.8,26.965,6.78,14910.298292,7885.650824,15313.919962,25863.407907,60771.532324,65070.566139,51845.610695,10259.465147,237010.152998,0.0,0.0,0.0,883.12575,307.025875,25.168239,1857.185868,3072.505732,81.423241,474.549,1168.782423,19640.383734,11757.100839,351.663149,7668.542501,41142.444887,0.0,0,0.0,289.905954,758.36568,0.1402,138.038209,1186.450043
2016-09-01,Monthly,Bank-bank Islam / Islamic Banks,0.0,0.0,0.0,0.094596,27.935832,113.199063,1.20505,142.434541,0,0,0,0.0,0.0,0,0,0.0,2.891907,23.59675,40.378841,28.988605,769.533888,332.697203,41.32096,1239.408154,0,0,0,0.0,0.0,0.0,0.0,0.0,4358.739556,2387.24042,3664.969101,3490.785082,33966.5547,8180.034621,5419.716748,61468.040228,0.0,0.0,1.794541,201.099533,1015.957435,57.105645,419.579477,1695.536631,5.65483,34017.232689,2296.901288,36319.788807,0.0,161.86216,252.995748,414.857908,0.0,0.265,9.815901,14533.179904,3.8,26.965,6.78,14580.805805,8183.969243,16461.444589,28138.164193,63871.127817,64956.327369,53450.474184,10933.490197,245994.997592,0.0,0.0,0.0,877.741647,377.730146,25.552422,2083.128467,3364.152682,3000.271962,489.154,441.051384,19530.073446,11950.146459,330.774143,8309.130972,44050.602366,0.0,0,0.0,261.894039,792.931381,0.533602,145.346447,1200.705469
2016-09-01,Monthly,Skim Perbankan Islam (SPI) / Islamic Banking Scheme (IBS),0.0,0.0,0.0,0.0,0.0,0.0,0.0,0.0,0,0,0,0.0,0.0,0,0,0.0,0.0,0.0,0.0,0.0,0.0,0.0,0.0,0.0,0,0,0,0.0,0.0,0.0,0.0,0.0,0.0,0.0,52.619152,230.314538,182.523843,8.550361,0.464427,474.472321,0.0,0.0,167.128401,5.096922,1.559211,0.0,12.717053,186.501587,0.0,47.824363,7.635993,55.460356,0.0,0.0,0.0,0.0,0.0,0.0,85.58,0.0,0.0,0.0,0.0,85.58,0.0,0.0,75.0,784.90559,497.363995,34.127325,25.504611,1416.901521,0.0,0.0,0.0,0.0,0.0,0.0,0.0,0.0,81.273459,34.0,124.689563,1071.14105,105.143676,75.35,5.45,1497.047748,0.0,0,0.0,0.036458,0.0,0.0,0.0,0.036458
2016-09-01,Monthly,Jumlah/ Total,0.0,0.0,0.0,0.094596,27.935832,113.199063,1.20505,142.434541,0,0,0,0.0,0.0,0,0,0.0,2.891907,23.59675,40.378841,28.988605,769.533888,332.697203,41.32096,1239.408154,0,0,0,0.0,0.0,0.0,0.0,0.0,4358.739556,2387.24042,3717.588253,3721.09962,34149.078543,8188.584982,5420.181175,61942.512549,0.0,0.0,168.922942,206.196455,1017.516646,57.105645,432.29653,1882.038218,5.65483,34065.057052,2304.537281,36375.249163,0.0,161.86216,252.995748,414.857908,0.0,0.265,95.395901,14533.179904,3.8,26.965,6.78,14666.385805,8183.969243,16461.444589,28213.164193,64656.033407,65453.691364,53484.601509,10958.994808,247411.899113,0.0,0.0,0.0,877.741647,377.730146,25.552422,2083.128467,3364.152682,3081.545421,523.154,565.740947,20601.214496,12055.290135,406.124143,8314.580972,45547.650114,0.0,0,0.0,261.930497,792.931381,0.533602,145.346447,1200.741927
2016-10-01,Monthly,Bank-bank Islam / Islamic Banks,0.0,0.0,0.0,0.094797,27.938284,113.329267,1.200849,142.563197,0,0,0,0.0,0.0,0,0,0.0,2.891907,18.136105,40.409389,29.217023,735.73915,329.497226,40.244682,1196.135482,0,0,0,0.0,0.0,0.0,0.0,0.0,6077.07401,1988.775511,3299.592076,3543.181036,34136.779949,8119.932182,5629.40472,62794.739484,0.528979,0.0,0.373454,277.243561,1133.226528,58.486862,464.256512,1934.115896,5.33778,33589.195982,2256.504184,35851.037946,0.0,155.576843,253.49085,409.067693,0.0,0.265,9.846182,12507.463878,3.8,26.965,6.78,12555.12006,8954.147455,16017.325598,25303.064886,63176.207121,64173.078939,53954.330058,11264.763369,242842.917426,1.262024,0.0,0.0,1115.270949,296.263858,25.527422,2074.45453,3512.778783,2000.300204,931.377,571.320975,20104.389427,13970.067028,306.038611,8541.104308,46424.597553,0.0,0,0.0,289.439559,772.757999,0.331106,138.031516,1200.56018
2016-10-01,Monthly,Skim Perbankan Islam (SPI) / Islamic Banking Scheme (IBS),0.0,0.0,0.0,0.0,0.0,0.0,0.0,0.0,0,0,0,0.0,0.0,0,0,0.0,0.0,0.0,0.0,0.0,0.0,0.0,0.0,0.0,0,0,0,0.0,0.0,0.0,0.0,0.0,0.0,0.0,55.696461,272.166638,221.581696,7.98781,0.565245,557.99785,0.0,0.0,140.980318,5.827475,1.575997,0.0,12.390183,160.773973,0.0,47.673212,7.724727,55.397939,0.0,0.0,0.0,0.0,0.0,0.0,85.58,0.0,0.0,0.0,0.0,85.58,0.0,19.55,75.0,781.817525,826.460097,37.475538,34.497105,1774.800265,0.0,0.0,0.0,0.0,0.0,0.0,0.0,0.0,41.061691,34.0,60.045252,1108.178315,215.635445,74.85,5.45,1539.220703,0.0,0,0.0,0.036968,0.0,0.0,0.0,0.036968
2016-10-01,Monthly,Jumlah/ Total,0.0,0.0,0.0,0.094797,27.938284,113.329267,1.200849,142.563197,0,0,0,0.0,0.0,0,0,0.0,2.891907,18.136105,40.409389,29.217023,735.73915,329.497226,40.244682,1196.135482,0,0,0,0.0,0.0,0.0,0.0,0.0,6077.07401,1988.775511,3355.288537,3815.347674,34358.361645,8127.919992,5629.969965,63352.737334,0.528979,0.0,141.353772,283.071036,1134.802525,58.486862,476.646695,2094.889869,5.33778,33636.869194,2264.228911,35906.435885,0.0,155.576843,253.49085,409.067693,0.0,0.265,95.426182,12507.463878,3.8,26.965,6.78,12640.70006,8954.147455,16036.875598,25378.064886,63958.024646,64999.539036,53991.805596,11299.260474,244617.717691,1.262024,0.0,0.0,1115.270949,296.263858,25.527422,2074.45453,3512.778783,2041.361895,965.377,631.366227,21212.567742,14185.702473,380.888611,8546.554308,47963.818256,0.0,0,0.0,289.476527,772.757999,0.331106,138.031516,1200.597148
2016-11-01,Monthly,Bank-bank Islam / Islamic Banks,0.0,0.0,0.0,0.094821,27.937096,113.041495,1.201837,142.275249,0,0,0,0.0,0.0,0,0,0.0,0.030905,18.183054,40.489194,29.035112,729.615396,326.187889,38.81611,1182.35766,0,0,0,0.0,0.0,0.0,0.0,0.0,4513.101176,2103.754406,3181.972849,3597.469666,34851.535231,8117.210223,5626.695642,61991.739193,0.442602,0.0,0.552301,137.774113,1488.243702,64.55037,430.831261,2122.394349,5.099921,33841.053088,2340.894998,36187.048007,0.0,155.858045,263.101859,418.959904,0.0,0.265,9.875235,13314.064944,3.8,26.765,6.78,13361.550179,9193.790784,15713.72414,24024.229872,61887.100259,65242.275447,56465.693621,12249.163435,244775.977558,1.194608,0.0,0.0,1293.969589,591.394642,25.484967,2314.70172,4226.745526,0.293101,427.536,637.50447,17121.619871,13542.451364,284.046171,7786.42143,39799.872407,0.0,0,0.0,322.54445,735.868847,0.206574,180.416704,1239.036575
2016-11-01,Monthly,Skim Perbankan Islam (SPI) / Islamic Banking Scheme (IBS),0.0,0.0,0.0,0.0,0.0,0.0,0.0,0.0,0,0,0,0.0,0.0,0,0,0.0,0.0,0.0,0.0,0.0,0.0,0.0,0.0,0.0,0,0,0,0.0,0.0,0.0,0.0,0.0,0.0,0.0,51.997785,238.76831,202.038543,7.512856,0.714461,501.031955,0.0,0.0,169.233213,5.43811,1.679809,0.0,13.234043,189.585175,0.0,49.579602,8.033719,57.613321,0.0,0.0,0.0,0.0,0.0,0.0,85.58,0.0,0.0,0.0,0.0,85.58,0.0,53.45624,100.0,808.896103,818.531237,35.48914,39.091984,1855.464704,0.0,0.0,0.0,0.0,0.0,0.0,0.0,0.0,61.105745,34.0,204.912241,1054.985203,149.965502,74.85,5.45,1585.268691,0.0,0,0.0,0.0,0.0,0.0,0.0,0.0
2016-11-01,Monthly,Jumlah/ Total,0.0,0.0,0.0,0.094821,27.937096,113.041495,1.201837,142.275249,0,0,0,0.0,0.0,0,0,0.0,0.030905,18.183054,40.489194,29.035112,729.615396,326.187889,38.81611,1182.35766,0,0,0,0.0,0.0,0.0,0.0,0.0,4513.101176,2103.754406,3233.970634,3836.237976,35053.573774,8124.723079,5627.410103,62492.771148,0.442602,0.0,169.785514,143.212223,1489.923511,64.55037,444.065304,2311.979524,5.099921,33890.63269,2348.928717,36244.661328,0.0,155.858045,263.101859,418.959904,0.0,0.265,95.455235,13314.064944,3.8,26.765,6.78,13447.130179,9193.790784,15767.18038,24124.229872,62695.996362,66060.806684,56501.182761,12288.255419,246631.442262,1.194608,0.0,0.0,1293.969589,591.394642,25.484967,2314.70172,4226.745526,61.398846,461.536,842.416711,18176.605074,13692.416866,358.896171,7791.87143,41385.141098,0.0,0,0.0,322.54445,735.868847,0.206574,180.416704,1239.036575
2016-12-01,Monthly,Bank-bank Islam / Islamic Banks,0.0,0.0,0.0,0.095196,27.941403,113.449408,1.20671,142.692717,0,0,0,0.0,0.0,0,0,0.0,0.031,12.64076,40.527764,29.784264,726.275845,322.99639,37.939877,1170.1959,0,0,0,0.0,0.0,0.0,0.0,0.0,3777.862075,2251.325745,3120.712576,3944.092074,36713.941267,8186.686862,5285.774004,63280.394603,0.19147,0.0,0.095397,204.391309,1551.405872,68.898647,451.2921,2276.274795,5.571796,33718.416302,2360.481421,36084.469519,0.0,155.843982,260.358617,416.202599,0.0,0.265,9.905258,16705.871306,3.8,26.765,6.78,16753.386564,7562.857103,14572.843105,26762.192451,62907.978226,69836.208571,58654.607057,11778.077217,252074.76373,0.4486,0.0,0.0,1052.163692,267.587561,23.529135,1786.947596,3130.676584,10.306122,406.687,1052.703677,15161.393549,13278.827705,349.470476,7651.153571,37910.5421,0.0,0,0.0,372.769845,859.863015,1.341212,183.960293,1417.934365
2016-12-01,Monthly,Skim Perbankan Islam (SPI) / Islamic Banking Scheme (IBS),0.0,0.0,0.0,0.0,0.0,0.0,0.0,0.0,0,0,0,0.0,0.0,0,0,0.0,0.0,0.0,0.0,0.0,0.0,0.0,0.0,0.0,0,0,0,0.0,0.0,0.0,0.0,0.0,0.0,0.0,48.084039,225.070663,209.01986,6.689996,1.379027,490.243585,0.0,0.0,235.798776,3.57475,5.979639,0.0,13.268827,258.621992,0.0,50.749321,8.774759,59.52408,0.0,0.0,0.0,0.0,0.0,0.0,0.0,0.0,0.0,0.0,0.0,0.0,0.0,28.932993,193.478954,796.470599,747.216875,36.312974,51.570246,1853.982641,0.0,0.0,0.0,0.0,0.0,0.0,0.0,0.0,42.058748,34.0,299.347482,796.360398,139.482534,74.6,5.45,1391.299162,0.0,0,0.0,0.0,0.0,0.0,0.0,0.0
2016-12-01,Monthly,Jumlah/ Total,0.0,0.0,0.0,0.095196,27.941403,113.449408,1.20671,142.692717,0,0,0,0.0,0.0,0,0,0.0,0.031,12.64076,40.527764,29.784264,726.275845,322.99639,37.939877,1170.1959,0,0,0,0.0,0.0,0.0,0.0,0.0,3777.862075,2251.325745,3168.796615,4169.162737,36922.961127,8193.376858,5287.153031,63770.638188,0.19147,0.0,235.894173,207.966059,1557.385511,68.898647,464.560927,2534.896787,5.571796,33769.165623,2369.25618,36143.993599,0.0,155.843982,260.358617,416.202599,0.0,0.265,9.905258,16705.871306,3.8,26.765,6.78,16753.386564,7562.857103,14601.776098,26955.671405,63704.448825,70583.425446,58690.920031,11829.647463,253928.746371,0.4486,0.0,0.0,1052.163692,267.587561,23.529135,1786.947596,3130.676584,52.36487,440.687,1352.051159,15957.753947,13418.310239,424.070476,7656.603571,39301.841262,0.0,0,0.0,372.769845,859.863015,1.341212,183.960293,1417.934365
2017-01-01,Monthly,Bank-bank Islam / Islamic Banks,0.0,0.0,0.0,0.095216,27.940832,113.169629,1.2076,142.413277,0,0,0,0.0,0.0,0,0,0.0,0.031,12.675151,37.701404,29.892154,714.113632,320.582665,37.827177,1152.823183,0,0,0,0.0,0.0,0.0,0.0,0.0,5677.248595,2418.900165,3688.056828,3797.119195,35552.200789,8318.047334,6016.115264,65467.68817,0.19241,0.0,3.161722,324.98597,1598.365777,70.786563,417.159033,2414.651475,6.675261,34791.807249,2391.857415,37190.339925,0.0,148.782306,248.379029,397.161335,0.0,0.265,9.93528,17298.588289,3.8,26.765,6.78,17346.133569,7540.092816,13793.726072,29925.954865,55738.255695,65715.589825,61793.751402,11522.843405,246030.21408,0.0,0.0,0.0,1551.954185,1303.099124,23.666098,1007.565204,3886.284611,43.978331,575.349,876.115131,15461.474552,13055.126886,337.232649,7641.576991,37990.85354,0.0,0,0.0,378.31139,770.2024,1.774131,165.671291,1315.959212
2017-01-01,Monthly,Skim Perbankan Islam (SPI) / Islamic Banking Scheme (IBS),0.0,0.0,0.0,0.0,0.0,0.0,0.0,0.0,0,0,0,0.0,0.0,0,0,0.0,0.0,0.0,0.0,0.0,0.0,0.0,0.0,0.0,0,0,0,0.0,0.0,0.0,0.0,0.0,0.0,0.0,64.94789,239.277366,208.901389,7.36939,1.507721,522.003756,0.0,0.0,250.695734,3.201556,2.379592,0.0,13.096756,269.373638,0.0,49.615075,8.871199,58.486274,0.0,0.0,0.0,0.0,0.0,0.0,0.0,0.0,0.0,0.0,0.0,0.0,0.0,29.022943,158.132329,709.577723,860.228812,36.784528,55.366115,1849.11245,0.0,0.0,0.0,0.0,0.0,0.0,0.0,0.0,72.07417,34.0,242.519507,906.365129,82.952081,74.35,5.45,1417.710887,0.0,0,0.0,0.0,0.0,0.0,0.0,0.0
2017-01-01,Monthly,Jumlah/ Total,0.0,0.0,0.0,0.095216,27.940832,113.169629,1.2076,142.413277,0,0,0,0.0,0.0,0,0,0.0,0.031,12.675151,37.701404,29.892154,714.113632,320.582665,37.827177,1152.823183,0,0,0,0.0,0.0,0.0,0.0,0.0,5677.248595,2418.900165,3753.004718,4036.396561,35761.102178,8325.416724,6017.622985,65989.691926,0.19241,0.0,253.857456,328.187526,1600.745369,70.786563,430.255789,2684.025113,6.675261,34841.422324,2400.728614,37248.826199,0.0,148.782306,248.379029,397.161335,0.0,0.265,9.93528,17298.588289,3.8,26.765,6.78,17346.133569,7540.092816,13822.749015,30084.087194,56447.833418,66575.818637,61830.53593,11578.20952,247879.32653,0.0,0.0,0.0,1551.954185,1303.099124,23.666098,1007.565204,3886.284611,116.052501,609.349,1118.634638,16367.839681,13138.078967,411.582649,7647.026991,39408.564427,0.0,0,0.0,378.31139,770.2024,1.774131,165.671291,1315.959212
2017-02-01,Monthly,Bank-bank Islam / Islamic Banks,0.0,0.0,0.0,0.095953,27.951057,114.569466,1.223092,143.839568,0,0,0,0.0,0.0,0,0,0.0,0.031078,10.182562,37.712429,28.742012,668.18094,168.824231,25.790185,939.463437,0,0,0,0.0,0.0,0.0,0.0,0.0,6424.572254,2803.465148,3678.834166,3799.871244,38068.174327,8431.865486,6274.737448,69481.520073,0.190965,0.0,1.61294,195.70762,1517.238902,66.634261,399.067381,2180.452069,3.396212,35620.837136,2395.045836,38019.279184,0.0,149.797529,252.975079,402.772608,0.0,0.265,9.962396,16479.558742,3.6,24.72,6.78,16524.886138,7924.242371,13968.303326,28279.215679,57980.532733,67573.662379,64552.259169,11590.707058,251868.922715,0.0,0.0,0.0,1571.551648,335.781536,23.885665,2514.575839,4445.794688,1.614196,455.843,702.175672,14898.170321,15525.23141,378.899975,7665.39967,39627.334244,0.0,0,0.0,249.852894,737.830334,1.769663,191.088252,1180.541143
2017-02-01,Monthly,Skim Perbankan Islam (SPI) / Islamic Banking Scheme (IBS),0.0,0.0,0.0,0.0,0.0,0.0,0.0,0.0,0,0,0,0.0,0.0,0,0,0.0,0.0,0.0,0.0,0.0,0.0,0.0,0.0,0.0,0,0,0,0.0,0.0,0.0,0.0,0.0,0.0,0.0,78.996554,231.751098,208.322658,9.175001,1.088161,529.333472,0.0,0.0,346.376746,4.861488,1.913286,0.0,13.138349,366.289869,0.0,53.11668,9.027031,62.143711,0.0,0.0,0.0,0.0,0.0,0.0,0.0,0.0,0.0,0.0,0.0,0.0,0.0,29.115064,113.0,623.659019,956.810378,38.840843,56.247355,1817.672659,0.0,0.0,0.0,0.0,0.0,0.0,0.0,0.0,72.040211,34.0,64.633724,1103.049586,87.735875,74.35,5.45,1441.259396,0.0,0,0.0,0.0,0.0,0.0,0.0,0.0
2017-02-01,Monthly,Jumlah/ Total,0.0,0.0,0.0,0.095953,27.951057,114.569466,1.223092,143.839568,0,0,0,0.0,0.0,0,0,0.0,0.031078,10.182562,37.712429,28.742012,668.18094,168.824231,25.790185,939.463437,0,0,0,0.0,0.0,0.0,0.0,0.0,6424.572254,2803.465148,3757.83072,4031.622342,38276.496985,8441.040487,6275.825609,70010.853545,0.190965,0.0,347.989686,200.569108,1519.152188,66.634261,412.20573,2546.741938,3.396212,35673.953816,2404.072867,38081.422895,0.0,149.797529,252.975079,402.772608,0.0,0.265,9.962396,16479.558742,3.6,24.72,6.78,16524.886138,7924.242371,13997.41839,28392.215679,58604.191752,68530.472757,64591.100012,11646.954413,253686.595374,0.0,0.0,0.0,1571.551648,335.781536,23.885665,2514.575839,4445.794688,73.654407,489.843,766.809396,16001.219907,15612.967285,453.249975,7670.84967,41068.59364,0.0,0,0.0,249.852894,737.830334,1.769663,191.088252,1180.541143
2017-03-01,Monthly,Bank-bank Islam / Islamic Banks,0.0,0.0,0.0,0.095733,27.94703,113.29923,1.219892,142.561885,0,0,0,0.0,0.0,0,0,0.0,0.031078,34.618038,13.38983,28.862241,651.224838,165.36409,24.771428,918.261543,0,0,0,0.0,0.0,0.0,0.0,0.0,3924.490739,2812.349774,3406.903941,4199.315431,36253.98114,8524.905317,5938.836898,65060.78324,0.191837,0.0,3.923976,220.625792,1717.840505,70.019197,422.720546,2435.321853,5.935806,36082.212246,2367.21845,38455.366502,0.0,151.167758,262.6067,413.774458,0.0,0.265,9.992419,17074.799367,501.341612,24.64,6.78,17617.818398,7252.130592,15049.516745,26612.495486,59609.11436,67027.15705,66773.949831,11376.75898,253701.123044,1.026724,0.0,0.0,1803.692632,61.443101,25.562191,2237.843659,4129.568307,553.345699,420.533,608.708236,18314.198365,15077.703569,259.119392,6884.678509,42118.28677,0.0,0,0.0,311.300587,682.499914,0.0,222.407704,1216.208205
2017-03-01,Monthly,Skim Perbankan Islam (SPI) / Islamic Banking Scheme (IBS),0.0,0.0,0.0,0.0,0.0,0.0,0.0,0.0,0,0,0,0.0,0.0,0,0,0.0,0.0,0.0,0.0,0.0,0.0,0.0,0.0,0.0,0,0,0,0.0,0.0,0.0,0.0,0.0,0.0,0.0,45.859029,316.094594,246.449055,7.765494,4.049854,620.218026,0.0,0.0,545.734582,3.553124,1.677709,0.0,13.460346,564.425761,0.0,52.297892,8.823949,61.121841,0.0,0.0,0.0,0.0,0.0,0.0,0.0,0.0,0.0,0.0,0.0,0.0,20.0,24.06795,158.0,876.513799,955.753488,47.266782,82.57075,2164.172769,0.0,0.0,0.0,0.0,0.0,0.0,0.0,0.0,122.108137,34.0,601.305533,472.991713,177.864442,74.6,5.2,1488.069825,0.0,0,0.0,0.0,0.0,0.0,0.0,0.0
2017-03-01,Monthly,Jumlah/ Total,0.0,0.0,0.0,0.095733,27.94703,113.29923,1.219892,142.561885,0,0,0,0.0,0.0,0,0,0.0,0.031078,34.618038,13.38983,28.862241,651.224838,165.36409,24.771428,918.261543,0,0,0,0.0,0.0,0.0,0.0,0.0,3924.490739,2812.349774,3452.76297,4515.410025,36500.430195,8532.670811,5942.886752,65681.001266,0.191837,0.0,549.658558,224.178916,1719.518214,70.019197,436.180892,2999.747614,5.935806,36134.510138,2376.042399,38516.488343,0.0,151.167758,262.6067,413.774458,0.0,0.265,9.992419,17074.799367,501.341612,24.64,6.78,17617.818398,7272.130592,15073.584695,26770.495486,60485.628159,67982.910538,66821.216613,11459.32973,255865.295813,1.026724,0.0,0.0,1803.692632,61.443101,25.562191,2237.843659,4129.568307,675.453836,454.533,1210.013769,18787.190078,15255.568011,333.719392,6889.878509,43606.356595,0.0,0,0.0,311.300587,682.499914,0.0,222.407704,1216.208205
2017-04-01,Monthly,Bank-bank Islam / Islamic Banks,0.0,0.0,0.0,0.095693,27.945713,113.085204,1.219892,142.346502,0,0,0,0.0,0.0,0,0,0.0,0.031154,34.642428,13.425269,29.088603,622.217982,164.558239,24.242233,888.205908,0,0,0,0.0,0.0,0.0,0.0,0.0,6216.599658,2300.825369,4317.059793,3700.384512,36302.383299,8402.306104,5918.588745,67158.14748,0.586337,0.0,2.490086,215.347875,1288.893211,66.887509,490.26699,2064.472008,6.163333,35585.251922,2328.730953,37920.146208,0.0,154.14807,253.636236,407.784306,0.0,0.265,10.021202,15753.718277,402.636114,24.375,7.271328,16198.286921,8143.675267,14991.062964,28123.488398,60738.87398,70921.698605,67323.615473,11205.671561,261448.086248,0.320509,0.0,0.0,1775.518786,57.209228,23.599758,2494.122768,4350.771049,209.704079,883.334,973.413504,15248.611562,16873.815826,301.782768,7066.577577,41557.239316,0.0,0,0.0,267.404066,531.730207,1.56365,215.371844,1016.069767
2017-04-01,Monthly,Skim Perbankan Islam (SPI) / Islamic Banking Scheme (IBS),0.0,0.0,0.0,0.0,0.0,0.0,0.0,0.0,0,0,0,0.0,0.0,0,0,0.0,0.0,0.0,0.0,0.0,0.0,0.0,0.0,0.0,0,0,0,0.0,0.0,0.0,0.0,0.0,0.0,0.0,43.309685,231.217575,270.671195,7.840746,3.991047,557.030248,0.0,0.0,555.935127,2.064256,1.645883,0.0,14.392681,574.037947,0.0,50.377293,7.813072,58.190365,0.0,0.0,0.0,0.0,0.0,0.0,0.0,0.0,0.0,0.0,0.0,0.0,42.0,0.0,158.0,988.654523,1028.12569,49.756056,118.783359,2385.319628,0.0,0.0,0.0,0.0,0.0,0.0,0.0,0.0,177.785021,34.0,497.169318,578.65693,135.221954,74.6,5.2,1502.633223,0.0,0,0.0,0.0,0.0,0.0,0.0,0.0
2017-04-01,Monthly,Jumlah/ Total,0.0,0.0,0.0,0.095693,27.945713,113.085204,1.219892,142.346502,0,0,0,0.0,0.0,0,0,0.0,0.031154,34.642428,13.425269,29.088603,622.217982,164.558239,24.242233,888.205908,0,0,0,0.0,0.0,0.0,0.0,0.0,6216.599658,2300.825369,4360.369478,3931.602087,36573.054494,8410.14685,5922.579792,67715.177728,0.586337,0.0,558.425213,217.412131,1290.539094,66.887509,504.659671,2638.509955,6.163333,35635.629215,2336.544025,37978.336573,0.0,154.14807,253.636236,407.784306,0.0,0.265,10.021202,15753.718277,402.636114,24.375,7.271328,16198.286921,8185.675267,14991.062964,28281.488398,61727.528503,71949.824295,67373.371529,11324.45492,263833.405876,0.320509,0.0,0.0,1775.518786,57.209228,23.599758,2494.122768,4350.771049,387.4891,917.334,1470.582822,15827.268492,17009.03778,376.382768,7071.777577,43059.872539,0.0,0,0.0,267.404066,531.730207,1.56365,215.371844,1016.069767
2017-05-01,Monthly,Bank-bank Islam / Islamic Banks,0.0,0.0,0.0,0.095934,27.948493,113.184234,1.225437,142.454098,0,0,0,0.0,0.0,0,0,0.0,0.031154,34.729053,13.451297,28.206558,615.951508,160.488669,29.705808,882.564047,0,0,0,0.0,0.0,0.0,0.0,0.0,4108.72602,3012.182811,3609.139803,3469.638011,36564.327785,8227.507832,5965.790934,64957.313196,0.579443,0.0,3.285691,287.061889,1240.532328,64.575257,464.152962,2060.18757,20.190754,35637.597933,2330.934022,37988.722709,0.0,157.542424,255.069529,412.611953,0.0,0.265,10.050914,14005.092808,203.367785,24.075,6.78,14249.631507,8699.044382,14861.412151,28021.251537,64500.443495,68055.254586,67287.650936,11704.193755,263129.250842,1.630431,0.0,0.0,1674.190706,99.697007,25.702596,2626.389398,4427.610138,253.442828,559.445,814.222642,14517.241946,18644.391277,219.968872,7610.304814,42619.017379,0.0,0,0.0,527.748094,587.934615,0.0,220.747822,1336.430531
2017-05-01,Monthly,Skim Perbankan Islam (SPI) / Islamic Banking Scheme (IBS),0.0,0.0,0.0,0.0,0.0,0.0,0.0,0.0,0,0,0,0.0,0.0,0,0,0.0,0.0,0.0,0.0,0.0,0.0,0.0,0.0,0.0,0,0,0,0.0,0.0,0.0,0.0,0.0,0.0,0.0,57.388715,231.626726,320.403136,9.621695,3.975883,623.016155,0.0,0.0,532.652751,1.654319,1.623738,0.0,14.197258,550.128066,0.0,47.931877,7.484803,55.41668,0.0,0.0,0.0,0.0,0.0,0.0,0.0,0.0,0.0,0.0,0.0,0.0,34.0,0.0,153.0,1167.176163,921.929036,54.595458,119.336525,2450.037182,0.0,0.0,0.0,0.0,0.0,0.0,0.0,0.0,100.201,34.0,858.2485,371.185928,187.074026,74.6,5.2,1630.509454,0.0,0,0.0,0.0,0.0,0.0,0.0,0.0
2017-05-01,Monthly,Jumlah/ Total,0.0,0.0,0.0,0.095934,27.948493,113.184234,1.225437,142.454098,0,0,0,0.0,0.0,0,0,0.0,0.031154,34.729053,13.451297,28.206558,615.951508,160.488669,29.705808,882.564047,0,0,0,0.0,0.0,0.0,0.0,0.0,4108.72602,3012.182811,3666.528518,3701.264737,36884.730921,8237.129527,5969.766817,65580.329351,0.579443,0.0,535.938442,288.716208,1242.156066,64.575257,478.35022,2610.315636,20.190754,35685.52981,2338.418825,38044.139389,0.0,157.542424,255.069529,412.611953,0.0,0.265,10.050914,14005.092808,203.367785,24.075,6.78,14249.631507,8733.044382,14861.412151,28174.251537,65667.619658,68977.183622,67342.246394,11823.53028,265579.288024,1.630431,0.0,0.0,1674.190706,99.697007,25.702596,2626.389398,4427.610138,353.643828,593.445,1672.471142,14888.427874,18831.465303,294.568872,7615.504814,44249.526833,0.0,0,0.0,527.748094,587.934615,0.0,220.747822,1336.430531
2017-06-01,Monthly,Bank-bank Islam / Islamic Banks,0.0,0.0,0.0,0.096273,27.953381,113.720124,1.216621,142.986399,0,0,0,0.0,0.0,0,0,0.0,0.031232,34.753552,13.471777,28.389604,608.3718,157.582979,28.955647,871.556591,0,0,0,0.0,0.0,0.0,0.0,0.0,4832.77945,2410.426347,3615.421691,3444.492859,38140.393812,8252.697299,5962.45307,66658.664528,0.559833,0.0,4.071108,272.249485,1160.338873,76.283092,424.469862,1937.972253,22.297804,36422.155071,2349.225663,38793.678538,0.0,161.828441,261.638711,423.467152,0.0,0.0,10.079668,16216.014213,0.0,0.0,0.0,16226.093881,11193.3027,14426.807774,27749.643766,67631.088699,70640.582191,67343.458432,11119.791834,270104.675396,1.382801,0.0,0.0,1452.714687,91.407013,26.405427,2462.334786,4034.244714,0.423001,409.235,775.47365,19282.15223,16070.708552,267.765551,176.841466,36982.59945,0.0,0,0.0,628.351253,641.297558,0.609806,228.540971,1498.799588
2017-06-01,Monthly,Skim Perbankan Islam (SPI) / Islamic Banking Scheme (IBS),0.0,0.0,0.0,0.0,0.0,0.0,0.0,0.0,0,0,0,0.0,0.0,0,0,0.0,0.0,0.0,0.0,0.0,0.0,0.0,0.0,0.0,0,0,0,0.0,0.0,0.0,0.0,0.0,0.0,0.0,87.043219,405.803986,389.083182,11.483575,4.34935,897.763312,0.0,0.0,567.857434,1.718775,1.628885,0.0,14.28965,585.494744,0.0,47.487127,7.722854,55.209981,0.0,0.0,0.0,0.0,0.0,0.0,0.0,0.0,0.0,0.0,0.0,0.0,55.7,0.0,173.0,1276.732999,811.145972,62.082644,66.876901,2445.538516,0.0,0.0,0.0,0.0,0.0,0.0,0.0,0.0,90.14811,0.0,561.685476,602.740873,159.693701,0.0,0.0,1414.26816,0.0,0,0.0,0.0,0.0,0.0,0.0,0.0
2017-06-01,Monthly,Jumlah/ Total,0.0,0.0,0.0,0.096273,27.953381,113.720124,1.216621,142.986399,0,0,0,0.0,0.0,0,0,0.0,0.031232,34.753552,13.471777,28.389604,608.3718,157.582979,28.955647,871.556591,0,0,0,0.0,0.0,0.0,0.0,0.0,4832.77945,2410.426347,3702.46491,3850.296845,38529.476994,8264.180874,5966.80242,67556.42784,0.559833,0.0,571.928542,273.96826,1161.967758,76.283092,438.759512,2523.466997,22.297804,36469.642198,2356.948517,38848.888519,0.0,161.828441,261.638711,423.467152,0.0,0.0,10.079668,16216.014213,0.0,0.0,0.0,16226.093881,11249.0027,14426.807774,27922.643766,68907.821698,71451.728163,67405.541076,11186.668735,272550.213912,1.382801,0.0,0.0,1452.714687,91.407013,26.405427,2462.334786,4034.244714,90.571111,409.235,1337.159126,19884.893103,16230.402253,267.765551,176.841466,38396.86761,0.0,0,0.0,628.351253,641.297558,0.609806,228.540971,1498.799588
2017-07-01,Monthly,Bank-bank Islam / Islamic Banks,0.0,0.0,0.0,0.096109,6.420556,113.050309,1.21347,120.780444,0,0,0,0.0,0.0,0,0,0.0,0.031232,34.840582,13.502278,21.443856,600.238808,157.293856,29.077307,856.427919,0,0,0,0.0,0.0,0.0,0.0,0.0,6217.464505,2490.981413,3874.126612,3670.334734,37784.206641,8083.952749,5739.983747,67861.050401,0.55895,0.0,2.200721,282.397281,1043.976237,63.719568,404.932299,1797.785056,31.635958,35693.513081,2323.326614,38048.475653,0.0,160.94688,253.560129,414.507009,0.0,0.0,10.10938,16826.190893,264.402924,0.0,0.0,17100.703197,15096.961304,14255.299343,28132.16444,65039.465293,73275.648299,68062.819854,10893.918559,274756.277092,1.7118,0.0,0.0,1403.342563,90.258381,27.067735,2430.660077,3953.040556,43.999529,596.576,647.715864,21214.895932,15417.732108,244.823402,160.475822,38326.218657,0.0,0,0.0,736.688843,526.428961,1.967207,235.011086,1500.096097
2017-07-01,Monthly,Skim Perbankan Islam (SPI) / Islamic Banking Scheme (IBS),0.0,0.0,0.0,0.0,0.0,0.0,0.0,0.0,0,0,0,0.0,0.0,0,0,0.0,0.0,0.0,0.0,0.0,0.0,0.0,0.0,0.0,0,0,0,0.0,0.0,0.0,0.0,0.0,0.0,0.0,62.53973,330.379194,279.76386,10.084797,4.384181,687.151762,0.0,0.0,551.440373,2.690165,1.622663,0.0,16.536709,572.28991,0.0,48.409966,8.18638,56.596346,0.0,0.0,0.0,0.0,0.0,0.0,0.0,0.0,0.0,0.0,0.0,0.0,55.7,0.0,173.0,1251.53161,1090.882141,65.194105,63.685892,2699.993748,0.0,0.0,0.0,0.0,0.0,0.0,0.0,0.0,93.387213,0.0,558.419313,530.786691,211.659912,0.0,0.0,1394.253129,0.0,0,0.0,0.0,0.0,0.0,0.0,0.0
2017-07-01,Monthly,Jumlah/ Total,0.0,0.0,0.0,0.096109,6.420556,113.050309,1.21347,120.780444,0,0,0,0.0,0.0,0,0,0.0,0.031232,34.840582,13.502278,21.443856,600.238808,157.293856,29.077307,856.427919,0,0,0,0.0,0.0,0.0,0.0,0.0,6217.464505,2490.981413,3936.666342,4000.713928,38063.970501,8094.037546,5744.367928,68548.202163,0.55895,0.0,553.641094,285.087446,1045.5989,63.719568,421.469008,2370.074966,31.635958,35741.923047,2331.512994,38105.071999,0.0,160.94688,253.560129,414.507009,0.0,0.0,10.10938,16826.190893,264.402924,0.0,0.0,17100.703197,15152.661304,14255.299343,28305.16444,66290.996903,74366.53044,68128.013959,10957.604451,277456.27084,1.7118,0.0,0.0,1403.342563,90.258381,27.067735,2430.660077,3953.040556,137.386742,596.576,1206.135177,21745.682623,15629.39202,244.823402,160.475822,39720.471786,0.0,0,0.0,736.688843,526.428961,1.967207,235.011086,1500.096097
2017-08-01,Monthly,Bank-bank Islam / Islamic Banks,0.0,0.0,0.0,0.096162,6.420503,112.674763,1.215622,120.40705,0,0,0,0.0,0.0,0,0,0.0,0.03131,34.866401,13.318365,21.375519,577.16587,155.120226,22.322035,824.199726,0,0,0,0.0,0.0,0.0,0.0,0.0,5907.940705,3241.10139,4430.929142,3835.580733,36566.715596,8043.830312,5374.107008,67400.204886,0.791344,0.0,2.027062,365.126706,996.117414,60.204234,396.070848,1820.337608,5.554182,36385.439396,2320.112199,38711.105777,0.0,158.936845,250.159149,409.095994,0.0,0.0,10.139092,17706.704297,99.821099,0.0,0.0,17816.664488,15391.018831,14419.818863,27704.653856,67506.610411,71417.747983,71050.637649,11256.001426,278746.489019,1.7082,0.0,0.0,1365.817932,135.664243,28.05095,2427.075578,3958.316903,30.376174,502.001,947.455055,20043.215384,15359.791823,227.691391,218.47649,37329.007317,0.0,0,0.0,886.297582,533.245896,0.2901,182.519246,1602.352824
2017-08-01,Monthly,Skim Perbankan Islam (SPI) / Islamic Banking Scheme (IBS),0.0,0.0,0.0,0.0,0.0,0.0,0.0,0.0,0,0,0,0.0,0.0,0,0,0.0,0.0,0.0,0.0,0.0,0.0,0.0,0.0,0.0,0,0,0,0.0,0.0,0.0,0.0,0.0,0.0,0.0,69.303496,275.152576,271.341348,8.576274,6.112682,630.486376,0.0,0.0,675.612628,2.621228,1.61927,0.0,16.500091,696.353217,0.0,49.408689,8.034478,57.443167,0.0,0.0,0.0,0.0,0.0,0.0,0.0,0.0,0.0,0.0,0.0,0.0,49.7,0.0,178.0,1369.956116,1118.447503,67.938184,58.463676,2842.505479,0.0,0.0,0.0,0.0,0.0,0.0,0.0,0.0,60.967197,0.0,478.467137,650.12628,249.245199,0.0,0.0,1438.805813,0.0,0,0.0,0.0,0.0,0.0,0.0,0.0
2017-08-01,Monthly,Jumlah/ Total,0.0,0.0,0.0,0.096162,6.420503,112.674763,1.215622,120.40705,0,0,0,0.0,0.0,0,0,0.0,0.03131,34.866401,13.318365,21.375519,577.16587,155.120226,22.322035,824.199726,0,0,0,0.0,0.0,0.0,0.0,0.0,5907.940705,3241.10139,4500.232638,4110.733309,36838.056944,8052.406586,5380.21969,68030.691262,0.791344,0.0,677.63969,367.747934,997.736684,60.204234,412.570939,2516.690825,5.554182,36434.848085,2328.146677,38768.548944,0.0,158.936845,250.159149,409.095994,0.0,0.0,10.139092,17706.704297,99.821099,0.0,0.0,17816.664488,15440.718831,14419.818863,27882.653856,68876.566527,72536.195486,71118.575833,11314.465102,281588.994498,1.7082,0.0,0.0,1365.817932,135.664243,28.05095,2427.075578,3958.316903,91.343371,502.001,1425.922192,20693.341664,15609.037022,227.691391,218.47649,38767.81313,0.0,0,0.0,886.297582,533.245896,0.2901,182.519246,1602.352824
2017-09-01,Monthly,Bank-bank Islam / Islamic Banks,0.0,0.0,0.0,0.096056,6.417421,111.632118,1.214191,119.359786,0,0,0,0.0,0.0,0,0,0.0,0.03131,34.958746,13.337536,21.716492,567.784948,152.85963,22.167208,812.85587,0,0,0,0.0,0.0,0.0,0.0,0.0,4615.645904,2119.103658,3956.668011,3826.397973,36855.641911,7973.199115,5690.633521,65037.290093,0.545089,0.0,2.665635,481.345622,1078.607399,57.736436,409.032556,2029.932737,16.567409,36246.487452,2321.660829,38584.71569,0.0,154.036251,243.689126,397.725377,0.0,0.0,10.167846,18105.927085,0.0,0.0,0.0,18116.094931,16023.884449,15216.095141,31871.607935,64881.679474,74586.760932,74171.525125,11414.573307,288166.126363,1.697686,0.0,0.0,1320.320058,317.567406,27.369794,2490.312174,4157.267118,14.133066,415.376,1113.980934,18638.660477,17168.363151,345.012087,237.622851,37933.148566,0.0,0,0.0,611.530532,547.478993,1.297318,181.057509,1341.364352
2017-09-01,Monthly,Skim Perbankan Islam (SPI) / Islamic Banking Scheme (IBS),0.0,0.0,0.0,0.0,0.0,0.0,0.0,0.0,0,0,0,0.0,0.0,0,0,0.0,0.0,0.0,0.0,0.0,0.0,0.0,0.0,0.0,0,0,0,0.0,0.0,0.0,0.0,0.0,0.0,0.0,56.268363,275.24213,302.332734,9.027831,6.589462,649.46052,0.0,0.0,513.78953,1.505218,1.600869,0.0,15.416249,532.311866,0.0,49.761983,8.196134,57.958117,0.0,0.0,0.0,0.0,0.0,0.0,0.0,0.0,0.0,0.0,0.0,0.0,74.747229,0.0,178.0,1511.420081,893.978503,67.897915,57.738853,2783.782581,0.0,0.0,0.0,0.0,0.0,0.0,0.0,0.0,60.063493,0.0,693.714309,664.032028,84.872616,0.0,0.0,1502.682446,0.0,0,0.0,0.0,0.0,0.0,0.0,0.0
2017-09-01,Monthly,Jumlah/ Total,0.0,0.0,0.0,0.096056,6.417421,111.632118,1.214191,119.359786,0,0,0,0.0,0.0,0,0,0.0,0.03131,34.958746,13.337536,21.716492,567.784948,152.85963,22.167208,812.85587,0,0,0,0.0,0.0,0.0,0.0,0.0,4615.645904,2119.103658,4012.936374,4101.640103,37157.974645,7982.226946,5697.222983,65686.750613,0.545089,0.0,516.455165,482.85084,1080.208268,57.736436,424.448805,2562.244603,16.567409,36296.249435,2329.856963,38642.673807,0.0,154.036251,243.689126,397.725377,0.0,0.0,10.167846,18105.927085,0.0,0.0,0.0,18116.094931,16098.631678,15216.095141,32049.607935,66393.099555,75480.739435,74239.42304,11472.31216,290949.908944,1.697686,0.0,0.0,1320.320058,317.567406,27.369794,2490.312174,4157.267118,74.196559,415.376,1807.695243,19302.692505,17253.235767,345.012087,237.622851,39435.831012,0.0,0,0.0,611.530532,547.478993,1.297318,181.057509,1341.364352
2017-10-01,Monthly,Bank-bank Islam / Islamic Banks,0.0,0.0,0.0,0.096244,6.420026,111.378483,1.220163,119.114916,0,0,0,0.0,0.0,0,0,0.0,0.031389,31.244147,13.366352,21.804633,557.240492,152.073154,21.927161,797.687328,0,0,0,0.0,0.0,0.0,0.0,0.0,5855.96638,2008.927634,4345.397579,3631.472717,37268.723952,7870.19585,6168.905167,67149.589279,0.492106,0.0,2.589258,692.974417,1129.211362,54.490328,446.627508,2326.384979,6.012395,35896.423782,2300.189107,38202.625284,0.0,150.656331,236.811476,387.467807,0.0,0.0,10.198029,18948.181333,0.0,0.0,0.0,18958.379362,8427.69973,15414.883972,31980.413909,67471.939751,77816.059625,76598.691469,11712.230753,289421.919209,1.700097,0.0,0.0,1315.039945,382.491455,28.237443,2472.177205,4199.646145,0.334004,499.326,888.047037,15783.236129,21947.852049,221.089685,245.833322,39585.718226,0.0,0,0.0,595.562765,470.861094,0.059414,214.810933,1281.294206
2017-10-01,Monthly,Skim Perbankan Islam (SPI) / Islamic Banking Scheme (IBS),0.0,0.0,0.0,0.0,0.0,0.0,0.0,0.0,0,0,0,0.0,0.0,0,0,0.0,0.0,0.0,0.0,0.0,0.0,0.0,0.0,0.0,0,0,0,0.0,0.0,0.0,0.0,0.0,0.0,0.0,82.240361,265.555106,300.368778,15.682486,4.79352,668.640251,0.0,0.0,491.984104,1.354679,1.603696,0.0,15.881235,510.823714,0.0,50.420403,7.832684,58.253087,0.0,0.0,0.0,0.0,0.0,0.0,0.0,0.0,0.0,0.0,0.0,0.0,74.747229,0.0,278.008493,1363.791659,1121.11573,67.281423,70.33977,2975.284304,0.0,0.0,0.0,0.0,0.0,0.0,0.0,0.0,76.744759,0.0,393.784112,810.249795,268.445285,0.0,0.0,1549.223951,0.0,0,0.0,0.0,0.0,0.0,0.0,0.0
2017-10-01,Monthly,Jumlah/ Total,0.0,0.0,0.0,0.096244,6.420026,111.378483,1.220163,119.114916,0,0,0,0.0,0.0,0,0,0.0,0.031389,31.244147,13.366352,21.804633,557.240492,152.073154,21.927161,797.687328,0,0,0,0.0,0.0,0.0,0.0,0.0,5855.96638,2008.927634,4427.63794,3897.027823,37569.09273,7885.878336,6173.698687,67818.22953,0.492106,0.0,494.573362,694.329096,1130.815058,54.490328,462.508743,2837.208693,6.012395,35946.844185,2308.021791,38260.878371,0.0,150.656331,236.811476,387.467807,0.0,0.0,10.198029,18948.181333,0.0,0.0,0.0,18958.379362,8502.446959,15414.883972,32258.422402,68835.73141,78937.175355,76665.972892,11782.570523,292397.203513,1.700097,0.0,0.0,1315.039945,382.491455,28.237443,2472.177205,4199.646145,77.078763,499.326,1281.831149,16593.485924,22216.297334,221.089685,245.833322,41134.942177,0.0,0,0.0,595.562765,470.861094,0.059414,214.810933,1281.294206
2017-11-01,Monthly,Bank-bank Islam / Islamic Banks,0.0,0.0,0.0,0.096572,6.425809,111.725538,0.941358,119.189277,0,0,0,0.0,0.0,0,0,0.0,0.031389,39.690075,13.439198,21.772119,528.919022,151.463691,20.500788,775.816282,0,0,0,0.0,0.0,0.0,0.0,0.0,4270.82638,2365.311789,3792.609027,3618.681114,39941.688745,8220.89644,6026.479511,68236.493006,0.335799,0.0,0.909876,503.936619,1128.437766,58.788864,428.457975,2120.866899,6.225438,36326.577114,2314.961631,38647.764183,0.0,158.240589,228.63399,386.874579,0.0,0.0,10.227287,19084.363365,0.0,0.0,0.0,19094.590652,8199.321137,14240.319702,30559.920213,65662.638686,83352.985946,78534.946768,11981.316983,292531.449435,1.642617,0.0,0.0,1260.978375,673.431708,30.330803,2272.537714,4238.921217,0.431784,503.511,866.118035,19241.604817,18160.579483,232.189947,317.215787,39321.650853,0.0,0,0.0,1022.577764,432.439992,1.163342,234.37448,1690.555578
2017-11-01,Monthly,Skim Perbankan Islam (SPI) / Islamic Banking Scheme (IBS),0.0,0.0,0.0,0.0,0.0,0.0,0.0,0.0,0,0,0,0.0,0.0,0,0,0.0,0.0,0.0,0.0,0.0,0.0,0.0,0.0,0.0,0,0,0,0.0,0.0,0.0,0.0,0.0,0.0,0.0,15.689485,290.353062,287.2796,14.898373,5.288377,613.508897,0.0,0.0,574.29981,13.792919,1.549499,0.0,15.342464,604.984692,0.0,49.845302,8.345408,58.19071,0.0,0.0,0.0,0.0,0.0,0.0,0.0,0.0,0.0,0.0,0.0,0.0,74.747229,0.0,186.0,1353.091717,1014.378261,66.679659,69.994948,2764.891814,0.0,0.0,0.0,0.0,0.0,0.0,0.0,0.0,60.02363,0.0,436.929987,703.276971,388.485842,0.60843,0.0,1589.32486,0.0,0,0.0,0.0,0.0,0.0,0.0,0.0
2017-11-01,Monthly,Jumlah/ Total,0.0,0.0,0.0,0.096572,6.425809,111.725538,0.941358,119.189277,0,0,0,0.0,0.0,0,0,0.0,0.031389,39.690075,13.439198,21.772119,528.919022,151.463691,20.500788,775.816282,0,0,0,0.0,0.0,0.0,0.0,0.0,4270.82638,2365.311789,3808.298512,3909.034176,40228.968345,8235.794813,6031.767888,68850.001903,0.335799,0.0,575.209686,517.729538,1129.987265,58.788864,443.800439,2725.851591,6.225438,36376.422416,2323.307039,38705.954893,0.0,158.240589,228.63399,386.874579,0.0,0.0,10.227287,19084.363365,0.0,0.0,0.0,19094.590652,8274.068366,14240.319702,30745.920213,67015.730403,84367.364207,78601.626427,12051.311931,295296.341249,1.642617,0.0,0.0,1260.978375,673.431708,30.330803,2272.537714,4238.921217,60.455414,503.511,1303.048022,19944.881788,18549.065325,232.798377,317.215787,40910.975713,0.0,0,0.0,1022.577764,432.439992,1.163342,234.37448,1690.555578
2017-12-01,Monthly,Bank-bank Islam / Islamic Banks,0.0,0.0,0.0,0.096843,6.430508,111.731624,0.941196,119.200171,0,0,0,0.0,0.0,0,0,0.0,0.031467,31.337433,13.459517,21.752038,521.207287,149.583151,20.201312,757.572205,0,0,0,0.0,0.0,0.0,0.0,0.0,5955.81745,2487.105545,3903.653961,4515.293885,42192.128634,8237.906758,6191.684022,73483.590255,0.049931,0.0,4.364297,509.452359,1274.826147,70.175974,477.399409,2336.268117,12.213555,35853.71917,2283.963552,38149.896277,0.0,164.378631,231.790987,396.169618,0.0,0.0,10.257521,17448.882519,0.0,0.0,0.0,17459.14004,8204.675475,13916.966723,31552.42264,64282.728836,80372.631496,79446.692325,12176.655631,289952.773126,1.491706,0.0,0.0,911.095751,703.918034,33.354387,2405.325791,4055.185669,1000.334049,417.786,504.29135,22411.723431,20658.381106,249.202862,292.485188,45534.203986,0.0,0,0.0,533.338946,421.708712,0.484988,212.198905,1167.731551
2017-12-01,Monthly,Skim Perbankan Islam (SPI) / Islamic Banking Scheme (IBS),0.0,0.0,0.0,0.0,0.0,0.0,0.0,0.0,0,0,0,0.0,0.0,0,0,0.0,0.0,0.0,0.0,0.0,0.0,0.0,0.0,0.0,0,0,0,0.0,0.0,0.0,0.0,0.0,0.0,0.0,25.356399,319.499201,301.498837,13.609897,17.652501,677.616835,0.0,0.0,0.249766,5.779457,1.537375,0.0,15.329125,22.895723,0.0,48.063693,8.044691,56.108384,0.0,0.0,0.0,0.0,0.0,0.0,0.0,0.0,0.0,0.0,0.0,0.0,74.747229,0.0,381.192329,1324.140345,1138.616546,65.609213,72.329369,3056.635031,0.0,0.0,0.0,0.0,0.0,0.0,0.0,0.0,60.018411,0.0,409.551764,749.863023,97.689687,0.610187,0.0,1317.733072,0.0,0,0.0,0.0,0.0,0.0,0.0,0.0
2017-12-01,Monthly,Jumlah/ Total,0.0,0.0,0.0,0.096843,6.430508,111.731624,0.941196,119.200171,0,0,0,0.0,0.0,0,0,0.0,0.031467,31.337433,13.459517,21.752038,521.207287,149.583151,20.201312,757.572205,0,0,0,0.0,0.0,0.0,0.0,0.0,5955.81745,2487.105545,3929.01036,4834.793086,42493.627471,8251.516655,6209.336523,74161.20709,0.049931,0.0,4.614063,515.231816,1276.363522,70.175974,492.728534,2359.16384,12.213555,35901.782863,2292.008243,38206.004661,0.0,164.378631,231.790987,396.169618,0.0,0.0,10.257521,17448.882519,0.0,0.0,0.0,17459.14004,8279.422704,13916.966723,31933.614969,65606.869181,81511.248042,79512.301538,12248.985,293009.408157,1.491706,0.0,0.0,911.095751,703.918034,33.354387,2405.325791,4055.185669,1060.35246,417.786,913.843114,23161.586454,20756.070793,249.813049,292.485188,46851.937058,0.0,0,0.0,533.338946,421.708712,0.484988,212.198905,1167.731551
2018-01-01,Monthly,Bank-bank Islam / Islamic Banks,0.0,0.0,0.0,0.097504,6.443707,112.89329,0.952745,120.387246,0,0,0,0.0,0.0,0,0,0.0,0.148078,6.786842,38.117311,21.41329,520.222461,147.42584,19.903207,754.017029,0,0,0,0.0,0.0,0.0,0.0,0.0,7545.486794,2254.026508,5486.746819,4554.340871,42309.477087,7993.742469,6515.630062,76659.45061,0.076262,0.0,89.791104,434.452726,1265.094875,56.443027,439.444263,2285.302257,3.619674,36505.96146,2277.272241,38786.853375,0.0,157.64119,225.83369,383.47488,0.0,0.0,10.287754,15743.626578,85.012904,0.0,0.0,15838.927236,8158.020757,14244.967601,34532.575897,66326.068379,79649.234343,78929.02457,12036.19601,293876.087557,1.436826,0.0,0.0,896.875658,790.231913,36.540159,2279.72527,4004.809826,2000.850853,536.651,1421.663742,20021.288733,19837.218613,219.311454,347.383301,44384.367696,0.0,0,0.0,463.033967,374.598956,0.088516,161.620936,999.342375
2018-01-01,Monthly,Skim Perbankan Islam (SPI) / Islamic Banking Scheme (IBS),0.0,0.0,0.0,0.0,0.0,0.0,0.0,0.0,0,0,0,0.0,0.0,0,0,0.0,0.0,0.0,0.0,0.0,0.0,0.0,0.0,0.0,0,0,0,0.0,0.0,0.0,0.0,0.0,0.0,0.0,10.829249,262.13142,307.16573,11.894043,16.473567,608.494009,0.0,0.0,358.450464,6.008258,1.479224,0.0,14.882488,380.820434,0.0,47.36467,7.230261,54.594931,0.0,0.0,0.0,0.0,0.0,0.0,0.0,0.0,0.0,0.0,0.0,0.0,77.747229,20.85,268.0,1784.708436,1365.173007,65.332003,77.162182,3658.972857,0.0,0.0,0.0,0.0,0.0,0.0,0.0,0.0,60.033986,0.0,578.659232,718.410975,119.444841,0.0,0.0,1476.549034,0.0,0,0.0,0.0,0.0,0.0,0.0,0.0
2018-01-01,Monthly,Jumlah/ Total,0.0,0.0,0.0,0.097504,6.443707,112.89329,0.952745,120.387246,0,0,0,0.0,0.0,0,0,0.0,0.148078,6.786842,38.117311,21.41329,520.222461,147.42584,19.903207,754.017029,0,0,0,0.0,0.0,0.0,0.0,0.0,7545.486794,2254.026508,5497.576068,4816.472291,42616.642817,8005.636512,6532.103629,77267.944619,0.076262,0.0,448.241568,440.460984,1266.574099,56.443027,454.326751,2666.122691,3.619674,36553.32613,2284.502502,38841.448306,0.0,157.64119,225.83369,383.47488,0.0,0.0,10.287754,15743.626578,85.012904,0.0,0.0,15838.927236,8235.767986,14265.817601,34800.575897,68110.776815,81014.40735,78994.356573,12113.358192,297535.060414,1.436826,0.0,0.0,896.875658,790.231913,36.540159,2279.72527,4004.809826,2060.884839,536.651,2000.322974,20739.699708,19956.663454,219.311454,347.383301,45860.91673,0.0,0,0.0,463.033967,374.598956,0.088516,161.620936,999.342375
2018-02-01,Monthly,Bank-bank Islam / Islamic Banks,0.0,0.0,0.0,0.096369,6.421375,109.753962,0.935412,117.207118,0,0,0,0.0,0.0,0,0,0.0,0.148158,6.801347,38.13882,21.368241,514.144513,146.961371,19.620181,747.182631,0,0,0,0.0,0.0,0.0,0.0,0.0,6295.714315,2367.544801,5297.877013,4006.032216,41236.359432,8041.752624,6479.935486,73725.215887,0.537375,0.0,91.964108,501.773733,1053.682568,55.166075,417.694924,2120.818783,5.220823,37778.154028,2327.401683,40110.776534,0.0,158.227439,226.463767,384.691206,0.0,0.0,10.315062,12862.911729,0.0,0.0,0.0,12873.226791,9282.505335,14208.868236,32975.915302,70526.054204,80653.575118,79242.006294,11641.587717,298530.512206,1.57,0.0,0.0,772.218458,793.272913,38.125891,2135.21046,3740.397722,1000.768784,407.307,1224.058702,21910.091553,20842.9202,354.938297,299.329452,46039.413988,0.0,0,0.0,478.552245,358.248766,1.560782,88.762182,927.123975
2018-02-01,Monthly,Skim Perbankan Islam (SPI) / Islamic Banking Scheme (IBS),0.0,0.0,0.0,0.0,0.0,0.0,0.0,0.0,0,0,0,0.0,0.0,0,0,0.0,0.0,0.0,0.0,0.0,0.0,0.0,0.0,0.0,0,0,0,0.0,0.0,0.0,0.0,0.0,0.0,0.0,2.035222,175.770861,279.285867,13.917503,15.409525,486.418978,0.0,0.0,353.680569,6.184506,1.488247,0.0,15.008961,376.362283,0.0,47.274274,7.794455,55.068729,0.0,0.0,0.0,0.0,0.0,0.0,0.0,0.0,0.0,0.0,0.0,0.0,77.747229,44.922165,326.5,1664.033525,1395.124617,119.122449,81.646715,3709.0967,0.0,0.0,0.0,0.0,0.0,0.0,0.0,0.0,60.115685,0.0,693.366371,878.654465,142.810233,0.0,0.0,1774.946754,0.0,0,0.0,0.0,0.0,0.0,0.0,0.0
2018-02-01,Monthly,Jumlah/ Total,0.0,0.0,0.0,0.096369,6.421375,109.753962,0.935412,117.207118,0,0,0,0.0,0.0,0,0,0.0,0.148158,6.801347,38.13882,21.368241,514.144513,146.961371,19.620181,747.182631,0,0,0,0.0,0.0,0.0,0.0,0.0,6295.714315,2367.544801,5299.912235,4181.803077,41515.645299,8055.670127,6495.345011,74211.634865,0.537375,0.0,445.644677,507.958239,1055.170815,55.166075,432.703885,2497.181066,5.220823,37825.428302,2335.196138,40165.845263,0.0,158.227439,226.463767,384.691206,0.0,0.0,10.315062,12862.911729,0.0,0.0,0.0,12873.226791,9360.252564,14253.790401,33302.415302,72190.087729,82048.699735,79361.128743,11723.234432,302239.608906,1.57,0.0,0.0,772.218458,793.272913,38.125891,2135.21046,3740.397722,1060.884469,407.307,1917.425073,22788.746018,20985.730433,354.938297,299.329452,47814.360742,0.0,0,0.0,478.552245,358.248766,1.560782,88.762182,927.123975
2018-03-01,Monthly,Bank-bank Islam / Islamic Banks,0.0,0.0,0.0,0.096381,6.420048,109.382677,0.88393,116.783036,0,0,0,0.0,0.0,0,0,0.0,0.148158,6.822205,38.217928,21.383035,520.935959,146.86584,30.394922,764.768047,0,0,0,0.0,0.0,0.0,0.0,0.0,5987.793554,2320.678191,4631.259686,4063.746953,40777.285586,8134.595754,7555.831101,73471.190825,0.429107,0.0,91.042754,673.442002,1200.595655,62.50882,393.122931,2421.141269,4.823422,38063.507193,2349.072901,40417.403516,0.0,160.49511,231.898374,392.393484,0.0,0.0,10.345295,11810.237366,0.0,0.0,0.0,11820.582661,10576.347086,15275.561361,35623.143836,65087.816115,88519.210929,81688.258423,11301.411479,308071.749229,1.5447,0.0,0.0,926.577616,1123.676626,40.452865,2296.991527,4389.243334,1000.765532,474.787,1760.485459,25269.246022,21392.848987,297.335972,212.221005,50407.689977,0.0,0,0.0,403.28382,328.711994,0.0,44.277382,776.273196
2018-03-01,Monthly,Skim Perbankan Islam (SPI) / Islamic Banking Scheme (IBS),0.0,0.0,0.0,0.0,0.0,0.0,0.0,0.0,0,0,0,0.0,0.0,0,0,0.0,0.0,0.0,0.0,0.0,0.0,0.0,0.0,0.0,0,0,0,0.0,0.0,0.0,0.0,0.0,0.0,0.0,1.610703,213.656334,317.286224,14.271743,14.632837,561.457841,0.0,0.0,259.794098,4.555047,2.239771,0.0,24.671669,291.260585,0.0,49.877633,6.747101,56.624734,0.0,0.0,0.0,0.0,0.0,0.0,0.0,0.0,0.0,0.0,0.0,0.0,60.747229,23.97697,314.5,1752.87321,1637.96874,174.430337,87.153355,4051.649841,0.0,0.0,0.0,0.0,0.0,0.0,0.0,0.0,70.042493,0.0,676.287042,1056.918313,143.332583,0.0,0.500792,1947.081223,0.0,0,0.0,0.0,0.0,0.0,0.0,0.0
2018-03-01,Monthly,Jumlah/ Total,0.0,0.0,0.0,0.096381,6.420048,109.382677,0.88393,116.783036,0,0,0,0.0,0.0,0,0,0.0,0.148158,6.822205,38.217928,21.383035,520.935959,146.86584,30.394922,764.768047,0,0,0,0.0,0.0,0.0,0.0,0.0,5987.793554,2320.678191,4632.870389,4277.403287,41094.57181,8148.867497,7570.463938,74032.648666,0.429107,0.0,350.836852,677.997049,1202.835426,62.50882,417.7946,2712.401854,4.823422,38113.384826,2355.820002,40474.02825,0.0,160.49511,231.898374,392.393484,0.0,0.0,10.345295,11810.237366,0.0,0.0,0.0,11820.582661,10637.094315,15299.538331,35937.643836,66840.689325,90157.179669,81862.68876,11388.564834,312123.39907,1.5447,0.0,0.0,926.577616,1123.676626,40.452865,2296.991527,4389.243334,1070.808025,474.787,2436.772501,26326.164335,21536.18157,297.335972,212.721797,52354.7712,0.0,0,0.0,403.28382,328.711994,0.0,44.277382,776.273196
2018-04-01,Monthly,Bank-bank Islam / Islamic Banks,0.0,0.0,0.0,0.096168,0.2308,108.390525,0.879213,109.596706,0,0,0,0.0,0.0,0,0,0.0,0.116611,268.862207,115.544146,22.714027,559.403791,180.90139,29.734326,1177.276498,0,0,0,0.0,0.0,0.0,0.0,0.0,6468.332428,2444.898447,4997.811751,3901.512316,40943.763753,8221.537549,7026.733991,74004.590235,0.394789,0.0,88.224123,769.528534,1157.342191,70.923497,388.271821,2474.684955,25.67665,38298.509287,2397.082972,40721.268909,0.0,176.525682,232.845285,409.370967,0.0,0.0,10.375013,12691.335205,0.0,0.0,0.0,12701.710218,16845.971692,18577.874045,43178.097027,69964.049846,91447.020159,86624.963188,11544.372234,338182.348191,1.5682,0.0,0.0,964.913453,760.183247,41.124997,2464.324102,4232.113999,1000.771795,942.947,2669.720545,23834.762031,22232.97327,341.748864,200.153779,51223.077284,0.0,0,0.0,360.921399,708.405704,1.515923,44.953425,1115.796451
2018-04-01,Monthly,Skim Perbankan Islam (SPI) / Islamic Banking Scheme (IBS),0.0,0.0,0.0,0.0,0.0,0.0,0.0,0.0,0,0,0,0.0,0.0,0,0,0.0,0.0,0.0,0.0,0.0,0.0,0.0,0.0,0.0,0,0,0,0.0,0.0,0.0,0.0,0.0,0.0,0.0,8.381991,176.222305,331.716961,10.998312,14.147036,541.466605,0.0,0.0,231.1854,4.601581,1.486529,0.0,25.066916,262.340426,0.0,49.488803,6.647431,56.136234,0.0,0.0,0.0,0.0,0.0,0.0,0.0,0.0,0.0,0.0,0.0,0.0,90.179228,24.004896,294.5,1790.506312,1658.532941,217.716532,100.925499,4176.365408,0.0,0.0,0.0,0.0,0.0,0.0,0.0,0.0,100.062682,0.0,761.834642,990.318205,89.166336,0.0,0.0,1941.381865,0.0,0,0.0,0.0,0.0,0.0,0.0,0.0
2018-04-01,Monthly,Jumlah/ Total,0.0,0.0,0.0,0.096168,0.2308,108.390525,0.879213,109.596706,0,0,0,0.0,0.0,0,0,0.0,0.116611,268.862207,115.544146,22.714027,559.403791,180.90139,29.734326,1177.276498,0,0,0,0.0,0.0,0.0,0.0,0.0,6468.332428,2444.898447,5006.193742,4077.734621,41275.480714,8232.535861,7040.881027,74546.05684,0.394789,0.0,319.409523,774.130115,1158.82872,70.923497,413.338737,2737.025381,25.67665,38347.99809,2403.730403,40777.405143,0.0,176.525682,232.845285,409.370967,0.0,0.0,10.375013,12691.335205,0.0,0.0,0.0,12701.710218,16936.15092,18601.878941,43472.597027,71754.556158,93105.5531,86842.67972,11645.297733,342358.713599,1.5682,0.0,0.0,964.913453,760.183247,41.124997,2464.324102,4232.113999,1100.834477,942.947,3431.555187,24825.080236,22322.139606,341.748864,200.153779,53164.459149,0.0,0,0.0,360.921399,708.405704,1.515923,44.953425,1115.796451
2018-05-01,Monthly,Bank-bank Islam / Islamic Banks,0.0,0.0,0.0,0.096395,0.234848,108.61691,0.883666,109.831819,0,0,0,0.0,0.0,0,0,0.0,0.116611,268.843451,115.634134,21.606823,545.992925,178.057941,29.356207,1159.608092,0,0,0,0.0,0.0,0.0,0.0,0.0,4706.651246,2466.684249,5903.240071,4158.991402,41364.440117,8240.05631,7261.600623,74101.664018,0.400539,0.0,85.1207,726.349194,1323.756749,73.295629,422.065653,2630.988464,7.920362,38387.8958,2401.6859,40797.502062,0.0,167.417025,236.749237,404.166262,0.0,0.0,10.405775,12567.259407,0.0,0.0,0.0,12577.665182,17688.434481,18362.644212,43283.0144,71941.489885,88411.633167,88946.093335,11480.945983,340114.255463,1.591,0.0,0.0,985.695584,618.261192,47.409271,2456.911256,4109.868303,1002.6701,767.143,2520.68568,23573.892623,24138.839145,193.846202,211.240629,52408.317379,0.0,0,0.0,349.976276,983.908672,0.0,22.395099,1356.280047
2018-05-01,Monthly,Skim Perbankan Islam (SPI) / Islamic Banking Scheme (IBS),0.0,0.0,0.0,0.0,0.0,0.0,0.0,0.0,0,0,0,0.0,0.0,0,0,0.0,0.0,0.0,0.0,0.0,0.0,0.0,0.0,0.0,0,0,0,0.0,0.0,0.0,0.0,0.0,0.0,0.0,0.688232,202.830255,314.491426,9.176122,14.220789,541.406824,0.0,0.0,443.342501,9.74429,1.508098,0.0,25.431362,480.026251,0.0,50.376847,6.68947,57.066317,0.0,0.0,0.0,0.0,0.0,0.0,0.0,0.0,0.0,0.0,0.0,0.0,79.752352,15.25,294.5,1744.947603,1615.991223,251.69082,100.198691,4102.330689,0.0,0.0,0.0,0.0,0.0,0.0,0.0,0.0,100.104849,0.0,706.9326,885.359787,86.457977,0.0,0.0,1778.855213,0.0,0,0.0,0.0,0.0,0.0,0.0,0.0
2018-05-01,Monthly,Jumlah/ Total,0.0,0.0,0.0,0.096395,0.234848,108.61691,0.883666,109.831819,0,0,0,0.0,0.0,0,0,0.0,0.116611,268.843451,115.634134,21.606823,545.992925,178.057941,29.356207,1159.608092,0,0,0,0.0,0.0,0.0,0.0,0.0,4706.651246,2466.684249,5903.928303,4361.821657,41678.931543,8249.232432,7275.821412,74643.070842,0.400539,0.0,528.463201,736.093484,1325.264847,73.295629,447.497015,3111.014715,7.920362,38438.272647,2408.37537,40854.568379,0.0,167.417025,236.749237,404.166262,0.0,0.0,10.405775,12567.259407,0.0,0.0,0.0,12577.665182,17768.186833,18377.894212,43577.5144,73686.437488,90027.62439,89197.784155,11581.144674,344216.586152,1.591,0.0,0.0,985.695584,618.261192,47.409271,2456.911256,4109.868303,1102.774949,767.143,3227.61828,24459.25241,24225.297122,193.846202,211.240629,54187.172592,0.0,0,0.0,349.976276,983.908672,0.0,22.395099,1356.280047
2018-06-01,Monthly,Bank-bank Islam / Islamic Banks,0.0,0.0,0.0,0.096351,0.231789,108.145477,0.883375,109.356992,0,0,0,0.0,0.0,0,0,0.0,0.116611,268.859126,105.104836,21.862961,537.989163,175.736109,38.976853,1148.645659,0,0,0,0.0,0.0,0.0,0.0,0.0,4967.434712,2189.985042,4118.031127,4334.418537,41746.133869,8460.942254,7069.260391,72886.205932,0.33952,0.029186,85.331817,753.605879,1008.281569,71.627444,422.165162,2341.380577,4.014654,38400.97954,2418.808434,40823.802628,0.0,168.036557,232.046713,400.08327,0.0,0.0,10.435543,11776.544151,691.511789,0.0,0.0,12478.491483,17377.911014,18574.102177,43088.453873,69894.329613,90448.90002,90867.403412,11325.531181,341576.63129,1.6158,0.0,0.0,952.468409,576.464407,49.221493,2434.908404,4014.678513,1001.129146,625.719,2239.342302,20541.277367,23708.278192,233.714531,203.905657,48553.366195,0.0,0,0.0,172.90645,1010.597317,0.584203,22.28734,1206.37531
2018-06-01,Monthly,Skim Perbankan Islam (SPI) / Islamic Banking Scheme (IBS),0.0,0.0,0.0,0.0,0.0,0.0,0.0,0.0,0,0,0,0.0,0.0,0,0,0.0,0.0,0.0,0.0,0.0,0.0,0.0,0.0,0.0,0,0,0,0.0,0.0,0.0,0.0,0.0,0.0,0.0,2.765485,246.546428,295.3385,13.985225,13.634299,572.269937,0.0,0.0,297.091957,13.465725,1.530269,0.0,21.09476,333.182711,0.0,51.47002,6.64126,58.11128,0.0,0.0,0.0,0.0,0.0,0.0,0.0,0.0,0.0,0.0,0.0,0.0,58.060204,0.8,293.18545,1746.051082,1750.790206,281.686617,105.749774,4236.323333,0.0,0.0,0.0,0.0,0.0,0.0,0.0,0.0,100.156986,0.0,606.208744,1054.077694,148.107082,0.0,0.0,1908.550506,0.0,0,0.0,0.0,0.0,0.0,0.0,0.0
2018-06-01,Monthly,Jumlah/ Total,0.0,0.0,0.0,0.096351,0.231789,108.145477,0.883375,109.356992,0,0,0,0.0,0.0,0,0,0.0,0.116611,268.859126,105.104836,21.862961,537.989163,175.736109,38.976853,1148.645659,0,0,0,0.0,0.0,0.0,0.0,0.0,4967.434712,2189.985042,4120.796612,4580.964965,42041.472369,8474.927479,7082.89469,73458.475869,0.33952,0.029186,382.423774,767.071604,1009.811838,71.627444,443.259922,2674.563288,4.014654,38452.44956,2425.449694,40881.913908,0.0,168.036557,232.046713,400.08327,0.0,0.0,10.435543,11776.544151,691.511789,0.0,0.0,12478.491483,17435.971218,18574.902177,43381.639323,71640.380695,92199.690226,91149.090029,11431.280955,345812.954623,1.6158,0.0,0.0,952.468409,576.464407,49.221493,2434.908404,4014.678513,1101.286132,625.719,2845.551046,21595.355061,23856.385274,233.714531,203.905657,50461.916701,0.0,0,0.0,172.90645,1010.597317,0.584203,22.28734,1206.37531
2018-07-01,Monthly,Bank-bank Islam / Islamic Banks,0.0,0.0,0.0,0.096276,0.227218,107.584124,0.8593,108.766918,0,0,0,0.0,0.0,0,0,0.0,0.116611,6.886684,28.469975,21.721679,487.011727,138.191149,36.893155,719.29098,0,0,0,0.0,0.0,0.0,0.0,0.0,4162.158131,2285.585916,4255.083442,4470.775722,40770.152614,8146.847324,6942.984294,71033.587443,0.291492,0.029381,83.626066,793.046086,1127.713825,71.411862,449.07307,2525.191782,8.756834,38090.250056,2372.572123,40471.579013,0.0,160.511102,226.535327,387.046429,0.0,0.0,10.466304,13056.698874,0.0,0.0,0.0,13067.165178,19037.266038,18808.77843,43729.361934,72488.705757,91772.413075,90550.443174,11273.6047,347660.573108,1.6266,0.0,0.0,1031.518344,498.60728,51.58503,2565.47596,4148.813214,2001.279139,591.401,2099.509462,19874.907038,23899.757672,177.919517,197.695235,48842.469063,0.0,0,0.0,178.157373,988.702751,0.0,63.454288,1230.314412
2018-07-01,Monthly,Skim Perbankan Islam (SPI) / Islamic Banking Scheme (IBS),0.0,0.0,0.0,0.0,0.0,0.0,0.0,0.0,0,0,0,0.0,0.0,0,0,0.0,0.0,0.0,0.0,0.0,0.0,0.0,0.0,0.0,0,0,0,0.0,0.0,0.0,0.0,0.0,0.0,0.0,2.447858,176.639346,263.532371,10.832002,20.163774,473.615351,0.0,0.0,327.559768,13.319899,1.545023,0.0,21.244087,363.668777,0.0,51.302516,6.27667,57.579186,0.0,0.0,0.0,0.0,0.0,0.0,0.0,0.0,0.0,0.0,0.0,0.0,62.087733,5.2,479.5,1849.952242,1429.412649,340.299083,122.064289,4288.515996,0.0,0.0,0.0,0.0,0.0,0.0,0.0,0.0,70.061178,0.0,981.850891,739.455287,149.082598,0.0,0.0,1940.449954,0.0,0,0.0,0.0,0.0,0.0,0.0,0.0
2018-07-01,Monthly,Jumlah/ Total,0.0,0.0,0.0,0.096276,0.227218,107.584124,0.8593,108.766918,0,0,0,0.0,0.0,0,0,0.0,0.116611,6.886684,28.469975,21.721679,487.011727,138.191149,36.893155,719.29098,0,0,0,0.0,0.0,0.0,0.0,0.0,4162.158131,2285.585916,4257.5313,4647.415068,41033.684985,8157.679326,6963.148068,71507.202794,0.291492,0.029381,411.185834,806.365985,1129.258848,71.411862,470.317157,2888.860559,8.756834,38141.552572,2378.848793,40529.158199,0.0,160.511102,226.535327,387.046429,0.0,0.0,10.466304,13056.698874,0.0,0.0,0.0,13067.165178,19099.353771,18813.97843,44208.861934,74338.657999,93201.825724,90890.742257,11395.668989,351949.089104,1.6266,0.0,0.0,1031.518344,498.60728,51.58503,2565.47596,4148.813214,2071.340317,591.401,3081.360353,20614.362325,24048.84027,177.919517,197.695235,50782.919017,0.0,0,0.0,178.157373,988.702751,0.0,63.454288,1230.314412
2018-08-01,Monthly,Bank-bank Islam / Islamic Banks,0.0,0.0,0.0,0.096369,0.228017,107.565445,0.861327,108.751158,0,0,0,0.0,0.0,0,0,0.0,0.120148,6.903071,28.470023,16.421598,480.42852800000003,137.180128,36.690493,706.213989,0,0,0,0.0,0.0,0.0,0.0,0.0,3591.303986,2109.59571,4424.285361,3773.815087,38810.098141,8049.905872,6983.072013,67742.07617,0.294577,0.000103,83.490371,773.507966,1207.414706,68.894612,510.166888,2643.769223,4.48948,38319.072269,2334.220917,40657.782666,0.0,158.000347,228.205355,386.205702,0.0,0.0,10.497066,12895.401265,0.0,0.0,0.0,12905.898331,20758.704167,18598.20628,43347.552608,76128.109146,96275.004836,91093.394558,12406.181784,358607.153379,1.6438,0.0,0.0,960.778967,528.353358,58.970451,2667.704507,4217.451083,2001.12848,643.961,633.265876,23669.377539,23342.677502,202.488301,107.760006,50600.658704,0.0,0,0.0,196.464186,1055.460651,2.256541,63.399577,1317.580955
2018-08-01,Monthly,Skim Perbankan Islam (SPI) / Islamic Banking Scheme (IBS),0.0,0.0,0.0,0.0,0.0,0.0,0.0,0.0,0,0,0,0.0,0.0,0,0,0.0,0.0,0.0,0.0,0.0,0.0,0.0,0.0,0.0,0,0,0,0.0,0.0,0.0,0.0,0.0,0.0,0.0,1.936522,145.530178,250.193757,10.727575,17.17193,425.559962,0.0,0.0,0.612607,8.523763,1.557388,0.0,22.320527,33.014285,0.0,47.52106,6.131781,53.652841,0.0,0.0,0.0,0.0,0.0,0.0,0.0,0.0,0.0,0.0,0.0,0.0,64.047229,5.216341,552.0,2113.934905,1392.714961,420.54824,135.483082,4683.944758,0.0,0.0,0.0,0.0,0.0,0.0,0.0,0.0,70.141027,0.0,844.056576,717.543861,152.796154,0.0,0.0,1784.537618,0.0,0,0.0,0.0,0.0,0.0,0.0,0.0
2018-08-01,Monthly,Jumlah/ Total,0.0,0.0,0.0,0.096369,0.228017,107.565445,0.861327,108.751158,0,0,0,0.0,0.0,0,0,0.0,0.120148,6.903071,28.470023,16.421598,480.42852800000003,137.180128,36.690493,706.213989,0,0,0,0.0,0.0,0.0,0.0,0.0,3591.303986,2109.59571,4426.221883,3919.345265,39060.291898,8060.633447,7000.243943,68167.636132,0.294577,0.000103,84.102978,782.031729,1208.972094,68.894612,532.487415,2676.783508,4.48948,38366.593329,2340.352698,40711.435507,0.0,158.000347,228.205355,386.205702,0.0,0.0,10.497066,12895.401265,0.0,0.0,0.0,12905.898331,20822.751396,18603.422621,43899.552608,78242.044051,97667.719797,91513.942798,12541.664866,363291.098137,1.6438,0.0,0.0,960.778967,528.353358,58.970451,2667.704507,4217.451083,2071.269507,643.961,1477.322452,24386.9214,23495.473656,202.488301,107.760006,52385.196322,0.0,0,0.0,196.464186,1055.460651,2.256541,63.399577,1317.580955
2018-09-01,Monthly,Bank-bank Islam / Islamic Banks,0.0,0.0,0.0,0.096426,0.227492,107.506835,0.856779,108.687532,0,0,0,0.0,0.0,0,0,0.0,0.120148,6.924037,28.533243,16.431815,468.7603,137.111436,35.492867,693.373846,0,0,0,0.0,0.0,0.0,0.0,0.0,1866.626209,2043.618554,4313.50296,4643.744908,41510.599771,8152.74947,6144.942276,68675.784148,0.186413,0.001225,84.370797,409.411489,901.877269,62.180977,522.955213,1980.983383,10.468723,38339.28151,2301.176313,40650.926546,0.0,149.238627,227.314236,376.552863,0.0,0.0,10.526834,12470.249665,0.0,0.0,0.0,12480.776499,20735.073344,17132.385723,43928.679732,77928.952832,94612.127226,91617.698817,11874.126377,357829.044051,1.6548,0.0,0.0,1170.786901,950.884826,69.929423,2813.984303,5007.240253,2011.883694,615.889493,1004.094434,22963.463981,23494.562864,288.263016,127.566906,50505.724388,0.0,0,0.0,184.157146,1065.426496,1.501733,60.220472,1311.305847
2018-09-01,Monthly,Skim Perbankan Islam (SPI) / Islamic Banking Scheme (IBS),0.0,0.0,0.0,0.0,0.0,0.0,0.0,0.0,0,0,0,0.0,0.0,0,0,0.0,0.0,0.0,0.0,0.0,0.0,0.0,0.0,0.0,0,0,0,0.0,0.0,0.0,0.0,0.0,0.0,0.0,1.496585,237.292836,364.183063,12.475787,16.866921,632.315192,0.0,0.0,405.718389,9.823329,1.568942,0.0,20.172936,437.283596,0.0,51.800073,6.227906,58.027979,0.0,0.0,0.0,0.0,0.0,0.0,0.0,0.0,0.0,0.0,0.0,0.0,37.713,5.21634,602.050991,2219.445891,1681.435946,452.208117,150.427326,5148.497611,0.0,0.0,0.0,0.0,0.0,0.0,0.0,0.0,90.105397,0.0,757.244074,588.601378,166.440953,0.0,0.0,1602.391802,0.0,0,0.0,0.0,0.0,0.0,0.0,0.0
2018-09-01,Monthly,Jumlah/ Total,0.0,0.0,0.0,0.096426,0.227492,107.506835,0.856779,108.687532,0,0,0,0.0,0.0,0,0,0.0,0.120148,6.924037,28.533243,16.431815,468.7603,137.111436,35.492867,693.373846,0,0,0,0.0,0.0,0.0,0.0,0.0,1866.626209,2043.618554,4314.999545,4881.037744,41874.782834,8165.225257,6161.809197,69308.09934,0.186413,0.001225,490.089186,419.234818,903.446211,62.180977,543.128149,2418.266979,10.468723,38391.081583,2307.404219,40708.954525,0.0,149.238627,227.314236,376.552863,0.0,0.0,10.526834,12470.249665,0.0,0.0,0.0,12480.776499,20772.786344,17137.602063,44530.730723,80148.398723,96293.563172,92069.906934,12024.553703,362977.541662,1.6548,0.0,0.0,1170.786901,950.884826,69.929423,2813.984303,5007.240253,2101.989091,615.889493,1761.338508,23552.065359,23661.003817,288.263016,127.566906,52108.11619,0.0,0,0.0,184.157146,1065.426496,1.501733,60.220472,1311.305847
2018-10-01,Monthly,Bank-bank Islam / Islamic Banks,0.0,0.0,0.0,0.09597,0.212181,105.273658,0.848527,106.430336,0,0,0,0.0,0.0,0,0,0.0,0.120148,6.940446,28.54239,16.54278,465.331422,136.1964,34.823833,688.497419,0,0,0,0.0,0.0,0.0,0.0,0.0,2014.736388,2035.854895,4912.706576,4568.682888,42184.349617,7970.712349,6377.315963,70064.358676,0.090985,0.004336,8.831167,494.114314,932.397659,59.828345,592.685556,2087.952362,14.866068,38591.265755,2339.820866,40945.952689,0.0,145.659724,226.457285,372.117009,0.0,0.0,10.558083,13046.639299,0.0,23.149,0.0,13080.346382,17465.544843,16020.608057,44649.336263,78654.768414,95703.136388,91445.500184,11756.037566,355694.931715,1.674,0.0,0.0,1636.258081,701.828575,72.520116,2837.476541,5249.757313,0.968196,611.133,952.131179,26683.824054,22966.395117,201.188952,116.034761,51531.675259,0.0,0,0.0,296.923852,1174.21325,0.355725,34.480997,1505.973824
2018-10-01,Monthly,Skim Perbankan Islam (SPI) / Islamic Banking Scheme (IBS),0.0,0.0,0.0,0.0,0.0,0.0,0.0,0.0,0,0,0,0.0,0.0,0,0,0.0,0.0,0.0,0.0,0.0,0.0,0.0,0.0,0.0,0,0,0,0.0,0.0,0.0,0.0,0.0,0.0,0.0,3.269057,182.967762,288.532455,8.231092,17.186866,500.187232,0.0,0.0,335.844614,5.031293,1.586732,0.0,20.452939,362.915578,0.0,52.210574,5.844655,58.055229,0.0,0.0,0.0,0.0,0.0,0.0,0.0,0.0,0.0,0.0,0.0,0.0,37.7,5.233262,621.410659,3675.292815,1717.013071,591.818635,138.913294,6787.381736,0.0,0.0,0.0,0.0,0.0,0.0,0.0,0.0,70.116342,0.0,851.042089,349.318244,341.036439,0.0,0.0,1611.513114,0.0,0,0.0,0.0,0.0,0.0,0.0,0.0
2018-10-01,Monthly,Jumlah/ Total,0.0,0.0,0.0,0.09597,0.212181,105.273658,0.848527,106.430336,0,0,0,0.0,0.0,0,0,0.0,0.120148,6.940446,28.54239,16.54278,465.331422,136.1964,34.823833,688.497419,0,0,0,0.0,0.0,0.0,0.0,0.0,2014.736388,2035.854895,4915.975633,4751.65065,42472.882072,7978.943441,6394.502829,70564.545908,0.090985,0.004336,344.675781,499.145607,933.984391,59.828345,613.138495,2450.86794,14.866068,38643.476329,2345.665521,41004.007918,0.0,145.659724,226.457285,372.117009,0.0,0.0,10.558083,13046.639299,0.0,23.149,0.0,13080.346382,17503.244843,16025.841319,45270.746922,82330.061229,97420.149459,92037.318819,11894.95086,362482.313451,1.674,0.0,0.0,1636.258081,701.828575,72.520116,2837.476541,5249.757313,71.084538,611.133,1803.173268,27033.142298,23307.431556,201.188952,116.034761,53143.188373,0.0,0,0.0,296.923852,1174.21325,0.355725,34.480997,1505.973824
2018-11-01,Monthly,Bank-bank Islam / Islamic Banks,0.0,0.0,0.0,0.095564,0.206006,104.049575,0.843192,105.194337,0,0,0,0.0,0.0,0,0,0.0,0.136117,6.956787,38.655018,16.264648,458.113953,136.06604,24.251223,680.443786,0,0,0,0.0,0.0,0.0,0.0,0.0,2520.095518,1853.994791,4661.645912,4973.175122,41897.454608,8034.781887,6032.174465,69973.322303,0.319904,0.006915,6.992973,537.830567,994.419462,60.464851,523.592639,2123.627311,7.603913,38822.01021,2386.472111,41216.086234,0.0,138.396501,233.456965,371.853466,0.0,0.0,10.588374,12946.447395,0.0,23.149,0.0,12980.184769,15599.1636,12813.555033,44396.154033,80842.721672,98168.646219,92545.375804,12071.144712,356436.761073,1.47425,0.0,0.0,3661.754097,710.239095,70.32377,3003.089081,7446.880293,1500.961493,488.127,682.277418,26616.874139,22643.008158,224.454268,105.26428,52260.966756,0.0,0,0.0,298.525712,1089.384816,1.143502,592.102294,1981.156324
2018-11-01,Monthly,Skim Perbankan Islam (SPI) / Islamic Banking Scheme (IBS),0.0,0.0,0.0,0.0,0.0,0.0,0.0,0.0,0,0,0,0.0,0.0,0,0,0.0,0.0,0.0,0.0,0.0,0.0,0.0,0.0,0.0,0,0,0,0.0,0.0,0.0,0.0,0.0,0.0,0.0,2.47507,293.355366,318.565324,8.075579,19.094713,641.566052,0.0,0.0,386.883473,4.922922,1.587874,0.0,20.467076,413.86134500000003,0.0,50.317766,6.043408,56.361174,0.0,0.0,0.0,0.0,0.0,0.0,0.0,0.0,0.0,0.0,0.0,0.0,47.603679,5.233262,693.658532,3342.879305,1679.414584,823.458744,153.517225,6745.765331,0.0,0.0,0.0,0.0,0.0,0.0,0.0,0.0,85.123014,0.0,732.410233,323.859812,294.971078,0.0,0.0,1436.364137,0.0,0,0.0,0.0,0.0,0.0,0.0,0.0
2018-11-01,Monthly,Jumlah/ Total,0.0,0.0,0.0,0.095564,0.206006,104.049575,0.843192,105.194337,0,0,0,0.0,0.0,0,0,0.0,0.136117,6.956787,38.655018,16.264648,458.113953,136.06604,24.251223,680.443786,0,0,0,0.0,0.0,0.0,0.0,0.0,2520.095518,1853.994791,4664.120982,5266.530488,42216.019932,8042.857466,6051.269178,70614.888355,0.319904,0.006915,393.876446,542.753489,996.007336,60.464851,544.059715,2537.488656,7.603913,38872.327976,2392.515519,41272.447408,0.0,138.396501,233.456965,371.853466,0.0,0.0,10.588374,12946.447395,0.0,23.149,0.0,12980.184769,15646.767279,12818.788295,45089.812565,84185.600977,99848.060803,93368.834548,12224.661937,363182.526404,1.47425,0.0,0.0,3661.754097,710.239095,70.32377,3003.089081,7446.880293,1586.084507,488.127,1414.687651,26940.733951,22937.979236,224.454268,105.26428,53697.330893,0.0,0,0.0,298.525712,1089.384816,1.143502,592.102294,1981.156324
2018-12-01,Monthly,Bank-bank Islam / Islamic Banks,0.0,0.0,0.0,0.095576,0.205205,103.65345,0.842702,104.796933,0,0,0,0.0,0.0,0,0,0.0,0.136117,6.894134,38.676594,16.173794,446.23427,134.96792,23.819942,666.902771,0,0,0,0.0,0.0,0.0,0.0,0.0,2319.064833,2012.930394,5480.616978,4543.078142,43200.972018,8371.837176,6088.610746,72017.110287,0.17961,0.008376,27.101057,562.341419,933.883506,61.668806,714.92901,2300.111784,6.143918,38746.056505,2398.355932,41150.556355,0.0,142.74024,238.577954,381.318194,0.0,0.0,10.619675,14951.593874,1e-06,23.149,0.0,14985.36255,19375.904227,15318.290298,48461.678975,76047.953171,99068.353117,94417.634471,11883.392737,364573.206996,1.456825,0.0,0.0,4620.863449,943.21803,69.281472,2733.410347,8368.230123,0.974771,461.377,1161.599617,29026.554436,23483.387472,293.519037,121.571798,54548.984131,0.0,0,0.0,868.209004,690.61319,1.991394,223.963977,1784.777565
2018-12-01,Monthly,Skim Perbankan Islam (SPI) / Islamic Banking Scheme (IBS),0.0,0.0,0.0,0.0,0.0,0.0,0.0,0.0,0,0,0,0.0,0.0,0,0,0.0,0.0,0.0,0.0,0.0,0.0,0.0,0.0,0.0,0,0,0,0.0,0.0,0.0,0.0,0.0,0.0,0.0,267.952388,61.152265,298.105998,13.308148,118.827016,759.345815,0.0,0.0,433.94342,2.934382,1.568733,0.0,30.491282,468.937817,0.0,51.429771,7.18599,58.615761,0.0,0.0,0.0,0.0,0.0,0.0,0.0,0.0,0.0,0.0,0.0,0.0,38.21,0.0,986.049527,3867.884874,1877.593516,1030.339682,147.128855,7947.206454,0.0,0.0,0.0,0.0,0.0,0.0,0.0,0.0,70.120479,0.0,500.558943,379.388129,139.987077,0.0,0.0,1090.054628,0.0,0,0.0,0.0,0.0,0.0,0.0,0.0
2018-12-01,Monthly,Jumlah/ Total,0.0,0.0,0.0,0.095576,0.205205,103.65345,0.842702,104.796933,0,0,0,0.0,0.0,0,0,0.0,0.136117,6.894134,38.676594,16.173794,446.23427,134.96792,23.819942,666.902771,0,0,0,0.0,0.0,0.0,0.0,0.0,2319.064833,2012.930394,5748.569366,4604.230407,43499.078016,8385.145324,6207.437762,72776.456102,0.17961,0.008376,461.044477,565.275801,935.452239,61.668806,745.420292,2769.049601,6.143918,38797.486276,2405.541922,41209.172116,0.0,142.74024,238.577954,381.318194,0.0,0.0,10.619675,14951.593874,1e-06,23.149,0.0,14985.36255,19414.114227,15318.290298,49447.728502,79915.838045,100945.946633,95447.974153,12030.521592,372520.41345,1.456825,0.0,0.0,4620.863449,943.21803,69.281472,2733.410347,8368.230123,71.09525,461.377,1662.15856,29405.942565,23623.374549,293.519037,121.571798,55639.038759,0.0,0,0.0,868.209004,690.61319,1.991394,223.963977,1784.777565
2019-01-01,Monthly,Bank-bank Islam / Islamic Banks,0.0,0.0,0.0,0.095344,0.200293,102.436513,0.839207,103.571357,0,0,0,0.0,0.0,0,0,0.0,0.136117,6.990192,38.770921,16.567785,429.942608,128.412132,20.681453,641.501208,0,0,0,0.0,0.0,0.0,0.0,0.0,3720.856271,2286.627005,5006.274594,4843.959826,41820.839916,8375.892269,6295.145012,72349.594893,0.164577,0.008281,38.831759,435.954218,951.759524,87.126403,765.344278,2279.18904,5.785984,40290.873832,2475.835131,42772.494947,0.0,138.624037,244.413458,383.037495,0.0,0.0,10.650976,13623.640208,10.615771,23.039,0.0,13667.945955,18162.373612,15573.975574,46545.072743,78591.869434,99123.553979,99595.015562,12216.284298,369808.145202,1.439928,0.0,0.0,3091.009449,2293.498875,70.04734,3063.987329,8519.982921,0.96601,409.194,1308.842868,24589.770552,21828.816944,200.363861,95.534761,48433.488996,0.0,0,0.0,904.601539,730.641378,2.21043,37.896816,1675.350163
2019-01-01,Monthly,Skim Perbankan Islam (SPI) / Islamic Banking Scheme (IBS),0.0,0.0,0.0,0.0,0.0,0.0,0.0,0.0,0,0,0,0.0,0.0,0,0,0.0,0.0,0.0,0.0,0.0,0.0,0.0,0.0,0.0,0,0,0,0.0,0.0,0.0,0.0,0.0,0.0,0.0,255.536314,72.338303,260.936374,10.178704,13.218651,612.208346,0.0,0.0,470.034994,1.333603,1.550491,0.0,29.975272,502.89436,0.0,51.576092,6.690624,58.266716,0.0,0.0,0.0,0.0,0.0,0.0,0.0,0.0,0.0,0.0,0.0,0.0,91.961782,0.0,975.084875,4149.629151,1632.189235,1063.85602,159.034496,8071.755559,0.0,0.0,0.0,0.0,0.0,0.0,0.0,0.0,100.150945,0.0,626.045785,221.654,232.335629,0.0,0.0,1180.186359,0.0,0,0.0,0.0,0.0,0.0,0.0,0.0
2019-01-01,Monthly,Jumlah/ Total,0.0,0.0,0.0,0.095344,0.200293,102.436513,0.839207,103.571357,0,0,0,0.0,0.0,0,0,0.0,0.136117,6.990192,38.770921,16.567785,429.942608,128.412132,20.681453,641.501208,0,0,0,0.0,0.0,0.0,0.0,0.0,3720.856271,2286.627005,5261.810908,4916.298129,42081.77629,8386.070973,6308.363663,72961.803239,0.164577,0.008281,508.866753,437.287821,953.310015,87.126403,795.31955,2782.0834,5.785984,40342.449924,2482.525755,42830.761663,0.0,138.624037,244.413458,383.037495,0.0,0.0,10.650976,13623.640208,10.615771,23.039,0.0,13667.945955,18254.335394,15573.975574,47520.157618,82741.498585,100755.743214,100658.871582,12375.318794,377879.900761,1.439928,0.0,0.0,3091.009449,2293.498875,70.04734,3063.987329,8519.982921,101.116955,409.194,1934.888653,24811.424552,22061.152573,200.363861,95.534761,49613.675355,0.0,0,0.0,904.601539,730.641378,2.21043,37.896816,1675.350163
2019-02-01,Monthly,Bank-bank Islam / Islamic Banks,0.0,0.0,0.0,0.095433,0.200647,101.944156,0.773801,103.014037,0,0,0,0.0,0.0,0,0,0.0,0.136117,7.005141,38.793109,16.576267,403.563674,128.178334,18.544133,612.796775,0,0,0,0.0,0.0,0.0,0.0,0.0,4650.099497,2628.151339,5611.571901,4678.887104,40453.205348,8260.439296,6355.970584,72638.325069,0.169881,0.008239,41.560209,81.448193,1022.62833,69.665747,569.281996,1784.762595,5.70203,40872.915271,2447.804476,43326.421777,0.0,135.30177,240.643518,375.945288,0.0,0.0,10.679248,12357.680475,604.671859,23.039,0.0,12996.070582,20926.447321,15279.552933,50309.633854,75126.380789,100955.746066,101385.27143,12701.884319,376684.916712,1.432183,0.0,0.0,2743.448265,763.424161,84.292611,3013.507465,6606.104685,0.913833,402.884249,1231.371697,23648.162338,23858.713145,395.103047,138.277297,49675.425606,0.0,0,0.0,801.130136,1043.017977,7.905225,180.702123,2032.755461
2019-02-01,Monthly,Skim Perbankan Islam (SPI) / Islamic Banking Scheme (IBS),0.0,0.0,0.0,0.0,0.0,0.0,0.0,0.0,0,0,0,0.0,0.0,0,0,0.0,0.0,0.0,0.0,0.0,0.0,0.0,0.0,0.0,0,0,0,0.0,0.0,0.0,0.0,0.0,0.0,0.0,269.245472,44.507874,274.46838,9.662378,13.967474,611.851578,0.0,0.0,531.758073,3.322513,1.543654,0.0002,29.808473,566.432913,0.0,51.230348,6.217194,57.447542,0.0,0.0,0.0,0.0,0.0,0.0,0.0,0.0,0.0,0.0,0.0,0.0,130.72762,53.15,1075.450409,4295.437625,1848.125871,1078.832139,148.426149,8630.149813,0.0,0.0,0.0,0.0,0.0,0.0,0.0,0.0,100.210164,0.0,890.438532,616.306131,157.905839,0.0,0.0,1764.860666,0.0,0,0.0,0.0,0.0,0.0,0.0,0.0
2019-02-01,Monthly,Jumlah/ Total,0.0,0.0,0.0,0.095433,0.200647,101.944156,0.773801,103.014037,0,0,0,0.0,0.0,0,0,0.0,0.136117,7.005141,38.793109,16.576267,403.563674,128.178334,18.544133,612.796775,0,0,0,0.0,0.0,0.0,0.0,0.0,4650.099497,2628.151339,5880.817373,4723.394978,40727.673728,8270.101674,6369.938058,73250.176647,0.169881,0.008239,573.318282,84.770706,1024.171984,69.665947,599.090469,2351.195508,5.70203,40924.145619,2454.02167,43383.869319,0.0,135.30177,240.643518,375.945288,0.0,0.0,10.679248,12357.680475,604.671859,23.039,0.0,12996.070582,21057.174941,15332.702933,51385.084263,79421.818414,102803.871937,102464.103569,12850.310468,385315.066525,1.432183,0.0,0.0,2743.448265,763.424161,84.292611,3013.507465,6606.104685,101.123997,402.884249,2121.810229,24264.468469,24016.618984,395.103047,138.277297,51440.286272,0.0,0,0.0,801.130136,1043.017977,7.905225,180.702123,2032.755461
2019-03-01,Monthly,Bank-bank Islam / Islamic Banks,0.0,0.0,0.0,0.095748,0.205435,102.150217,0.77653,103.22793,0,0,0,0.0,0.0,0,0,0.0,0.136117,7.026705,38.873925,16.595495,403.569422,126.503053,18.662751,611.367468,0,0,0,0.0,0.0,0.0,0.0,0.0,3023.363407,2386.066979,5428.323187,4668.423486,42550.831875,8218.017775,7977.746418,74252.773127,35.338448,0.008268,47.89852,174.046851,990.8855,79.507156,604.242517,1931.92726,5.839687,40572.902118,2421.74243,43000.484235,0.0,136.298774,246.051999,382.350773,0.0,0.0,10.710549,13335.727603,606.692547,23.039,0.0,13976.169699,24988.828877,15864.15765,54156.59642,65654.341812,102316.35677,107080.069637,12993.038103,383053.389269,1.43852,0.0,0.0,2981.557943,817.451382,80.959865,3078.951694,6960.359404,0.932042,408.524,2107.087486,24772.68077,22848.456531,315.730006,98.281851,50551.692686,0.0,0,0.0,695.418384,705.896138,0.028963,835.013634,2236.357119
2019-03-01,Monthly,Skim Perbankan Islam (SPI) / Islamic Banking Scheme (IBS),0.0,0.0,0.0,0.0,0.0,0.0,0.0,0.0,0,0,0,0.0,0.0,0,0,0.0,0.0,0.0,0.0,0.0,0.0,0.0,0.0,0.0,0,0,0,0.0,0.0,0.0,0.0,0.0,0.0,0.0,276.497615,80.466808,341.765502,9.953263,12.537195,721.220383,0.0,0.0,485.093901,1.332648,1.547428,0.000276,29.89822,517.872473,0.0,52.642545,5.76527,58.407815,0.0,0.0,0.0,0.0,0.0,0.0,0.0,0.0,0.0,0.0,0.0,0.0,224.912616,85.455526,889.962634,3670.668254,1612.826782,1100.075979,144.824522,7728.726313,0.0,0.0,0.0,0.0,0.0,0.0,0.0,0.0,70.281753,0.0,396.893022,395.942626,237.84321,0.0,0.0,1100.960611,0.0,0,0.0,0.0,0.0,0.0,0.0,0.0
2019-03-01,Monthly,Jumlah/ Total,0.0,0.0,0.0,0.095748,0.205435,102.150217,0.77653,103.22793,0,0,0,0.0,0.0,0,0,0.0,0.136117,7.026705,38.873925,16.595495,403.569422,126.503053,18.662751,611.367468,0,0,0,0.0,0.0,0.0,0.0,0.0,3023.363407,2386.066979,5704.820802,4748.890294,42892.597377,8227.971038,7990.283613,74973.99351,35.338448,0.008268,532.992421,175.379499,992.432928,79.507432,634.140737,2449.799733,5.839687,40625.544663,2427.5077,43058.89205,0.0,136.298774,246.051999,382.350773,0.0,0.0,10.710549,13335.727603,606.692547,23.039,0.0,13976.169699,25213.741493,15949.613176,55046.559054,69325.010066,103929.183552,108180.145616,13137.862625,390782.115582,1.43852,0.0,0.0,2981.557943,817.451382,80.959865,3078.951694,6960.359404,71.213795,408.524,2503.980508,25168.623396,23086.299741,315.730006,98.281851,51652.653297,0.0,0,0.0,695.418384,705.896138,0.028963,835.013634,2236.357119
2019-04-01,Monthly,Bank-bank Islam / Islamic Banks,0.0,0.0,0.0,0.095901,0.206858,101.955804,0.778194,103.036757,0,0,0,0.0,0.0,0,0,0.0,0.136117,7.042739,38.906013,16.607767,400.284431,124.884723,18.344231,606.206021,0,0,0,0.0,0.0,0.0,0.0,0.0,2192.002364,2275.742138,5583.118811,4383.06408,42203.854739,8358.809424,7693.079851,72689.671407,320.370065,0.008376,53.093841,1040.64863,1120.161241,62.277774,640.732687,3237.292614,5.251593,41262.228892,2501.343263,43768.823748,0.0,143.381548,241.78303,385.164578,0.0,0.0,10.741316,11404.005681,608.654482,23.019,0.0,12046.420479,27639.713482,16395.523428,56726.905326,67604.510738,100814.677669,110944.502777,13566.150135,393691.983555,1.455945,0.0,0.0,5653.814965,758.654493,85.591041,2872.931896,9372.44834,1.901511,406.624,2168.428811,24208.608051,20423.368476,269.157421,434.86177,47912.95004,0.0,0,0.0,264.488416,613.696878,2.45665,605.368037,1486.009981
2019-04-01,Monthly,Skim Perbankan Islam (SPI) / Islamic Banking Scheme (IBS),0.0,0.0,0.0,0.0,0.0,0.0,0.0,0.0,0,0,0,0.0,0.0,0,0,0.0,0.0,0.0,0.0,0.0,0.0,0.0,0.0,0.0,0,0,0,0.0,0.0,0.0,0.0,0.0,0.0,0.0,268.92161,71.699658,267.292382,15.722196,195.975246,819.611092,0.0,0.0,622.954811,2.051504,1.568466,0.0004,31.051201,657.626382,0.0,55.062173,5.371738,60.433911,0.0,0.0,0.0,0.0,0.0,0.0,0.0,0.0,0.0,0.0,0.0,0.0,245.847228,85.572698,1052.505184,3829.926802,1774.005051,1118.330569,135.82431,8242.011842,0.0,0.0,0.0,0.0,0.0,0.0,0.0,0.0,60.078575,0.0,236.381649,373.572062,295.01401,0.0,0.0,965.046296,0.0,0,0.0,0.0,0.0,0.0,0.0,0.0
2019-04-01,Monthly,Jumlah/ Total,0.0,0.0,0.0,0.095901,0.206858,101.955804,0.778194,103.036757,0,0,0,0.0,0.0,0,0,0.0,0.136117,7.042739,38.906013,16.607767,400.284431,124.884723,18.344231,606.206021,0,0,0,0.0,0.0,0.0,0.0,0.0,2192.002364,2275.742138,5852.040421,4454.763738,42471.147121,8374.53162,7889.055097,73509.282499,320.370065,0.008376,676.048652,1042.700134,1121.729707,62.278174,671.783888,3894.918996,5.251593,41317.291065,2506.715001,43829.257659,0.0,143.381548,241.78303,385.164578,0.0,0.0,10.741316,11404.005681,608.654482,23.019,0.0,12046.420479,27885.56071,16481.096126,57779.41051,71434.43754,102588.68272,112062.833346,13701.974445,401933.995397,1.455945,0.0,0.0,5653.814965,758.654493,85.591041,2872.931896,9372.44834,61.980086,406.624,2404.81046,24582.180113,20718.382486,269.157421,434.86177,48877.996336,0.0,0,0.0,264.488416,613.696878,2.45665,605.368037,1486.009981
2019-05-01,Monthly,Bank-bank Islam / Islamic Banks,0.0,0.0,0.0,0.095766,0.202632,101.219807,0.768675,102.28688,0,0,0,0.0,0.0,0,0,0.0,0.136568,7.059777,38.997876,15.805939,401.057492,123.298098,18.338681,604.694431,0,0,0,0.0,0.0,0.0,0.0,0.0,2856.608492,2239.339044,5148.564314,4663.815537,42999.435968,8446.521405,7241.376705,73595.661465,904.28662,0.008485,54.05284,129.165961,1099.850631,61.325372,1530.469594,3779.159503,5.759797,42032.453849,2581.655693,44619.869339,0.0,129.724772,248.439653,378.164425,0.0,0.0,10.773163,11244.474015,410.580819,22.989,0.0,11688.816997,28327.620454,15885.827118,53799.530749,69686.123326,95711.176568,112179.573456,13771.457453,389361.309124,0.0,0.0,0.0,6646.619819,877.372347,168.918656,3186.501766,10879.412588,1.909993,426.253622,1475.203274,23739.742926,21233.908539,169.050787,337.912551,47383.981692,0.0,0,0.0,238.53805,786.025789,0.449835,1167.583072,2192.596746
2019-05-01,Monthly,Skim Perbankan Islam (SPI) / Islamic Banking Scheme (IBS),0.0,0.0,0.0,0.0,0.0,0.0,0.0,0.0,0,0,0,0.0,0.0,0,0,0.0,0.0,0.0,0.0,0.0,0.0,0.0,0.0,0.0,0,0,0,0.0,0.0,0.0,0.0,0.0,0.0,0.0,251.457506,54.680328,337.873027,9.427987,129.694777,783.133625,0.0,0.0,512.823788,1.70384,1.589123,0.000403,26.888486,543.00564,0.0,54.202796,5.422745,59.625541,0.0,0.0,0.0,0.0,0.0,0.0,0.0,0.0,0.0,0.0,0.0,0.0,252.828389,89.042444,1021.960107,3906.957083,2016.24322,1111.471295,137.707213,8536.209751,0.0,0.0,0.0,0.0,0.0,0.0,0.0,0.0,40.06663,0.0,443.002927,371.972593,199.827172,0.0,0.0,1054.869322,0.0,0,0.0,0.0,0.0,0.0,0.0,0.0
2019-05-01,Monthly,Jumlah/ Total,0.0,0.0,0.0,0.095766,0.202632,101.219807,0.768675,102.28688,0,0,0,0.0,0.0,0,0,0.0,0.136568,7.059777,38.997876,15.805939,401.057492,123.298098,18.338681,604.694431,0,0,0,0.0,0.0,0.0,0.0,0.0,2856.608492,2239.339044,5400.02182,4718.495865,43337.308995,8455.949392,7371.071482,74378.79509,904.28662,0.008485,566.876628,130.869801,1101.439754,61.325775,1557.35808,4322.165143,5.759797,42086.656645,2587.078438,44679.49488,0.0,129.724772,248.439653,378.164425,0.0,0.0,10.773163,11244.474015,410.580819,22.989,0.0,11688.816997,28580.448843,15974.869562,54821.490856,73593.080409,97727.419788,113291.044751,13909.164666,397897.518875,0.0,0.0,0.0,6646.619819,877.372347,168.918656,3186.501766,10879.412588,41.976623,426.253622,1918.206201,24111.715519,21433.735711,169.050787,337.912551,48438.851014,0.0,0,0.0,238.53805,786.025789,0.449835,1167.583072,2192.596746
2019-06-01,Monthly,Bank-bank Islam / Islamic Banks,0.0,0.0,0.0,0.095796,0.202338,100.811277,0.768788,101.878199,0,0,0,0.0,0.0,0,0,0.0,0.136568,7.075935,39.021195,15.815168,399.789891,121.368312,18.361938,601.569007,0,0,0,0.0,0.0,0.0,0.0,0.0,3370.000948,2428.136657,4865.858009,5007.784867,43399.786157,8520.217596,7617.355798,75209.140032,894.170408,0.008377,17.059414,2829.047896,1147.099462,77.559449,1174.126785,6139.071791,5.367395,41006.78155,2531.357258,43543.506203,0.0,134.999021,247.314891,382.313912,0.0,0.0,10.803983,10975.124886,10.787558,22.959,0.0,11019.675427,30839.657315,15164.246094,55983.994697,69761.763725,96113.71569,112821.369587,13826.535985,394511.283093,1.453566,0.0,0.0,6299.024458,875.212142,161.728484,3074.08918,10411.50783,2.010341,424.336,1958.532058,23051.341405,22663.258923,292.946745,354.430208,48746.85568,0.0,0,0.0,177.928105,777.375959,1.103291,1442.490775,2398.89813
2019-06-01,Monthly,Skim Perbankan Islam (SPI) / Islamic Banking Scheme (IBS),0.0,0.0,0.0,0.0,0.0,0.0,0.0,0.0,0,0,0,0.0,0.0,0,0,0.0,0.0,0.0,0.0,0.0,0.0,0.0,0.0,0.0,0,0,0,0.0,0.0,0.0,0.0,0.0,0.0,0.0,259.102951,86.626247,278.412783,8.242676,121.79455,754.179207,0.0,0.0,559.115748,0.779283,1.568109,0.043741,26.556701,588.063582,0.0,50.442895,5.510989,55.953884,0.0,0.0,0.0,0.0,0.0,0.0,0.0,0.0,0.0,0.0,0.0,0.0,326.19575,102.012583,941.291541,4035.43001,2017.653686,1110.36291,158.542139,8691.488619,0.0,0.0,0.0,0.0,0.0,0.0,0.0,0.0,40.063124,0.0,345.872116,458.60488,279.016394,0.0,0.0,1123.556514,0.0,0,0.0,0.0,0.0,0.0,0.0,0.0
2019-06-01,Monthly,Jumlah/ Total,0.0,0.0,0.0,0.095796,0.202338,100.811277,0.768788,101.878199,0,0,0,0.0,0.0,0,0,0.0,0.136568,7.075935,39.021195,15.815168,399.789891,121.368312,18.361938,601.569007,0,0,0,0.0,0.0,0.0,0.0,0.0,3370.000948,2428.136657,5124.96096,5094.411114,43678.19894,8528.460272,7739.150348,75963.319239,894.170408,0.008377,576.175162,2829.827179,1148.667571,77.60319,1200.683486,6727.135373,5.367395,41057.224445,2536.868247,43599.460087,0.0,134.999021,247.314891,382.313912,0.0,0.0,10.803983,10975.124886,10.787558,22.959,0.0,11019.675427,31165.853065,15266.258677,56925.286238,73797.193735,98131.369376,113931.732497,13985.078124,403202.771712,1.453566,0.0,0.0,6299.024458,875.212142,161.728484,3074.08918,10411.50783,42.073465,424.336,2304.404174,23509.946285,22942.275317,292.946745,354.430208,49870.412194,0.0,0,0.0,177.928105,777.375959,1.103291,1442.490775,2398.89813
2019-07-01,Monthly,Bank-bank Islam / Islamic Banks,0.0,0.0,0.0,0.095922,0.20387,100.555235,0.77025,101.625277,0,0,0,0.0,0.0,0,0,0.0,0.136568,5.745071,39.11627,15.816358,397.654564,116.414963,18.143517,593.027311,0,0,0,0.0,0.0,0.0,0.0,0.0,4426.732497,2298.337106,4596.352428,4755.606142,43609.764395,8538.09735,7838.741976,76063.631894,894.16214,0.008362,15.480398,2313.250545,1177.240939,283.129034,1118.402242,5801.67366,3.808014,41270.357946,2534.619691,43808.785651,0.0,137.125262,240.442566,377.567828,0.0,0.0,10.83583,11893.360433,10.823405,22.959,0.0,11937.978668,35964.15421,16552.870846,56216.751844,67939.45715,94842.673986,111696.171595,14205.63252,397417.712151,1.451458,0.0,0.0,7579.103534,1100.438602,75.845292,3361.79669,12118.635576,1.998996,436.036,1640.893035,23722.669366,21334.99941,239.693903,198.867661,47575.158371,0.0,0,0.0,736.05255,865.487453,0.62971,1640.205748,3242.375461
2019-07-01,Monthly,Skim Perbankan Islam (SPI) / Islamic Banking Scheme (IBS),0.0,0.0,0.0,0.0,0.0,0.0,0.0,0.0,0,0,0,0.0,0.0,0,0,0.0,0.0,0.0,0.0,0.0,0.0,0.0,0.0,0.0,0,0,0,0.0,0.0,0.0,0.0,0.0,0.0,0.0,209.019552,103.353116,280.111833,9.692066,20.605815,622.782382,0.0,0.0,217.0395,0.662619,1.666536,0.050524,26.515751,245.93493,0.0,53.854541,5.50506,59.359601,0.0,0.0,0.0,0.0,0.0,0.0,0.0,0.0,0.0,0.0,0.0,0.0,373.214388,116.571566,955.796074,4055.935149,1970.184493,1598.762243,165.582093,9236.046006,0.0,0.0,0.0,0.0,0.0,0.0,0.0,0.0,40.070137,0.0,346.744364,448.409148,227.596124,0.0,0.0,1062.819773,0.0,0,0.0,0.0,0.0,0.0,0.0,0.0
2019-07-01,Monthly,Jumlah/ Total,0.0,0.0,0.0,0.095922,0.20387,100.555235,0.77025,101.625277,0,0,0,0.0,0.0,0,0,0.0,0.136568,5.745071,39.11627,15.816358,397.654564,116.414963,18.143517,593.027311,0,0,0,0.0,0.0,0.0,0.0,0.0,4426.732497,2298.337106,4805.37198,4858.959258,43889.876228,8547.789416,7859.347791,76686.414276,894.16214,0.008362,232.519898,2313.913164,1178.907475,283.179558,1144.917993,6047.60859,3.808014,41324.212487,2540.124751,43868.145252,0.0,137.125262,240.442566,377.567828,0.0,0.0,10.83583,11893.360433,10.823405,22.959,0.0,11937.978668,36337.368598,16669.442412,57172.547918,71995.392299,96812.858479,113294.933838,14371.214613,406653.758157,1.451458,0.0,0.0,7579.103534,1100.438602,75.845292,3361.79669,12118.635576,42.069133,436.036,1987.637399,24171.078514,21562.595534,239.693903,198.867661,48637.978144,0.0,0,0.0,736.05255,865.487453,0.62971,1640.205748,3242.375461
2019-08-01,Monthly,Bank-bank Islam / Islamic Banks,0.0,0.0,0.0,0.095707,0.197596,99.629036,0.762637,100.684976,0,0,0,0.0,0.0,0,0,0.0,0.140343,5.758346,39.138298,15.832417,392.024587,115.840781,18.161374,586.896146,0,0,0,0.0,0.0,0.0,0.0,0.0,5788.860623,2368.903764,5032.764382,4298.821372,43062.359619,8555.812193,7557.54977,76665.071723,635.943342,0.010573,17.690862,147.497323,1299.792721,272.771549,982.7293,3356.43567,5.991608,41808.490168,2587.070502,44401.552278,0.0,143.694074,248.447877,392.141951,0.0,0.0,10.867678,12541.688804,10.859372,22.959,0.0,12586.374854,37081.821617,16259.19388,55549.701383,73851.169624,94529.136723,111154.988319,14665.721566,403091.733112,1.48203,0.0,84.315,5390.000925,966.845629,70.879612,3441.565297,9955.088493,1.756243,430.466,1214.044829,24725.410417,20866.040088,207.786366,305.692808,47751.196751,0.0,0,0.0,916.435651,914.739422,0.051414,603.551255,2434.777742
2019-08-01,Monthly,Skim Perbankan Islam (SPI) / Islamic Banking Scheme (IBS),0.0,0.0,0.0,0.0,0.0,0.0,0.0,0.0,0,0,0,0.0,0.0,0,0,0.0,0.0,0.0,0.0,0.0,0.0,0.0,0.0,0.0,0,0,0,0.0,0.0,0.0,0.0,0.0,0.0,0.0,210.545136,79.02129,380.187537,10.045964,19.703697,699.503624,0.0,0.0,105.487878,4.195328,2.084798,0.063263,27.080856,138.912123,0.0,54.979343,5.547935,60.527278,0.0,0.0,0.0,0.0,0.0,0.0,0.0,0.0,0.0,0.0,0.0,0.0,454.860028,110.079312,860.496074,4100.454572,1846.316764,2035.905803,184.022187,9592.13474,0.0,0.0,0.0,0.0,0.0,0.0,0.0,0.0,80.140274,0.0,369.623488,476.674646,119.658612,0.0,0.0,1046.09702,0.0,0,0.0,0.0,0.0,0.0,0.0,0.0
2019-08-01,Monthly,Jumlah/ Total,0.0,0.0,0.0,0.095707,0.197596,99.629036,0.762637,100.684976,0,0,0,0.0,0.0,0,0,0.0,0.140343,5.758346,39.138298,15.832417,392.024587,115.840781,18.161374,586.896146,0,0,0,0.0,0.0,0.0,0.0,0.0,5788.860623,2368.903764,5243.309518,4377.842662,43442.547156,8565.858157,7577.253467,77364.575347,635.943342,0.010573,123.17874,151.692651,1301.877519,272.834812,1009.810156,3495.347793,5.991608,41863.469511,2592.618437,44462.079556,0.0,143.694074,248.447877,392.141951,0.0,0.0,10.867678,12541.688804,10.859372,22.959,0.0,12586.374854,37536.681645,16369.273192,56410.197457,77951.624196,96375.453487,113190.894122,14849.743753,412683.867852,1.48203,0.0,84.315,5390.000925,966.845629,70.879612,3441.565297,9955.088493,81.896517,430.466,1583.668317,25202.085063,20985.6987,207.786366,305.692808,48797.293771,0.0,0,0.0,916.435651,914.739422,0.051414,603.551255,2434.777742
2019-09-01,Monthly,Bank-bank Islam / Islamic Banks,0.0,0.0,0.0,0.095439,0.201541,99.837062,0.731004,100.865046,0,0,0,0.0,0.0,0,0,0.0,0.140343,5.776629,39.224815,15.841241,352.950813,115.376471,18.013872,547.324184,0,0,0,0.0,0.0,0.0,0.0,0.0,5084.005886,2676.722284,5241.720189,3992.280187,44242.053625,8622.480389,7829.728031,77688.990591,633.378744,0.010503,26.032879,141.959608,1271.270185,268.135354,822.370888,3163.158161,6.202241,41803.426562,2600.004315,44409.633118,0.0,139.087254,250.809077,389.896331,0.0,0.0,110.447452,13197.26207,10.894292,22.959,0.0,13341.562814,37396.059201,16281.427122,56686.681269,72414.931104,102489.601939,109973.962466,14841.088165,410083.751266,1.47219,0.0,186.925704,2593.397495,1047.949104,68.026012,3622.580153,7520.350658,1.746544,416.066,1181.69395,25402.027987,20125.481432,411.314242,214.101442,47752.431597,0.0,0,0.0,798.992348,917.312944,1.994942,604.026651,2322.326885
2019-09-01,Monthly,Skim Perbankan Islam (SPI) / Islamic Banking Scheme (IBS),0.0,0.0,0.0,0.0,0.0,0.0,0.0,0.0,0,0,0,0.0,0.0,0,0,0.0,0.0,0.0,0.0,0.0,0.0,0.0,0.0,0.0,0,0,0,0.0,0.0,0.0,0.0,0.0,0.0,0.0,186.936833,75.226109,606.752169,8.612712,14.44501,891.972833,0.0,0.0,101.06415,4.013035,17.774136,0.157121,26.753037,149.761479,0.0,64.689196,5.526382,70.215578,0.0,0.0,0.0,0.0,0.0,0.0,0.0,0.0,0.0,0.0,0.0,0.0,461.075522,132.944345,939.277274,3889.452626,1596.667057,2412.495847,235.502927,9667.415598,0.0,0.0,0.0,0.0,0.0,0.0,0.0,0.0,80.136767,0.0,329.174097,453.053837,180.637146,0.0,0.0,1043.001847,0.0,0,0.0,0.0,0.0,0.0,0.0,0.0
2019-09-01,Monthly,Jumlah/ Total,0.0,0.0,0.0,0.095439,0.201541,99.837062,0.731004,100.865046,0,0,0,0.0,0.0,0,0,0.0,0.140343,5.776629,39.224815,15.841241,352.950813,115.376471,18.013872,547.324184,0,0,0,0.0,0.0,0.0,0.0,0.0,5084.005886,2676.722284,5428.657022,4067.506296,44848.805794,8631.093101,7844.173041,78580.963424,633.378744,0.010503,127.097029,145.972643,1289.044321,268.292475,849.123925,3312.91964,6.202241,41868.115758,2605.530697,44479.848696,0.0,139.087254,250.809077,389.896331,0.0,0.0,110.447452,13197.26207,10.894292,22.959,0.0,13341.562814,37857.134723,16414.371467,57625.958543,76304.38373,104086.268996,112386.458313,15076.591092,419751.166864,1.47219,0.0,186.925704,2593.397495,1047.949104,68.026012,3622.580153,7520.350658,81.883311,416.066,1510.868047,25855.081824,20306.118578,411.314242,214.101442,48795.433444,0.0,0,0.0,798.992348,917.312944,1.994942,604.026651,2322.326885
2019-10-01,Monthly,Bank-bank Islam / Islamic Banks,0.0,0.0,0.0,0.095686,0.204288,99.895068,0.730409,100.925451,0,0,0,0.0,0.0,0,0,0.0,0.140343,5.789927,39.257873,15.965883,349.161233,111.467565,18.031063,539.813887,0,0,0,0.0,0.0,0.0,0.0,0.0,3712.506008,1988.291835,5153.387459,4214.636087,44668.345898,8689.857467,9028.757238,77455.781992,422.486942,0.012481,20.102739,77.056424,1471.495851,270.776859,1142.939392,3404.870688,6.241426,41792.767208,2582.910004,44381.918638,0.0,137.921989,259.764946,397.686935,0.0,0.0,10.927922,13320.198467,110.770749,22.959,0.0,13464.856138,34084.451602,16325.748413,54132.403334,74988.943961,100982.044431,111271.011476,15097.043904,406881.647121,1.467271,0.0,250.906778,4356.197943,1519.548769,68.511976,3624.467156,9821.099893,1.748638,410.566,1454.094151,28181.718731,19815.193743,190.908472,165.249487,50219.479222,0.0,0,0.0,451.935023,798.891972,1.59066,614.356768,1866.774423
2019-10-01,Monthly,Skim Perbankan Islam (SPI) / Islamic Banking Scheme (IBS),0.0,0.0,0.0,0.0,0.0,0.0,0.0,0.0,0,0,0,0.0,0.0,0,0,0.0,0.0,0.0,0.0,0.0,0.0,0.0,0.0,0.0,0,0,0,0.0,0.0,0.0,0.0,0.0,0.0,0.0,134.196841,83.545939,445.265382,8.137188,15.70454,686.84989,0.0,0.0,149.18501,5.240205,3.015094,0.164297,26.684918,184.289524,0.0,62.912854,5.494957,68.407811,0.0,0.0,0.0,0.0,0.0,0.0,0.0,0.0,0.0,0.0,0.0,0.0,532.908872,57.097727,926.108625,3508.469522,1869.978737,2396.67847,231.66791,9522.909863,0.0,0.0,0.0,0.0,0.0,0.0,0.0,0.0,80.140274,0.0,270.731093,368.735375,287.634804,0.0,0.0,1007.241546,0.0,0,0.0,0.0,0.0,0.0,0.0,0.0
2019-10-01,Monthly,Jumlah/ Total,0.0,0.0,0.0,0.095686,0.204288,99.895068,0.730409,100.925451,0,0,0,0.0,0.0,0,0,0.0,0.140343,5.789927,39.257873,15.965883,349.161233,111.467565,18.031063,539.813887,0,0,0,0.0,0.0,0.0,0.0,0.0,3712.506008,1988.291835,5287.5843,4298.182026,45113.61128,8697.994655,9044.461778,78142.631882,422.486942,0.012481,169.287749,82.296629,1474.510945,270.941156,1169.62431,3589.160212,6.241426,41855.680062,2588.404961,44450.326449,0.0,137.921989,259.764946,397.686935,0.0,0.0,10.927922,13320.198467,110.770749,22.959,0.0,13464.856138,34617.360474,16382.84614,55058.511959,78497.413483,102852.023168,113667.689946,15328.711814,416404.556984,1.467271,0.0,250.906778,4356.197943,1519.548769,68.511976,3624.467156,9821.099893,81.888912,410.566,1724.825244,28550.454106,20102.828547,190.908472,165.249487,51226.720768,0.0,0,0.0,451.935023,798.891972,1.59066,614.356768,1866.774423
2019-11-01,Monthly,Bank-bank Islam / Islamic Banks,0.0,0.0,0.0,0.095888,0.207918,100.007633,0.732816,101.044255,0,0,0,0.0,0.0,0,0,0.0,0.140343,5.803266,39.403655,15.992241,345.672952,110.493674,18.049357,535.555488,0,0,0,0.0,0.0,0.0,0.0,0.0,4655.958315,1917.772361,4957.189538,4385.827894,45042.939507,8781.153592,9242.261918,78983.103125,122.180507,0.010462,29.671128,76.681712,1324.287779,268.628444,1019.855278,2841.31531,4.734305,42284.895609,2592.088363,44881.718277,0.0,133.990417,262.757143,396.74756,0.0,0.0,10.956147,12334.789871,10.965643,22.959,0.0,12379.670661,27685.995585,14788.761118,53665.883063,75437.491729,101064.774313,112852.554558,14735.561986,400231.022352,2854.011335,0.0,317.711482,2608.362542,2522.584334,70.264861,704.14822,9077.082774,1001.791254,423.346,1157.985861,27338.226341,18298.453993,271.183523,163.822791,48654.809763,0.0,0,0.0,368.234229,845.191869,2.635991,610.298058,1826.360147
2019-11-01,Monthly,Skim Perbankan Islam (SPI) / Islamic Banking Scheme (IBS),0.0,0.0,0.0,0.0,0.0,0.0,0.0,0.0,0,0,0,0.0,0.0,0,0,0.0,0.0,0.0,0.0,0.0,0.0,0.0,0.0,0.0,0,0,0,0.0,0.0,0.0,0.0,0.0,0.0,0.0,105.720006,97.589718,420.547309,8.490283,14.722657,647.069973,0.0,0.0,151.177589,5.007414,3.571253,0.206585,25.749467,185.712308,0.0,64.391537,5.239906,69.631443,0.0,0.0,0.0,0.0,0.0,0.0,0.0,0.0,0.0,0.0,0.0,0.0,619.41686,41.214338,845.108625,2801.609665,2011.679417,2289.016707,261.119157,8869.164769,0.0,0.0,0.0,0.0,0.0,0.0,0.0,0.0,80.129753,0.0,213.366678,529.125232,143.151169,0.0,0.0,965.772832,0.0,0,0.0,0.0,0.0,0.0,0.0,0.0
2019-11-01,Monthly,Jumlah/ Total,0.0,0.0,0.0,0.095888,0.207918,100.007633,0.732816,101.044255,0,0,0,0.0,0.0,0,0,0.0,0.140343,5.803266,39.403655,15.992241,345.672952,110.493674,18.049357,535.555488,0,0,0,0.0,0.0,0.0,0.0,0.0,4655.958315,1917.772361,5062.909544,4483.417612,45463.486816,8789.643875,9256.984575,79630.173098,122.180507,0.010462,180.848717,81.689126,1327.859032,268.835029,1045.604745,3027.027618,4.734305,42349.287146,2597.328269,44951.34972,0.0,133.990417,262.757143,396.74756,0.0,0.0,10.956147,12334.789871,10.965643,22.959,0.0,12379.670661,28305.412445,14829.975456,54510.991688,78239.101394,103076.45373,115141.571265,14996.681143,409100.187121,2854.011335,0.0,317.711482,2608.362542,2522.584334,70.264861,704.14822,9077.082774,1081.921007,423.346,1371.352539,27867.351573,18441.605162,271.183523,163.822791,49620.582595,0.0,0,0.0,368.234229,845.191869,2.635991,610.298058,1826.360147
2019-12-01,Monthly,Bank-bank Islam / Islamic Banks,0.0,0.0,0.0,0.096034,0.20927,99.763329,0.662969,100.731602,0,0,0,0.0,0.0,0,0,0.0,0.140343,5.81664,14.123108,16.009198,337.320598,111.729041,17.939069,503.077997,0,0,0,0.0,0.0,0.0,0.0,0.0,3023.440806,2489.419974,4933.951064,4310.20021,48007.645186,9077.211959,9878.25651,81720.125709,636.894661,0.012235,4.381352,72.270615,1150.647168,203.628856,2502.835694,4570.670581,5.01264,42603.374086,2616.693635,45225.080361,0.0,135.651119,273.625408,409.276527,0.0,0.0,10.985312,14855.316605,11.002083,22.959,0.0,14900.263,20440.763599,13472.07727,51323.414889,79465.793051,106243.806311,113520.099772,14698.100111,399164.055003,1.53525,0.0,593.876482,3703.720065,2277.570633,74.139288,3426.625761,10077.467479,521.642231,414.173,1095.803086,25713.712672,20222.219955,187.177093,135.104569,48289.832606,0.0,0,0.0,359.956913,696.843987,0.0,579.16561,1635.96651
2019-12-01,Monthly,Skim Perbankan Islam (SPI) / Islamic Banking Scheme (IBS),0.0,0.0,0.0,0.0,0.0,0.0,0.0,0.0,0,0,0,0.0,0.0,0,0,0.0,0.0,0.0,0.0,0.0,0.0,0.0,0.0,0.0,0,0,0,0.0,0.0,0.0,0.0,0.0,0.0,0.0,93.149514,93.541635,377.412229,9.397993,158.14148,731.642851,0.0,0.0,284.683023,7.767633,4.227216,0.227013,25.519812,322.424697,0.0,64.223081,5.127507,69.350588,0.0,0.0,0.0,0.0,0.0,0.0,0.0,0.0,0.0,0.0,0.0,0.0,461.08491,373.992924,1003.688625,2493.287056,1812.640451,2182.513527,242.277079,8569.484572,0.0,0.0,0.0,0.0,0.0,0.0,0.0,0.0,155.172048,0.0,149.682874,378.597813,127.106794,0.0,0.0,810.559529,0.0,0,0.0,0.0,0.0,0.0,0.0,0.0
2019-12-01,Monthly,Jumlah/ Total,0.0,0.0,0.0,0.096034,0.20927,99.763329,0.662969,100.731602,0,0,0,0.0,0.0,0,0,0.0,0.140343,5.81664,14.123108,16.009198,337.320598,111.729041,17.939069,503.077997,0,0,0,0.0,0.0,0.0,0.0,0.0,3023.440806,2489.419974,5027.100578,4403.741845,48385.057415,9086.609952,10036.39799,82451.76856,636.894661,0.012235,289.064375,80.038248,1154.874384,203.855869,2528.355506,4893.095278,5.01264,42667.597167,2621.821142,45294.430949,0.0,135.651119,273.625408,409.276527,0.0,0.0,10.985312,14855.316605,11.002083,22.959,0.0,14900.263,20901.848509,13846.070194,52327.103514,81959.080107,108056.446762,115702.613299,14940.37719,407733.539575,1.53525,0.0,593.876482,3703.720065,2277.570633,74.139288,3426.625761,10077.467479,676.814279,414.173,1245.48596,26092.310485,20349.326749,187.177093,135.104569,49100.392135,0.0,0,0.0,359.956913,696.843987,0.0,579.16561,1635.96651
2020-01-01,Monthly,Bank-bank Islam / Islamic Banks,0.0,0.0,0.0,0.096454,0.213477,99.979421,0.667027,100.956379,0,0,0,0.0,0.0,0,0,0.0,0.140343,5.830459,14.155521,16.016045,326.850378,110.861617,17.974889,491.829252,0,0,0,0.0,0.0,0.0,0.0,0.0,4197.886811,2050.812691,5067.295772,4337.122539,47080.855294,9076.995292,9655.054541,81466.02294,655.154178,0.012231,7.558016,69.079909,1618.965466,80.427934,1119.381128,3550.578862,6.59878,43724.665735,2631.385222,46362.649737,0.0,149.937519,278.298756,428.236275,0.0,0.0,11.014478,13413.123383,11.038643,0.0,0.0,13435.176504,17028.640397,12024.108426,50111.391934,80425.933622,109525.530166,112220.683874,14915.390509,396251.678928,1.534313,0.0,1291.420609,4247.621102,3392.299852,106.79214,3250.2835,12289.951516,0.722896,409.063,1515.869712,24596.467848,18263.035329,207.296582,257.909153,45250.36452,0.0,0,0.0,318.787183,488.720073,0.664157,554.645596,1362.817009
2020-01-01,Monthly,Skim Perbankan Islam (SPI) / Islamic Banking Scheme (IBS),0.0,0.0,0.0,0.0,0.0,0.0,0.0,0.0,0,0,0,0.0,0.0,0,0,0.0,0.0,0.0,0.0,0.0,0.0,0.0,0.0,0.0,0,0,0,0.0,0.0,0.0,0.0,0.0,0.0,0.0,178.441748,93.881394,361.655643,9.782207,17.456875,661.217867,0.0,0.0,253.870808,7.873868,4.928197,0.118801,32.053659,298.845333,0.0,63.125625,5.435137,68.560762,0.0,0.0,0.0,0.0,0.0,0.0,0.0,0.0,0.0,0.0,0.0,0.0,549.56513,529.616475,985.579787,2412.923045,1827.461657,2284.427094,240.63058,8830.203768,0.0,0.0,0.0,0.0,0.0,0.0,0.0,0.0,155.16248,0.0,187.603201,402.1463,113.161519,0.0,0.0,858.0735,0.0,0,0.0,0.0,0.0,0.0,0.0,0.0
2020-01-01,Monthly,Jumlah/ Total,0.0,0.0,0.0,0.096454,0.213477,99.979421,0.667027,100.956379,0,0,0,0.0,0.0,0,0,0.0,0.140343,5.830459,14.155521,16.016045,326.850378,110.861617,17.974889,491.829252,0,0,0,0.0,0.0,0.0,0.0,0.0,4197.886811,2050.812691,5245.73752,4431.003933,47442.510937,9086.777499,9672.511416,82127.240807,655.154178,0.012231,261.428824,76.953777,1623.893663,80.546735,1151.434787,3849.424195,6.59878,43787.79136,2636.820359,46431.210499,0.0,149.937519,278.298756,428.236275,0.0,0.0,11.014478,13413.123383,11.038643,0.0,0.0,13435.176504,17578.205527,12553.724901,51096.971721,82838.856667,111352.991823,114505.110968,15156.021089,405081.882696,1.534313,0.0,1291.420609,4247.621102,3392.299852,106.79214,3250.2835,12289.951516,155.885376,409.063,1703.472913,24998.614148,18376.196848,207.296582,257.909153,46108.43802,0.0,0,0.0,318.787183,488.720073,0.664157,554.645596,1362.817009
2020-02-01,Monthly,Bank-bank Islam / Islamic Banks,0.0,0.0,0.0,0.098322,0.216578,99.731965,0.678428,100.725293,0,0,0,0.0,0.0,0,0,0.0,0.140343,5.843021,14.178305,15.578841,325.125643,108.966892,17.817426,487.650471,0,0,0,0.0,0.0,0.0,0.0,0.0,4542.117464,2388.384863,5627.782395,4487.23854,46963.589216,9290.059934,7226.810171,80525.982583,732.966429,0.012592,9.81947,74.062131,1568.382856,105.566945,768.115034,3258.925457,5.807895,44916.769701,2679.349009,47601.926605,0.0,142.820874,275.134697,417.955571,297.283044,0.0,11.041762,14669.743547,11.072955,0.0,0.0,14989.141308,18707.987769,12065.313289,51893.406979,80026.001654,110956.745075,110759.078945,15219.086304,399627.620015,1.579688,0.0,190.727747,4516.466323,2461.115368,91.554921,3616.910253,10878.3543,0.72584,451.647466,1208.082272,24631.347275,19745.700145,279.685301,195.332704,46512.521003,0.0,0,0.0,727.486338,332.777366,1.905502,559.433598,1621.602804
2020-02-01,Monthly,Skim Perbankan Islam (SPI) / Islamic Banking Scheme (IBS),0.0,0.0,0.0,0.0,0.0,0.0,0.0,0.0,0,0,0,0.0,0.0,0,0,0.0,0.0,0.0,0.0,0.0,0.0,0.0,0.0,0.0,0,0,0,0.0,0.0,0.0,0.0,0.0,0.012,0.0,221.53043,208.449189,427.267555,98.750734,17.130861,973.140769,0.0,0.0,240.261305,4.502175,5.685951,0.115401,32.977291,283.542123,0.0,65.704615,5.970193,71.674808,0.0,0.0,0.0,0.0,0.0,0.0,0.0,0.0,0.0,0.0,0.0,0.0,563.78024,567.495539,1082.285157,2402.547892,1851.960327,3019.408136,281.730555,9769.207846,0.0,0.0,0.0,0.0,0.0,0.0,0.0,0.0,155.123151,0.0,160.821783,423.146999,127.614802,0.0,0.0,866.706735,0.0,0,0.0,0.0,0.0,0.0,0.0,0.0
2020-02-01,Monthly,Jumlah/ Total,0.0,0.0,0.0,0.098322,0.216578,99.731965,0.678428,100.725293,0,0,0,0.0,0.0,0,0,0.0,0.140343,5.843021,14.178305,15.578841,325.125643,108.966892,17.817426,487.650471,0,0,0,0.0,0.0,0.0,0.0,0.0,4542.129464,2388.384863,5849.312825,4695.687729,47390.856771,9388.810668,7243.941032,81499.123352,732.966429,0.012592,250.080775,78.564306,1574.068807,105.682346,801.092325,3542.46758,5.807895,44982.474316,2685.319202,47673.601413,0.0,142.820874,275.134697,417.955571,297.283044,0.0,11.041762,14669.743547,11.072955,0.0,0.0,14989.141308,19271.768009,12632.808828,52975.692136,82428.549546,112808.705402,113778.487081,15500.816859,409396.827861,1.579688,0.0,190.727747,4516.466323,2461.115368,91.554921,3616.910253,10878.3543,155.848991,451.647466,1368.904055,25054.494274,19873.314947,279.685301,195.332704,47379.227738,0.0,0,0.0,727.486338,332.777366,1.905502,559.433598,1621.602804
2020-03-01,Monthly,Bank-bank Islam / Islamic Banks,0.0,0.0,0.0,0.099298,0.181923,97.348558,0.675359,98.305138,0,0,0,0.0,0.0,0,0,0.0,0.140343,5.861823,14.200115,15.597776,325.421021,103.756104,17.880061,482.857243,0,0,0,0.0,0.0,0.0,0.0,0.0,5462.417334,2524.274593,7040.05863,4511.137867,48402.746371,9571.28741,6621.348011,84133.270216,464.969454,0.012876,11.803155,951.287432,1290.613739,226.884437,1181.740243,4127.311336,6.580986,47593.957819,2827.059263,50427.598068,0.0,154.045162,281.578678,435.62384,298.124171,0.0,11.070927,12678.609746,11.109751,0.0,0.0,12998.914595,19283.25134,11947.044152,49885.42045,74843.927158,107165.94927,109093.157901,15052.644888,387271.395159,1.615313,0.0,86.30896,2519.266193,3192.663081,84.320518,3600.967396,9485.141461,200.682303,502.948,2292.377102,30143.267912,21118.633371,170.009617,161.765706,54589.684011,0.0,0,0.0,810.346051,303.325102,0.0,87.852098,1201.523251
2020-03-01,Monthly,Skim Perbankan Islam (SPI) / Islamic Banking Scheme (IBS),0.0,0.0,0.0,0.0,0.0,0.0,0.0,0.0,0,0,0,0.0,0.0,0,0,0.0,0.0,0.0,0.0,0.0,0.0,0.0,0.0,0.0,0,0,0,0.0,0.0,0.0,0.0,0.0,506.594421,0.0,195.944555,198.623241,449.466784,9.024698,17.021876,1376.675575,0.0,0.0,192.157014,25.137996,4.387688,0.119011,33.790994,255.592703,0.0,68.110454,6.315583,74.426037,0.0,0.0,0.0,0.0,0.0,0.0,0.0,0.0,0.0,0.0,0.0,0.0,563.180358,568.297944,1238.481014,2491.235255,1620.957951,3008.021408,257.696556,9747.870486,0.0,0.0,0.0,0.0,0.0,0.0,0.0,0.0,65.075863,0.0,167.270672,497.217933,68.29046,0.0,0.0,797.854928,0.0,0,0.0,0.0,0.0,0.0,0.0,0.0
2020-03-01,Monthly,Jumlah/ Total,0.0,0.0,0.0,0.099298,0.181923,97.348558,0.675359,98.305138,0,0,0,0.0,0.0,0,0,0.0,0.140343,5.861823,14.200115,15.597776,325.421021,103.756104,17.880061,482.857243,0,0,0,0.0,0.0,0.0,0.0,0.0,5969.011755,2524.274593,7236.003185,4709.761108,48852.213155,9580.312108,6638.369887,85509.945791,464.969454,0.012876,203.960169,976.425428,1295.001427,227.003448,1215.531237,4382.904039,6.580986,47662.068273,2833.374846,50502.024105,0.0,154.045162,281.578678,435.62384,298.124171,0.0,11.070927,12678.609746,11.109751,0.0,0.0,12998.914595,19846.431698,12515.342096,51123.901464,77335.162413,108786.907221,112101.179309,15310.341444,397019.265645,1.615313,0.0,86.30896,2519.266193,3192.663081,84.320518,3600.967396,9485.141461,265.758166,502.948,2459.647774,30640.485845,21186.923831,170.009617,161.765706,55387.538939,0.0,0,0.0,810.346051,303.325102,0.0,87.852098,1201.523251
2020-04-01,Monthly,Bank-bank Islam / Islamic Banks,0.0,0.0,0.0,0.100436,0.185088,98.125401,0.68194,99.092865,0,0,0,0.0,0.0,0,0,0.0,0.140343,5.874859,14.23597,14.780103,323.994823,103.951245,18.010205,480.987548,0,0,0,0.0,0.0,0.0,0.0,0.0,4515.760038,2316.475401,4946.514114,5185.724517,49013.135796,9856.597145,6791.51621,82625.723221,1540.594789,0.012861,8.666061,86.548085,1548.214049,133.602395,1074.608885,4392.247125,6.938654,51921.150557,3100.75563,55028.844841,0.0,153.908205,295.399662,449.307867,298.940682,0.0,11.095355,8449.498011,11.145477,0.0,0.0,8770.679525,15942.998014,12494.922062,54257.876251,72849.933203,106123.33278,108844.283223,14229.891707,384743.23724,1.614375,0.0,473.701973,4016.634072,3067.641635,88.272152,3721.731509,11369.595716,395.27939,1084.242399,901.123511,37386.888772,21074.942466,272.440495,189.913757,61304.83079,0.0,0,0.0,1278.981767,293.865426,11.403142,3.603046,1587.853381
2020-04-01,Monthly,Skim Perbankan Islam (SPI) / Islamic Banking Scheme (IBS),0.0,0.0,0.0,0.0,0.0,0.0,0.0,0.0,0,0,0,0.0,0.0,0,0,0.0,0.0,0.0,0.0,0.0,0.0,0.0,0.0,0.0,0,0,0,0.0,0.0,0.0,0.0,0.0,782.83087,0.0,179.990249,224.945326,317.399678,8.957107,41.59985,1555.72308,0.0,0.0,196.814395,13.981886,3.470405,0.155658,33.340148,247.762492,0.0,70.05668,5.725663,75.782343,0.0,0.0,0.0,0.0,0.0,0.0,0.0,0.0,0.0,0.0,0.0,0.0,550.316841,460.936333,1309.151375,2188.012438,1544.461588,2963.331069,266.155163,9282.364807,0.0,0.0,0.0,0.0,0.0,0.0,0.0,0.0,55.052356,0.0,144.073596,539.838253,85.557613,0.0,0.0,824.521818,0.0,0,0.0,0.0,0.0,0.0,0.0,0.0
2020-04-01,Monthly,Jumlah/ Total,0.0,0.0,0.0,0.100436,0.185088,98.125401,0.68194,99.092865,0,0,0,0.0,0.0,0,0,0.0,0.140343,5.874859,14.23597,14.780103,323.994823,103.951245,18.010205,480.987548,0,0,0,0.0,0.0,0.0,0.0,0.0,5298.590908,2316.475401,5126.504363,5410.669843,49330.535474,9865.554252,6833.11606,84181.446301,1540.594789,0.012861,205.480456,100.529971,1551.684454,133.758053,1107.949033,4640.009617,6.938654,51991.207237,3106.481293,55104.627184,0.0,153.908205,295.399662,449.307867,298.940682,0.0,11.095355,8449.498011,11.145477,0.0,0.0,8770.679525,16493.314855,12955.858395,55567.027626,75037.945641,107667.794368,111807.614292,14496.04687,394025.602047,1.614375,0.0,473.701973,4016.634072,3067.641635,88.272152,3721.731509,11369.595716,450.331746,1084.242399,1045.197107,37926.727025,21160.500079,272.440495,189.913757,62129.352608,0.0,0,0.0,1278.981767,293.865426,11.403142,3.603046,1587.853381
2020-05-01,Monthly,Bank-bank Islam / Islamic Banks,0.0,0.0,0.0,0.101039,0.184085,98.065816,0.685873,99.036813,0,0,0,0.0,0.0,0,0,0.0,0.14078,5.888796,14.264471,14.786134,324.455044,103.307927,18.027864,480.871016,0,0,0,0.0,0.0,0.0,0.0,0.0,8423.151748,2563.440975,5184.587837,5221.564998,49662.207229,10042.106159,6832.63719,87929.696136,1183.019389,0.013002,13.691077,60.362473,1506.100526,120.65051,930.298483,3814.13546,7.42943,52773.233089,3089.423068,55870.085587,0.0,165.868251,315.849873,481.718124,299.786761,0.0,11.119812,9358.992607,11.182514,0.0,0.0,9681.081694,9982.138379,11827.197139,55440.449486,74250.69375,103835.089034,108673.010566,14212.95328,378221.531634,1.631063,0.0,87.047331,3934.670802,2924.115301,98.19867,3554.157827,10599.820994,325.146239,1027.153716,1628.382775,37041.434261,18159.591642,248.510535,185.894129,58616.113297,0.0,0,0.0,1141.356522,274.943029,0.21987,22.042124,1438.561545
2020-05-01,Monthly,Skim Perbankan Islam (SPI) / Islamic Banking Scheme (IBS),0.0,0.0,0.0,0.0,0.0,0.0,0.0,0.0,0,0,0,0.0,0.0,0,0,0.0,0.0,0.0,0.0,0.0,0.0,0.0,0.0,0.0,0,0,0,0.0,0.0,0.0,0.0,0.0,700.13063,0.0,153.624325,230.977662,327.518065,9.257337,41.511848,1463.019867,0.0,0.0,142.683792,29.741048,5.030333,0.187258,34.074509,211.71694,0.0,73.314982,6.180812,79.495794,0.0,0.0,0.0,0.0,0.0,0.0,0.0,0.0,0.0,0.0,0.0,0.0,571.421061,461.209698,1249.095207,2254.241377,1697.834553,2905.545181,264.278866,9403.625943,0.0,0.0,0.0,0.0,0.0,0.0,0.0,0.0,30.030452,0.0,270.491949,477.333037,90.272483,0.0,0.0,868.127921,0.0,0,0.0,0.0,0.0,0.0,0.0,0.0
2020-05-01,Monthly,Jumlah/ Total,0.0,0.0,0.0,0.101039,0.184085,98.065816,0.685873,99.036813,0,0,0,0.0,0.0,0,0,0.0,0.14078,5.888796,14.264471,14.786134,324.455044,103.307927,18.027864,480.871016,0,0,0,0.0,0.0,0.0,0.0,0.0,9123.282378,2563.440975,5338.212162,5452.54266,49989.725294,10051.363496,6874.149038,89392.716003,1183.019389,0.013002,156.374869,90.103521,1511.130859,120.837768,964.372992,4025.8524,7.42943,52846.548071,3095.60388,55949.581381,0.0,165.868251,315.849873,481.718124,299.786761,0.0,11.119812,9358.992607,11.182514,0.0,0.0,9681.081694,10553.55944,12288.406837,56689.544693,76504.935127,105532.923587,111578.555747,14477.232146,387625.157577,1.631063,0.0,87.047331,3934.670802,2924.115301,98.19867,3554.157827,10599.820994,355.176691,1027.153716,1898.874724,37518.767298,18249.864125,248.510535,185.894129,59484.241218,0.0,0,0.0,1141.356522,274.943029,0.21987,22.042124,1438.561545
2020-06-01,Monthly,Bank-bank Islam / Islamic Banks,0.0,0.0,0.0,0.101296,0.183411,97.937748,0.686837,98.909292,0,0,0,0.0,0.0,0,0,0.0,0.14078,5.741309,1.393475,14.795345,320.645149,103.47822,28.452726,474.647004,0,0,0,0.0,0.0,0.0,0.0,0.0,10057.822183,2791.968935,5518.573669,4822.572863,52848.993791,10495.461008,6992.139638,93527.532087,1165.523398,0.012802,9.527289,76.979029,1303.915029,111.818042,836.375405,3504.150994,6.801608,53302.944745,3101.335165,56411.081518,0.0,162.116596,312.243386,474.359982,0.0,0.0,11.143481,9786.650253,11.218474,0.0,0.0,9809.012208,14976.328012,13046.366065,53602.684673,75083.303582,105463.878087,110346.186988,13725.058363,386243.80577,0.0,0.0,85.86482,3193.557799,2784.782234,81.361855,3459.25491,9604.821618,218.033558,1069.711217,1258.180642,39431.529504,19898.498833,250.352721,198.951714,62325.258189,0.0,0,0.0,871.056309,171.716958,0.294785,20.348899,1063.416951
2020-06-01,Monthly,Skim Perbankan Islam (SPI) / Islamic Banking Scheme (IBS),0.0,0.0,0.0,0.0,0.0,0.0,0.0,0.0,0,0,0,0.0,0.0,0,0,0.0,0.0,0.0,0.0,0.0,0.0,0.0,0.0,0.0,0,0,0,0.0,0.0,0.0,0.0,0.0,589.760348,0.0,161.840524,209.411571,524.788009,12.600068,275.042769,1773.443289,0.0,0.0,183.560668,49.872209,3.872232,0.105305,33.648675,271.059089,0.0,72.338035,5.982116,78.320151,0.0,0.0,0.0,0.0,0.0,0.0,0.0,0.0,0.0,0.0,0.0,0.0,780.477254,457.353499,1313.454719,2355.736184,1763.437786,2875.548382,256.087882,9802.095706,0.0,0.0,0.0,0.0,0.0,0.0,0.0,0.0,30.025644,0.0,83.194769,525.819156,114.403204,0.0,0.0,753.442773,0.0,0,0.0,0.0,0.0,0.0,0.0,0.0
2020-06-01,Monthly,Jumlah/ Total,0.0,0.0,0.0,0.101296,0.183411,97.937748,0.686837,98.909292,0,0,0,0.0,0.0,0,0,0.0,0.14078,5.741309,1.393475,14.795345,320.645149,103.47822,28.452726,474.647004,0,0,0,0.0,0.0,0.0,0.0,0.0,10647.582531,2791.968935,5680.414193,5031.984434,53373.7818,10508.061076,7267.182407,95300.975376,1165.523398,0.012802,193.087957,126.851238,1307.787261,111.923347,870.02408,3775.210083,6.801608,53375.28278,3107.317281,56489.401669,0.0,162.116596,312.243386,474.359982,0.0,0.0,11.143481,9786.650253,11.218474,0.0,0.0,9809.012208,15756.805266,13503.719564,54916.139392,77439.039766,107227.315873,113221.73537,13981.146245,396045.901476,0.0,0.0,85.86482,3193.557799,2784.782234,81.361855,3459.25491,9604.821618,248.059202,1069.711217,1341.375411,39957.34866,20012.902037,250.352721,198.951714,63078.700962,0.0,0,0.0,871.056309,171.716958,0.294785,20.348899,1063.416951
2020-07-01,Monthly,Bank-bank Islam / Islamic Banks,0.0,0.0,0.0,0.102308,0.183511,98.213315,0.694264,99.193398,0,0,0,0.0,0.0,0,0,0.0,0.14078,5.755403,1.402511,14.702536,308.336654,100.370843,28.111538,458.820265,0,0,0,0.0,0.0,0.0,0.0,0.0,9078.225472,2416.228557,5635.751606,5325.484825,53138.163871,11003.483915,7267.820097,93865.158343,1154.920864,0.023083,10.436068,122.867709,1612.135149,81.997262,977.53576,3959.915895,7.026161,54427.724622,3101.136774,57535.887557,0.0,170.689852,337.97602,508.665872,0.0,0.0,11.167938,8911.287051,11.255754,0.0,0.0,8933.710743,16522.481617,13405.049001,56502.501996,70771.651462,98760.747254,110412.782111,13746.540992,380121.754433,1.679187,0.0,85.085867,3106.429265,2790.173996,74.415176,3468.662818,9526.446309,256.827309,802.01398,1863.310298,40538.152747,21273.62429,254.545765,262.4747,65250.949089,0.0,0,0.0,606.381129,174.471423,0.427759,21.491437,802.771748
2020-07-01,Monthly,Skim Perbankan Islam (SPI) / Islamic Banking Scheme (IBS),0.0,0.0,0.0,0.0,0.0,0.0,0.0,0.0,0,0,0,0.0,0.0,0,0,0.0,0.0,0.0,0.0,0.0,0.0,0.0,0.0,0.0,0,0,0,0.0,0.0,0.0,0.0,0.0,861.914503,0.0,139.80189,97.724018,400.461501,12.598448,30.37737,1542.87773,0.0,0.0,226.684563,62.661533,14.210913,0.131194,33.180281,336.868484,0.0,73.723731,6.190566,79.914297,0.0,0.0,0.0,0.0,0.0,0.0,0.0,0.0,0.0,0.0,0.0,0.0,812.072143,364.905751,1366.156814,2119.502543,1892.354917,2545.867137,248.607378,9349.466683,0.0,0.0,0.0,0.0,0.0,0.0,0.0,0.0,30.024452,0.0,67.516246,516.020157,101.920674,0.0,0.0,715.481529,0.0,0,0.0,0.0,0.0,0.0,0.0,0.0
2020-07-01,Monthly,Jumlah/ Total,0.0,0.0,0.0,0.102308,0.183511,98.213315,0.694264,99.193398,0,0,0,0.0,0.0,0,0,0.0,0.14078,5.755403,1.402511,14.702536,308.336654,100.370843,28.111538,458.820265,0,0,0,0.0,0.0,0.0,0.0,0.0,9940.139975,2416.228557,5775.553496,5423.208843,53538.625372,11016.082363,7298.197467,95408.036073,1154.920864,0.023083,237.120631,185.529242,1626.346062,82.128456,1010.716041,4296.784379,7.026161,54501.448353,3107.32734,57615.801854,0.0,170.689852,337.97602,508.665872,0.0,0.0,11.167938,8911.287051,11.255754,0.0,0.0,8933.710743,17334.55376,13769.954752,57868.65881,72891.154005,100653.102171,112958.649248,13995.14837,389471.221116,1.679187,0.0,85.085867,3106.429265,2790.173996,74.415176,3468.662818,9526.446309,286.851761,802.01398,1930.826544,41054.172904,21375.544964,254.545765,262.4747,65966.430618,0.0,0,0.0,606.381129,174.471423,0.427759,21.491437,802.771748
2020-08-01,Monthly,Bank-bank Islam / Islamic Banks,0.0,0.0,0.0,0.102554,0.182856,97.694781,0.668066,98.648257,0,0,0,0.0,0.0,0,0,0.0,0.127855,5.769082,1.40256,14.718517,303.667498,78.889169,27.861436,432.436117,0,0,0,0.0,0.0,0.0,0.0,0.0,12526.03091,2919.608953,6307.658024,5302.278921,54370.772616,11095.94442,6922.975421,99445.269265,1135.263921,0.024642,8.264473,48.13646,1493.549913,86.413696,822.113362,3593.766467,7.831491,54080.643081,2984.430363,57072.904935,0.0,171.974673,332.44038,504.415053,0.0,0.0,11.192396,8158.594766,11.293156,0.0,0.0,8181.080318,16808.209715,12965.228001,55120.416117,77059.014248,99047.488137,109508.068281,13269.271487,383777.695986,1.649877,0.0,83.664736,2682.81404,2872.395279,53.52179,3456.455452,9150.501174,55.092174,802.01398,1176.191658,42690.192432,19147.614513,320.641142,358.40495,64550.150849,0.0,0,0.0,618.699816,201.880728,0.316111,21.126832,842.023487
2020-08-01,Monthly,Skim Perbankan Islam (SPI) / Islamic Banking Scheme (IBS),0.0,0.0,0.0,0.0,0.0,0.0,0.0,0.0,0,0,0,0.0,0.0,0,0,0.0,0.0,0.0,0.0,0.0,0.0,0.0,0.0,0.0,0,0,0,0.0,0.0,0.0,0.0,0.0,686.537039,0.0,120.951121,158.816423,484.476054,10.10459,34.064094,1494.949321,0.0,0.0,282.590367,48.642355,18.585747,0.166026,32.81417,382.798665,0.0,74.972857,6.665636,81.638493,0.0,0.0,0.0,0.0,0.0,0.0,0.0,0.0,0.0,0.0,0.0,0.0,797.549693,350.002809,1344.47878,1887.946042,1740.268058,2663.738326,245.663415,9029.647123,0.0,0.0,0.0,0.0,0.0,0.0,0.0,0.0,30.021575,0.0,77.922054,709.230301,303.641177,0.0,0.0,1120.815107,0.0,0,0.0,0.0,0.0,0.0,0.0,0.0
2020-08-01,Monthly,Jumlah/ Total,0.0,0.0,0.0,0.102554,0.182856,97.694781,0.668066,98.648257,0,0,0,0.0,0.0,0,0,0.0,0.127855,5.769082,1.40256,14.718517,303.667498,78.889169,27.861436,432.436117,0,0,0,0.0,0.0,0.0,0.0,0.0,13212.567949,2919.608953,6428.609145,5461.095344,54855.24867,11106.04901,6957.039515,100940.218586,1135.263921,0.024642,290.85484,96.778815,1512.13566,86.579722,854.927532,3976.565132,7.831491,54155.615938,2991.095999,57154.543428,0.0,171.974673,332.44038,504.415053,0.0,0.0,11.192396,8158.594766,11.293156,0.0,0.0,8181.080318,17605.759408,13315.23081,56464.894897,78946.96029,100787.756195,112171.806607,13514.934902,392807.343109,1.649877,0.0,83.664736,2682.81404,2872.395279,53.52179,3456.455452,9150.501174,85.113749,802.01398,1254.113712,43399.422733,19451.25569,320.641142,358.40495,65670.965956,0.0,0,0.0,618.699816,201.880728,0.316111,21.126832,842.023487
2020-09-01,Monthly,Bank-bank Islam / Islamic Banks,0.0,0.0,0.0,0.10224,0.182725,97.30314,0.665474,98.253579,0,0,0,0.0,0.0,0,0,0.0,0.127855,5.787932,1.40256,14.726753,293.957226,77.313525,27.93096,421.246811,0,0,0,0.0,0.0,0.0,0.0,0.0,7616.979799,3361.405108,6448.458019,5786.482526,55749.248972,11311.94091,7190.681324,97465.196658,11520.935009,0.024936,5.832114,516.193849,1242.387726,87.497889,765.908522,14138.780045,6.610874,55343.772651,3053.49615,58403.879675,0.0,168.741018,330.413055,499.154073,0.0,0.0,11.216064,7794.744694,11.329472,0.0,0.0,7817.29023,16319.746457,13807.361519,52425.72295,78394.733522,100511.895917,106998.313973,13620.281796,382078.056134,1.645916,0.0,332.735461,2398.311958,1324.850082,48.97435,3572.470657,7678.988424,301.693959,802.00705,1865.370269,45182.745301,19513.683818,263.313507,177.239726,68106.05363,0.0,0,0.0,490.718251,256.046589,0.195835,21.214214,768.174889
2020-09-01,Monthly,Skim Perbankan Islam (SPI) / Islamic Banking Scheme (IBS),0.0,0.0,0.0,0.0,0.0,0.0,0.0,0.0,0,0,0,0.0,0.0,0,0,0.0,0.0,0.0,0.0,0.0,0.0,0.0,0.0,0.0,0,0,0,0.0,0.0,0.0,0.0,0.0,487.303542,0.0,116.680454,199.473995,494.54048,10.201725,29.03081,1337.231006,0.0,0.0,280.213933,49.538869,15.260615,0.163461,32.983124,378.160002,0.0,75.258817,6.657871,81.916688,0.0,0.0,0.0,0.0,0.0,0.0,0.0,0.0,0.0,0.0,0.0,0.0,800.581761,421.206501,1282.219957,1663.407846,1839.877233,2214.413839,239.100118,8460.807255,0.0,0.0,0.0,0.0,0.0,0.0,0.0,0.0,30.020137,0.0,124.312889,829.594207,53.404114,0.0,0.0,1037.331347,0.0,0,0.0,0.0,0.0,0.0,0.0,0.0
2020-09-01,Monthly,Jumlah/ Total,0.0,0.0,0.0,0.10224,0.182725,97.30314,0.665474,98.253579,0,0,0,0.0,0.0,0,0,0.0,0.127855,5.787932,1.40256,14.726753,293.957226,77.313525,27.93096,421.246811,0,0,0,0.0,0.0,0.0,0.0,0.0,8104.283341,3361.405108,6565.138473,5985.956521,56243.789452,11322.142635,7219.712134,98802.427664,11520.935009,0.024936,286.046047,565.732718,1257.648341,87.66135,798.891646,14516.940047,6.610874,55419.031468,3060.154021,58485.796363,0.0,168.741018,330.413055,499.154073,0.0,0.0,11.216064,7794.744694,11.329472,0.0,0.0,7817.29023,17120.328218,14228.56802,53707.942907,80058.141368,102351.77315,109212.727812,13859.381914,390538.863389,1.645916,0.0,332.735461,2398.311958,1324.850082,48.97435,3572.470657,7678.988424,331.714096,802.00705,1989.683158,46012.339508,19567.087932,263.313507,177.239726,69143.384977,0.0,0,0.0,490.718251,256.046589,0.195835,21.214214,768.174889
2020-10-01,Monthly,Bank-bank Islam / Islamic Banks,0.0,0.0,0.0,0.102854,0.182852,97.741656,0.669712,98.697074,0,0,0,0.0,0.0,0,0,0.0,0.127855,5.801635,1.410901,14.852598,289.299059,75.444654,27.95909,414.895792,0,0,0,0.0,0.0,0.0,0.0,0.0,6512.091922,2717.77246,7435.240739,6013.498975,57300.891151,11509.89921,6745.283838,98234.678295,1176.105336,0.029561,7.588251,74.379125,1486.215929,95.73882,737.366976,3577.423998,5.032019,56387.151085,3094.757539,59486.940643,0.0,164.644341,342.91849,507.562831,0.0,0.0,11.233196,10783.116918,11.36712,0.0,0.0,10805.717234,12619.175751,13545.305141,54795.617699,76670.716852,95260.58286,105229.542189,13659.589889,371780.530381,10395.490236,0.0,499.128781,2758.769963,1660.926908,45.750081,3573.625009,18933.690978,324.211076,837.00905,3341.272626,47899.867125,17436.382971,317.489406,193.119426,70349.35168,0.0,0,0.0,1134.47746,244.488278,0.332391,21.367469,1400.665598
2020-10-01,Monthly,Skim Perbankan Islam (SPI) / Islamic Banking Scheme (IBS),0.0,0.0,0.0,0.0,0.0,0.0,0.0,0.0,0,0,0,0.0,0.0,0,0,0.0,0.0,0.0,0.0,0.0,0.0,0.0,0.0,0.0,0,0,0,0.0,0.0,0.0,0.0,0.0,385.016433,0.0,139.015466,187.567726,415.813093,10.860141,30.675298,1168.948157,0.0,0.0,282.386714,53.646672,17.062368,0.200417,33.68143,386.977601,0.0,74.985729,6.803407,81.789136,0.0,0.0,0.0,0.0,0.0,0.0,0.0,0.0,0.0,0.0,0.0,0.0,801.608649,417.440657,1412.433338,1655.14568,1768.231045,2115.604628,221.823952,8392.287949,0.0,0.0,0.0,0.0,0.0,0.0,0.0,0.0,30.018699,0.0,85.827833,602.790989,360.363918,0.0,0.0,1079.001439,0.0,0,0.0,0.0,0.0,0.0,0.0,0.0
2020-10-01,Monthly,Jumlah/ Total,0.0,0.0,0.0,0.102854,0.182852,97.741656,0.669712,98.697074,0,0,0,0.0,0.0,0,0,0.0,0.127855,5.801635,1.410901,14.852598,289.299059,75.444654,27.95909,414.895792,0,0,0,0.0,0.0,0.0,0.0,0.0,6897.108355,2717.77246,7574.256205,6201.066701,57716.704244,11520.759351,6775.959136,99403.626452,1176.105336,0.029561,289.974965,128.025797,1503.278297,95.939237,771.048406,3964.401599,5.032019,56462.136814,3101.560946,59568.729779,0.0,164.644341,342.91849,507.562831,0.0,0.0,11.233196,10783.116918,11.36712,0.0,0.0,10805.717234,13420.7844,13962.745798,56208.051037,78325.862532,97028.813905,107345.146817,13881.413841,380172.81833,10395.490236,0.0,499.128781,2758.769963,1660.926908,45.750081,3573.625009,18933.690978,354.229775,837.00905,3427.100459,48502.658114,17796.746889,317.489406,193.119426,71428.353119,0.0,0,0.0,1134.47746,244.488278,0.332391,21.367469,1400.665598
2020-11-01,Monthly,Bank-bank Islam / Islamic Banks,0.0,0.0,0.0,0.102854,0.182661,97.371354,0.669879,98.326748,0,0,0,0.0,0.0,0,0,0.0,0.127855,5.815373,1.410901,14.875439,281.902301,72.531572,27.999031,404.662472,0,0,0,0.0,0.0,0.0,0.0,0.0,7953.559331,2851.905317,6705.855959,5888.426378,60727.725888,11526.288738,6896.83004,102550.591651,718.631693,0.02895,7.351501,102.98968,1374.788742,93.743913,700.474836,2998.009315,5.606003,56646.076624,3122.850947,59774.533574,0.0,180.55213,345.218791,525.770921,0.0,0.0,11.248412,11927.305713,11.403674,0.0,0.0,11949.957799,10434.336574,12453.737722,56914.902199,83000.836057,92268.719874,106275.46963,13584.078538,374932.080594,10180.454239,0.0,488.909243,3050.08212,1525.075266,46.234309,3523.398818,18814.153995,301.134965,838.78455,3763.695596,45285.007031,18372.091789,362.49954,200.053215,69123.266686,0.0,0,0.0,473.414249,198.9538,0.24952,17.61783,690.235399
2020-11-01,Monthly,Skim Perbankan Islam (SPI) / Islamic Banking Scheme (IBS),0.0,0.0,0.0,0.0,0.0,0.0,0.0,0.0,0,0,0,0.0,0.0,0,0,0.0,0.0,0.0,0.0,0.0,0.0,0.0,0.0,0.0,0,0,0,0.0,0.0,0.0,0.0,0.0,418.642112,0.0,136.411074,196.958952,482.555392,11.057462,30.137864,1275.762856,0.0,0.0,324.86183,50.158102,14.618225,0.313514,34.114886,424.066557,0.0,75.62338,6.573664,82.197044,0.0,0.0,0.0,0.0,0.0,0.0,0.0,0.0,0.0,0.0,0.0,0.0,857.157869,349.206286,1487.383795,1591.339287,1561.572961,1805.12649,216.881076,7868.667764,0.0,0.0,0.0,0.0,0.0,0.0,0.0,0.0,0.0,0.0,106.679143,436.638483,694.897225,0.0,0.0,1238.214851,0.0,0,0.0,0.0,0.0,0.0,0.0,0.0
2020-11-01,Monthly,Jumlah/ Total,0.0,0.0,0.0,0.102854,0.182661,97.371354,0.669879,98.326748,0,0,0,0.0,0.0,0,0,0.0,0.127855,5.815373,1.410901,14.875439,281.902301,72.531572,27.999031,404.662472,0,0,0,0.0,0.0,0.0,0.0,0.0,8372.201443,2851.905317,6842.267033,6085.38533,61210.28128,11537.3462,6926.967904,103826.354507,718.631693,0.02895,332.213331,153.147782,1389.406967,94.057427,734.589722,3422.075872,5.606003,56721.700004,3129.424611,59856.730618,0.0,180.55213,345.218791,525.770921,0.0,0.0,11.248412,11927.305713,11.403674,0.0,0.0,11949.957799,11291.494443,12802.944008,58402.285994,84592.175344,93830.292835,108080.59612,13800.959614,382800.748358,10180.454239,0.0,488.909243,3050.08212,1525.075266,46.234309,3523.398818,18814.153995,301.134965,838.78455,3870.374739,45721.645514,19066.989014,362.49954,200.053215,70361.481537,0.0,0,0.0,473.414249,198.9538,0.24952,17.61783,690.235399
2020-12-01,Monthly,Bank-bank Islam / Islamic Banks,0.0,0.0,0.0,0.102915,0.182324,97.264442,0.670337,98.220018,0,0,0,0.0,0.0,0,0,0.0,0.127855,5.661322,1.41095,14.889858,274.273814,71.613323,27.687767,395.664889,0,0,0,0.0,0.0,0.0,0.0,0.0,7408.706957,2725.38566,5986.203225,6108.725377,59019.923054,11674.759075,6625.018792,99548.72214,709.766278,0.028569,10.798275,633.282809,1413.394303,89.300709,867.130737,3723.70168,6.438998,56345.57252,3178.166245,59530.177763,0.0,180.125967,351.534496,531.660463,0.0,0.0,11.264136,11103.778735,11.441569,0.0,0.0,11126.48444,13790.704752,12525.268576,53503.044678,85389.484239,89879.52795,110410.723145,13060.327807,378559.081147,10365.715179,0.0,80.691402,4669.061258,1619.978901,43.242905,3472.705692,20251.395337,750.565057,938.77455,3776.49794,44471.105818,23077.155775,211.68226,135.428581,73361.209981,0.0,0,0.0,479.210693,618.072296,1e-06,17.964526,1115.247516
2020-12-01,Monthly,Skim Perbankan Islam (SPI) / Islamic Banking Scheme (IBS),0.0,0.0,0.0,0.0,0.0,0.0,0.0,0.0,0,0,0,0.0,0.0,0,0,0.0,0.0,0.0,0.0,0.0,0.0,0.0,0.0,0.0,0,0,0,0.0,0.0,0.0,0.0,0.0,600.902724,0.0,82.648005,69.025134,502.025375,10.238546,154.639203,1419.478987,0.0,0.0,398.421596,46.350093,18.839193,0.324891,33.955132,497.890905,0.0,77.566798,7.190057,84.756855,0.0,0.0,0.0,0.0,0.0,0.0,0.0,0.0,0.0,0.0,0.0,0.0,809.891117,346.645317,1426.860519,1574.528645,1644.738584,2665.625886,288.722005,8757.012073,0.0,0.0,0.0,0.0,0.0,0.0,0.0,0.0,0.0,0.0,115.316703,580.825346,128.839132,0.0,0.0,824.981181,0.0,0,0.0,0.0,0.0,0.0,0.0,0.0
2020-12-01,Monthly,Jumlah/ Total,0.0,0.0,0.0,0.102915,0.182324,97.264442,0.670337,98.220018,0,0,0,0.0,0.0,0,0,0.0,0.127855,5.661322,1.41095,14.889858,274.273814,71.613323,27.687767,395.664889,0,0,0,0.0,0.0,0.0,0.0,0.0,8009.609681,2725.38566,6068.85123,6177.750511,59521.948429,11684.997621,6779.657995,100968.201127,709.766278,0.028569,409.219871,679.632902,1432.233496,89.6256,901.085869,4221.592585,6.438998,56423.139318,3185.356302,59614.934618,0.0,180.125967,351.534496,531.660463,0.0,0.0,11.264136,11103.778735,11.441569,0.0,0.0,11126.48444,14600.595869,12871.913893,54929.905197,86964.012884,91524.266534,113076.349031,13349.049812,387316.09322,10365.715179,0.0,80.691402,4669.061258,1619.978901,43.242905,3472.705692,20251.395337,750.565057,938.77455,3891.814643,45051.931164,23205.994907,211.68226,135.428581,74186.191162,0.0,0,0.0,479.210693,618.072296,1e-06,17.964526,1115.247516
2021-01-01,Monthly,Bank-bank Islam / Islamic Banks,0.0,0.0,0.0,0.103467,0.171911,97.800922,0.618654,98.694954,0,0,0,0.0,0.0,0,0,0.0,0.127855,5.675555,1.414642,14.894016,267.50604,70.74601,27.516856,387.880974,0,0,0,0.0,0.0,0.0,0.0,0.0,14805.461677,2680.98582,6482.751676,6818.74582,58476.795558,11885.687284,6970.610549,108121.038384,714.767074,0.029561,47.727334,54.182661,1361.37741,84.269748,599.941975,2862.295763,5.976683,59634.632168,3183.823004,62824.431855,0.0,177.135908,354.698027,531.833935,0.0,0.0,11.279859,11113.704718,0.0,0.0,0.0,11124.984577,10487.332695,11262.134444,51260.540092,85928.884496,90697.275018,112230.709138,12809.976875,374676.852758,10441.855758,0.0,81.144874,3793.871508,1814.156348,38.857748,3729.632609,19899.518845,541.597049,941.28055,4791.264295,45059.450492,20513.998995,321.358099,161.262935,72330.212415,0.0,0,0.0,877.969367,616.518283,2.463186,17.556629,1514.507465
2021-01-01,Monthly,Skim Perbankan Islam (SPI) / Islamic Banking Scheme (IBS),0.0,0.0,0.0,0.0,0.0,0.0,0.0,0.0,0,0,0,0.0,0.0,0,0,0.0,0.0,0.0,0.0,0.0,0.0,0.0,0.0,0.0,0,0,0,0.0,0.0,0.0,0.0,0.0,544.598395,0.0,85.527981,150.981411,525.827872,12.066747,29.580786,1348.583192,0.0,0.0,560.603386,45.47035,14.789643,0.315693,36.557379,657.736451,0.0,99.099216,6.645565,105.744781,0.0,0.0,0.0,0.0,0.0,0.0,0.0,0.0,0.0,0.0,0.0,0.0,993.075114,479.975501,1410.734693,1529.050189,1682.296563,2542.088059,280.902647,8918.122766,0.0,0.0,0.0,0.0,0.0,0.0,0.0,0.0,0.0,0.0,191.152012,479.02422,175.1083,0.0,0.0,845.284532,0.0,0,0.0,0.0,0.0,0.0,0.0,0.0
2021-01-01,Monthly,Jumlah/ Total,0.0,0.0,0.0,0.103467,0.171911,97.800922,0.618654,98.694954,0,0,0,0.0,0.0,0,0,0.0,0.127855,5.675555,1.414642,14.894016,267.50604,70.74601,27.516856,387.880974,0,0,0,0.0,0.0,0.0,0.0,0.0,15350.060072,2680.98582,6568.279657,6969.727231,59002.62343,11897.754031,7000.191335,109469.621576,714.767074,0.029561,608.33072,99.653011,1376.167053,84.585441,636.499354,3520.032214,5.976683,59733.731384,3190.468569,62930.176636,0.0,177.135908,354.698027,531.833935,0.0,0.0,11.279859,11113.704718,0.0,0.0,0.0,11124.984577,11480.407809,11742.109945,52671.274785,87457.934685,92379.571581,114772.797197,13090.879522,383594.975524,10441.855758,0.0,81.144874,3793.871508,1814.156348,38.857748,3729.632609,19899.518845,541.597049,941.28055,4982.416307,45538.474712,20689.107295,321.358099,161.262935,73175.496947,0.0,0,0.0,877.969367,616.518283,2.463186,17.556629,1514.507465
2021-02-01,Monthly,Bank-bank Islam / Islamic Banks,0.0,0.0,0.0,0.103168,0.161882,97.652057,0.61525,98.532357,0,0,0,0.0,0.0,0,0,0.0,0.127855,5.688068,0.046984,14.864074,261.841137,69.664662,27.503189,379.735969,0,0,0,0.0,0.0,0.0,0.0,0.0,14033.570323,2644.595347,7324.418526,6738.411187,58682.904222,12011.426258,7465.936215,108901.262078,715.626365,0.031608,12.33467,1251.256454,1287.95301,87.187535,699.697402,4054.087044,7.943666,61293.664084000004,3293.190586,64594.798336,0.0,176.895068,366.126728,543.021796,0.0,0.0,11.294061,11847.508723,0.0,0.0,0.0,11858.802784,11903.845674,10716.692879,47760.512248,88968.183516,90653.023054,114560.132458,13137.16095,377699.550779,10449.685345,0.0,81.262213,3053.295815,1916.831709,39.569877,3221.930755,18762.575714,561.013279,980.72255,3817.540056,45067.948968,21484.133658,331.414936,153.458759,72396.232206,0.0,0,0.0,1237.962918,603.33725,0.0,18.375506,1859.675674
2021-02-01,Monthly,Skim Perbankan Islam (SPI) / Islamic Banking Scheme (IBS),0.0,0.0,0.0,0.0,0.0,0.0,0.0,0.0,0,0,0,0.0,0.0,0,0,0.0,0.0,0.0,0.0,0.0,0.0,0.0,0.0,0.0,0,0,0,0.0,0.0,0.0,0.0,0.0,444.117127,0.0,116.663962,207.704605,680.390845,9.385613,29.204729,1487.466881,0.0,0.0,506.513947,37.661753,16.120101,0.386168,36.038997,596.720966,0.0,84.129657,6.500264,90.629921,0.0,0.0,0.0,0.0,0.0,0.0,0.0,0.0,0.0,0.0,0.0,0.0,935.238443,362.403548,1366.575991,1363.182598,1681.696933,2487.679758,372.474052,8569.251323,0.0,0.0,0.0,0.0,0.0,0.0,0.0,0.0,80.04663,0.0,108.891838,510.488283,428.875347,0.0,0.0,1128.302098,0.0,0,0.0,0.0,0.0,0.0,0.0,0.0
2021-02-01,Monthly,Jumlah/ Total,0.0,0.0,0.0,0.103168,0.161882,97.652057,0.61525,98.532357,0,0,0,0.0,0.0,0,0,0.0,0.127855,5.688068,0.046984,14.864074,261.841137,69.664662,27.503189,379.735969,0,0,0,0.0,0.0,0.0,0.0,0.0,14477.68745,2644.595347,7441.082488,6946.115792,59363.295067,12020.811871,7495.140944,110388.728959,715.626365,0.031608,518.848617,1288.918207,1304.073111,87.573703,735.736399,4650.80801,7.943666,61377.793741,3299.69085,64685.428257,0.0,176.895068,366.126728,543.021796,0.0,0.0,11.294061,11847.508723,0.0,0.0,0.0,11858.802784,12839.084117,11079.096427,49127.088239,90331.366114,92334.719987,117047.812216,13509.635002,386268.802102,10449.685345,0.0,81.262213,3053.295815,1916.831709,39.569877,3221.930755,18762.575714,641.059909,980.72255,3926.431894,45578.437251,21913.009005,331.414936,153.458759,73524.534304,0.0,0,0.0,1237.962918,603.33725,0.0,18.375506,1859.675674
2021-03-01,Monthly,Bank-bank Islam / Islamic Banks,0.0,0.0,0.0,0.102538,0.149719,97.557973,0.606503,98.416733,0,0,0,0.0,0.0,0,0,0.0,0.127855,5.7023,0.046984,14.435812,253.014963,68.034668,27.587577,368.950159,0,0,0,0.0,0.0,0.0,0.0,0.0,13626.74719,2766.684254,6825.732461,7402.919539,59079.883884,12842.320879,7728.588259,110272.876466,459.828961,0.034413,14.026149,1662.214364,1382.190451,92.087872,791.901402,4402.283612,6.054379,63219.559843,3378.001999,66603.616221,0.0,175.124737,361.870719,536.995456,0.0,0.0,11.309784,11355.015006,0.0,0.0,0.0,11366.32479,15300.522643,11851.379634,47337.710676,89120.364945,94515.605048,116561.02003,12564.020985,387250.623961,10382.988143,0.0,421.0635,3380.335364,1899.049631,38.018499,3811.444518,19932.899655,855.581118,1020.36655,4578.100795,46194.589542,22511.594587,185.227473,142.193378,75487.653443,0.0,0,0.0,1590.871441,567.265376,0.0,18.016719,2176.153536
2021-03-01,Monthly,Skim Perbankan Islam (SPI) / Islamic Banking Scheme (IBS),0.0,0.0,0.0,0.0,0.0,0.0,0.0,0.0,0,0,0,0.0,0.0,0,0,0.0,0.0,0.0,0.0,0.0,0.0,0.0,0.0,0.0,0,0,0,0.0,0.0,0.0,0.0,0.0,140.390945,0.0,86.152012,185.418131,549.870259,13.446833,30.017048,1005.295228,0.0,0.0,485.718973,41.431588,16.730177,0.408791,37.06391,581.353439,0.0,90.163591,7.123497,97.287088,0.0,0.0,0.0,0.0,0.0,0.0,0.0,0.0,0.0,0.0,0.0,0.0,838.444198,377.312042,1354.026163,1502.638309,1589.486016,2449.585704,372.776895,8484.269327,0.0,0.0,0.0,0.0,0.0,0.0,0.0,0.0,80.044603,0.0,188.614707,492.03257,100.535692,0.0,0.0,861.227572,0.0,0,0.0,0.0,0.0,0.0,0.0,0.0
2021-03-01,Monthly,Jumlah/ Total,0.0,0.0,0.0,0.102538,0.149719,97.557973,0.606503,98.416733,0,0,0,0.0,0.0,0,0,0.0,0.127855,5.7023,0.046984,14.435812,253.014963,68.034668,27.587577,368.950159,0,0,0,0.0,0.0,0.0,0.0,0.0,13767.138135,2766.684254,6911.884473,7588.33767,59629.754143,12855.767712,7758.605307,111278.171694,459.828961,0.034413,499.745122,1703.645952,1398.920628,92.496663,828.965312,4983.637051,6.054379,63309.723434,3385.125496,66700.903309,0.0,175.124737,361.870719,536.995456,0.0,0.0,11.309784,11355.015006,0.0,0.0,0.0,11366.32479,16138.966841,12228.691676,48691.736839,90623.003254,96105.091064,119010.605734,12936.79788,395734.893288,10382.988143,0.0,421.0635,3380.335364,1899.049631,38.018499,3811.444518,19932.899655,935.625721,1020.36655,4766.715502,46686.622112,22612.130279,185.227473,142.193378,76348.881015,0.0,0,0.0,1590.871441,567.265376,0.0,18.016719,2176.153536
2021-04-01,Monthly,Bank-bank Islam / Islamic Banks,0.0,0.0,0.0,0.103038,0.157356,97.937521,0.611107,98.809022,0,0,0,0.0,0.0,0,0,0.0,0.127855,5.715727,0.047032,14.443861,249.929408,66.619355,27.622592,364.50583,0,0,0,0.0,0.0,0.0,0.0,0.0,11679.508019,3044.864195,8128.404808,7837.8295,59544.357255,13101.254428,7872.948882,111209.167087,248.163783,0.000238,15.435927,1211.771676,1595.917024,91.334669,740.290318,3902.913635,6.025085,63973.543991,3471.215016,67450.784092,0.0,176.55278,362.320136,538.872916,0.0,0.0,11.325105,11212.95717,0.0,0.0,0.0,11224.282275,16481.267194,12051.00984,48254.00493,83725.444445,95059.572598,115816.64413,12416.22689,383804.170027,10267.472813,0.0,205.336454,2454.843779,1670.453467,36.169056,3754.526329,18388.801898,1155.325135,619.73255,5176.941569,38517.039373,25101.724646,298.6082,109.743368,70979.114841,0.0,0,0.0,1696.548465,508.614283,0.374227,221.416977,2426.953952
2021-04-01,Monthly,Skim Perbankan Islam (SPI) / Islamic Banking Scheme (IBS),0.0,0.0,0.0,0.0,0.0,0.0,0.0,0.0,0,0,0,0.0,0.0,0,0,0.0,0.0,0.0,0.0,0.0,0.0,0.0,0.0,0.0,0,0,0,0.0,0.0,0.0,0.0,0.0,139.107327,0.0,86.538896,168.725817,773.977123,8.517018,29.607578,1206.473759,0.0,0.0,505.408863,44.037574,22.782642,0.351395,36.399182,608.979656,0.0,90.646481,7.223188,97.869669,0.0,0.0,0.0,0.0,0.0,0.0,0.0,0.0,0.0,0.0,0.0,0.0,836.959328,352.56883,1318.833963,1446.93947,1927.259863,2833.804188,376.62475,9092.990392,0.0,0.0,0.0,0.0,0.0,0.0,0.0,0.0,80.03337,0.0,104.122229,619.718838,260.931969,0.0,0.0,1064.806406,0.0,0,0.0,0.0,0.0,0.0,0.0,0.0
2021-04-01,Monthly,Jumlah/ Total,0.0,0.0,0.0,0.103038,0.157356,97.937521,0.611107,98.809022,0,0,0,0.0,0.0,0,0,0.0,0.127855,5.715727,0.047032,14.443861,249.929408,66.619355,27.622592,364.50583,0,0,0,0.0,0.0,0.0,0.0,0.0,11818.615346,3044.864195,8214.943704,8006.555317,60318.334378,13109.771446,7902.55646,112415.640846,248.163783,0.000238,520.84479,1255.80925,1618.699666,91.686064,776.6895,4511.893291,6.025085,64064.190472,3478.438204,67548.653761,0.0,176.55278,362.320136,538.872916,0.0,0.0,11.325105,11212.95717,0.0,0.0,0.0,11224.282275,17318.226522,12403.57867,49572.838893,85172.383915,96986.832461,118650.448318,12792.85164,392897.160419,10267.472813,0.0,205.336454,2454.843779,1670.453467,36.169056,3754.526329,18388.801898,1235.358505,619.73255,5281.063798,39136.758211,25362.656615,298.6082,109.743368,72043.921247,0.0,0,0.0,1696.548465,508.614283,0.374227,221.416977,2426.953952
2021-05-01,Monthly,Bank-bank Islam / Islamic Banks,0.0,0.0,0.0,0.103345,0.155027,97.860064,0.612088,98.730524,0,0,0,0.0,0.0,0,0,0.0,0.127855,5.730081,0.047032,14.448242,243.932403,65.971493,27.45005,357.707156,0,0,0,0.0,0.0,0.0,0.0,0.0,15242.655052,3545.646681,6953.244407,7338.189021,59462.027204,13207.54664,7713.218387,113462.527392,1913.257981,0.007637,13.276157,2412.404277,1847.262606,91.409713,834.662169,7112.28054,5.311374,64256.612156,3528.568549,67790.492079,0.0,180.409508,370.12862,550.538128,0.0,0.0,11.340958,11824.931697,0.0,0.0,0.0,11836.272655,17304.924145,12293.337424,46181.187327,82666.126988,94694.088741,113969.739393,12248.435288,379357.839306,10336.8603,0.0,82.58,2907.190147,1412.532574,35.977021,3549.018967,18324.159009,1255.327526,644.096958,4863.912117,38772.730553,25196.790231,272.286604,144.355951,71149.49994,0.0,0,0.0,1784.667915,707.304075,0.0,213.430776,2705.402766
2021-05-01,Monthly,Skim Perbankan Islam (SPI) / Islamic Banking Scheme (IBS),0.0,0.0,0.0,0.0,0.0,0.0,0.0,0.0,0,0,0,0.0,0.0,0,0,0.0,0.0,0.0,0.0,0.0,0.0,0.0,0.0,0.0,0,0,0,0.0,0.0,0.0,0.0,0.0,101.195555,0.0,68.396256,143.552332,446.500823,8.548165,31.936621,800.129752,0.0,0.0,553.247223,68.06739,20.090913,0.370351,36.349424,678.125301,0.0,90.692958,7.420121,98.113079,0.0,0.0,0.0,0.0,0.0,0.0,0.0,0.0,0.0,0.0,0.0,0.0,915.91857,377.245499,1169.454628,1442.870226,2065.217026,2644.622816,374.529235,8989.858,0.0,0.0,0.0,0.0,0.0,0.0,0.0,0.0,40.026356,0.0,101.771447,440.092104,604.400696,0.0,0.0,1186.290603,0.0,0,0.0,0.0,0.0,0.0,0.0,0.0
2021-05-01,Monthly,Jumlah/ Total,0.0,0.0,0.0,0.103345,0.155027,97.860064,0.612088,98.730524,0,0,0,0.0,0.0,0,0,0.0,0.127855,5.730081,0.047032,14.448242,243.932403,65.971493,27.45005,357.707156,0,0,0,0.0,0.0,0.0,0.0,0.0,15343.850607,3545.646681,7021.640663,7481.741353,59908.528027,13216.094805,7745.155008,114262.657144,1913.257981,0.007637,566.52338,2480.471667,1867.353519,91.780064,871.011593,7790.405841,5.311374,64347.305114,3535.98867,67888.605158,0.0,180.409508,370.12862,550.538128,0.0,0.0,11.340958,11824.931697,0.0,0.0,0.0,11836.272655,18220.842715,12670.582923,47350.641955,84108.997214,96759.305767,116614.362209,12622.964523,388347.697306,10336.8603,0.0,82.58,2907.190147,1412.532574,35.977021,3549.018967,18324.159009,1295.353882,644.096958,4965.683564,39212.822657,25801.190927,272.286604,144.355951,72335.790543,0.0,0,0.0,1784.667915,707.304075,0.0,213.430776,2705.402766
2021-06-01,Monthly,Bank-bank Islam / Islamic Banks,0.0,0.0,0.0,0.103561,0.155217,97.895059,0.556916,98.710753,0,0,0,0.0,0.0,0,0,0.0,0.127855,5.74364,0.047082,14.443792,237.476696,65.547176,27.732622,351.118863,0,0,0,0.0,0.0,0.0,0.0,0.0,14695.177859,3250.52612,5559.675983,6504.560534,59712.841896,13030.497558,8025.607789,110778.887739,924.984934,0.021002,10.58615,972.63966,1884.189525,104.294884,751.109398,4647.825553,10.420825,66417.101339,3615.841725,70043.363889,0.0,187.447348,365.795652,553.243,0.0,0.0,11.356299,10791.684021,0.0,0.0,0.0,10803.04032,16772.604409,12712.527295,45571.942729,84418.319216,96033.304627,113030.172023,12350.535574,380889.405873,10794.523412,0.0,166.097889,3435.507008,1492.112038,35.301447,3734.666519,19658.208313,1068.811989,540.171978,4692.546373,39777.542549,25917.068851,271.225739,135.879167,72403.246646,0.0,0,0.0,1692.540995,751.920322,0.308196,264.080176,2708.849689
2021-06-01,Monthly,Skim Perbankan Islam (SPI) / Islamic Banking Scheme (IBS),0.0,0.0,0.0,0.0,0.0,0.0,0.0,0.0,0,0,0,0.0,0.0,0,0,0.0,0.0,0.0,0.0,0.0,0.0,0.0,0.0,0.0,0,0,0,0.0,0.0,0.0,0.0,0.0,132.722876,0.0,140.254283,243.852146,515.968593,8.476632,185.659342,1226.933872,0.0,0.0,545.598937,70.934303,29.992033,0.31124,40.201064,687.037577,0.0,90.059087,7.616758,97.675845,0.0,0.0,0.0,0.0,0.0,0.0,0.0,0.0,0.0,0.0,0.0,0.0,856.747993,381.995755,1262.978146,1519.13942,2132.005071,2652.338453,375.746767,9180.951605,0.0,0.0,0.0,0.0,0.0,0.0,0.0,0.0,40.020274,0.0,138.626818,541.902384,623.060896,0.0,0.0,1343.610372,0.0,0,0.0,0.0,0.0,0.0,0.0,0.0
2021-06-01,Monthly,Jumlah/ Total,0.0,0.0,0.0,0.103561,0.155217,97.895059,0.556916,98.710753,0,0,0,0.0,0.0,0,0,0.0,0.127855,5.74364,0.047082,14.443792,237.476696,65.547176,27.732622,351.118863,0,0,0,0.0,0.0,0.0,0.0,0.0,14827.900735,3250.52612,5699.930266,6748.41268,60228.810489,13038.97419,8211.267131,112005.821611,924.984934,0.021002,556.185087,1043.573963,1914.181558,104.606124,791.310462,5334.86313,10.420825,66507.160426,3623.458483,70141.039734,0.0,187.447348,365.795652,553.243,0.0,0.0,11.356299,10791.684021,0.0,0.0,0.0,10803.04032,17629.352402,13094.52305,46834.920875,85937.458636,98165.309698,115682.510476,12726.282341,390070.357478,10794.523412,0.0,166.097889,3435.507008,1492.112038,35.301447,3734.666519,19658.208313,1108.832263,540.171978,4831.173191,40319.444933,26540.129747,271.225739,135.879167,73746.857018,0.0,0,0.0,1692.540995,751.920322,0.308196,264.080176,2708.849689
2021-07-01,Monthly,Bank-bank Islam / Islamic Banks,0.0,0.0,0.0,0.103911,0.157552,98.588726,0.559301,99.40949,0,0,0,0.0,0.0,0,0,0.0,0.127855,5.75816,0.047082,14.448463,220.992208,65.622343,27.759398,334.755509,0,0,0,0.0,0.0,0.0,0.0,0.0,15283.5485,3244.990008,6403.293103,6627.839961,58500.375529,13076.586506,8275.020571,111411.654178,12.129807,0.02659,13.515042,447.33023,1924.593008,127.551014,722.416589,3247.56228,10.687038,66836.024193,3642.944209,70489.65544,0.0,200.617426,371.894337,572.511763,0.0,0.0,11.372152,9227.298472,0.0,0.0,0.0,9238.670624,15535.278637,12700.144724,44962.861124,88938.228325,95954.177703,112678.509505,12435.721133,383204.921151,11925.014019,0.0,1014.505977,4414.595805,1497.110108,35.202417,3819.422623,22705.850949,982.358326,538.189006,3903.083097,39775.592614,24608.333318,242.367542,111.983512,70161.907415,0.0,0,0.0,1258.691312,789.857219,0.169309,259.088804,2307.806644
2021-07-01,Monthly,Skim Perbankan Islam (SPI) / Islamic Banking Scheme (IBS),0.0,0.0,0.0,0.0,0.0,0.0,0.0,0.0,0,0,0,0.0,0.0,0,0,0.0,0.0,0.0,0.0,0.0,0.0,0.0,0.0,0.0,0,0,0,0.0,0.0,0.0,0.0,0.0,98.782398,0.0,137.552041,192.391582,488.713306,8.119138,109.550237,1035.108702,0.0,0.0,178.13338,69.795359,24.337736,0.342111,37.586688,310.195274,0.0,94.999307,7.670191,102.669498,0.0,0.0,0.0,0.0,0.0,0.0,0.0,0.0,0.0,0.0,0.0,0.0,888.604713,382.08693,1178.13243,1555.490475,1828.064728,2624.170297,376.992567,8833.54214,0.0,0.0,0.0,0.0,0.0,0.0,0.0,0.0,40.022301,0.0,121.653976,1489.175853,100.682033,0.0,0.0,1751.534163,0.0,0,0.0,0.0,0.0,0.0,0.0,0.0
2021-07-01,Monthly,Jumlah/ Total,0.0,0.0,0.0,0.103911,0.157552,98.588726,0.559301,99.40949,0,0,0,0.0,0.0,0,0,0.0,0.127855,5.75816,0.047082,14.448463,220.992208,65.622343,27.759398,334.755509,0,0,0,0.0,0.0,0.0,0.0,0.0,15382.330898,3244.990008,6540.845144,6820.231543,58989.088835,13084.705644,8384.570808,112446.76288,12.129807,0.02659,191.648422,517.125589,1948.930744,127.893125,760.003277,3557.757554,10.687038,66931.0235,3650.6144,70592.324938,0.0,200.617426,371.894337,572.511763,0.0,0.0,11.372152,9227.298472,0.0,0.0,0.0,9238.670624,16423.88335,13082.231654,46140.993554,90493.7188,97782.242431,115302.679802,12812.7137,392038.463291,11925.014019,0.0,1014.505977,4414.595805,1497.110108,35.202417,3819.422623,22705.850949,1022.380627,538.189006,4024.737073,41264.768467,24709.015351,242.367542,111.983512,71913.441578,0.0,0,0.0,1258.691312,789.857219,0.169309,259.088804,2307.806644
2021-08-01,Monthly,Bank-bank Islam / Islamic Banks,0.0,0.0,0.0,0.104035,0.157529,98.493427,0.559945,99.314936,0,0,0,0.0,0.0,0,0,0.0,0.129368,5.772258,0.047132,14.462355,220.741721,64.890651,27.778102,333.821587,0,0,0,0.0,0.0,0.0,0.0,0.0,16128.056346,3091.73482,6565.489427,6582.725769,60114.555241,13094.298784,8323.035763,113899.89615,282.180724,0.028226,13.801897,2040.188861,2266.336326,137.412926,766.342273,5506.291233,13.407364,67035.124554,3539.581327,70588.113245,0.0,211.802949,363.915846,575.718795,0.0,0.0,11.388005,8738.894867,0.0,0.0,0.0,8750.282872,16878.636791,13599.172812,47271.023039,84934.132323,87030.748342,113043.681037,12294.058781,375051.453125,11455.38576,0.0,582.092276,2083.510479,1551.16,32.881185,4317.409742,20022.439442,1607.424137,545.553597,4320.691002,40027.13172,23948.797884,318.857008,197.5499,70966.005248,0.0,0,0.0,1282.04197,777.180105,0.718286,16.708384,2076.648745
2021-08-01,Monthly,Skim Perbankan Islam (SPI) / Islamic Banking Scheme (IBS),0.0,0.0,0.0,0.0,0.0,0.0,0.0,0.0,0,0,0,0.0,0.0,0,0,0.0,0.0,0.0,0.0,0.0,0.0,0.0,0.0,0.0,0,0,0,0.0,0.0,0.0,0.0,0.0,96.77623,0.0,135.643409,267.224817,604.507911,8.08647,90.073633,1202.31247,0.0,0.0,277.105571,68.477288,45.74889,0.609547,37.085571,429.026867,0.0,94.102157,8.074675,102.176832,0.0,0.0,0.0,0.0,0.0,0.0,0.0,0.0,0.0,0.0,0.0,0.0,948.587753,383.109623,1165.210023,1553.991923,2115.230959,2562.264653,317.113739,9045.508673,0.0,0.0,0.0,0.0,0.0,0.0,0.0,0.0,100.06152,0.0,108.157658,1518.73852,138.821665,0.0,0.0,1865.779363,0.0,0,0.0,0.0,0.0,0.0,0.0,0.0
2021-08-01,Monthly,Jumlah/ Total,0.0,0.0,0.0,0.104035,0.157529,98.493427,0.559945,99.314936,0,0,0,0.0,0.0,0,0,0.0,0.129368,5.772258,0.047132,14.462355,220.741721,64.890651,27.778102,333.821587,0,0,0,0.0,0.0,0.0,0.0,0.0,16224.832576,3091.73482,6701.132836,6849.950586,60719.063152,13102.385254,8413.109396,115102.20862,282.180724,0.028226,290.907468,2108.666149,2312.085216,138.022473,803.427844,5935.3181,13.407364,67129.226711,3547.656002,70690.290077,0.0,211.802949,363.915846,575.718795,0.0,0.0,11.388005,8738.894867,0.0,0.0,0.0,8750.282872,17827.224544,13982.282435,48436.233062,86488.124246,89145.979301,115605.94569,12611.17252,384096.961798,11455.38576,0.0,582.092276,2083.510479,1551.16,32.881185,4317.409742,20022.439442,1707.485657,545.553597,4428.84866,41545.87024,24087.619549,318.857008,197.5499,72831.784611,0.0,0,0.0,1282.04197,777.180105,0.718286,16.708384,2076.648745
2021-09-01,Monthly,Bank-bank Islam / Islamic Banks,0.0,0.0,0.0,0.104155,0.156991,98.330627,0.560449,99.152222,0,0,0,0.0,0.0,0,0,0.0,0.129368,5.786383,0.047132,14.467161,213.200605,66.215211,27.843108,327.688968,0,0,0,0.0,0.0,0.0,0.0,0.0,12419.79731,3022.9721,6854.792179,6614.990304,62073.675727,13136.862529,8570.891337,112693.981486,198.06815,0.035351,7.538846,367.520839,2570.766267,134.551737,726.120736,4004.601926,10.848256,69270.459526,3501.440717,72782.748499,0.0,209.641407,362.584741,572.226148,0.0,0.0,11.403346,8101.103508,0.0,0.0,0.0,8112.506854,19451.028424,13341.987352,49349.344903,89326.684127,87086.435601,113254.642756,12280.233811,384090.356974,11393.476447,0.0,586.342019,2131.900255,1410.511764,33.393326,3027.860248,18583.484059,1630.12125,541.251498,4907.363002,37931.816319,26030.488385,279.742481,120.632558,71441.415493,0.0,0,0.0,1271.174672,807.474536,0.947404,16.914092,2096.510704
2021-09-01,Monthly,Skim Perbankan Islam (SPI) / Islamic Banking Scheme (IBS),0.0,0.0,0.0,0.0,0.0,0.0,0.0,0.0,0,0,0,0.0,0.0,0,0,0.0,0.0,0.0,0.0,0.0,0.0,0.0,0.0,0.0,0,0,0,0.0,0.0,0.0,0.0,0.0,109.596176,0.0,180.71256,341.486888,776.515796,7.927497,90.163524,1506.402441,0.0,0.0,124.259753,69.803504,48.302445,0.826873,37.841014,281.033589,0.0,97.462832,8.625856,106.088688,0.0,0.0,0.0,0.0,0.0,0.0,0.0,0.0,0.0,0.0,0.0,0.0,984.001819,386.815843,1313.433171,1566.271344,1991.059667,2039.658391,372.709207,8653.949442,0.0,0.0,0.0,0.0,0.0,0.0,0.0,0.0,110.076027,0.0,122.320795,1632.268642,123.849581,0.0,0.0,1988.515045,0.0,0,0.0,0.0,0.0,0.0,0.0,0.0
2021-09-01,Monthly,Jumlah/ Total,0.0,0.0,0.0,0.104155,0.156991,98.330627,0.560449,99.152222,0,0,0,0.0,0.0,0,0,0.0,0.129368,5.786383,0.047132,14.467161,213.200605,66.215211,27.843108,327.688968,0,0,0,0.0,0.0,0.0,0.0,0.0,12529.393486,3022.9721,7035.504739,6956.477192,62850.191523,13144.790026,8661.054861,114200.383927,198.06815,0.035351,131.798599,437.324343,2619.068712,135.37861,763.96175,4285.635515,10.848256,69367.922358,3510.066573,72888.837187,0.0,209.641407,362.584741,572.226148,0.0,0.0,11.403346,8101.103508,0.0,0.0,0.0,8112.506854,20435.030243,13728.803195,50662.778074,90892.955471,89077.495268,115294.301147,12652.943018,392744.306416,11393.476447,0.0,586.342019,2131.900255,1410.511764,33.393326,3027.860248,18583.484059,1740.197277,541.251498,5029.683797,39564.084961,26154.337966,279.742481,120.632558,73429.930538,0.0,0,0.0,1271.174672,807.474536,0.947404,16.914092,2096.510704
2021-10-01,Monthly,Bank-bank Islam / Islamic Banks,0.0,0.0,0.0,0.104014,0.149496,98.921737,0.55808,99.733327,0,0,0,0.0,0.0,0,0,0.0,0.129368,5.704193,0.047182,14.517429,202.714777,64.793227,27.759989,315.666165,0,0,0,0.0,0.0,0.0,0.0,0.0,14572.062378,3198.036424,7293.732178,6374.617474,60781.10222,13263.227503,8500.245504,113983.023681,336.556945,0.036475,16.316919,424.866204,2222.529492,122.060011,796.205422,3918.571468,10.522648,67969.952687,3382.425099,71362.900434,0.0,216.160522,363.921875,580.082397,0.0,0.0,0.0,8701.555517,0.0,0.0,0.0,8701.555517,14863.755367,12498.562428,51568.103056,91283.692261,88572.644616,114525.797656,11891.275221,385203.830605,11262.718889,0.0,82.85,1779.835812,1526.594752,34.339119,3651.706657,18338.045229,1602.742966,541.27975,5108.272,40401.431337,24126.936442,258.092123,121.983838,72160.738456,0.0,0,0.0,782.596259,364.448809,0.0,16.48317,1163.528238
2021-10-01,Monthly,Skim Perbankan Islam (SPI) / Islamic Banking Scheme (IBS),0.0,0.0,0.0,0.0,0.0,0.0,0.0,0.0,0,0,0,0.0,0.0,0,0,0.0,0.0,0.0,0.0,0.0,0.0,0.0,0.0,0.0,0,0,0,0.0,0.0,0.0,0.0,0.0,107.295954,0.0,142.098853,232.618095,735.26518,8.224362,92.424977,1317.927421,0.0,0.0,90.856466,67.443593,37.023409,0.308049,35.184708,230.816225,0.0,96.83253,9.198738,106.031268,0.0,0.0,0.0,0.0,0.0,0.0,0.0,0.0,0.0,0.0,0.0,0.0,946.184094,366.943841,1559.526269,1625.361118,2137.378475,2536.213171,377.63393,9549.240898,0.0,0.0,0.0,0.0,0.0,0.0,0.0,0.0,160.081288,0.0,68.785889,1504.512858,138.021493,0.0,0.0,1871.401528,0.0,0,0.0,0.0,0.0,0.0,0.0,0.0
2021-10-01,Monthly,Jumlah/ Total,0.0,0.0,0.0,0.104014,0.149496,98.921737,0.55808,99.733327,0,0,0,0.0,0.0,0,0,0.0,0.129368,5.704193,0.047182,14.517429,202.714777,64.793227,27.759989,315.666165,0,0,0,0.0,0.0,0.0,0.0,0.0,14679.358332,3198.036424,7435.831031,6607.235569,61516.3674,13271.451865,8592.670481,115300.951102,336.556945,0.036475,107.173385,492.309797,2259.552901,122.36806,831.39013,4149.387693,10.522648,68066.785217,3391.623837,71468.931702,0.0,216.160522,363.921875,580.082397,0.0,0.0,0.0,8701.555517,0.0,0.0,0.0,8701.555517,15809.939461,12865.506269,53127.629325,92909.053379,90710.023091,117062.010827,12268.909151,394753.071503,11262.718889,0.0,82.85,1779.835812,1526.594752,34.339119,3651.706657,18338.045229,1762.824254,541.27975,5177.057889,41905.944195,24264.957935,258.092123,121.983838,74032.139984,0.0,0,0.0,782.596259,364.448809,0.0,16.48317,1163.528238
2021-11-01,Monthly,Bank-bank Islam / Islamic Banks,0.0,0.0,0.0,0.104024,0.153154,98.660822,0.558631,99.476631,0,0,0,0.0,0.0,0,0,0.0,0.129368,5.718097,0.047182,14.535017,197.352278,64.752978,27.713339,310.248259,0,0,0,0.0,0.0,0.0,0.0,0.0,11182.394342,3945.294947,7638.798579,6685.628302,67076.411257,13221.0812,8207.978471,117957.587098,76.831342,0.039152,16.757977,788.129917,2141.803095,123.567561,906.872574,4054.001618,10.020731,68497.191143,3439.558125,71946.769999,0.0,220.241156,374.9679,595.209056,0.0,0.0,0.0,10530.14929,0.0,0.0,0.0,10530.14929,16068.717406,11418.974325,54908.787955,91164.313504,89717.476696,114674.662018,12011.659794,389964.591698,11473.81887,0.0,927.942577,2421.398017,1309.443329,34.307912,3873.101401,20040.012106,1586.7422,492.670754,5501.087506,39235.545655,22699.364589,269.248499,117.244219,69901.903422,0.0,0,0.0,998.515144,325.924867,0.035457,18.621657,1343.097125
2021-11-01,Monthly,Skim Perbankan Islam (SPI) / Islamic Banking Scheme (IBS),0.0,0.0,0.0,0.0,0.0,0.0,0.0,0.0,0,0,0,0.0,0.0,0,0,0.0,0.0,0.0,0.0,0.0,0.0,0.0,0.0,0.0,0,0,0,0.0,0.0,0.0,0.0,0.0,118.673242,0.0,147.376628,185.579223,731.312026,7.720954,89.037453,1279.699526,0.0,0.0,119.616891,64.627014,45.178179,0.519692,36.179281,266.121057,0.0,93.976834,9.076747,103.053581,0.0,0.0,0.0,0.0,0.0,0.0,0.0,0.0,0.0,0.0,0.0,0.0,752.83298,370.020396,1583.299484,1435.129471,2065.837655,2635.015543,377.496807,9219.632336,0.0,0.0,0.0,0.0,0.0,0.0,0.0,0.0,130.094781,0.0,167.524863,1523.467367,327.482265,0.0,0.0,2148.569276,0.0,0,0.0,0.0,0.0,0.0,0.0,0.0
2021-11-01,Monthly,Jumlah/ Total,0.0,0.0,0.0,0.104024,0.153154,98.660822,0.558631,99.476631,0,0,0,0.0,0.0,0,0,0.0,0.129368,5.718097,0.047182,14.535017,197.352278,64.752978,27.713339,310.248259,0,0,0,0.0,0.0,0.0,0.0,0.0,11301.067584,3945.294947,7786.175207,6871.207525,67807.723283,13228.802154,8297.015924,119237.286624,76.831342,0.039152,136.374868,852.756931,2186.981274,124.087253,943.051855,4320.122675,10.020731,68591.167977,3448.634872,72049.82358,0.0,220.241156,374.9679,595.209056,0.0,0.0,0.0,10530.14929,0.0,0.0,0.0,10530.14929,16821.550386,11788.994721,56492.087439,92599.442975,91783.314351,117309.677561,12389.156601,399184.224034,11473.81887,0.0,927.942577,2421.398017,1309.443329,34.307912,3873.101401,20040.012106,1716.836981,492.670754,5668.612369,40759.013022,23026.846854,269.248499,117.244219,72050.472698,0.0,0,0.0,998.515144,325.924867,0.035457,18.621657,1343.097125
2021-12-01,Monthly,Bank-bank Islam / Islamic Banks,0.0,0.0,0.0,0.104328,0.155314,98.310368,0.56091,99.13092,0,0,0,0.0,0.0,0,0,0.0,0.129368,5.604455,0.074333,14.352537,185.047716,58.602229,27.684406,291.495044,0,0,0,0.0,0.0,0.0,0.0,0.0,11244.979067,3243.450996,6659.605211,6893.698647,68163.084869,13225.077377,8461.164273,117891.06044,1.343182,0.040548,52.725609,362.958475,2718.746417,146.439276,1307.043127,4589.296634,8.983752,69246.389211,3477.013832,72732.386795,0.0,277.993812,408.637343,686.631155,0.0,0.0,0.0,9789.098528,0.0,0.0,0.0,9789.098528,17837.98062,12516.203819,54373.920898,90385.543357,95540.679417,115240.322382,12204.348531,398098.999024,11347.873803,0.0,83.3,2859.248243,1611.238472,35.498285,3728.364906,19665.523709,3460.191332,344.736569,5145.817272,38799.923502,25070.387605,213.466445,127.573048,73162.095773,0.0,0,0.0,756.207162,394.089899,0.0,39.608178,1189.905239
2021-12-01,Monthly,Skim Perbankan Islam (SPI) / Islamic Banking Scheme (IBS),0.0,0.0,0.0,0.0,0.0,0.0,0.0,0.0,0,0,0,0.0,0.0,0,0,0.0,0.0,0.0,0.0,0.0,0.0,0.0,0.0,0.0,0,0,0,0.0,0.0,0.0,0.0,0.0,138.716778,0.0,152.06793,329.653348,962.110666,7.174267,178.925954,1768.648943,0.0,0.0,71.229531,68.959449,60.999305,0.464293,51.435235,253.087813,0.0,96.995979,9.139727,106.135706,0.0,0.0,0.0,0.0,0.0,0.0,0.0,0.0,0.0,0.0,0.0,0.0,714.117699,350.084415,1470.364455,1329.990279,1961.163786,2618.621945,380.664442,8825.007021,0.0,0.0,0.0,0.0,0.0,0.0,0.0,0.0,130.103562,0.0,234.477526,902.599311,132.19151,0.0,0.0,1399.371909,0.0,0,0.0,0.0,0.0,0.0,0.0,0.0
2021-12-01,Monthly,Jumlah/ Total,0.0,0.0,0.0,0.104328,0.155314,98.310368,0.56091,99.13092,0,0,0,0.0,0.0,0,0,0.0,0.129368,5.604455,0.074333,14.352537,185.047716,58.602229,27.684406,291.495044,0,0,0,0.0,0.0,0.0,0.0,0.0,11383.695845,3243.450996,6811.673141,7223.351995,69125.195535,13232.251644,8640.090227,119659.709383,1.343182,0.040548,123.95514,431.917924,2779.745722,146.903569,1358.478362,4842.384447,8.983752,69343.38519,3486.153559,72838.522501,0.0,277.993812,408.637343,686.631155,0.0,0.0,0.0,9789.098528,0.0,0.0,0.0,9789.098528,18552.098319,12866.288234,55844.285353,91715.533636,97501.843203,117858.944327,12585.012973,406924.006045,11347.873803,0.0,83.3,2859.248243,1611.238472,35.498285,3728.364906,19665.523709,3590.294894,344.736569,5380.294798,39702.522813,25202.579115,213.466445,127.573048,74561.467682,0.0,0,0.0,756.207162,394.089899,0.0,39.608178,1189.905239
2022-01-01,Monthly,Bank-bank Islam / Islamic Banks,0.0,0.0,0.0,0.104433,0.150117,98.954127,0.587058,99.795735,0,0,0,0.0,0.0,0,0,0.0,0.129368,3.196496,2.406102,14.354742,168.809936,56.240992,27.661724,272.79936,0,0,0,0.0,0.0,0.0,0.0,0.0,10603.04594,3688.526894,6986.74737,6842.983124,65914.882333,13312.857921,8756.342987,116105.386569,336.058426,0.042209,44.417623,354.320134,3353.964024,138.553392,1055.299151,5282.654959,9.440494,69862.92674,3489.126151,73361.493385,0.0,283.470727,413.721122,697.191849,0.0,0.0,0.0,6904.787389,0.0,0.0,0.0,6904.787389,19305.423001,11441.488949,52246.305974,87385.697079,97062.598755,114945.695998,12182.23304,394569.442796,11381.790802,0.0,292.92,3715.880227,1502.230601,33.659525,3688.288464,20614.769619,1531.729573,462.576451,5768.918552,38456.31072,23700.606105,313.559997,141.995662,70375.69706,0.0,0,0.0,916.155128,375.256966,0.937755,39.327152,1331.677001
2022-01-01,Monthly,Skim Perbankan Islam (SPI) / Islamic Banking Scheme (IBS),0.0,0.0,0.0,0.0,0.0,0.0,0.0,0.0,0,0,0,0.0,0.0,0,0,0.0,0.0,0.0,0.0,0.0,0.0,0.0,0.0,0.0,0,0,0,0.0,0.0,0.0,0.0,0.0,112.383179,0.0,186.335044,345.263859,698.539927,6.569897,90.390419,1439.482325,0.0,0.0,185.996567,64.70306,50.72498,0.395139,44.530381,346.350127,0.0,109.072463,8.522269,117.594732,0.0,0.0,0.0,0.0,0.0,0.0,0.0,0.0,0.0,0.0,0.0,0.0,955.536147,388.15543,1353.05768,1469.200204,1943.198659,2289.79934,373.256438,8772.203898,0.0,0.0,0.0,0.0,0.0,0.0,0.0,0.0,130.09174,0.0,248.920006,1403.715647,84.788952,0.0,0.0,1867.516345,0.0,0,0.0,0.0,0.0,0.0,0.0,0.0
2022-01-01,Monthly,Jumlah/ Total,0.0,0.0,0.0,0.104433,0.150117,98.954127,0.587058,99.795735,0,0,0,0.0,0.0,0,0,0.0,0.129368,3.196496,2.406102,14.354742,168.809936,56.240992,27.661724,272.79936,0,0,0,0.0,0.0,0.0,0.0,0.0,10715.429119,3688.526894,7173.082414,7188.246983,66613.42226,13319.427818,8846.733406,117544.868894,336.058426,0.042209,230.41419,419.023194,3404.689004,138.948531,1099.829532,5629.005086,9.440494,69971.999203,3497.64842,73479.088117,0.0,283.470727,413.721122,697.191849,0.0,0.0,0.0,6904.787389,0.0,0.0,0.0,6904.787389,20260.959148,11829.644379,53599.363654,88854.897283,99005.797414,117235.495338,12555.489478,403341.646694,11381.790802,0.0,292.92,3715.880227,1502.230601,33.659525,3688.288464,20614.769619,1661.821313,462.576451,6017.838558,39860.026367,23785.395057,313.559997,141.995662,72243.213405,0.0,0,0.0,916.155128,375.256966,0.937755,39.327152,1331.677001
2022-02-01,Monthly,Bank-bank Islam / Islamic Banks,0.0,0.0,0.0,0.104608,0.149923,98.788544,0.588082,99.631157,0,0,0,0.0,0.0,0,0,0.0,0.129368,2.956541,2.411868,14.355951,166.220139,54.91701,27.610732,268.601609,0,0,0,0.0,0.0,0.0,0.0,0.0,13893.366628,3560.095761,8143.6159,6400.189356,66313.695028,13239.922437,9651.753899,121202.639009,2.861553,0.042344,47.652174,399.339172,2862.113779,142.96359,1078.553015,4533.525627,7.616033,69055.610646,3495.138012,72558.364691,0.0,278.50555,396.908785,675.414335,0.0,0.0,0.0,8829.334624,0.0,0.0,0.0,8829.334624,20069.98336,11479.374688,52581.356026,85350.186132,98985.904938,114436.130051,12165.440486,395068.375681,11505.692336,0.0,209.963997,4447.089677,1350.533782,31.817527,2344.169131,19889.26645,1415.799974,499.613909,5693.626897,39637.920775,24357.516228,514.922374,190.149336,72309.549493,0.0,0,0.0,721.592098,733.505992,1.587632,50.579517,1507.265239
2022-02-01,Monthly,Skim Perbankan Islam (SPI) / Islamic Banking Scheme (IBS),0.0,0.0,0.0,0.0,0.0,0.0,0.0,0.0,0,0,0,0.0,0.0,0,0,0.0,0.0,0.0,0.0,0.0,0.0,0.0,0.0,0.0,0,0,0,0.0,0.0,0.0,0.0,0.0,179.95065,0.0,134.503446,240.408009,710.357496,19.077877,89.509498,1373.806976,0.0,0.0,82.036283,68.387492,34.688342,0.305724,41.415769,226.83361,0.0,103.177649,8.717347,111.894996,0.0,0.0,0.0,0.0,0.0,0.0,0.0,0.0,0.0,0.0,0.0,0.0,860.139412,388.278353,1421.827785,1313.354507,2206.651915,2114.211084,372.111797,8676.574853,0.0,0.0,0.0,0.0,0.0,0.0,0.0,0.0,130.067356,0.0,242.678326,1761.484816,77.528221,0.0,0.0,2211.758719,0.0,0,0.0,0.0,0.0,0.0,0.0,0.0
2022-02-01,Monthly,Jumlah/ Total,0.0,0.0,0.0,0.104608,0.149923,98.788544,0.588082,99.631157,0,0,0,0.0,0.0,0,0,0.0,0.129368,2.956541,2.411868,14.355951,166.220139,54.91701,27.610732,268.601609,0,0,0,0.0,0.0,0.0,0.0,0.0,14073.317278,3560.095761,8278.119346,6640.597365,67024.052524,13259.000314,9741.263397,122576.445985,2.861553,0.042344,129.688457,467.726664,2896.802121,143.269314,1119.968784,4760.359237,7.616033,69158.788295,3503.855359,72670.259687,0.0,278.50555,396.908785,675.414335,0.0,0.0,0.0,8829.334624,0.0,0.0,0.0,8829.334624,20930.122772,11867.653041,54003.183811,86663.540639,101192.556853,116550.341135,12537.552283,403744.950534,11505.692336,0.0,209.963997,4447.089677,1350.533782,31.817527,2344.169131,19889.26645,1545.86733,499.613909,5936.305223,41399.405591,24435.044449,514.922374,190.149336,74521.308212,0.0,0,0.0,721.592098,733.505992,1.587632,50.579517,1507.265239
2022-03-01,Monthly,Bank-bank Islam / Islamic Banks,0.0,0.0,0.0,0.10481,0.149314,98.640205,0.589006,99.483335,0,0,0,0.0,0.0,0,0,0.0,0.129368,5.307468,0.060431,14.358611,165.191322,54.052638,27.87529,266.975128,0,0,0,0.0,0.0,0.0,0.0,0.0,8677.614218,3721.961277,7772.625258,7176.840589,68974.150958,13209.506513,8893.184259,118425.883072,4.195179,0.039088,53.212183,522.344847,2244.242333,149.368251,1006.958859,3980.36074,7.568556,69821.683536,3485.984549,73315.236641,0.0,274.310793,399.398185,673.708978,0.0,0.0,0.0,10128.238388,0.0,0.0,0.0,10128.238388,19821.48373,13038.310774,54623.677843,79815.033665,106037.094162,114267.006235,12120.906414,399723.512823,11311.64,0.0,210.298362,3031.734742,1776.753597,34.149928,1603.481495,17968.058124,1430.756043,482.665132,5768.575223,38097.924082,24665.580794,224.267073,105.562366,70775.330713,0.0,0,0.0,717.558977,897.509939,0.0,33.602351,1648.671267
2022-03-01,Monthly,Skim Perbankan Islam (SPI) / Islamic Banking Scheme (IBS),0.0,0.0,0.0,0.0,0.0,0.0,0.0,0.0,0,0,0,0.0,0.0,0,0,0.0,0.0,0.0,0.0,0.0,0.0,0.0,0.0,0.0,0,0,0,0.0,0.0,0.0,0.0,0.0,112.429502,0.0,132.798448,323.499317,783.995009,12.342511,109.845035,1474.909822,0.0,0.0,78.732393,70.006168,41.104217,0.384947,37.261931,227.489656,0.0,105.905705,8.45518,114.360885,0.0,0.0,0.0,0.0,0.0,0.0,0.0,0.0,0.0,0.0,0.0,0.0,807.492808,390.538757,1409.906212,1472.724449,2252.684353,2041.643892,372.296554,8747.287025,0.0,0.0,0.0,0.0,0.0,0.0,0.0,0.0,90.07874,0.0,176.68701,1070.361814,205.986686,0.0,0.0,1543.11425,0.0,0,0.0,0.0,0.0,0.0,0.0,0.0
2022-03-01,Monthly,Jumlah/ Total,0.0,0.0,0.0,0.10481,0.149314,98.640205,0.589006,99.483335,0,0,0,0.0,0.0,0,0,0.0,0.129368,5.307468,0.060431,14.358611,165.191322,54.052638,27.87529,266.975128,0,0,0,0.0,0.0,0.0,0.0,0.0,8790.04372,3721.961277,7905.423706,7500.339906,69758.145967,13221.849024,9003.029294,119900.792894,4.195179,0.039088,131.944576,592.351015,2285.34655,149.753198,1044.22079,4207.850396,7.568556,69927.589241,3494.439729,73429.597526,0.0,274.310793,399.398185,673.708978,0.0,0.0,0.0,10128.238388,0.0,0.0,0.0,10128.238388,20628.976538,13428.849531,56033.584055,81287.758114,108289.778515,116308.650127,12493.202968,408470.799848,11311.64,0.0,210.298362,3031.734742,1776.753597,34.149928,1603.481495,17968.058124,1520.834783,482.665132,5945.262233,39168.285896,24871.56748,224.267073,105.562366,72318.444963,0.0,0,0.0,717.558977,897.509939,0.0,33.602351,1648.671267
2022-04-01,Monthly,Bank-bank Islam / Islamic Banks,0.0,0.0,0.0,0.104814,0.13803,99.013054,0.599861,99.855759,0,0,0,0.0,0.0,0,0,0.0,0.129368,5.320735,0.074584,14.363614,161.884929,54.30523,28.12484,264.2033,0,0,0,0.0,0.0,0.0,0.0,0.0,8865.693604,4041.107146,7565.548639,8480.21104,68233.323139,13316.286615,8944.747521,119446.917704,12.622831,0.040447,57.550894,482.396713,2405.873512,140.241975,909.718023,4008.444395,8.958097,82908.660559,3713.973352,86631.592008,0.0,276.500815,401.388613,677.889428,0.0,0.0,0.0,10338.342092,0.0,0.0,0.0,10338.342092,18747.712097,11763.179584,52304.203765,73870.733906,109406.727851,115815.583109,12544.790556,394452.930868,11708.173286,0.0,261.231317,2793.661764,1254.195067,34.205314,2457.677159,18509.143907,982.452598,481.701024,6293.283982,37899.75544,24224.464781,265.428566,136.726918,70283.813309,0.0,0,0.0,1655.618535,928.699131,0.07616,42.405079,2626.798905
2022-04-01,Monthly,Skim Perbankan Islam (SPI) / Islamic Banking Scheme (IBS),0.0,0.0,0.0,0.0,0.0,0.0,0.0,0.0,0,0,0,0.0,0.0,0,0,0.0,0.0,0.0,0.0,0.0,0.0,0.0,0.0,0.0,0,0,0,0.0,0.0,0.0,0.0,0.0,133.851342,0.0,144.309508,271.827719,730.070825,10.446907,110.899978,1401.406279,0.0,0.0,110.863754,78.215699,23.162868,0.3404,38.754946,251.337667,0.0,120.048644,8.555598,128.604242,0.0,0.0,0.0,0.0,0.0,0.0,0.0,0.0,0.0,0.0,0.0,0.0,586.99971,359.555059,1309.891005,1409.08589,2106.99862,2410.179705,387.627248,8570.337237,0.0,0.0,0.0,0.0,0.0,0.0,0.0,0.0,60.063863,0.0,176.86157,1240.141686,36.979551,0.0,0.0,1514.04667,0.0,0,0.0,0.0,0.0,0.0,0.0,0.0
2022-04-01,Monthly,Jumlah/ Total,0.0,0.0,0.0,0.104814,0.13803,99.013054,0.599861,99.855759,0,0,0,0.0,0.0,0,0,0.0,0.129368,5.320735,0.074584,14.363614,161.884929,54.30523,28.12484,264.2033,0,0,0,0.0,0.0,0.0,0.0,0.0,8999.544946,4041.107146,7709.858147,8752.038759,68963.393964,13326.733522,9055.647499,120848.323983,12.622831,0.040447,168.414648,560.612412,2429.03638,140.582375,948.472969,4259.782062,8.958097,83028.709203,3722.52895,86760.19625,0.0,276.500815,401.388613,677.889428,0.0,0.0,0.0,10338.342092,0.0,0.0,0.0,10338.342092,19334.711807,12122.734643,53614.09477,75279.819796,111513.726471,118225.762814,12932.417804,403023.268105,11708.173286,0.0,261.231317,2793.661764,1254.195067,34.205314,2457.677159,18509.143907,1042.516461,481.701024,6470.145552,39139.897126,24261.444332,265.428566,136.726918,71797.859979,0.0,0,0.0,1655.618535,928.699131,0.07616,42.405079,2626.798905
2022-05-01,Monthly,Bank-bank Islam / Islamic Banks,0.0,0.0,0.0,0.104538,0.137947,98.757738,0.598663,99.598886,0,0,0,0.0,0.0,0,0,0.0,0.129368,5.334428,0.074584,25.847472,157.573838,54.374676,15.589432,258.923798,0,0,0,0.0,0.0,0.0,0.0,0.0,11360.176927,4409.210743,6925.494842,6596.693638,70295.320093,13144.894419,8983.969808,121715.76047,45.113431,0.040709,62.905834,520.350358,2542.194966,138.033681,1088.764794,4397.403773,8.71913,74732.30506,3564.327747,78305.351937,0.0,282.350074,401.539377,683.889451,0.0,0.0,0.0,10311.242833,0.0,0.0,0.0,10311.242833,17933.533065,11332.133412,52283.091895,76843.128921,110633.047866,117309.892386,12367.608011,398702.435556,4195.54083,0.0,263.001056,3023.228127,1316.086162,42.266392,2445.887409,11286.009976,968.059682,478.735705,6584.446487,40743.493994,23421.43189,209.491434,132.395005,72538.054197,0.0,0,0.0,1549.261247,948.173248,0.509193,42.420635,2540.364323
2022-05-01,Monthly,Skim Perbankan Islam (SPI) / Islamic Banking Scheme (IBS),0.0,0.0,0.0,0.0,0.0,0.0,0.0,0.0,0,0,0,0.0,0.0,0,0,0.0,0.0,0.0,0.0,0.0,0.0,0.0,0.0,0.0,0,0,0,0.0,0.0,0.0,0.0,0.0,137.378044,0.0,149.20624,266.751646,647.431644,8.804213,117.000732,1326.572519,0.0,0.0,72.581722,77.664701,32.497586,0.37075,38.983894,222.098653,0.0,114.691927,8.337621,123.029548,0.0,0.0,0.0,0.0,0.0,0.0,0.0,0.0,0.0,0.0,0.0,0.0,398.564496,344.647112,1263.900667,1530.054675,2139.562569,2633.959314,399.109465,8709.798298,0.0,0.0,0.0,0.0,0.0,0.0,0.0,0.0,60.059438,0.0,343.504097,808.082928,67.969901,0.0,0.0,1279.616364,0.0,0,0.0,0.0,0.0,0.0,0.0,0.0
2022-05-01,Monthly,Jumlah/ Total,0.0,0.0,0.0,0.104538,0.137947,98.757738,0.598663,99.598886,0,0,0,0.0,0.0,0,0,0.0,0.129368,5.334428,0.074584,25.847472,157.573838,54.374676,15.589432,258.923798,0,0,0,0.0,0.0,0.0,0.0,0.0,11497.554971,4409.210743,7074.701082,6863.445284,70942.751737,13153.698632,9100.97054,123042.332989,45.113431,0.040709,135.487556,598.015059,2574.692552,138.404431,1127.748688,4619.502426,8.71913,74846.996987,3572.665368,78428.381485,0.0,282.350074,401.539377,683.889451,0.0,0.0,0.0,10311.242833,0.0,0.0,0.0,10311.242833,18332.097561,11676.780524,53546.992562,78373.183596,112772.610435,119943.8517,12766.717476,407412.233854,4195.54083,0.0,263.001056,3023.228127,1316.086162,42.266392,2445.887409,11286.009976,1028.11912,478.735705,6927.950584,41551.576922,23489.401791,209.491434,132.395005,73817.670561,0.0,0,0.0,1549.261247,948.173248,0.509193,42.420635,2540.364323
2022-06-01,Monthly,Bank-bank Islam / Islamic Banks,0.0,0.0,0.0,0.104568,0.136115,98.609074,0.540615,99.390372,0,0,0,0.0,0.0,0,0,0.0,0.129368,5.34782,0.054405,25.9051,156.62899,50.657124,15.275694,253.998501,0,0,0,0.0,0.0,0.0,0.0,0.0,18320.631479,3782.198662,6872.074117,7045.356726,70749.56582,12886.446008,8817.334057,128473.606869,45.369372,0.040978,57.937632,474.776727,2963.895701,156.238566,951.47396,4649.732936,7.54501,72974.382989,3564.043136,76545.971135,0.0,302.744746,405.111619,707.856365,0.0,0.0,0.0,10079.142688,0.0,0.0,0.0,10079.142688,21081.214392,12566.904173,51995.534271,75545.447184,113568.478956,118859.391869,12371.214325,405988.18517,4221.697345,0.0,220.781583,3042.431006,1172.755877,49.031434,3925.818516,12632.515761,1573.694413,485.700502,4755.280527,38455.847845,26889.965947,319.443506,149.625983,72629.558723,0.0,0,0.0,1692.38252,955.596065,1.506037,82.781585,2732.266207
2022-06-01,Monthly,Skim Perbankan Islam (SPI) / Islamic Banking Scheme (IBS),0.0,0.0,0.0,0.0,0.0,0.0,0.0,0.0,0,0,0,0.0,0.0,0,0,0.0,0.0,0.0,0.0,0.0,0.0,0.0,0.0,0.0,0,0,0,0.0,0.0,0.0,0.0,0.0,159.710163,0.0,241.048056,386.462376,674.684594,9.668983,197.479497,1669.053669,0.0,0.0,83.919235,88.249935,29.203266,0.252651,39.313542,240.938629,0.0,114.068777,9.078259,123.147036,0.0,0.0,0.0,0.0,0.0,0.0,0.0,0.0,0.0,0.0,0.0,0.0,704.479824,394.683801,1167.023886,1511.373135,2054.596093,2647.693327,394.0517,8873.901766,0.0,0.0,0.0,0.0,0.0,0.0,0.0,0.0,60.063863,0.0,220.6982,596.683731,115.325205,0.0,0.0,992.770999,0.0,0,0.0,0.0,0.0,0.0,0.0,0.0
2022-06-01,Monthly,Jumlah/ Total,0.0,0.0,0.0,0.104568,0.136115,98.609074,0.540615,99.390372,0,0,0,0.0,0.0,0,0,0.0,0.129368,5.34782,0.054405,25.9051,156.62899,50.657124,15.275694,253.998501,0,0,0,0.0,0.0,0.0,0.0,0.0,18480.341642,3782.198662,7113.122173,7431.819102,71424.250414,12896.114991,9014.813554,130142.660538,45.369372,0.040978,141.856867,563.026662,2993.098967,156.491217,990.787502,4890.671565,7.54501,73088.451766,3573.121395,76669.118171,0.0,302.744746,405.111619,707.856365,0.0,0.0,0.0,10079.142688,0.0,0.0,0.0,10079.142688,21785.694216,12961.587974,53162.558157,77056.820319,115623.075049,121507.085196,12765.266025,414862.086936,4221.697345,0.0,220.781583,3042.431006,1172.755877,49.031434,3925.818516,12632.515761,1633.758276,485.700502,4975.978727,39052.531576,27005.291152,319.443506,149.625983,73622.329722,0.0,0,0.0,1692.38252,955.596065,1.506037,82.781585,2732.266207
2022-07-01,Monthly,Bank-bank Islam / Islamic Banks,0.0,0.0,0.0,0.104947,0.144079,99.240832,0.544806,100.034664,0,0,0,0.0,0.0,0,0,0.0,0.129368,5.361678,0.054405,25.910752,141.935961,49.578384,15.297751,238.268299,0,0,0,0.0,0.0,0.0,0.0,0.0,17087.360308,3905.245231,6982.776168,5719.706792,72829.328829,12569.030932,8696.306431,127789.754691,45.845759,0.041368,55.832437,1327.69833,2481.546972,153.877407,1396.590426,5461.432699,7.00489,70704.643796,3508.385808,74220.034494,0.0,317.185064,416.596474,733.781538,0.0,0.0,0.0,11689.724829,0.0,0.0,0.0,11689.724829,23408.741231,13340.029893,52851.354672,75904.062573,114792.758725,121365.744067,12429.630708,414092.321869,4261.784669,0.0,223.165261,3497.09499,1094.00587,66.216067,3789.901283,12932.16814,1784.421021,360.745538,7379.899838,36693.336999,26483.287833,275.336463,204.118068,73181.14576,0.0,0,0.0,1668.818687,1051.001081,1.121019,366.963306,3087.904093
2022-07-01,Monthly,Skim Perbankan Islam (SPI) / Islamic Banking Scheme (IBS),0.0,0.0,0.0,0.0,0.0,0.0,0.0,0.0,0,0,0,0.0,0.0,0,0,0.0,0.0,0.0,0.0,0.0,0.0,0.0,0.0,0.0,0,0,0,0.0,0.0,0.0,0.0,0.0,167.900976,0.0,195.519762,296.089467,591.525984,16.571924,119.06361,1386.671723,0.0,0.0,65.076669,79.250154,54.684542,0.260131,45.662252,244.933748,0.0,114.923895,8.449028,123.372923,0.0,0.0,0.0,0.0,0.0,0.0,0.0,0.0,0.0,0.0,0.0,0.0,731.327703,347.238593,1243.974574,1464.78622,1941.907508,2604.748868,391.173765,8725.157231,0.0,0.0,0.0,0.0,0.0,0.0,0.0,0.0,60.070548,0.0,620.720138,1060.744395,62.499775,0.0,0.0,1804.034856,0.0,0,0.0,0.0,0.0,0.0,0.0,0.0
2022-07-01,Monthly,Jumlah/ Total,0.0,0.0,0.0,0.104947,0.144079,99.240832,0.544806,100.034664,0,0,0,0.0,0.0,0,0,0.0,0.129368,5.361678,0.054405,25.910752,141.935961,49.578384,15.297751,238.268299,0,0,0,0.0,0.0,0.0,0.0,0.0,17255.261284,3905.245231,7178.29593,6015.796259,73420.854813,12585.602856,8815.370041,129176.426414,45.845759,0.041368,120.909106,1406.948484,2536.231514,154.137538,1442.252678,5706.366447,7.00489,70819.567691,3516.834836,74343.407417,0.0,317.185064,416.596474,733.781538,0.0,0.0,0.0,11689.724829,0.0,0.0,0.0,11689.724829,24140.068934,13687.268486,54095.329246,77368.848793,116734.666233,123970.492935,12820.804473,422817.4791,4261.784669,0.0,223.165261,3497.09499,1094.00587,66.216067,3789.901283,12932.16814,1844.491569,360.745538,8000.619976,37754.081394,26545.787608,275.336463,204.118068,74985.180616,0.0,0,0.0,1668.818687,1051.001081,1.121019,366.963306,3087.904093
2022-08-01,Monthly,Bank-bank Islam / Islamic Banks,0.0,0.0,0.0,0.105097,0.143092,99.220254,0.544936,100.013379,0,0,0,0.0,0.0,0,0,0.0,0.130632,5.351537,0.054405,25.840111,136.720062,48.262703,14.970338,231.329788,0,0,0,0.0,0.0,0.0,0.0,0.0,16678.903869,3877.049826,10882.000294,6310.631792,69189.258783,12383.809094,8648.914579,127970.568237,3.079073,0.044467,57.436047,584.849819,2635.251084,143.094788,1448.742886,4872.498164,7.494624,69725.513388,3502.66563,73235.673642,0.0,322.424428,412.276656,734.701084,0.0,0.0,0.0,10886.159626,0.0,0.0,0.0,10886.159626,27432.187571,15269.870916,54714.041923,70555.466503,118432.383551,125159.582002,12974.084444,424537.61691,4595.111575,0.0,568.776355,3760.712911,1066.073556,96.503695,4281.207408,14368.3855,1759.457621,372.493334,8054.012704,37776.366926,31274.230633,248.877433,229.880973,79715.319624,0.0,0,0.0,1649.896482,1101.422523,1.516027,42.170401,2795.005433
2022-08-01,Monthly,Skim Perbankan Islam (SPI) / Islamic Banking Scheme (IBS),0.0,0.0,0.0,0.0,0.0,0.0,0.0,0.0,0,0,0,0.0,0.0,0,0,0.0,0.0,0.0,0.0,0.0,0.0,0.0,0.0,0.0,0,0,0,0.0,0.0,0.0,0.0,0.0,180.970339,0.0,240.737426,303.192782,658.2047,9.678019,58.734144,1451.51741,0.0,0.0,36.596213,78.481496,17.003601,0.111102,45.846156,178.038568,0.0,111.713958,8.835121,120.549079,0.0,0.0,0.0,0.0,0.0,0.0,0.0,0.0,0.0,0.0,0.0,0.0,718.26575,347.335586,1362.544888,1566.746831,1939.172057,2520.476317,387.261361,8841.80279,0.0,0.0,0.0,0.0,0.0,0.0,0.0,0.0,60.070548,0.0,592.336204,1192.487955,172.833073,0.0,0.0,2017.72778,0.0,0,0.0,0.0,0.0,0.0,0.0,0.0
2022-08-01,Monthly,Jumlah/ Total,0.0,0.0,0.0,0.105097,0.143092,99.220254,0.544936,100.013379,0,0,0,0.0,0.0,0,0,0.0,0.130632,5.351537,0.054405,25.840111,136.720062,48.262703,14.970338,231.329788,0,0,0,0.0,0.0,0.0,0.0,0.0,16859.874208,3877.049826,11122.73772,6613.824574,69847.463483,12393.487113,8707.648723,129422.085647,3.079073,0.044467,94.03226,663.331315,2652.254685,143.20589,1494.589042,5050.536732,7.494624,69837.227346,3511.500751,73356.222721,0.0,322.424428,412.276656,734.701084,0.0,0.0,0.0,10886.159626,0.0,0.0,0.0,10886.159626,28150.453321,15617.206502000001,56076.586811,72122.213334,120371.555608,127680.058319,13361.345805,433379.4197,4595.111575,0.0,568.776355,3760.712911,1066.073556,96.503695,4281.207408,14368.3855,1819.528169,372.493334,8646.348908,38968.854881,31447.063706,248.877433,229.880973,81733.047404,0.0,0,0.0,1649.896482,1101.422523,1.516027,42.170401,2795.005433
2022-09-01,Monthly,Bank-bank Islam / Islamic Banks,0.0,0.0,0.0,0.105138,0.139434,99.048009,0.544189,99.83677,0,0,0,0.0,0.0,0,0,0.0,0.130632,5.364979,0.054405,25.799486,136.286417,48.125781,15.192094,230.953794,0,0,0,0.0,0.0,0.0,0.0,0.0,18487.184931,3641.963085,7133.622098,6589.265855,69555.181391,12156.239017,8853.221512,126416.677889,86.218208,42.905129,16.843239,381.087191,3374.758475,150.723193,1256.231534,5308.766969,5.81522,69699.361957,3545.957329,73251.134506,0.0,319.826667,407.643711,727.470378,0.0,0.0,0.0,11932.983723,0.0,0.0,0.0,11932.983723,31275.092903,17540.38882,56424.619168,72671.918711,114479.624939,128734.879831,12672.804362,433799.328734,4746.891952,0.0,581.70923,5692.982505,1206.696449,182.218805,4580.351319,16990.85026,1562.634698,377.888963,7821.282963,37940.296105,31347.634393,318.548481,175.269862,79543.555465,0.0,0,0.0,1425.892355,1081.590404,3.617378,380.63959,2891.739727
2022-09-01,Monthly,Skim Perbankan Islam (SPI) / Islamic Banking Scheme (IBS),0.0,0.0,0.0,0.0,0.0,0.0,0.0,0.0,0,0,0,0.0,0.0,0,0,0.0,0.0,0.0,0.0,0.0,0.0,0.0,0.0,0.0,0,0,0,0.0,0.0,0.0,0.0,0.0,193.257243,0.0,225.274159,387.579413,624.855054,8.865829,70.66787,1510.499568,0.0,0.0,45.219911,81.598878,63.561744,0.112368,47.512486,238.005387,0.0,109.700173,9.786492,119.486665,0.0,0.0,0.0,0.0,0.0,0.0,0.0,0.0,0.0,0.0,0.0,0.0,728.153529,388.818887,1098.962856,1508.525293,1780.531736,2312.734882,265.916292,8083.643475,0.0,0.0,0.0,0.0,0.0,0.0,0.0,0.0,60.070425,0.0,564.318745,1501.788221,157.917051,0.0,0.0,2284.094442,0.0,0,0.0,0.0,0.0,0.0,0.0,0.0
2022-09-01,Monthly,Jumlah/ Total,0.0,0.0,0.0,0.105138,0.139434,99.048009,0.544189,99.83677,0,0,0,0.0,0.0,0,0,0.0,0.130632,5.364979,0.054405,25.799486,136.286417,48.125781,15.192094,230.953794,0,0,0,0.0,0.0,0.0,0.0,0.0,18680.442174,3641.963085,7358.896257,6976.845268,70180.036445,12165.104846,8923.889382,127927.177457,86.218208,42.905129,62.06315,462.686069,3438.320219,150.835561,1303.74402,5546.772356,5.81522,69809.06213,3555.743821,73370.621171,0.0,319.826667,407.643711,727.470378,0.0,0.0,0.0,11932.983723,0.0,0.0,0.0,11932.983723,32003.246432,17929.207707,57523.582024,74180.444004,116260.156675,131047.614713,12938.720654,441882.972209,4746.891952,0.0,581.70923,5692.982505,1206.696449,182.218805,4580.351319,16990.85026,1622.705123,377.888963,8385.601708,39442.084326,31505.551444,318.548481,175.269862,81827.649907,0.0,0,0.0,1425.892355,1081.590404,3.617378,380.63959,2891.739727
2022-10-01,Monthly,Bank-bank Islam / Islamic Banks,0.0,0.0,0.0,0.105308,0.133577,99.652536,0.542489,100.43391,0,0,0,0.0,0.0,0,0,0.0,0.130632,5.37888,0.054665,25.844582,135.592516,45.499316,15.202413,227.703004,0,0,0,0.0,0.0,0.0,0.0,0.0,22409.390793,3910.913919,7688.649824,6180.407545,71070.703377,12153.731783,8723.851137,132137.648378,2.189265,43.889092,23.496426,510.12208,2892.700341,160.694188,1392.518002,5025.609394,8.603057,68216.778934,3544.286738,71769.668729,0.0,312.367533,406.630233,718.997766,0.0,0.0,0.0,10671.885299,0.0,0.0,0.0,10671.885299,32339.624046,16914.00631,57028.5746,75332.521175,114148.19921,131769.773532,12749.658746,440282.357619,2.31721,0.0,600.714571,5745.148431,1873.212068,237.366604,4395.409437,12854.168321,1549.189979,426.435731,7474.427466,41291.224742,30850.725601,319.304388,312.054935,82223.362842,0.0,0,0.0,1766.992845,260.108848,3.466076,401.704164,2432.271933
2022-10-01,Monthly,Skim Perbankan Islam (SPI) / Islamic Banking Scheme (IBS),0.0,0.0,0.0,0.0,0.0,0.0,0.0,0.0,0,0,0,0.0,0.0,0,0,0.0,0.0,0.0,0.0,0.0,0.0,0.0,0.0,0.0,0,0,0,0.0,0.0,0.0,0.0,0.0,183.603155,0.0,220.788209,394.881908,643.029271,7.879818,86.909538,1537.091899,0.0,0.0,43.27353,87.777221,35.463704,0.162829,47.755187,214.432471,0.0,111.027592,9.926881,120.954473,0.0,0.0,0.0,0.0,0.0,0.0,0.0,0.0,0.0,0.0,0.0,0.0,578.066424,391.834225,1227.962856,1553.140166,1921.177158,1885.57623,256.552219,7814.309278,0.0,0.0,0.0,0.0,0.0,0.0,0.0,0.0,160.189863,0.0,674.376645,922.160145,187.860074,0.0,0.0,1944.586727,0.0,0,0.0,0.0,0.0,0.0,0.0,0.0
2022-10-01,Monthly,Jumlah/ Total,0.0,0.0,0.0,0.105308,0.133577,99.652536,0.542489,100.43391,0,0,0,0.0,0.0,0,0,0.0,0.130632,5.37888,0.054665,25.844582,135.592516,45.499316,15.202413,227.703004,0,0,0,0.0,0.0,0.0,0.0,0.0,22592.993948,3910.913919,7909.438033,6575.289453,71713.732648,12161.611601,8810.760675,133674.740277,2.189265,43.889092,66.769956,597.899301,2928.164045,160.857017,1440.273189,5240.041865,8.603057,68327.806526,3554.213619,71890.623202,0.0,312.367533,406.630233,718.997766,0.0,0.0,0.0,10671.885299,0.0,0.0,0.0,10671.885299,32917.69047,17305.840535,58256.537456,76885.661341,116069.376368,133655.349762,13006.210965,448096.666897,2.31721,0.0,600.714571,5745.148431,1873.212068,237.366604,4395.409437,12854.168321,1709.379842,426.435731,8148.804111,42213.384887,31038.585675,319.304388,312.054935,84167.949569,0.0,0,0.0,1766.992845,260.108848,3.466076,401.704164,2432.271933
2022-11-01,Monthly,Bank-bank Islam / Islamic Banks,0.0,0.0,0.0,0.105397,0.137234,99.467765,0.543793,100.254189,0,0,0,0.0,0.0,0,0,0.0,0.130632,5.392356,0.054665,25.10805,134.587395,45.153245,15.216874,225.643217,0,0,0,0.0,0.0,0.0,0.0,0.0,16133.880181,4096.556593,8401.046311,6180.079547,74575.192212,11870.585587,8439.154751,129696.495182,2.219907,41.477092,22.104977,381.555587,2722.337737,151.57746,1167.14807,4488.42083,9.05801,68155.650146,3538.58982,71703.297976,0.0,304.941382,379.856815,684.798197,0.0,0.0,0.0,10448.925511,0.0,0.0,0.0,10448.925511,29864.490092,16460.597065,60178.872724,76639.104327,112521.5508,136037.145432,12893.007724,444594.768164,1.992951,0.0,571.662084,6319.617211,2103.674661,255.828947,4226.965752,13479.741606,1577.482267,432.534295,7014.736713,38842.29241,33384.535032,310.463537,376.987084,81939.031338,0.0,0,97.798217,1625.073358,338.187025,4.283216,67.399835,2132.741651
2022-11-01,Monthly,Skim Perbankan Islam (SPI) / Islamic Banking Scheme (IBS),0.0,0.0,0.0,0.0,0.0,0.0,0.0,0.0,0,0,0,0.0,0.0,0,0,0.0,0.0,0.0,0.0,0.0,0.0,0.0,0.0,0.0,0,0,0,0.0,0.0,0.0,0.0,0.0,189.579629,0.0,216.573211,472.858081,642.739554,10.902064,79.248302,1611.900841,0.0,0.0,78.746855,88.657664,26.013379,0.085996,55.991667,249.495561,0.0,110.420545,9.002519,119.423064,0.0,0.0,0.0,0.0,0.0,0.0,0.0,0.0,0.0,0.0,0.0,0.0,635.166783,469.880653,1035.797741,1678.719236,1806.481403,2522.6493,390.799048,8539.494164,0.0,0.0,0.0,0.0,0.0,0.0,0.0,0.0,160.160521,0.0,479.779479,701.234716,80.898356,0.0,0.0,1422.073072,0.0,0,0.0,0.0,0.0,0.0,0.0,0.0
2022-11-01,Monthly,Jumlah/ Total,0.0,0.0,0.0,0.105397,0.137234,99.467765,0.543793,100.254189,0,0,0,0.0,0.0,0,0,0.0,0.130632,5.392356,0.054665,25.10805,134.587395,45.153245,15.216874,225.643217,0,0,0,0.0,0.0,0.0,0.0,0.0,16323.45981,4096.556593,8617.619522,6652.937628,75217.931766,11881.487651,8518.403053,131308.396023,2.219907,41.477092,100.851832,470.213251,2748.351116,151.663456,1223.139737,4737.916391,9.05801,68266.070691,3547.592339,71822.72104,0.0,304.941382,379.856815,684.798197,0.0,0.0,0.0,10448.925511,0.0,0.0,0.0,10448.925511,30499.656875,16930.477718,61214.670465,78317.823563,114328.032203,138559.794732,13283.806772,453134.262328,1.992951,0.0,571.662084,6319.617211,2103.674661,255.828947,4226.965752,13479.741606,1737.642788,432.534295,7494.516192,39543.527126,33465.433388,310.463537,376.987084,83361.10441,0.0,0,97.798217,1625.073358,338.187025,4.283216,67.399835,2132.741651
2022-12-01,Monthly,Bank-bank Islam / Islamic Banks,0.0,0.0,0.0,0.105861,0.149807,99.079923,0.549006,99.884597,0,0,0,0.0,0.0,0,0,0.0,0.130632,5.406334,0.054665,25.06226,131.179637,44.980668,15.212784,222.02698,0,0,0,0.0,0.0,0.0,0.0,0.0,14662.562333,3797.439341,7391.415644,5788.34247,73461.15019,11796.379946,9095.081245,125992.371169,2.199329,40.892527,25.791039,186.457449,2824.457068,150.976044,1152.356943,4383.130399,7.668545,67451.811368,3563.305559,71022.785472,0.0,294.818661,385.108566,679.927227,0.0,0.0,0.0,13820.01025,0.0,0.0,0.0,13820.01025,31156.747498,15384.917823,60745.73934,75966.378425,116321.333595,142638.647969,13131.705991,455345.470641,1.964853,0.0,123.218008,6792.45295,3462.544381,311.164385,4561.500017,15252.844594,3900.184236,428.924655,7661.359176,39557.885093,33413.636674,334.908128,337.004856,85633.902818,0.0,0,103.615439,794.468154,390.412626,6.017658,60.144656,1354.658533
2022-12-01,Monthly,Skim Perbankan Islam (SPI) / Islamic Banking Scheme (IBS),0.0,0.0,0.0,0.0,0.0,0.0,0.0,0.0,0,0,0,0.0,0.0,0,0,0.0,0.0,0.0,0.0,0.0,0.0,0.0,0.0,0.0,0,0,0,0.0,0.0,0.0,0.0,0.0,193.38904,0.0,241.525522,505.889545,615.184627,6.947245,146.904531,1709.84051,0.0,0.0,80.111328,9.023922,44.637319,0.10546,46.547078,180.425107,0.0,109.729617,8.169802,117.899419,0.0,0.0,0.0,0.0,0.0,0.0,0.0,0.0,0.0,0.0,0.0,0.0,316.580438,494.968037,1178.949783,1848.979842,1919.843112,3556.051022,433.807024,9749.179258,0.0,0.0,0.0,0.0,0.0,0.0,0.0,0.0,130.149028,0.0,350.639629,484.780692,84.98965,0.0,0.0,1050.558999,0.0,0,0.0,0.0,0.0,0.0,0.0,0.0
2022-12-01,Monthly,Jumlah/ Total,0.0,0.0,0.0,0.105861,0.149807,99.079923,0.549006,99.884597,0,0,0,0.0,0.0,0,0,0.0,0.130632,5.406334,0.054665,25.06226,131.179637,44.980668,15.212784,222.02698,0,0,0,0.0,0.0,0.0,0.0,0.0,14855.951373,3797.439341,7632.941166,6294.232015,74076.334817,11803.327191,9241.985776,127702.211679,2.199329,40.892527,105.902367,195.481371,2869.094387,151.081504,1198.904021,4563.555506,7.668545,67561.540985,3571.475361,71140.684891,0.0,294.818661,385.108566,679.927227,0.0,0.0,0.0,13820.01025,0.0,0.0,0.0,13820.01025,31473.327936,15879.88586,61924.689123,77815.358267,118241.176707,146194.698991,13565.513015,465094.649899,1.964853,0.0,123.218008,6792.45295,3462.544381,311.164385,4561.500017,15252.844594,4030.333264,428.924655,8011.998805,40042.665785,33498.626324,334.908128,337.004856,86684.461817,0.0,0,103.615439,794.468154,390.412626,6.017658,60.144656,1354.658533
2023-01-01,Monthly,Bank-bank Islam / Islamic Banks,0.0,0.0,0.0,0.10498,0.14934,99.812337,0.544882,100.611539,0,0,0,0.0,0.0,0,0,0.0,0.130632,5.420323,0.027304,25.067709,131.474138,44.608499,15.258341,221.986946,0,0,0,0.0,0.0,0.0,0.0,0.0,16315.00069,4319.239651,7911.890473,6158.962473,72747.2268,11800.282018,8335.851707,127588.453812,2.154351,39.474362,35.925316,140.684721,2825.44879,144.596628,892.614388,4080.898556,7.889681,68257.785259,3515.658157,71781.333097,0.0,282.262557,346.014643,628.2772,0.0,0.0,0.0,13688.78372,0.0,0.0,0.0,13688.78372,24216.596896,14600.699841,59976.173394,68052.441619,116287.58914,147972.821473,13225.081027,444331.40339,1.896615,0.0,334.862966,8128.845384,3329.64888,323.46376,4708.439401,16827.157006,681.460657,413.987875,8087.163619,38122.374911,37231.693009,256.501808,381.40281,85174.584689,0.0,0,102.526982,1439.923295,341.984637,1.293622,56.340525,1942.069061
2023-01-01,Monthly,Skim Perbankan Islam (SPI) / Islamic Banking Scheme (IBS),0.0,0.0,0.0,0.0,0.0,0.0,0.0,0.0,0,0,0,0.0,0.0,0,0,0.0,0.0,0.0,0.0,0.0,0.0,0.0,0.0,0.0,0,0,0,0.0,0.0,0.0,0.0,0.0,182.024729,0.0,233.788766,468.346612,817.859273,8.821187,79.671282,1790.511849,0.0,0.0,135.862456,80.065101,26.493542,0.120357,36.170558,278.712014,0.0,114.621786,7.829628,122.451414,0.0,0.0,0.0,0.0,0.0,0.0,0.0,0.0,0.0,0.0,0.0,0.0,157.379408,495.302127,1134.991372,1719.804711,1969.022777,3490.688362,428.841701,9396.030458,0.0,0.0,0.0,0.0,0.0,0.0,0.0,0.0,130.178055,0.0,490.201188,750.368331,52.595718,0.0,0.0,1423.343292,0.0,0,0.0,0.0,0.0,0.0,0.0,0.0
2023-01-01,Monthly,Jumlah/ Total,0.0,0.0,0.0,0.10498,0.14934,99.812337,0.544882,100.611539,0,0,0,0.0,0.0,0,0,0.0,0.130632,5.420323,0.027304,25.067709,131.474138,44.608499,15.258341,221.986946,0,0,0,0.0,0.0,0.0,0.0,0.0,16497.025419,4319.239651,8145.679239,6627.309085,73565.086073,11809.103205,8415.522989,129378.965661,2.154351,39.474362,171.787772,220.749822,2851.942332,144.716985,928.784946,4359.61057,7.889681,68372.407045,3523.487785,71903.784511,0.0,282.262557,346.014643,628.2772,0.0,0.0,0.0,13688.78372,0.0,0.0,0.0,13688.78372,24373.976304,15096.001968,61111.164766,69772.24633,118256.611917,151463.509835,13653.922728,453727.433848,1.896615,0.0,334.862966,8128.845384,3329.64888,323.46376,4708.439401,16827.157006,811.638712,413.987875,8577.364807,38872.743242,37284.288727,256.501808,381.40281,86597.927981,0.0,0,102.526982,1439.923295,341.984637,1.293622,56.340525,1942.069061
2023-02-01,Monthly,Bank-bank Islam / Islamic Banks,0.0,0.0,0.0,0.105476,0.151142,99.604174,0.54772,100.408512,0,0,0,0.0,0.0,0,0,0.0,0.130632,5.43297,0.027437,13.083277,131.260524,44.148817,14.81147,208.895127,0,0,0,0.0,0.0,0.0,0.0,0.0,21750.431901,3893.821407,8072.939046,6449.11842,71232.193568,12289.991471,9922.881823,133611.377636,2.240449,41.666714,41.657997,172.485054,2846.470209,137.427841,946.311085,4188.259349,10.197231,68477.919917,3571.050826,72059.167974,0.0,278.96359,360.228576,639.192166,0.0,0.0,0.0,13846.875471,0.0,0.0,0.0,13846.875471,30041.933936,15545.241679,55845.684315,63769.459941,122729.332096,152484.690718,13228.643051,453644.985736,2.001871,0.0,1024.889665,6276.450343,2732.34509,340.002408,5265.145758,15640.835135,881.462484,447.024388,7284.11494,37191.265451,34910.756176,390.374933,227.395306,81332.393678,0.0,0,105.887556,1702.071091,440.862247,19.165945,59.830619,2327.817458
2023-02-01,Monthly,Skim Perbankan Islam (SPI) / Islamic Banking Scheme (IBS),0.0,0.0,0.0,0.0,0.0,0.0,0.0,0.0,0,0,0,0.0,0.0,0,0,0.0,0.0,0.0,0.0,0.0,0.0,0.0,0.0,0.0,0,0,0,0.0,0.0,0.0,0.0,0.0,174.769102,0.0,244.934617,581.57911,890.772029,8.602913,82.974996,1983.632767,0.0,0.0,100.621831,101.755294,73.199585,0.888515,38.407614,314.872839,0.0,113.866134,8.020953,121.887087,0.0,0.0,0.0,0.0,0.0,0.0,0.0,0.0,0.0,0.0,0.0,0.0,173.515132,496.970764,970.605245,1653.919496,1880.06997,3447.66797,433.677797,9056.426374,0.0,0.0,0.0,0.0,0.0,0.0,0.0,0.0,130.127945,0.0,452.143184,728.071458,30.682249,0.0,0.0,1341.024836,0.0,0,0.0,0.0,0.0,0.0,0.0,0.0
2023-02-01,Monthly,Jumlah/ Total,0.0,0.0,0.0,0.105476,0.151142,99.604174,0.54772,100.408512,0,0,0,0.0,0.0,0,0,0.0,0.130632,5.43297,0.027437,13.083277,131.260524,44.148817,14.81147,208.895127,0,0,0,0.0,0.0,0.0,0.0,0.0,21925.201003,3893.821407,8317.873663,7030.69753,72122.965597,12298.594384,10005.856819,135595.010403,2.240449,41.666714,142.279828,274.240348,2919.669794,138.316356,984.718699,4503.132188,10.197231,68591.786051,3579.071779,72181.055061,0.0,278.96359,360.228576,639.192166,0.0,0.0,0.0,13846.875471,0.0,0.0,0.0,13846.875471,30215.449068,16042.212443,56816.28956,65423.379437,124609.402066,155932.358688,13662.320848,462701.41211,2.001871,0.0,1024.889665,6276.450343,2732.34509,340.002408,5265.145758,15640.835135,1011.590429,447.024388,7736.258124,37919.336909,34941.438425,390.374933,227.395306,82673.418514,0.0,0,105.887556,1702.071091,440.862247,19.165945,59.830619,2327.817458
2023-03-01,Monthly,Bank-bank Islam / Islamic Banks,0.0,0.0,0.0,0.105764,0.153764,99.457669,0.549628,100.266825,0,0,0,0.0,0.0,0,0,0.0,0.130632,5.446983,0.027437,13.086279,130.69717,43.584447,14.497913,207.470861,0,0,0,0.0,0.0,0.0,0.0,0.0,12245.349712,3623.538053,8213.721414,6464.489059,73017.085722,12357.562172,9619.574965,125541.321097,3532.62748,4.473202,50.390419,157.861785,2725.192107,138.618805,957.197421,7566.361219,7.528756,69524.23011,3764.235598,73295.994464,0.0,282.12641,404.835586,686.961996,0.0,0.0,0.0,13166.621736,0.0,0.0,0.0,13166.621736,31035.925936,17867.022194,56209.802808,65612.081089,121018.137969,152748.375614,13444.015756,457935.361366,1.968198,0.0,572.44412,6189.609029,3002.941315,361.238906,4939.197193,15067.398761,1411.894504,466.634333,6968.08483,37717.264424,33003.61885,256.06129,164.137581,79987.695812,0.0,0,100.544997,1852.399839,316.938366,2.323429,51.769666,2323.976297
2023-03-01,Monthly,Skim Perbankan Islam (SPI) / Islamic Banking Scheme (IBS),0.0,0.0,0.0,0.0,0.0,0.0,0.0,0.0,0,0,0,0.0,0.0,0,0,0.0,0.0,0.0,0.0,0.0,0.0,0.0,0.0,0.0,0,0,0,0.0,0.0,0.0,0.0,0.0,178.103957,0.0,268.03955,514.807643,1044.5054,8.214492,87.063958,2100.735,0.0,0.0,127.481271,61.682176,142.884101,1.49641,37.772353,371.316311,0.0,112.00629,7.873714,119.880004,0.0,0.0,0.0,0.0,0.0,0.0,0.0,0.0,0.0,0.0,0.0,0.0,251.637868,453.194458,1134.3519,1720.56626,2010.198188,3251.158905,432.21645,9253.324029,0.0,0.0,0.0,0.0,0.0,0.0,0.0,0.0,130.189987,0.0,458.27694,499.387839,51.89733,0.0,0.0,1139.752096,0.0,0,0.0,0.0,0.0,0.0,0.0,0.0
2023-03-01,Monthly,Jumlah/ Total,0.0,0.0,0.0,0.105764,0.153764,99.457669,0.549628,100.266825,0,0,0,0.0,0.0,0,0,0.0,0.130632,5.446983,0.027437,13.086279,130.69717,43.584447,14.497913,207.470861,0,0,0,0.0,0.0,0.0,0.0,0.0,12423.453669,3623.538053,8481.760964,6979.296702,74061.591122,12365.776664,9706.638923,127642.056097,3532.62748,4.473202,177.87169,219.543961,2868.076208,140.115215,994.969774,7937.67753,7.528756,69636.2364,3772.109312,73415.874468,0.0,282.12641,404.835586,686.961996,0.0,0.0,0.0,13166.621736,0.0,0.0,0.0,13166.621736,31287.563804,18320.216652,57344.154708,67332.647349,123028.336157,155999.534519,13876.232206,467188.685395,1.968198,0.0,572.44412,6189.609029,3002.941315,361.238906,4939.197193,15067.398761,1542.084491,466.634333,7426.36177,38216.652263,33055.51618,256.06129,164.137581,81127.447908,0.0,0,100.544997,1852.399839,316.938366,2.323429,51.769666,2323.976297
2023-04-01,Monthly,Bank-bank Islam / Islamic Banks,0.0,0.0,0.0,0.106083,0.155339,99.748479,0.551645,100.561546,0,0,0,0.0,0.0,0,0,0.0,0.130632,5.460602,0.027437,13.091637,127.21745,43.37334,14.510894,203.811992,0,0,0,0.0,0.0,0.0,0.0,0.0,10661.768669,3530.590897,8175.66765,6308.008356,71662.319658,11986.642355,10062.883164,122387.880749,18.968756,4.52293,27.213868,281.690699,2920.65173,138.597974,1131.273074,4522.919031,6.956732,68238.737939,3742.13142,71987.826091,0.0,257.881383,403.852189,661.733572,0.0,0.0,0.0,13288.319109,0.0,0.0,0.0,13288.319109,30948.682027,18888.096135,57991.69895,67297.540768,113752.946787,155172.719132,13420.605143,457472.288942,2232.700052,0.0,130.54167,5613.814445,2646.50738,393.701969,5120.554258,16137.819774,1834.162975,413.829354,6941.149401,36575.023024,33190.293567,272.174644,152.558685,79379.19165,0.0,0,103.195608,1434.936046,661.086966,10.183284,56.12325,2265.525154
2023-04-01,Monthly,Skim Perbankan Islam (SPI) / Islamic Banking Scheme (IBS),0.0,0.0,0.0,0.0,0.0,0.0,0.0,0.0,0,0,0,0.0,0.0,0,0,0.0,0.0,0.0,0.0,0.0,0.0,0.0,0.0,0.0,0,0,0,0.0,0.0,0.0,0.0,0.0,170.666533,0.0,266.186456,439.764217,875.470786,7.500976,86.073131,1845.662099,0.0,0.0,203.466146,42.333258,17.825833,1.650614,39.359056,304.634907,0.0,114.731921,7.691512,122.423433,0.0,0.0,0.0,0.0,0.0,0.0,0.0,0.0,0.0,0.0,0.0,0.0,269.337639,424.200223,963.815156,1650.531977,2134.443795,2956.455852,422.471526,8821.256168,0.0,0.0,0.0,0.0,0.0,0.0,0.0,0.0,50.043137,0.0,331.943591,774.65887,96.375824,0.0,0.0,1253.021422,0.0,0,0.0,0.0,0.0,0.0,0.0,0.0
2023-04-01,Monthly,Jumlah/ Total,0.0,0.0,0.0,0.106083,0.155339,99.748479,0.551645,100.561546,0,0,0,0.0,0.0,0,0,0.0,0.130632,5.460602,0.027437,13.091637,127.21745,43.37334,14.510894,203.811992,0,0,0,0.0,0.0,0.0,0.0,0.0,10832.435202,3530.590897,8441.854106,6747.772573,72537.790444,11994.143331,10148.956295,124233.542848,18.968756,4.52293,230.680014,324.023957,2938.477563,140.248588,1170.63213,4827.553938,6.956732,68353.46986,3749.822932,72110.249524,0.0,257.881383,403.852189,661.733572,0.0,0.0,0.0,13288.319109,0.0,0.0,0.0,13288.319109,31218.019666,19312.296358,58955.514106,68948.072745,115887.390582,158129.174984,13843.076669,466293.54511,2232.700052,0.0,130.54167,5613.814445,2646.50738,393.701969,5120.554258,16137.819774,1884.206112,413.829354,7273.092992,37349.681894,33286.669391,272.174644,152.558685,80632.213072,0.0,0,103.195608,1434.936046,661.086966,10.183284,56.12325,2265.525154
2023-05-01,Monthly,Bank-bank Islam / Islamic Banks,0.0,0.0,0.0,0.106448,0.155984,99.772748,0.541601,100.576781,0,0,0,0.0,0.0,0,0,0.0,0.130632,5.474718,0.027437,13.066456,127.178995,43.306664,14.53309,203.717992,0,0,0,0.0,0.0,0.0,0.0,0.0,11533.315542,3842.086325,7705.676773,5897.9578,71493.59145,11978.228527,9867.037681,122317.894098,43.267473,4.687688,39.57377,248.225033,2579.372584,130.241505,1433.536926,4478.904979,9.530149,67588.275375,3854.884851,71452.690375,0.0,254.335108,395.855425,650.190533,0.0,0.0,0.0,12508.131873,0.0,0.0,0.0,12508.131873,31426.340285,17827.21627,58197.132536,73798.04154,113770.709238,154505.856489,13403.576907,462928.873265,1848.870505,0.0,367.044103,5399.270264,2626.742182,422.47617,4141.856109,14806.259333,1850.107412,326.853075,6568.546399,35413.999284,35082.513612,230.48795,144.79229,79617.300022,0.0,0,0.0,1260.73777,967.800887,1.047533,81.393587,2310.979777
2023-05-01,Monthly,Skim Perbankan Islam (SPI) / Islamic Banking Scheme (IBS),0.0,0.0,0.0,0.0,0.0,0.0,0.0,0.0,0,0,0,0.0,0.0,0,0,0.0,0.0,0.0,0.0,0.0,0.0,0.0,0.0,0.0,0,0,0,0.0,0.0,0.0,0.0,0.0,175.108573,0.0,252.642773,554.672089,985.395249,7.673615,81.258294,2056.750593,0.0,0.0,167.571954,10.687414,23.360188,1.492894,39.347312,242.459762,0.0,114.096172,8.01216,122.108332,0.0,0.0,0.0,0.0,0.0,0.0,0.0,0.0,0.0,0.0,0.0,0.0,264.696539,424.262101,991.688922,1648.160726,2127.067633,2738.73527,407.261165,8601.872356,0.0,0.0,0.0,0.0,0.0,0.0,0.0,0.0,70.046362,0.0,351.362224,801.473772,93.619993,0.0,0.0,1316.502351,0.0,0,0.0,0.0,0.0,0.0,0.0,0.0
2023-05-01,Monthly,Jumlah/ Total,0.0,0.0,0.0,0.106448,0.155984,99.772748,0.541601,100.576781,0,0,0,0.0,0.0,0,0,0.0,0.130632,5.474718,0.027437,13.066456,127.178995,43.306664,14.53309,203.717992,0,0,0,0.0,0.0,0.0,0.0,0.0,11708.424115,3842.086325,7958.319546,6452.629889,72478.986699,11985.902142,9948.295975,124374.644691,43.267473,4.687688,207.145724,258.912447,2602.732772,131.734399,1472.884238,4721.364741,9.530149,67702.371547,3862.897011,71574.798707,0.0,254.335108,395.855425,650.190533,0.0,0.0,0.0,12508.131873,0.0,0.0,0.0,12508.131873,31691.036824,18251.478371,59188.821458,75446.202266,115897.776871,157244.591759,13810.838072,471530.745621,1848.870505,0.0,367.044103,5399.270264,2626.742182,422.47617,4141.856109,14806.259333,1920.153774,326.853075,6919.908623,36215.473056,35176.133605,230.48795,144.79229,80933.802373,0.0,0,0.0,1260.73777,967.800887,1.047533,81.393587,2310.979777
2023-06-01,Monthly,Bank-bank Islam / Islamic Banks,0.0,0.0,0.0,0.106931,0.189975,99.71579,0.544801,100.557497,0,0,0,0.0,0.0,0,0,0.0,0.130632,5.488456,0.027437,13.097186,127.381405,41.689016,14.521422,202.335554,0,0,0,0.0,0.0,0.0,0.0,0.0,11244.689404,4031.033006,7054.965966,6198.342413,74436.606036,11982.002482,9976.328751,124923.968058,61.500588,4.738314,38.6417,299.046187,2816.764117,127.635385,1775.997912,5124.324203,7.385306,68368.248027,3935.722552,72311.355885,0.0,256.405943,401.304876,657.710819,0.0,0.0,0.0,10681.854313,0.0,0.0,0.0,10681.854313,33510.704331,18908.520312,55806.526667,70377.595944,114075.518211,155324.693981,13184.229269,461187.788715,468.735768,0.0,613.779065,5770.357787,2815.361862,453.362166,5815.068255,15936.664903,1846.624382,337.540006,7599.422516,37567.803371,35046.964312,330.547418,154.750976,82883.652981,0.0,0,0.0,1114.22452,2620.708398,20.137689,101.072687,3856.143294
2023-06-01,Monthly,Skim Perbankan Islam (SPI) / Islamic Banking Scheme (IBS),0.0,0.0,0.0,0.0,0.0,0.0,0.0,0.0,0,0,0,0.0,0.0,0,0,0.0,0.0,0.0,0.0,0.0,0.0,0.0,0.0,0.0,0,0,0,0.0,0.0,0.0,0.0,0.0,187.819491,0.0,229.943661,542.364002,995.236801,7.805601,209.578031,2172.747587,0.0,0.0,87.26052,11.948928,31.43056,0.184557,39.78591,170.610475,0.0,117.288133,7.518319,124.806452,0.0,0.0,0.0,0.0,0.0,0.0,0.0,0.0,0.0,0.0,0.0,0.0,430.900281,417.920344,1009.289181,1575.367023,2177.547826,2626.170124,367.633552,8604.828331,0.0,0.0,0.0,0.0,0.0,0.0,0.0,0.0,70.071562,0.0,414.719063,755.911665,116.838779,0.0,0.0,1357.541069,0.0,0,0.0,0.0,0.0,0.0,0.0,0.0
2023-06-01,Monthly,Jumlah/ Total,0.0,0.0,0.0,0.106931,0.189975,99.71579,0.544801,100.557497,0,0,0,0.0,0.0,0,0,0.0,0.130632,5.488456,0.027437,13.097186,127.381405,41.689016,14.521422,202.335554,0,0,0,0.0,0.0,0.0,0.0,0.0,11432.508895,4031.033006,7284.909627,6740.706415,75431.842837,11989.808083,10185.906782,127096.715645,61.500588,4.738314,125.90222,310.995115,2848.194677,127.819942,1815.783822,5294.934678,7.385306,68485.53616,3943.240871,72436.162337,0.0,256.405943,401.304876,657.710819,0.0,0.0,0.0,10681.854313,0.0,0.0,0.0,10681.854313,33941.604612,19326.440656,56815.815848,71952.962967,116253.066037,157950.864105,13551.862821,469792.617046,468.735768,0.0,613.779065,5770.357787,2815.361862,453.362166,5815.068255,15936.664903,1916.695944,337.540006,8014.141579,38323.715036,35163.803091,330.547418,154.750976,84241.19405,0.0,0,0.0,1114.22452,2620.708398,20.137689,101.072687,3856.143294
2023-07-01,Monthly,Bank-bank Islam / Islamic Banks,0.0,0.0,0.0,0.10739,0.191166,100.039066,0.548572,100.886194,0,0,0,0.0,0.0,0,0,0.0,0.130632,5.502744,0.027437,13.100041,127.892059,36.489527,14.541846,197.684286,0,0,0,0.0,0.0,0.0,0.0,0.0,13490.642894,3618.849566,7126.420681,5349.728748,74718.56282,11776.226129,10020.996632,126101.42747,31.28285,4.565507,80.128661,240.429629,2556.977261,118.024939,1378.312635,4409.721482,7.86616,67005.946813,3857.323204,70871.136177,0.0,261.259604,395.079784,656.339388,0.0,0.0,0.0,10433.636301,0.0,0.0,0.0,10433.636301,28766.037083,19418.472324,54881.373399,69728.650018,119035.027725,155711.239212,13793.175088,461333.974849,1801.780757,0.0,595.777992,6912.029508,2536.524231,476.185652,5602.32448,17924.62262,1964.035382,391.614516,9733.784292,37831.44132,31153.151557,318.236611,131.400574,81523.664252,0.0,0,0.0,2312.147038,2349.364273,13.897449,128.093618,4803.502378
2023-07-01,Monthly,Skim Perbankan Islam (SPI) / Islamic Banking Scheme (IBS),0.0,0.0,0.0,0.0,0.0,0.0,0.0,0.0,0,0,0,0.0,0.0,0,0,0.0,0.0,0.0,0.0,0.0,0.0,0.0,0.0,0.0,0,0,0,0.0,0.0,0.0,0.0,0.0,186.838727,0.0,242.140223,480.065843,973.826801,6.890955,132.435824,2022.198373,0.0,0.0,76.046833,10.347457,40.128088,0.088015,38.582488,165.192881,0.0,113.58234,7.078022,120.660362,0.0,0.0,0.0,0.0,0.0,0.0,0.0,0.0,0.0,0.0,0.0,0.0,488.050481,416.016848,1037.024237,1573.500734,1919.390527,3525.490295,399.042702,9358.515824,0.0,0.0,0.0,0.0,0.0,0.0,0.0,0.0,70.077155,0.0,454.464102,1380.356003,11.232374,0.0,0.0,1916.129634,0.0,0,0.0,0.0,0.0,0.0,0.0,0.0
2023-07-01,Monthly,Jumlah/ Total,0.0,0.0,0.0,0.10739,0.191166,100.039066,0.548572,100.886194,0,0,0,0.0,0.0,0,0,0.0,0.130632,5.502744,0.027437,13.100041,127.892059,36.489527,14.541846,197.684286,0,0,0,0.0,0.0,0.0,0.0,0.0,13677.481621,3618.849566,7368.560904,5829.794591,75692.389621,11783.117084,10153.432456,128123.625843,31.28285,4.565507,156.175494,250.777086,2597.105349,118.112954,1416.895123,4574.914363,7.86616,67119.529153,3864.401226,70991.796539,0.0,261.259604,395.079784,656.339388,0.0,0.0,0.0,10433.636301,0.0,0.0,0.0,10433.636301,29254.087564,19834.489172,55918.397636,71302.150752,120954.418252,159236.729507,14192.21779,470692.490673,1801.780757,0.0,595.777992,6912.029508,2536.524231,476.185652,5602.32448,17924.62262,2034.112537,391.614516,10188.248394,39211.797323,31164.383931,318.236611,131.400574,83439.793886,0.0,0,0.0,2312.147038,2349.364273,13.897449,128.093618,4803.502378
2023-08-01,Monthly,Bank-bank Islam / Islamic Banks,0.0,0.0,0.0,0.107383,0.191283,100.005586,0.531991,100.836243,0,0,0,0.0,0.0,0,0,0.0,0.0,5.517053,0.027437,13.027002,128.328839,35.826135,14.510849,197.237315,0,0,0,0.0,0.0,0.0,0.0,0.0,17825.63476,3656.803078,11251.148562,6156.481949,75108.96197,11808.237753,10134.337115,135941.605187,32.21447,4.713229,25.030734,264.786617,3386.307514,126.830271,1494.694579,5334.577414,7.234574,67290.403336,3886.004315,71183.642225,0.0,251.684896,385.208621,636.893517,0.0,0.0,0.0,10591.778359,0.0,0.0,0.0,10591.778359,27526.314283,19920.759309,55020.570683,68425.726435,118381.285505,154563.84739,14154.264869,457992.768474,1858.7772,0.0,491.170765,5393.616457,2733.046939,537.774623,5957.787054,16972.173038,1782.967277,456.905943,7334.501005,35338.086613,30900.98541,254.114139,124.147078,76191.707465,0.0,0,0.0,1889.381278,2487.705347,5.391905,102.725569,4485.204099
2023-08-01,Monthly,Skim Perbankan Islam (SPI) / Islamic Banking Scheme (IBS),0.0,0.0,0.0,0.0,0.0,0.0,0.0,0.0,0,0,0,0.0,0.0,0,0,0.0,0.0,0.0,0.0,0.0,0.0,0.0,0.0,0.0,0,0,0,0.0,0.0,0.0,0.0,0.0,181.73396,0.0,234.811097,452.708628,1002.225796,7.751379,138.963975,2018.194835,0.0,0.0,60.686557,7.374685,43.790062,0.159026,41.387891,153.398221,0.0,111.301786,8.428939,119.730725,0.0,0.0,0.0,0.0,0.0,0.0,0.0,0.0,0.0,0.0,0.0,0.0,431.835387,434.923171,1212.017993,1557.591509,2021.215248,3525.779357,405.41241,9588.775075,0.0,0.0,0.0,0.0,0.0,0.0,0.0,0.0,70.095945,0.0,612.28429,1067.308592,166.610662,0.0,0.0,1916.299489,0.0,0,0.0,0.0,0.0,0.0,0.0,0.0
2023-08-01,Monthly,Jumlah/ Total,0.0,0.0,0.0,0.107383,0.191283,100.005586,0.531991,100.836243,0,0,0,0.0,0.0,0,0,0.0,0.0,5.517053,0.027437,13.027002,128.328839,35.826135,14.510849,197.237315,0,0,0,0.0,0.0,0.0,0.0,0.0,18007.36872,3656.803078,11485.959659,6609.190577,76111.187766,11815.989132,10273.30109,137959.800022,32.21447,4.713229,85.717291,272.161302,3430.097576,126.989297,1536.08247,5487.975635,7.234574,67401.705122,3894.433254,71303.37295,0.0,251.684896,385.208621,636.893517,0.0,0.0,0.0,10591.778359,0.0,0.0,0.0,10591.778359,27958.14967,20355.68248,56232.588676,69983.317944,120402.500753,158089.626747,14559.677279,467581.543549,1858.7772,0.0,491.170765,5393.616457,2733.046939,537.774623,5957.787054,16972.173038,1853.063222,456.905943,7946.785295,36405.395205,31067.596072,254.114139,124.147078,78108.006954,0.0,0,0.0,1889.381278,2487.705347,5.391905,102.725569,4485.204099
2023-09-01,Monthly,Bank-bank Islam / Islamic Banks,0.0,0.0,0.0,0.107392,0.191007,99.841848,0.532112,100.672359,0,0,0,0.0,0.0,0,0,0.0,0.0,5.530911,0.027437,13.029822,126.411021,35.701541,13.94183,194.642562,0,0,0,0.0,0.0,0.0,0.0,0.0,17236.420993,3413.825515,7946.406644,6403.956339,77031.797665,12084.648952,9936.85208,134053.908188,37.120549,4.764759,44.489039,212.68943,3062.208466,120.396319,1578.975896,5060.644458,7.94757,67837.040671,3971.308263,71816.296504,0.0,239.334718,387.79457,627.129288,0.0,0.0,0.0,10177.802135,0.0,0.0,0.0,10177.802135,30430.597854,21099.175809,52917.693868,70584.086308,121059.348983,153873.701451,14614.217757,464578.82203,1877.45024,0.0,45.103932,4461.538432,3334.081446,558.680853,7094.435005,17371.289908,2119.155135,464.989761,9150.252015,37322.982653,32154.955839,330.060093,164.575532,81706.971028,0.0,0,0.0,2675.301756,2467.783871,13.194897,122.159568,5278.440092
2023-09-01,Monthly,Skim Perbankan Islam (SPI) / Islamic Banking Scheme (IBS),0.0,0.0,0.0,0.0,0.0,0.0,0.0,0.0,0,0,0,0.0,0.0,0,0,0.0,0.0,0.0,0.0,0.0,0.0,0.0,0.0,0.0,0,0,0,0.0,0.0,0.0,0.0,0.0,237.586379,0.0,223.469505,458.79584,1202.400515,11.922209,138.343116,2272.517564,0.0,0.0,70.584831,1.134886,48.610737,0.153263,40.891056,161.374773,0.0,112.330396,7.938074,120.26847,0.0,0.0,0.0,0.0,0.0,0.0,0.0,0.0,0.0,0.0,0.0,0.0,540.69582,443.502119,1069.515983,1549.204883,2022.211598,3483.542947,402.527827,9511.201177,0.0,0.0,0.0,0.0,0.0,0.0,0.0,0.0,30.020494,0.0,772.192956,971.502231,95.459142,0.0,0.0,1869.174823,0.0,0,0.0,0.0,0.0,0.0,0.0,0.0
2023-09-01,Monthly,Jumlah/ Total,0.0,0.0,0.0,0.107392,0.191007,99.841848,0.532112,100.672359,0,0,0,0.0,0.0,0,0,0.0,0.0,5.530911,0.027437,13.029822,126.411021,35.701541,13.94183,194.642562,0,0,0,0.0,0.0,0.0,0.0,0.0,17474.007372,3413.825515,8169.876149,6862.752179,78234.19818,12096.571161,10075.195196,136326.425752,37.120549,4.764759,115.07387,213.824316,3110.819203,120.549582,1619.866952,5222.019231,7.94757,67949.371067,3979.246337,71936.564974,0.0,239.334718,387.79457,627.129288,0.0,0.0,0.0,10177.802135,0.0,0.0,0.0,10177.802135,30971.293674,21542.677928,53987.209851,72133.291191,123081.560581,157357.244398,15016.745584,474090.023207,1877.45024,0.0,45.103932,4461.538432,3334.081446,558.680853,7094.435005,17371.289908,2149.175629,464.989761,9922.444971,38294.484884,32250.414981,330.060093,164.575532,83576.145851,0.0,0,0.0,2675.301756,2467.783871,13.194897,122.159568,5278.440092
2023-10-01,Monthly,Bank-bank Islam / Islamic Banks,0.0,0.0,0.0,0.0,0.191676,24.931466,0.071433,25.194575,0,0,0,0.0,0.0,0,0,0.0,0.0,5.545244,0.027437,13.032057,124.7328,35.451573,13.748855,192.537966,0,0,0,0.0,0.0,0.0,0.0,0.0,14214.30798,3689.285635,8316.168128,5770.639127,79588.729618,12361.954108,9286.070252,133227.154848,3903.024397,4.842837,77.55886,429.11254,3285.985656,120.966854,1695.69974,9517.190884,8.780908,68484.135227,4049.254236,72542.170371,0.0,248.472356,323.369016,571.841372,0.0,0.0,0.0,8731.030629,0.0,0.0,0.0,8731.030629,29575.072029,20049.897617,53724.897008,70352.55112,123401.515624,154166.159826,15878.913665,467149.006889,2.28672,0.0,45.342248,6137.886428,5922.329817,599.754543,7761.255922,20468.855678,2084.184044,375.877376,9453.712506,38149.608926,31802.085329,284.171635,116.332066,82265.971882,0.0,0,0.0,1989.80318,1202.020835,0.787727,2595.184026,5787.795768
2023-10-01,Monthly,Skim Perbankan Islam (SPI) / Islamic Banking Scheme (IBS),0.0,0.0,0.0,0.0,0.0,0.0,0.0,0.0,0,0,0,0.0,0.0,0,0,0.0,0.0,0.0,0.0,0.0,0.0,0.0,0.0,0.0,0,0,0,0.0,0.0,0.0,0.0,0.0,155.704763,0.0,278.800154,386.922579,1037.19585,6.527777,137.251575,2002.402698,0.0,0.0,68.820734,4.983536,36.110092,0.119368,41.649875,151.683605,0.0,111.345836,7.335174,118.68101,0.0,0.0,0.0,0.0,0.0,0.0,0.0,0.0,0.0,0.0,0.0,0.0,500.264973,471.934063,1131.405983,1276.768468,2081.011496,3462.447431,401.870226,9325.70264,0.0,0.0,0.0,0.0,0.0,0.0,0.0,0.0,55.094918,0.0,905.900083,900.957324,233.037675,0.0,0.0,2094.99,0.0,0,0.0,0.0,0.0,0.0,0.0,0.0
2023-10-01,Monthly,Jumlah/ Total,0.0,0.0,0.0,0.0,0.191676,24.931466,0.071433,25.194575,0,0,0,0.0,0.0,0,0,0.0,0.0,5.545244,0.027437,13.032057,124.7328,35.451573,13.748855,192.537966,0,0,0,0.0,0.0,0.0,0.0,0.0,14370.012743,3689.285635,8594.968282,6157.561706,80625.925468,12368.481885,9423.321827,135229.557546,3903.024397,4.842837,146.379594,434.096076,3322.095748,121.086222,1737.349615,9668.874489,8.780908,68595.481063,4056.58941,72660.851381,0.0,248.472356,323.369016,571.841372,0.0,0.0,0.0,8731.030629,0.0,0.0,0.0,8731.030629,30075.337002,20521.83168,54856.302991,71629.319588,125482.52712,157628.607257,16280.783891,476474.709529,2.28672,0.0,45.342248,6137.886428,5922.329817,599.754543,7761.255922,20468.855678,2139.278962,375.877376,10359.612589,39050.56625,32035.123004,284.171635,116.332066,84360.961882,0.0,0,0.0,1989.80318,1202.020835,0.787727,2595.184026,5787.795768
2023-11-01,Monthly,Bank-bank Islam / Islamic Banks,0.0,0.0,0.0,0.0,0.191569,24.892382,0.071469,25.15542,0,0,0,0.0,0.0,0,0,0.0,0.0,5.559138,0.027437,13.034245,124.863067,35.477936,13.957103,192.918926,0,0,0,0.0,0.0,0.0,0.0,0.0,10739.830543,3545.29222,8155.28735,6368.020088,83802.249062,12595.093407,9654.89159,134860.66426,10.808803,4.740944,29.962677,227.363949,2932.771659,123.402795,1351.902381,4680.953208,8.455464,69567.523969,4084.942543,73660.921976,0.0,237.532163,315.506557,553.03872,0.0,0.0,0.0,8569.660321,0.0,0.0,0.0,8569.660321,26120.565653,17353.042187,55208.620632,75758.979556,126321.268704,154467.309749,15595.93611,470825.722591,2.23692,0.0,513.876793,4866.973051,9564.598238,615.045189,7628.506364,23191.236555,1530.47364,439.095385,8792.809677,40517.18091,32902.777008,335.259637,162.463401,84680.059658,0.0,0,0.0,2137.038177,2402.393587,9.581453,219.006943,4768.02016
2023-11-01,Monthly,Skim Perbankan Islam (SPI) / Islamic Banking Scheme (IBS),0.0,0.0,0.0,0.0,0.0,0.0,0.0,0.0,0,0,0,0.0,0.0,0,0,0.0,0.0,0.0,0.0,0.0,0.0,0.0,0.0,0.0,0,0,0,0.0,0.0,0.0,0.0,0.0,156.868051,0.0,257.011556,382.531506,1314.409563,6.478833,136.948007,2254.247516,0.0,0.0,51.616419,8.512147,32.397206,0.173582,40.296731,132.996085,0.0,116.967654,7.32373,124.291384,0.0,0.0,0.0,0.0,0.0,0.0,0.0,0.0,0.0,0.0,0.0,0.0,438.014364,474.081111,966.064989,1582.345687,1771.924841,3095.936592,392.950462,8721.318046,0.0,0.0,0.0,0.0,0.0,0.0,0.0,0.0,45.072658,0.0,857.089179,719.930418,94.771567,0.50141,0.0,1717.365232,0.0,0,0.0,0.0,0.0,0.0,0.0,0.0
2023-11-01,Monthly,Jumlah/ Total,0.0,0.0,0.0,0.0,0.191569,24.892382,0.071469,25.15542,0,0,0,0.0,0.0,0,0,0.0,0.0,5.559138,0.027437,13.034245,124.863067,35.477936,13.957103,192.918926,0,0,0,0.0,0.0,0.0,0.0,0.0,10896.698594,3545.29222,8412.298906,6750.551594,85116.658625,12601.57224,9791.839597,137114.911776,10.808803,4.740944,81.579096,235.876096,2965.168865,123.576377,1392.199112,4813.949293,8.455464,69684.491623,4092.266273,73785.21336,0.0,237.532163,315.506557,553.03872,0.0,0.0,0.0,8569.660321,0.0,0.0,0.0,8569.660321,26558.580017,17827.123298,56174.685621,77341.325243,128093.193545,157563.246341,15988.886572,479547.040637,2.23692,0.0,513.876793,4866.973051,9564.598238,615.045189,7628.506364,23191.236555,1575.546298,439.095385,9649.898856,41237.111328,32997.548575,335.761047,162.463401,86397.42489,0.0,0,0.0,2137.038177,2402.393587,9.581453,219.006943,4768.02016
2023-12-01,Monthly,Bank-bank Islam / Islamic Banks,0.0,0.0,0.0,0.0,0.191479,24.675096,0.071404,24.937979,0,0,0,0.0,0.0,0,0,0.0,0.0,5.573547,0.027437,12.774367,120.410785,34.677993,14.400939,187.865068,0,0,0,0.0,0.0,0.0,0.0,0.0,11652.062814,3920.724339,8668.498339,7404.190972,88718.960131,12850.494545,9456.696513,142671.627653,11.914499,4.668344,38.547736,856.764793,2952.243419,124.397363,1067.577941,5056.114095,7.732941,69577.758521,4123.63025,73709.121712,0.0,240.647868,322.23398,562.881848,0.0,0.0,0.0,8626.003561,0.0,0.0,0.0,8626.003561,23988.54635,14631.195875,59635.869157,67286.101918,136619.572298,155392.198511,15109.536439,472663.020548,2.2945,0.0,977.422997,3569.196132,8091.311364,663.231679,7473.161874,20776.618546,2029.471906,482.777326,9250.107086,41619.917763,34279.845545,275.067955,144.17878,88081.366361,0.0,0,0.0,1778.692171,1207.266608,7.010642,113.219354,3106.188775
2023-12-01,Monthly,Skim Perbankan Islam (SPI) / Islamic Banking Scheme (IBS),0.0,0.0,0.0,0.0,0.0,0.0,0.0,0.0,0,0,0,0.0,0.0,0,0,0.0,0.0,0.0,0.0,0.0,0.0,0.0,0.0,0.0,0,0,0,0.0,0.0,0.0,0.0,0.0,149.238501,0.0,341.157835,428.829543,1021.494149,6.459901,230.67231,2177.852239,0.0,0.0,86.332634,8.072471,50.052086,0.188041,39.242928,183.88816,0.0,122.761868,7.396058,130.157926,0.0,0.0,0.0,0.0,0.0,0.0,0.0,0.0,0.0,0.0,0.0,0.0,171.900624,440.489608,1066.595947,1328.57215,2115.152958,2662.576278,377.824857,8163.112422,0.0,0.0,0.0,0.0,0.0,0.0,0.0,0.0,45.083288,0.0,752.603594,372.502878,298.943674,0.502923,0.0,1469.636357,0.0,0,0.0,0.0,0.0,0.0,0.0,0.0
2023-12-01,Monthly,Jumlah/ Total,0.0,0.0,0.0,0.0,0.191479,24.675096,0.071404,24.937979,0,0,0,0.0,0.0,0,0,0.0,0.0,5.573547,0.027437,12.774367,120.410785,34.677993,14.400939,187.865068,0,0,0,0.0,0.0,0.0,0.0,0.0,11801.301315,3920.724339,9009.656174,7833.020515,89740.45428,12856.954446,9687.368823,144849.479892,11.914499,4.668344,124.88037,864.837264,3002.295505,124.585404,1106.820869,5240.002255,7.732941,69700.520389,4131.026308,73839.279638,0.0,240.647868,322.23398,562.881848,0.0,0.0,0.0,8626.003561,0.0,0.0,0.0,8626.003561,24160.446974,15071.685483,60702.465104,68614.674068,138734.725256,158054.774789,15487.361296,480826.13297,2.2945,0.0,977.422997,3569.196132,8091.311364,663.231679,7473.161874,20776.618546,2074.555194,482.777326,10002.71068,41992.420641,34578.789219,275.570878,144.17878,89551.002718,0.0,0,0.0,1778.692171,1207.266608,7.010642,113.219354,3106.188775
2024-01-01,Monthly,Bank-bank Islam / Islamic Banks,0.0,0.0,0.0,0.0,0.192705,24.787467,0.071881,25.052053,0,0,0,0.0,0.0,0,0,0.0,0.0,5.58797,0.027437,12.777203,120.599191,34.696966,14.146091,187.834858,0,0,0,0.0,0.0,0.0,0.0,0.0,15556.586962,3935.432583,8265.494151,7710.556255,85484.857616,12852.689787,10157.657742,143963.275096,2.266126,4.821118,42.179321,241.772834,3755.092803,128.563232,1470.409833,5645.105267,9.621157,71700.828078,4285.430965,75995.8802,0.0,243.850073,313.441679,557.291752,0.0,0.0,0.0,6980.591073,0.0,0.0,0.0,6980.591073,22054.858492,13835.962128,60248.107761,65570.978327,134815.320241,154289.390365,15769.191374,466583.808688,2.36475,0.0,777.918926,3265.069507,8793.628512,665.022151,7673.028747,21177.032593,1363.162263,472.829823,9142.930577,45796.34607,35119.455774,303.811285,85.045368,92283.58116,0.0,0,0.0,2033.344901,1899.296721,2.197524,1246.406205,5181.245351
2024-01-01,Monthly,Skim Perbankan Islam (SPI) / Islamic Banking Scheme (IBS),0.0,0.0,0.0,0.0,0.0,0.0,0.0,0.0,0,0,0,0.0,0.0,0,0,0.0,0.0,0.0,0.0,0.0,0.0,0.0,0.0,0.0,0,0,0,0.0,0.0,0.0,0.0,0.0,131.204674,0.0,291.570737,444.104829,1004.680205,8.555908,199.421044,2079.537397,0.0,0.0,159.943946,5.772727,42.456084,0.179879,41.243946,249.596582,0.0,116.043039,8.595158,124.638197,0.0,0.0,0.0,0.0,0.0,0.0,0.0,0.0,0.0,0.0,0.0,0.0,219.302025,430.851683,1152.694912,1210.584227,2203.410538,3246.206899,393.203413,8856.253697,0.0,0.0,0.0,0.0,0.0,0.0,0.0,0.0,45.078082,0.0,1033.791669,625.322467,162.766875,1.005862,0.0,1867.964955,0.0,0,0.0,0.0,0.0,0.0,0.0,0.0
2024-01-01,Monthly,Jumlah/ Total,0.0,0.0,0.0,0.0,0.192705,24.787467,0.071881,25.052053,0,0,0,0.0,0.0,0,0,0.0,0.0,5.58797,0.027437,12.777203,120.599191,34.696966,14.146091,187.834858,0,0,0,0.0,0.0,0.0,0.0,0.0,15687.791636,3935.432583,8557.064888,8154.661084,86489.537821,12861.245695,10357.078786,146042.812493,2.266126,4.821118,202.123267,247.545561,3797.548887,128.743111,1511.653779,5894.701849,9.621157,71816.871117,4294.026123,76120.518397,0.0,243.850073,313.441679,557.291752,0.0,0.0,0.0,6980.591073,0.0,0.0,0.0,6980.591073,22274.160517,14266.813811,61400.802673,66781.562554,137018.730779,157535.597264,16162.394787,475440.062385,2.36475,0.0,777.918926,3265.069507,8793.628512,665.022151,7673.028747,21177.032593,1408.240345,472.829823,10176.722246,46421.668537,35282.222649,304.817147,85.045368,94151.546115,0.0,0,0.0,2033.344901,1899.296721,2.197524,1246.406205,5181.245351
2024-02-01,Monthly,Bank-bank Islam / Islamic Banks,0.0,0.0,0.0,0.0,0.192622,24.610878,0.06189,24.86539,0,0,0,0.0,0.0,0,0,0.0,0.0,5.601474,0.027598,12.779995,119.779261,34.697664,14.161516,187.047508,0,0,0,0.0,0.0,0.0,0.0,0.0,15257.300045,3745.617278,8030.154235,7117.059831,85910.953877,13033.662771,9643.550067,142738.298104,2.290984,4.766717,15.302081,197.340643,3576.614621,129.232987,1401.268612,5326.816645,8.571259,73278.037983,4436.576436,77723.185678,0.0,226.87584,337.002945,563.878785,0.0,0.0,0.0,8029.102024,0.0,0.0,0.0,8029.102024,22032.955058,13607.871211,59536.392311,63217.474652,140113.087458,155180.413919,16164.833056,469853.027665,2.3795,0.0,785.483772,2450.523949,8787.644946,753.962069,7161.506287,19941.500523,1173.155005,504.954661,8777.071511,44581.481522,34093.276242,295.222633,121.560499,89546.722073,0.0,0,0.0,2206.4198,2037.172217,24.24097,1447.011608,5714.844595
2024-02-01,Monthly,Skim Perbankan Islam (SPI) / Islamic Banking Scheme (IBS),0.0,0.0,0.0,0.0,0.0,0.0,0.0,0.0,0,0,0,0.0,0.0,0,0,0.0,0.0,0.0,0.0,0.0,0.0,0.0,0.0,0.0,0,0,0,0.0,0.0,0.0,0.0,0.0,123.886134,0.0,300.439441,421.873947,1084.612226,6.924891,179.478082,2117.214721,0.0,0.0,119.038963,8.807217,40.545088,0.17849,47.285975,215.855733,0.0,121.752445,8.482663,130.235108,0.0,0.0,0.0,0.0,0.0,0.0,0.0,0.0,0.0,0.0,0.0,0.0,172.619697,471.458135,1177.877338,1558.127264,2152.731652,3705.342025,405.567501,9643.723612,0.0,0.0,0.0,0.0,0.0,0.0,0.0,0.0,85.080616,0.0,853.038663,613.2304,112.420185,1.00875,0.0,1664.778614,0.0,0,0.0,0.0,0.0,0.0,0.0,0.0
2024-02-01,Monthly,Jumlah/ Total,0.0,0.0,0.0,0.0,0.192622,24.610878,0.06189,24.86539,0,0,0,0.0,0.0,0,0,0.0,0.0,5.601474,0.027598,12.779995,119.779261,34.697664,14.161516,187.047508,0,0,0,0.0,0.0,0.0,0.0,0.0,15381.186179,3745.617278,8330.593676,7538.933778,86995.566103,13040.587662,9823.028149,144855.512825,2.290984,4.766717,134.341044,206.14786,3617.159709,129.411477,1448.554587,5542.672378,8.571259,73399.790428,4445.059099,77853.420786,0.0,226.87584,337.002945,563.878785,0.0,0.0,0.0,8029.102024,0.0,0.0,0.0,8029.102024,22205.574755,14079.329346,60714.269649,64775.601916,142265.81911,158885.755944,16570.400557,479496.751277,2.3795,0.0,785.483772,2450.523949,8787.644946,753.962069,7161.506287,19941.500523,1258.235621,504.954661,9630.110174,45194.711922,34205.696427,296.231383,121.560499,91211.500687,0.0,0,0.0,2206.4198,2037.172217,24.24097,1447.011608,5714.844595
2024-03-01,Monthly,Bank-bank Islam / Islamic Banks,0.0,0.0,0.0,0.0,0.192537,24.562076,0.061881,24.816494,0,0,0,0.0,0.0,0,0,0.0,0.0,5.615922,0.027598,12.784737,120.048659,34.762585,14.173111,187.412612,0,0,0,0.0,0.0,0.0,0.0,0.0,12924.655042,5170.139136,9349.383932,8820.120323,88945.554631,12832.702817,9824.674557,147867.230438,2363.508161,0.007695,164.325665,189.461327,5470.536336,139.405922,1372.684822,9699.929928,9.222631,72724.658127,4360.420342,77094.3011,0.0,216.298656,340.612019,556.910675,0.0,0.0,0.0,7985.991815,0.0,0.0,0.0,7985.991815,24311.635504,14652.048256,62240.867929,63045.016315,139720.173337,156033.13083,16876.842762,476879.714933,2.36125,0.0,65.745008,3135.921719,5409.881289,778.344421,7308.93037,16701.184057,1584.808679,490.016955,7614.870249,45149.979526,34025.679429,263.451147,187.611405,89316.41739,0.0,0,0.0,3687.3141,1871.273735,14.912967,1939.433009,7512.933811
2024-03-01,Monthly,Skim Perbankan Islam (SPI) / Islamic Banking Scheme (IBS),0.0,0.0,0.0,0.0,0.0,0.0,0.0,0.0,0,0,0,0.0,0.0,0,0,0.0,0.0,0.0,0.0,0.0,0.0,0.0,0.0,0.0,0,0,0,0.0,0.0,0.0,0.0,0.0,99.281099,0.0,324.946177,477.457491,1050.802625,11.201948,181.625098,2145.314438,0.0,0.0,154.382753,1.256391,39.890932,0.268484,46.492969,242.291529,0.0,121.318086,8.788661,130.106747,0.0,0.0,0.0,0.0,0.0,0.0,0.0,0.0,0.0,0.0,0.0,0.0,544.604314,472.858269,1009.173696,1701.851618,2166.026626,3707.498309,403.981209,10005.994041,0.0,0.0,0.0,0.0,0.0,0.0,0.0,0.0,130.201849,0.0,939.243977,250.338415,108.856674,1.513084,0.0,1430.153999,0.0,0,0.0,0.0,0.0,0.0,0.0,0.0
2024-03-01,Monthly,Jumlah/ Total,0.0,0.0,0.0,0.0,0.192537,24.562076,0.061881,24.816494,0,0,0,0.0,0.0,0,0,0.0,0.0,5.615922,0.027598,12.784737,120.048659,34.762585,14.173111,187.412612,0,0,0,0.0,0.0,0.0,0.0,0.0,13023.936141,5170.139136,9674.330109,9297.577814,89996.357256,12843.904765,10006.299655,150012.544876,2363.508161,0.007695,318.708418,190.717718,5510.427268,139.674406,1419.177791,9942.221457,9.222631,72845.976213,4369.209003,77224.407847,0.0,216.298656,340.612019,556.910675,0.0,0.0,0.0,7985.991815,0.0,0.0,0.0,7985.991815,24856.239818,15124.906525,63250.041625,64746.867933,141886.199963,159740.629139,17280.823971,486885.708974,2.36125,0.0,65.745008,3135.921719,5409.881289,778.344421,7308.93037,16701.184057,1715.010528,490.016955,8554.114226,45400.317941,34134.536103,264.964231,187.611405,90746.571389,0.0,0,0.0,3687.3141,1871.273735,14.912967,1939.433009,7512.933811
2024-04-01,Monthly,Bank-bank Islam / Islamic Banks,0.0,0.0,0.0,0.0,0.194186,24.763973,0.062296,25.020455,0,0,0,0.0,0.0,0,0,0.0,0.0,5.656617,0.027598,13.029524,120.418577,34.343543,13.769933,187.245792,0,0,0,0.0,0.0,0.0,0.0,0.0,12456.034303,4049.60449,9720.701159,7738.883009,83587.932734,12851.962097,9751.418062,140156.535854,2389.145752,0.011,122.202447,179.826833,3388.27703,140.21565,1457.945527,7677.624239,9.855464,72756.380874,4499.154996,77265.391334,0.0,227.677607,342.339347,570.016954,0.0,0.0,0.0,8240.517927,0.0,0.0,0.0,8240.517927,24276.413894,15583.936255,62949.382285,61601.841112,139270.433008,158507.910938,17089.175912,479279.093404,1.908,0.0,425.468522,4120.42627,3811.619966,800.530308,7202.884881,16362.837947,1523.876213,494.137753,7553.174158,44306.605995,33832.707492,295.510232,78.512866,88084.524709,0.0,0,0.0,2773.935686,2897.154649,9.363194,1636.749558,7317.203087
2024-04-01,Monthly,Skim Perbankan Islam (SPI) / Islamic Banking Scheme (IBS),0.0,0.0,0.0,0.0,0.0,0.0,0.0,0.0,0,0,0,0.0,0.0,0,0,0.0,0.0,0.0,0.0,0.0,0.0,0.0,0.0,0.0,0,0,0,0.0,0.0,0.0,0.0,0.0,153.437484,0.0,222.22152,524.031085,1199.684231,9.477812,178.775204,2287.627336,0.0,0.0,112.901041,2.032852,34.739487,0.288167,49.256395,199.217942,0.0,122.030343,8.760023,130.790366,0.0,0.0,0.0,0.0,0.0,0.0,0.0,0.0,0.0,0.0,0.0,0.0,512.655543,320.949747,1035.932101,1339.423027,2034.136515,3678.539998,406.402138,9328.039069,0.0,0.0,0.0,0.0,0.0,0.0,0.0,0.0,130.173082,0.0,1123.159149,263.830069,153.134774,1.517434,0.0,1671.814508,0.0,0,0.0,0.0,0.0,0.0,0.0,0.0
2024-04-01,Monthly,Jumlah/ Total,0.0,0.0,0.0,0.0,0.194186,24.763973,0.062296,25.020455,0,0,0,0.0,0.0,0,0,0.0,0.0,5.656617,0.027598,13.029524,120.418577,34.343543,13.769933,187.245792,0,0,0,0.0,0.0,0.0,0.0,0.0,12609.471787,4049.60449,9942.922679,8262.914094,84787.616965,12861.439909,9930.193266,142444.16319,2389.145752,0.011,235.103488,181.859685,3423.016517,140.503817,1507.201922,7876.842181,9.855464,72878.411217,4507.915019,77396.1817,0.0,227.677607,342.339347,570.016954,0.0,0.0,0.0,8240.517927,0.0,0.0,0.0,8240.517927,24789.069437,15904.886002,63985.314386,62941.264139,141304.569523,162186.450936,17495.57805,488607.132473,1.908,0.0,425.468522,4120.42627,3811.619966,800.530308,7202.884881,16362.837947,1654.049295,494.137753,8676.333307,44570.436064,33985.842266,297.027666,78.512866,89756.339217,0.0,0,0.0,2773.935686,2897.154649,9.363194,1636.749558,7317.203087
2024-05-01,Monthly,Bank-bank Islam / Islamic Banks,0.0,0.0,0.0,0.0,0.193677,24.628832,0.062278,24.884787,0,0,0,0.0,0.0,0,0,0.0,0.0,5.671175,0.027598,13.032,121.011096,34.241272,13.781416,187.764557,0,0,0,0.0,0.0,0.0,0.0,0.0,20585.772065,4420.667839,7996.940119,7480.573037,83889.876603,12745.742645,9739.777681,146859.349989,1.062688,0.010854,7.879232,197.441898,3719.737343,150.488463,1403.296918,5479.917396,10.954388,73430.274685,4480.814112,77922.043185,0.0,238.337962,326.809171,565.147133,0.0,0.0,0.0,9971.404294,120.00868,0.0,0.0,10091.412974,21073.705184,14038.218227,63080.793517,61266.944777,138033.956751,161745.112999,16988.966733,476227.698188,1.8828,0.0,422.736026,4164.063494,3640.049874,851.115737,6636.404385,15716.252316,1582.38407,498.124884,8200.032348,44430.621106,34266.273616,202.353258,60.533974,89240.323256,0.0,0,0.0,2271.238201,2680.739294,1.759926,290.445745,5244.183166
2024-05-01,Monthly,Skim Perbankan Islam (SPI) / Islamic Banking Scheme (IBS),0.0,0.0,0.0,0.0,0.0,0.0,0.0,0.0,0,0,0,0.0,0.0,0,0,0.0,0.0,0.0,0.0,0.0,0.0,0.0,0.0,0.0,0,0,0,0.0,0.0,0.0,0.0,0.0,155.314037,0.0,544.334113,485.508092,1002.810442,7.832144,216.161972,2411.9608,0.0,0.0,94.358682,2.725399,44.058022,0.776194,47.239319,189.157616,0.0,123.331718,8.786937,132.118655,0.0,0.0,0.0,0.0,0.0,0.0,0.0,0.0,0.0,0.0,0.0,0.0,311.715332,370.225211,1020.390265,1500.236315,2136.115795,3650.08878,405.886897,9394.658595,0.0,0.0,0.0,0.0,0.0,0.0,0.0,0.0,130.183151,0.0,635.110628,356.514711,60.537535,1.521928,0.0,1183.867953,0.0,0,0.0,0.0,0.0,0.0,0.0,0.0
2024-05-01,Monthly,Jumlah/ Total,0.0,0.0,0.0,0.0,0.193677,24.628832,0.062278,24.884787,0,0,0,0.0,0.0,0,0,0.0,0.0,5.671175,0.027598,13.032,121.011096,34.241272,13.781416,187.764557,0,0,0,0.0,0.0,0.0,0.0,0.0,20741.086102,4420.667839,8541.274232,7966.081129,84892.687045,12753.574789,9955.939653,149271.310789,1.062688,0.010854,102.237914,200.167297,3763.795365,151.264657,1450.536237,5669.075012,10.954388,73553.606403,4489.601049,78054.16184,0.0,238.337962,326.809171,565.147133,0.0,0.0,0.0,9971.404294,120.00868,0.0,0.0,10091.412974,21385.420516,14408.443438,64101.183782,62767.181092,140170.072546,165395.201779,17394.85363,485622.356783,1.8828,0.0,422.736026,4164.063494,3640.049874,851.115737,6636.404385,15716.252316,1712.567221,498.124884,8835.142976,44787.135817,34326.811151,203.875186,60.533974,90424.191209,0.0,0,0.0,2271.238201,2680.739294,1.759926,290.445745,5244.183166
2024-06-01,Monthly,Bank-bank Islam / Islamic Banks,0.0,0.0,0.0,0.0,0.193978,24.553703,0.052936,24.800617,0,0,0,0.0,0.0,0,0,0.0,0.0,5.685345,0.145176,13.013606,121.615736,34.210492,13.613411,188.283766,0,0,0,0.0,0.0,0.0,0.0,0.0,16498.811917,6048.579883,7323.444035,8089.84605,86447.489223,13002.492957,9380.404616,146791.068681,766.698675,0.010879,9.862576,261.468159,4120.323748,144.644559,1436.180266,6739.188862,7.984288,71914.339654,4422.407536,76344.731478,0.0,231.429835,327.169831,558.599666,0.0,0.0,0.0,9210.059288,0.0,0.0,0.0,9210.059288,21569.312056,14161.323251,59162.154916,56045.057779,140668.005539,163917.981407,16964.486015,472488.320963,1.887,0.0,850.748142,6399.823145,5195.903916,857.61376,3426.243827,16732.21979,1700.182546,538.19922,8705.837004,44184.575629,32860.341687,251.661675,78.108832,88318.906593,0.0,0,0.0,4761.228244,3644.211872,12.042038,280.370257,8697.852411
2024-06-01,Monthly,Skim Perbankan Islam (SPI) / Islamic Banking Scheme (IBS),0.0,0.0,0.0,0.0,0.0,0.0,0.0,0.0,0,0,0,0.0,0.0,0,0,0.0,0.0,0.0,0.0,0.0,0.0,0.0,0.0,0.0,0,0,0,0.0,0.0,0.0,0.0,0.0,156.147393,0.0,675.895126,474.865846,1044.801061,7.578777,310.30599,2669.594193,0.0,0.0,102.700613,6.303415,52.624963,0.731899,47.937971,210.298861,0.0,126.016423,8.325989,134.342412,0.0,0.0,0.0,0.0,0.0,0.0,0.0,0.0,0.0,0.0,0.0,0.0,421.187219,370.61067,1053.969683,1495.420465,2088.751614,3626.238072,403.593529,9459.771252,0.0,0.0,0.0,0.0,0.0,0.0,0.0,0.0,130.340411,0.0,788.846167,314.503446,294.609147,1.526287,0.0,1529.825458,0.0,0,0.0,0.0,0.0,0.0,0.0,0.0
2024-06-01,Monthly,Jumlah/ Total,0.0,0.0,0.0,0.0,0.193978,24.553703,0.052936,24.800617,0,0,0,0.0,0.0,0,0,0.0,0.0,5.685345,0.145176,13.013606,121.615736,34.210492,13.613411,188.283766,0,0,0,0.0,0.0,0.0,0.0,0.0,16654.95931,6048.579883,7999.339161,8564.711896,87492.290284,13010.071734,9690.710606,149460.662874,766.698675,0.010879,112.563189,267.771574,4172.948711,145.376458,1484.118237,6949.487723,7.984288,72040.356077,4430.733525,76479.07389,0.0,231.429835,327.169831,558.599666,0.0,0.0,0.0,9210.059288,0.0,0.0,0.0,9210.059288,21990.499275,14531.933921,60216.124599,57540.478244,142756.757153,167544.219479,17368.079544,481948.092215,1.887,0.0,850.748142,6399.823145,5195.903916,857.61376,3426.243827,16732.21979,1830.522957,538.19922,9494.683171,44499.079075,33154.950834,253.187962,78.108832,89848.732051,0.0,0,0.0,4761.228244,3644.211872,12.042038,280.370257,8697.852411
2024-07-01,Monthly,Bank-bank Islam / Islamic Banks,0.0,0.0,0.0,0.0,0.194864,24.683293,0.052797,24.930954,0,0,0,0.0,0.0,0,0,0.0,0.0,5.700076,0.145176,13.016726,122.003612,33.630357,13.630289,188.126236,0,0,0,0.0,0.0,0.0,0.0,0.0,12965.016848,4707.089055,10175.968218,7421.12037,85476.062484,12737.40661,9218.853956,142701.517541,749.096635,0.011024,11.542082,207.621079,3987.477943,174.897426,1453.935553,6584.581742,7.366132,71865.353516,4505.549823,76378.269471,0.0,241.554249,404.160231,645.71448,0.0,0.0,0.0,8521.624489,0.0,0.0,0.0,8521.624489,24584.543954,17160.192222,59831.992819,59152.183924,142589.798316,167753.877126,16735.800034,487808.388395,1.8404,0.0,925.199058,6053.813385,4424.349807,879.624683,3560.598182,15845.425515,1696.735571,565.020352,8693.149554,37318.366908,32882.27035,281.195464,88.546486,81525.284685,0.0,0,0.0,4222.514789,2158.311556,4.957182,316.552206,6702.335733
2024-07-01,Monthly,Skim Perbankan Islam (SPI) / Islamic Banking Scheme (IBS),0.0,0.0,0.0,0.0,0.0,0.0,0.0,0.0,0,0,0,0.0,0.0,0,0,0.0,0.0,0.0,0.0,0.0,0.0,0.0,0.0,0.0,0,0,0,0.0,0.0,0.0,0.0,0.0,134.940553,0.0,496.051112,462.195096,1178.949596,6.104512,267.768775,2546.009644,0.0,0.0,82.107336,0.802804,55.338247,0.954297,45.682267,184.884951,0.0,130.246211,8.266041,138.512252,0.0,0.0,0.0,0.0,0.0,0.0,0.0,0.0,0.0,0.0,0.0,0.0,322.291008,421.801685,1171.792285,1553.340203,2220.132978,3182.650905,387.354842,9259.363906,0.0,0.0,0.0,0.0,0.0,0.0,0.0,0.0,130.328425,0.0,304.148121,326.451268,783.705723,1.530821,0.0,1546.164358,0.0,0,0.0,0.0,0.0,0.0,0.0,0.0
2024-07-01,Monthly,Jumlah/ Total,0.0,0.0,0.0,0.0,0.194864,24.683293,0.052797,24.930954,0,0,0,0.0,0.0,0,0,0.0,0.0,5.700076,0.145176,13.016726,122.003612,33.630357,13.630289,188.126236,0,0,0,0.0,0.0,0.0,0.0,0.0,13099.957401,4707.089055,10672.01933,7883.315466,86655.01208,12743.511122,9486.622731,145247.527185,749.096635,0.011024,93.649418,208.423883,4042.81619,175.851723,1499.61782,6769.466693,7.366132,71995.599727,4513.815864,76516.781723,0.0,241.554249,404.160231,645.71448,0.0,0.0,0.0,8521.624489,0.0,0.0,0.0,8521.624489,24906.834962,17581.993907,61003.785104,60705.524127,144809.931294,170936.528031,17123.154876,497067.752301,1.8404,0.0,925.199058,6053.813385,4424.349807,879.624683,3560.598182,15845.425515,1827.063996,565.020352,8997.297675,37644.818176,33665.976073,282.726285,88.546486,83071.449043,0.0,0,0.0,4222.514789,2158.311556,4.957182,316.552206,6702.335733
2024-08-01,Monthly,Bank-bank Islam / Islamic Banks,0.0,0.0,0.0,0.0,0.19478,24.613689,0.052802,24.861271,0,0,0,0.0,0.0,0,0,0.0,0.0,5.714828,0.146761,13.023301,122.250707,33.614474,13.746556,188.496627,0,0,0,0.0,0.0,0.0,0.0,0.0,13494.359176,4097.606377,11741.588926,8843.372827,83924.650038,12647.590336,9273.313851,144022.481531,705.495187,0.015333,25.894071,265.27478,4372.169326,214.17129,1305.520362,6888.540349,8.373447,72886.185334,4412.055011,77306.613792,0.0,252.905555,320.273902,573.179457,0.0,0.0,0.0,7968.498142,0.0,0.0,0.0,7968.498142,24114.561909,17408.831087,62330.515019,57057.286585,143789.96661,170185.810199,17255.486438,492142.457847,2.15775,0.0,830.12893,8154.705636,5905.737449,863.956338,3186.533675,18943.219778,1824.487216,694.06983,8820.285856,36404.891627,28754.649723,203.769972,92.772255,76794.926479,0.0,0,0.0,3182.857572,2315.063274,7.833107,110.067811,5615.821764
2024-08-01,Monthly,Skim Perbankan Islam (SPI) / Islamic Banking Scheme (IBS),0.0,0.0,0.0,0.0,0.0,0.0,0.0,0.0,0,0,0,0.0,0.0,0,0,0.0,0.0,0.0,0.0,0.0,0.0,0.0,0.0,0.0,0,0,0,0.0,0.0,0.0,0.0,0.0,110.983157,0.0,434.67655,781.202984,987.557132,6.135038,280.198125,2600.752986,0.0,0.0,106.002393,18.547106,45.808169,0.382407,42.844942,213.585017,0.0,122.483432,7.966705,130.450137,0.0,0.0,0.0,0.0,0.0,0.0,0.0,0.0,0.0,0.0,0.0,0.0,464.909678,468.680665,1080.375367,1679.500834,1709.866371,3125.958295,388.880105,8918.171315,0.0,0.0,0.0,0.0,0.0,0.0,0.0,0.0,130.319794,0.0,468.107055,348.518504,645.812669,1.535354,0.0,1594.293376,0.0,0,0.0,0.0,0.0,0.0,0.0,0.0
2024-08-01,Monthly,Jumlah/ Total,0.0,0.0,0.0,0.0,0.19478,24.613689,0.052802,24.861271,0,0,0,0.0,0.0,0,0,0.0,0.0,5.714828,0.146761,13.023301,122.250707,33.614474,13.746556,188.496627,0,0,0,0.0,0.0,0.0,0.0,0.0,13605.342333,4097.606377,12176.265476,9624.575811,84912.20717,12653.725374,9553.511976,146623.234517,705.495187,0.015333,131.896464,283.821886,4417.977495,214.553697,1348.365304,7102.125366,8.373447,73008.668766,4420.021716,77437.063929,0.0,252.905555,320.273902,573.179457,0.0,0.0,0.0,7968.498142,0.0,0.0,0.0,7968.498142,24579.471587,17877.511752,63410.890386,58736.787419,145499.832981,173311.768494,17644.366543,501060.629162,2.15775,0.0,830.12893,8154.705636,5905.737449,863.956338,3186.533675,18943.219778,1954.80701,694.06983,9288.392911,36753.410131,29400.462392,205.305326,92.772255,78389.219855,0.0,0,0.0,3182.857572,2315.063274,7.833107,110.067811,5615.821764
2024-09-01,Monthly,Bank-bank Islam / Islamic Banks,0.0,0.0,0.0,0.0,0.194722,24.587175,0.052799,24.834696,0,0,0,0.0,0.0,0,0,0.0,0.0,5.729117,0.146761,13.026392,122.712171,33.662647,13.769447,189.046535,0,0,0,0.0,0.0,0.0,0.0,0.0,13162.712759,4320.012663,9755.221169,8365.553232,87218.997992,12561.736325,9482.758017,144866.992157,613.308087,0.015957,9.306561,239.5446,4170.980534,200.225146,1320.353111,6553.733996,10.4538,72907.382533,4428.326775,77346.163108,0.0,258.863936,298.859756,557.723692,0.0,0.0,0.0,7883.269664,0.0,0.0,0.0,7883.269664,26671.356114,16454.702407,63863.637292,57304.389367,140659.560848,172121.52591,17492.543876,494567.715814,2.0595,0.0,901.242496,9630.054039,8796.994617,828.56483,2913.817023,23072.732505,3124.889962,691.448038,7250.561552,39979.872572,27851.230767,301.449785,123.500564,79322.95324,0.0,0,0.0,3559.709915,2748.749443,22.605016,102.64511,6433.709484
2024-09-01,Monthly,Skim Perbankan Islam (SPI) / Islamic Banking Scheme (IBS),0.0,0.0,0.0,0.0,0.0,0.0,0.0,0.0,0,0,0,0.0,0.0,0,0,0.0,0.0,0.0,0.0,0.0,0.0,0.0,0.0,0.0,0,0,0,0.0,0.0,0.0,0.0,0.0,122.330048,0.0,558.208042,778.358847,1099.877847,6.309113,175.749513,2740.83341,0.0,0.0,94.246779,19.362579,35.640376,0.509141,41.135915,190.89479,0.0,122.180813,7.881893,130.062706,0.0,0.0,0.0,0.0,0.0,0.0,0.0,0.0,0.0,0.0,0.0,0.0,550.249657,453.350677,941.33286,1405.293547,1509.487309,3052.768933,432.568199,8345.051182,0.0,0.0,0.0,0.0,0.0,0.0,0.0,0.0,130.251096,0.0,879.454775,342.966874,495.618808,1.539752,1.1,1850.931305,0.0,0,0.0,0.0,0.0,0.0,0.0,0.0
2024-09-01,Monthly,Jumlah/ Total,0.0,0.0,0.0,0.0,0.194722,24.587175,0.052799,24.834696,0,0,0,0.0,0.0,0,0,0.0,0.0,5.729117,0.146761,13.026392,122.712171,33.662647,13.769447,189.046535,0,0,0,0.0,0.0,0.0,0.0,0.0,13285.042807,4320.012663,10313.429211,9143.912079,88318.875839,12568.045438,9658.50753,147607.825567,613.308087,0.015957,103.55334,258.907179,4206.62091,200.734287,1361.489026,6744.628786,10.4538,73029.563346,4436.208668,77476.225814,0.0,258.863936,298.859756,557.723692,0.0,0.0,0.0,7883.269664,0.0,0.0,0.0,7883.269664,27221.605771,16908.053084,64804.970152,58709.682914,142169.048157,175174.294843,17925.112075,502912.766996,2.0595,0.0,901.242496,9630.054039,8796.994617,828.56483,2913.817023,23072.732505,3255.141058,691.448038,8130.016327,40322.839446,28346.849575,302.989537,124.600564,81173.884545,0.0,0,0.0,3559.709915,2748.749443,22.605016,102.64511,6433.709484
2024-10-01,Monthly,Bank-bank Islam / Islamic Banks,0.0,0.0,0.0,0.0,0.196002,24.720655,0.053321,24.969978,0,0,0,0.0,0.0,0,0,0.0,0.0,5.744138,0.146761,10.38285,123.223239,33.462608,13.727067,186.686663,0,0,0,0.0,0.0,0.0,0.0,0.0,12218.759778,4474.470798,8330.772794,8544.597646,87393.937683,12445.938506,9238.928671,142647.405876,669.229968,0.02188,117.540982,226.930395,4411.625774,188.195356,1170.517778,6784.062133,7.9999,72543.217388,4514.190201,77065.407489,0.0,267.154236,300.435238,567.589474,0.0,0.0,0.0,8271.864411,0.0,0.0,0.0,8271.864411,22373.402066,15669.708463,63893.646777,61731.223176,141317.229476,174755.656809,17431.254816,497172.121583,2.1895,0.0,1505.234572,9563.657716,10166.775852,912.167213,3163.489225,25313.514078,1519.631499,925.830581,7497.843721,39155.419936,28974.116382,226.826911,93.521895,78393.190925,0.0,0,0.0,3627.066106,2645.348342,22.236261,102.686911,6397.33762
2024-10-01,Monthly,Skim Perbankan Islam (SPI) / Islamic Banking Scheme (IBS),0.0,0.0,0.0,0.0,0.0,0.0,0.0,0.0,0,0,0,0.0,0.0,0,0,0.0,0.0,0.0,0.0,0.0,0.0,0.0,0.0,0.0,0,0,0,0.0,0.0,0.0,0.0,0.0,111.484136,0.0,421.054846,809.691019,1041.587829,6.879383,205.027708,2595.724921,0.0,0.0,115.172443,19.517705,51.020191,0.660506,52.764368,239.135213,0.0,121.747173,7.691622,129.438795,0.0,0.0,0.0,0.0,0.0,0.0,0.0,0.0,0.0,0.0,0.0,0.0,490.012298,504.786506,749.37705,1479.440291,1564.81175,3000.246657,432.496493,8221.171045,0.0,0.0,0.0,0.0,0.0,0.0,0.0,0.0,130.086288,0.0,673.848612,315.780621,786.852808,1.544325,8.1,1916.212654,0.0,0,0.0,0.0,0.0,0.0,0.0,0.0
2024-10-01,Monthly,Jumlah/ Total,0.0,0.0,0.0,0.0,0.196002,24.720655,0.053321,24.969978,0,0,0,0.0,0.0,0,0,0.0,0.0,5.744138,0.146761,10.38285,123.223239,33.462608,13.727067,186.686663,0,0,0,0.0,0.0,0.0,0.0,0.0,12330.243914,4474.470798,8751.82764,9354.288665,88435.525512,12452.817889,9443.956379,145243.130797,669.229968,0.02188,232.713425,246.4481,4462.645965,188.855862,1223.282146,7023.197346,7.9999,72664.964561,4521.881823,77194.846284,0.0,267.154236,300.435238,567.589474,0.0,0.0,0.0,8271.864411,0.0,0.0,0.0,8271.864411,22863.414364,16174.494969,64643.023827,63210.663467,142882.041226,177755.903466,17863.751309,505393.292628,2.1895,0.0,1505.234572,9563.657716,10166.775852,912.167213,3163.489225,25313.514078,1649.717787,925.830581,8171.692333,39471.200557,29760.96919,228.371236,101.621895,80309.403579,0.0,0,0.0,3627.066106,2645.348342,22.236261,102.686911,6397.33762
2024-11-01,Monthly,Bank-bank Islam / Islamic Banks,0.0,0.0,0.0,0.0,0.195943,24.639609,0.053317,24.888869,0,0,0,0.0,0.0,0,0,0.0,0.0,5.758485,0.146761,10.377146,124.237742,33.33937,13.744854,187.604358,0,0,0,0.0,0.0,0.0,0.0,0.0,15626.64037,5623.429863,10845.199896,8329.204172,92665.240211,12664.359405,9625.762685,155379.836602,688.640701,0.022181,237.246762,311.897868,4519.572965,190.864813,1237.696234,7185.941524,10.531543,72700.78512,4651.116842,77362.433505,0.0,274.875529,340.214733,615.090262,0.0,0.0,0.0,9683.933984,0.0,0.0,0.0,9683.933984,21010.02179,14241.487482,66147.746746,63544.319015,139069.075232,177051.726666,17175.328406,498239.705337,0.0,0.0,1304.606077,8113.982304,12431.082328,944.945479,2277.41603,25072.032218,1534.230641,855.930849,7248.928885,39507.891985,28381.16662,229.923886,114.352057,77872.424923,0.0,0,0.0,2600.935214,4789.922223,23.864083,102.681109,7517.402629
2024-11-01,Monthly,Skim Perbankan Islam (SPI) / Islamic Banking Scheme (IBS),0.0,0.0,0.0,0.0,0.0,0.0,0.0,0.0,0,0,0,0.0,0.0,0,0,0.0,0.0,0.0,0.0,0.0,0.0,0.0,0.0,0.0,0,0,0,0.0,0.0,0.0,0.0,0.0,107.322233,0.0,438.525025,774.449693,1047.666007,5.92111,177.58704,2551.471108,0.0,0.0,100.742169,16.449608,44.383711,0.600803,44.327886,206.504177,0.0,118.596703,7.717123,126.313826,0.0,0.0,0.0,0.0,0.0,0.0,0.0,0.0,0.0,0.0,0.0,0.0,381.891774,382.995051,1329.632197,2027.484199,1738.591564,2869.104932,427.639263,9157.33898,0.0,0.0,0.0,0.0,0.0,0.0,0.0,0.0,0.0,0.0,117.913989,141.20323,219.061673,1.548751,21.3,501.027643,0.0,0,0.0,0.0,0.0,0.0,0.0,0.0
2024-11-01,Monthly,Jumlah/ Total,0.0,0.0,0.0,0.0,0.195943,24.639609,0.053317,24.888869,0,0,0,0.0,0.0,0,0,0.0,0.0,5.758485,0.146761,10.377146,124.237742,33.33937,13.744854,187.604358,0,0,0,0.0,0.0,0.0,0.0,0.0,15733.962603,5623.429863,11283.724921,9103.653865,93712.906218,12670.280515,9803.349725,157931.30771,688.640701,0.022181,337.988931,328.347476,4563.956676,191.465616,1282.02412,7392.445701,10.531543,72819.381823,4658.833965,77488.747331,0.0,274.875529,340.214733,615.090262,0.0,0.0,0.0,9683.933984,0.0,0.0,0.0,9683.933984,21391.913564,14624.482533,67477.378943,65571.803214,140807.666796,179920.831598,17602.967669,507397.044317,0.0,0.0,1304.606077,8113.982304,12431.082328,944.945479,2277.41603,25072.032218,1534.230641,855.930849,7366.842874,39649.095215,28600.228293,231.472637,135.652057,78373.452566,0.0,0,0.0,2600.935214,4789.922223,23.864083,102.681109,7517.402629
2024-12-01,Monthly,Bank-bank Islam / Islamic Banks,0.0,0.0,0.0,0.0,0.195878,24.46641,0.09009,24.752378,0,0,0,0.0,0.0,0,0,0.0,0.0,5.773381,0.146761,10.381355,117.321393,32.289542,13.757869,179.670301,0,0,0,0.0,0.0,0.0,0.0,0.0,10845.186562,3884.484656,10790.79618,8950.550892,95905.602628,13189.391483,10332.67544,153898.687841,32.284895,0.022343,40.162219,333.757049,4875.132159,229.101367,1512.082184,7022.542216,9.739275,73976.154038,4750.490511,78736.383824,0.0,293.800032,352.177507,645.977539,0.0,0.0,0.0,9291.254397,0.0,0.0,0.0,9291.254397,21285.58927,13103.570145,68424.733693,63921.194665,136825.851525,182112.727443,17360.675385,503034.342126,97.02494,0.0,523.155662,7105.274681,15445.006657,990.878136,2278.099382,26439.439458,2096.330456,802.656663,5904.993761,39093.957638,26333.904933,176.812522,99.166017,74507.82199,0.0,0,0.0,1742.468216,6939.998789,3.790975,1248.514146,9934.772126
2024-12-01,Monthly,Skim Perbankan Islam (SPI) / Islamic Banking Scheme (IBS),0.0,0.0,0.0,0.0,0.0,0.0,0.0,0.0,0,0,0,0.0,0.0,0,0,0.0,0.0,0.0,0.0,0.0,0.0,0.0,0.0,0.0,0,0,0,0.0,0.0,0.0,0.0,0.0,101.109713,0.0,483.410043,962.975155,1186.403078,5.80801,178.077417,2917.783416,0.0,0.0,16.326663,28.233048,25.118035,0.688488,45.044239,115.410473,0.0,118.961004,8.49533,127.456334,0.0,0.0,0.0,0.0,0.0,0.0,0.0,0.0,0.0,0.0,0.0,0.0,346.080039,383.575863,1134.14897,1842.913089,2205.435043,2689.349998,428.231015,9029.734017,0.0,0.0,0.0,0.0,0.0,0.0,0.0,0.0,0.0,0.0,18.447926,530.669217,9.622644,0.0,124.76,683.499787,0.0,0,0.0,0.0,0.0,0.0,0.0,0.0
2024-12-01,Monthly,Jumlah/ Total,0.0,0.0,0.0,0.0,0.195878,24.46641,0.09009,24.752378,0,0,0,0.0,0.0,0,0,0.0,0.0,5.773381,0.146761,10.381355,117.321393,32.289542,13.757869,179.670301,0,0,0,0.0,0.0,0.0,0.0,0.0,10946.296275,3884.484656,11274.206223,9913.526047,97092.005706,13195.199493,10510.752857,156816.471257,32.284895,0.022343,56.488882,361.990097,4900.250194,229.789855,1557.126423,7137.952689,9.739275,74095.115042,4758.985841,78863.840158,0.0,293.800032,352.177507,645.977539,0.0,0.0,0.0,9291.254397,0.0,0.0,0.0,9291.254397,21631.669309,13487.146008,69558.882663,65764.107754,139031.286568,184802.077441,17788.9064,512064.076143,97.02494,0.0,523.155662,7105.274681,15445.006657,990.878136,2278.099382,26439.439458,2096.330456,802.656663,5923.441687,39624.626855,26343.527577,176.812522,223.926017,75191.321777,0.0,0,0.0,1742.468216,6939.998789,3.790975,1248.514146,9934.772126
2025-01-01,Monthly,Bank-bank Islam / Islamic Banks,0.0,0.0,0.0,0.0,0.197193,24.514785,0.090701,24.802679,0,0,0,0.0,0.0,0,0,0.0,0.0,5.788253,0.146761,10.384454,115.099457,31.75683,13.702318,176.878073,0,0,0,0.0,0.0,0.0,0.0,0.0,15631.326076,4334.949537,11225.8446,8274.697536,91403.697095,13005.043934,10602.089398,154477.648176,34.541189,0.022243,60.542822,472.382424,5231.404947,219.446685,1198.870743,7217.211053,7.414321,74658.184926,4687.87487,79353.474117,0.0,295.123503,345.780564,640.904067,0.0,0.0,0.0,8762.356245,0.0,0.0,0.0,8762.356245,19738.030428,13404.210796,67531.936334,66279.795999,135161.515205,182436.213317,17980.628257,502532.330336,96.4233,0.0,958.389029,8307.035643,13969.129648,956.510097,1948.216392,26235.704109,2391.576909,803.534918,5896.422487,38273.799395,27056.396111,259.998142,187.297987,74869.025949,0.0,0,0.0,1408.987734,6552.17642,36.240187,1239.377143,9236.781484
2025-01-01,Monthly,Skim Perbankan Islam (SPI) / Islamic Banking Scheme (IBS),0.0,0.0,0.0,0.0,0.0,0.0,0.0,0.0,0,0,0,0.0,0.0,0,0,0.0,0.0,0.0,0.0,0.0,0.0,0.0,0.0,0.0,0,0,0,0.0,0.0,0.0,0.0,0.0,134.501906,0.0,404.793494,861.355819,1068.148947,5.106131,197.951764,2671.858061,0.0,0.0,68.513466,39.3081,36.875092,0.706592,44.300922,189.704172,0.0,123.547594,7.942726,131.49032,0.0,0.0,0.0,0.0,0.0,0.0,0.0,0.0,0.0,0.0,0.0,0.0,354.290115,297.525379,1098.414184,1997.522609,1979.998588,2350.895966,409.461282,8488.108123,0.0,0.0,0.0,0.0,0.0,0.0,0.0,0.0,0.0,0.0,0.0,680.52539,3.2,0.0,0.0,683.72539,0.0,0,0.0,0.0,0.0,0.0,0.0,0.0
2025-01-01,Monthly,Jumlah/ Total,0.0,0.0,0.0,0.0,0.197193,24.514785,0.090701,24.802679,0,0,0,0.0,0.0,0,0,0.0,0.0,5.788253,0.146761,10.384454,115.099457,31.75683,13.702318,176.878073,0,0,0,0.0,0.0,0.0,0.0,0.0,15765.827982,4334.949537,11630.638094,9136.053355,92471.846042,13010.150065,10800.041162,157149.506237,34.541189,0.022243,129.056288,511.690524,5268.280039,220.153277,1243.171665,7406.915225,7.414321,74781.73252,4695.817596,79484.964437,0.0,295.123503,345.780564,640.904067,0.0,0.0,0.0,8762.356245,0.0,0.0,0.0,8762.356245,20092.320543,13701.736175,68630.350518,68277.318608,137141.513793,184787.109283,18390.089539,511020.438459,96.4233,0.0,958.389029,8307.035643,13969.129648,956.510097,1948.216392,26235.704109,2391.576909,803.534918,5896.422487,38954.324785,27059.596111,259.998142,187.297987,75552.751339,0.0,0,0.0,1408.987734,6552.17642,36.240187,1239.377143,9236.781484
2025-02-01,Monthly,Bank-bank Islam / Islamic Banks,0.0,0.0,0.0,0.0,0.197148,24.432761,0.090697,24.720606,0,0,0,0.0,0.0,0,0,0.0,0.0,5.801694,0.146761,10.39073,115.480034,31.428574,13.716735,176.964528,0,0,0,0.0,0.0,0.0,0.0,0.0,20849.30474,5239.797727,11902.91052,8724.73065,90886.52218,13165.328578,10519.09664,161287.691035,38.758929,0.025228,73.027748,310.383375,4324.92492,210.061668,1228.550733,6185.732601,7.801599,75349.078278,4857.811722,80214.691599,0.0,292.666173,354.27295,646.939123,0.0,0.0,0.0,10628.862121,0.0,0.0,0.0,10628.862121,24575.671905,15075.308967,66733.797806,63125.430784,134137.979193,183200.459851,18009.575417,504858.223923,96.6931,0.0,1142.41574,8618.621874,17532.75753,887.810688,1563.812687,29842.111619,2115.98643,956.82838,6079.306329,37269.781075,26990.628282,314.280117,184.832726,73911.643339,0.0,0,0.0,1426.047451,4560.112336,45.581935,428.267857,6460.009579
2025-02-01,Monthly,Skim Perbankan Islam (SPI) / Islamic Banking Scheme (IBS),0.0,0.0,0.0,0.0,0.0,0.0,0.0,0.0,0,0,0,0.0,0.0,0,0,0.0,0.0,0.0,0.0,0.0,0.0,0.0,0.0,0.0,0,0,0,0.0,0.0,0.0,0.0,0.0,146.243795,0.0,436.691937,728.428555,1120.551227,6.945708,108.254467,2547.115689,0.0,0.0,309.102701,80.920988,34.969063,0.572764,44.704141,470.269657,0.0,135.339045,8.378745,143.71779,0.0,0.0,0.0,0.0,0.0,0.0,0.0,0.0,0.0,0.0,0.0,0.0,515.334845,293.206265,1370.209797,1972.661815,1597.121146,2092.548323,401.088448,8242.170639,0.0,0.0,0.0,0.0,0.0,0.0,0.0,0.0,0.0,0.0,0.0,918.125127,0.0,0.0,1.0,919.125127,0.0,0,0.0,0.0,0.0,0.0,0.0,0.0
2025-02-01,Monthly,Jumlah/ Total,0.0,0.0,0.0,0.0,0.197148,24.432761,0.090697,24.720606,0,0,0,0.0,0.0,0,0,0.0,0.0,5.801694,0.146761,10.39073,115.480034,31.428574,13.716735,176.964528,0,0,0,0.0,0.0,0.0,0.0,0.0,20995.548535,5239.797727,12339.602457,9453.159205,92007.073407,13172.274286,10627.351107,163834.806724,38.758929,0.025228,382.130449,391.304363,4359.893983,210.634432,1273.254874,6656.002258,7.801599,75484.417323,4866.190467,80358.409389,0.0,292.666173,354.27295,646.939123,0.0,0.0,0.0,10628.862121,0.0,0.0,0.0,10628.862121,25091.00675,15368.515232,68104.007603,65098.092599,135735.100339,185293.008174,18410.663865,513100.394562,96.6931,0.0,1142.41574,8618.621874,17532.75753,887.810688,1563.812687,29842.111619,2115.98643,956.82838,6079.306329,38187.906202,26990.628282,314.280117,185.832726,74830.768466,0.0,0,0.0,1426.047451,4560.112336,45.581935,428.267857,6460.009579
2025-03-01,Monthly,Bank-bank Islam / Islamic Banks,0.0,0.0,0.0,0.0,0.197104,24.404384,0.090694,24.692182,0,0,0,0.0,0.0,0,0,0.0,0.0,5.81659,0.146761,10.396147,113.994552,31.315137,13.730013,175.3992,0,0,0,0.0,0.0,0.0,0.0,0.0,12785.451577,5534.874136,10606.496703,9533.300125,92170.958752,12955.278405,10372.318733,153958.678431,2268.865897,0.026464,21.884958,334.365934,4803.915815,209.273977,1217.707891,8856.040936,12.104794,76176.138714,4920.685449,81108.928957,1.805452,275.641197,348.912515,626.359164,0.0,0.0,0.0,11784.066491,0.0,0.0,0.0,11784.066491,25261.475089,16604.544626,67338.842234,58262.842085,140783.794037,184681.966359,18056.574882,510990.039312,96.205,0.0,525.966784,8533.150226,12479.520055,922.203375,2212.303498,24769.348938,2339.249657,929.663236,6191.736068,37173.666337,27628.038081,207.542731,171.123193,74641.019303,0.0,0,0.0,1313.23473,2480.768012,32.775368,405.270995,4232.049105
2025-03-01,Monthly,Skim Perbankan Islam (SPI) / Islamic Banking Scheme (IBS),0.0,0.0,0.0,0.0,0.0,0.0,0.0,0.0,0,0,0,0.0,0.0,0,0,0.0,0.0,0.0,0.0,0.0,0.0,0.0,0.0,0.0,0,0,0,0.0,0.0,0.0,0.0,0.0,141.167783,0.0,409.24545,765.940719,1459.725842,4.878669,122.359259,2903.317722,0.0,0.0,278.976876,42.264339,41.42645,0.586624,45.951925,409.206214,0.0,132.112092,8.133792,140.245884,0.0,0.0,0.0,0.0,0.0,0.0,0.0,0.0,0.0,0.0,0.0,0.0,623.948394,345.826007,1148.513478,1963.091232,1562.778201,2081.260949,408.292746,8133.711007,0.0,0.0,0.0,0.0,0.0,0.0,0.0,0.0,0.0,0.0,0.0,1474.33601,0.75,0.0,0.9,1475.98601,0.0,0,0.0,0.0,0.0,0.0,0.0,0.0
2025-03-01,Monthly,Jumlah/ Total,0.0,0.0,0.0,0.0,0.197104,24.404384,0.090694,24.692182,0,0,0,0.0,0.0,0,0,0.0,0.0,5.81659,0.146761,10.396147,113.994552,31.315137,13.730013,175.3992,0,0,0,0.0,0.0,0.0,0.0,0.0,12926.61936,5534.874136,11015.742153,10299.240844,93630.684594,12960.157074,10494.677992,156861.996153,2268.865897,0.026464,300.861834,376.630273,4845.342265,209.860601,1263.659816,9265.24715,12.104794,76308.250806,4928.819241,81249.174841,1.805452,275.641197,348.912515,626.359164,0.0,0.0,0.0,11784.066491,0.0,0.0,0.0,11784.066491,25885.423483,16950.370633,68487.355712,60225.933317,142346.572238,186763.227308,18464.867628,519123.750319,96.205,0.0,525.966784,8533.150226,12479.520055,922.203375,2212.303498,24769.348938,2339.249657,929.663236,6191.736068,38648.002347,27628.788081,207.542731,172.023193,76117.005313,0.0,0,0.0,1313.23473,2480.768012,32.775368,405.270995,4232.049105
2025-04-01,Monthly,Bank-bank Islam / Islamic Banks,0.0,0.0,0.0,0.0,0.198398,24.574836,0.091288,24.864522,0,0,0,0.0,0.0,0,0,0.0,0.0,5.831084,0.146761,10.318269,114.249576,30.860832,13.729574,175.136096,0,0,0,0.0,0.0,0.0,0.0,0.0,16569.159585,5241.500027,10024.83451,9197.035236,90217.679133,12994.027069,10551.504623,154795.740183,46.422266,0.025747,22.203503,297.791631,4805.470341,222.379,1247.780151,6642.072639,9.405008,75355.296406,4900.487802,80265.189216,0.942926,274.01856,318.270777,593.232263,0.0,0.0,0.0,10303.947813,0.0,0.0,0.0,10303.947813,24730.362014,17047.136177,65413.718576,56295.587292,141143.067019,186136.7629,18831.154829,509597.788807,93.58836,0.0,1359.42803,10558.311885,16877.229525,939.309748,2392.529492,32220.39704,2342.133262,884.291631,6213.258509,37508.929341,27607.421764,218.316053,180.734404,74955.084964,0.0,0,0.0,1472.165353,2513.915865,10.816968,302.449211,4299.347397
2025-04-01,Monthly,Skim Perbankan Islam (SPI) / Islamic Banking Scheme (IBS),0.0,0.0,0.0,0.0,0.0,0.0,0.0,0.0,0,0,0,0.0,0.0,0,0,0.0,0.0,0.0,0.0,0.0,0.0,0.0,0.0,0.0,0,0,0,0.0,0.0,0.0,0.0,0.0,129.73613,0.0,203.41615,1140.451665,1265.790785,4.957192,119.223549,2863.575471,0.0,0.0,193.311566,41.27295,29.957017,0.527496,46.539405,311.608434,0.0,131.359,8.325905,139.684905,0.0,0.0,0.0,0.0,0.0,0.0,0.0,0.0,0.0,0.0,0.0,0.0,619.258555,345.446642,1127.840469,2042.37811,1708.983676,2067.392134,428.132534,8339.43212,0.0,0.0,0.0,0.0,0.0,0.0,0.0,0.0,0.0,0.0,0.0,1543.685222,21.3,0.0,5.5,1570.485222,0.0,0,0.0,0.0,0.0,0.0,0.0,0.0
2025-04-01,Monthly,Jumlah/ Total,0.0,0.0,0.0,0.0,0.198398,24.574836,0.091288,24.864522,0,0,0,0.0,0.0,0,0,0.0,0.0,5.831084,0.146761,10.318269,114.249576,30.860832,13.729574,175.136096,0,0,0,0.0,0.0,0.0,0.0,0.0,16698.895715,5241.500027,10228.25066,10337.486901,91483.469918,12998.984261,10670.728172,157659.315654,46.422266,0.025747,215.515069,339.064581,4835.427358,222.906496,1294.319556,6953.681073,9.405008,75486.655406,4908.813707,80404.874121,0.942926,274.01856,318.270777,593.232263,0.0,0.0,0.0,10303.947813,0.0,0.0,0.0,10303.947813,25349.620569,17392.582819,66541.559045,58337.965402,142852.050695,188204.155034,19259.287363,517937.220927,93.58836,0.0,1359.42803,10558.311885,16877.229525,939.309748,2392.529492,32220.39704,2342.133262,884.291631,6213.258509,39052.614563,27628.721764,218.316053,186.234404,76525.570186,0.0,0,0.0,1472.165353,2513.915865,10.816968,302.449211,4299.347397
2025-05-01,Monthly,Bank-bank Islam / Islamic Banks,0.0,0.0,0.0,0.0,0.198365,24.549608,0.091292,24.839265,0,0,0,0.0,0.0,0,0,0.0,0.0,5.846091,0.146761,10.320817,114.534836,30.824539,13.730334,175.403378,0,0,0,0.0,0.0,0.0,0.0,0.0,15313.003553,5440.820582,11688.313127,9026.215725,88352.737943,13595.977722,10634.570483,154051.639135,48.170895,0.025357,50.607025,319.528906,5284.081591,229.993058,1282.82042,7215.227252,10.418408,73915.817344,4807.033393,78733.269145,0.527385,283.16523,334.055994,617.748609,0.0,0.0,0.0,11855.784366,0.0,0.0,0.0,11855.784366,27004.547506,17793.925526,63531.710495,53780.496264,143792.005424,187835.536368,18935.911291,512674.132874,92.27612,0.0,1345.176429,9084.526832,20647.976338,936.225371,2053.822204,34160.003294,1980.652887,684.230701,5947.233426,37997.726445,26798.747976,191.527707,157.890176,73758.009318,0.0,0,0.0,1685.810942,2882.504722,5.162748,415.489236,4988.967648
2025-05-01,Monthly,Skim Perbankan Islam (SPI) / Islamic Banking Scheme (IBS),0.0,0.0,0.0,0.0,0.0,0.0,0.0,0.0,0,0,0,0.0,0.0,0,0,0.0,0.0,0.0,0.0,0.0,0.0,0.0,0.0,0.0,0,0,0,0.0,0.0,0.0,0.0,0.0,100.779485,0.0,1315.348736,671.680987,1327.134376,5.468823,129.182493,3549.5949,0.0,0.0,251.763427,56.550822,76.138519,0.605455,44.494581,429.552804,0.0,131.535225,8.515987,140.051212,0.0,0.0,0.0,0.0,0.0,0.0,0.0,0.0,0.0,0.0,0.0,0.0,707.607206,295.520358,1159.299387,1925.261589,1498.013704,2058.178542,430.699046,8074.579832,0.0,0.0,0.0,0.0,0.0,0.0,0.0,0.0,0.0,0.0,0.0,1637.982381,18.0,0.0,8.58,1664.562381,0.0,0,0.0,0.000425,0.0,0.0,0.0,0.000425
2025-05-01,Monthly,Jumlah/ Total,0.0,0.0,0.0,0.0,0.198365,24.549608,0.091292,24.839265,0,0,0,0.0,0.0,0,0,0.0,0.0,5.846091,0.146761,10.320817,114.534836,30.824539,13.730334,175.403378,0,0,0,0.0,0.0,0.0,0.0,0.0,15413.783038,5440.820582,13003.661863,9697.896712,89679.872319,13601.446545,10763.752976,157601.234035,48.170895,0.025357,302.370452,376.079728,5360.22011,230.598513,1327.315001,7644.780056,10.418408,74047.352569,4815.54938,78873.320357,0.527385,283.16523,334.055994,617.748609,0.0,0.0,0.0,11855.784366,0.0,0.0,0.0,11855.784366,27712.154712,18089.445884,64691.009882,55705.757853,145290.019128,189893.71491,19366.610337,520748.712706,92.27612,0.0,1345.176429,9084.526832,20647.976338,936.225371,2053.822204,34160.003294,1980.652887,684.230701,5947.233426,39635.708826,26816.747976,191.527707,166.470176,75422.571699,0.0,0,0.0,1685.811367,2882.504722,5.162748,415.489236,4988.968073
2025-06-01,Monthly,Bank-bank Islam / Islamic Banks,0.0,0.0,0.0,0.0,0.198332,24.498214,0.091291,24.787837,0,0,0,0.0,0.0,0,0,0.0,0.0,5.8607,0.0132,10.030384,111.670364,29.477164,13.545677,170.597489,0,0,0,0.0,0.0,0.0,0.0,0.0,15495.357157,5609.136625,12017.120582,9894.957993,94527.022319,13036.493376,10201.650618,160781.73867,48.573901,0.025152,30.583797,364.849682,4818.734262,250.522246,1223.692964,6736.982004,5.026392,74005.033642,4820.287448,78830.347482,0.110548,300.11319,333.54822,633.771958,0.0,0.0,0.0,11059.31528,0.0,0.0,0.0,11059.31528,29243.46953,17508.373407,59767.939611,52552.007898,143582.067673,189937.250354,18898.546237,511489.65471,91.3282,0.0,1079.951647,7596.168385,19985.295842,875.840758,2989.131824,32617.716656,1769.827724,901.09962,5613.877834,38433.142312,29030.012477,373.255475,198.521387,76319.736829,0.0,0,0.0,1900.237658,2906.878252,49.382315,396.637418,5253.135643
2025-06-01,Monthly,Skim Perbankan Islam (SPI) / Islamic Banking Scheme (IBS),0.0,0.0,0.0,0.0,0.0,0.0,0.0,0.0,0,0,0,0.0,0.0,0,0,0.0,0.0,0.0,0.0,0.0,0.0,0.0,0.0,0.0,0,0,0,0.0,0.0,0.0,0.0,0.0,103.073178,0.0,1286.052329,935.257345,1226.087427,5.996452,117.560016,3674.026747,0.0,0.0,273.786125,44.758325,95.902229,0.636481,50.440922,465.524082,0.0,130.86458,7.620813,138.485393,0.0,0.0,0.0,0.0,0.0,0.0,0.0,0.0,0.0,0.0,0.0,0.0,686.314556,290.934411,1001.393144,2056.809564,1076.474813,2015.167223,432.931719,7560.02543,0.0,0.0,0.0,0.0,0.0,0.0,0.0,0.0,0.0,0.0,0.0,1540.228698,0.0,0.0,37.969983,1578.198681,0.0,0,0.0,0.459769,0.0,0.0,0.0,0.459769
2025-06-01,Monthly,Jumlah/ Total,0.0,0.0,0.0,0.0,0.198332,24.498214,0.091291,24.787837,0,0,0,0.0,0.0,0,0,0.0,0.0,5.8607,0.0132,10.030384,111.670364,29.477164,13.545677,170.597489,0,0,0,0.0,0.0,0.0,0.0,0.0,15598.430335,5609.136625,13303.172911,10830.215338,95753.109746,13042.489828,10319.210634,164455.765417,48.573901,0.025152,304.369922,409.608007,4914.636491,251.158727,1274.133886,7202.506086,5.026392,74135.898222,4827.908261,78968.832875,0.110548,300.11319,333.54822,633.771958,0.0,0.0,0.0,11059.31528,0.0,0.0,0.0,11059.31528,29929.784086,17799.307818,60769.332755,54608.817462,144658.542486,191952.417577,19331.477956,519049.68014,91.3282,0.0,1079.951647,7596.168385,19985.295842,875.840758,2989.131824,32617.716656,1769.827724,901.09962,5613.877834,39973.37101,29030.012477,373.255475,236.49137,77897.93551,0.0,0,0.0,1900.697427,2906.878252,49.382315,396.637418,5253.595412
2025-07-01,Monthly,Bank-bank Islam / Islamic Banks,0.0,0.0,0.0,0.0,0.199902,24.61466,0.091909,24.906471,0,0,0,0.0,0.0,0,0,0.0,0.0,5.875887,0.0132,9.984846,111.695641,28.636678,13.613661,169.819913,0,0,0,0.0,0.0,0.0,0.0,0.0,17757.769646,4672.850188,16286.420347,9640.759558,95290.905473,12834.182254,10227.158511,166710.045977,49.659008,0.025413,33.433413,276.913511,4893.230203,231.190148,1306.075468,6790.527164,8.010525,74049.119756,4877.952907,78935.083188,1.829478,327.844344,346.483923,676.157745,0.0,0.0,0.0,10484.794127,0.0,0.0,0.0,10484.794127,32171.046488,16900.731292,56729.849945,56158.356094,141126.008609,189560.175464,19712.941274,512359.109166,92.41764,0.0,1265.676287,7138.045394,21026.136163,939.762283,3587.50681,34049.544577,1941.437417,665.891732,5652.099676,37665.405784,32097.847308,232.403713,178.534336,78433.619966,0.0,0,0.0,1837.159023,3608.408216,5.764546,370.895259,5822.227044
2025-07-01,Monthly,Skim Perbankan Islam (SPI) / Islamic Banking Scheme (IBS),0.0,0.0,0.0,0.0,0.0,0.0,0.0,0.0,0,0,0,0.0,0.0,0,0,0.0,0.0,0.0,0.0,0.0,0.0,0.0,0.0,0.0,0,0,0,0.0,0.0,0.0,0.0,0.0,115.618765,0.0,1126.934859,770.77388,1522.455273,7.903015,122.207613,3665.893405,0.0,0.0,285.554114,36.009833,83.056946,0.619976,55.793521,461.03439,0.0,134.710754,8.40176,143.112514,0.0,0.0,0.0,0.0,0.0,0.0,0.0,0.0,0.0,0.0,0.0,0.0,768.918396,215.56399,1071.535389,2007.563024,1356.845802,2685.142281,453.784586,8559.353468,0.0,0.0,0.0,0.0,0.0,0.0,0.0,0.0,0.0,0.0,0.0,763.318523,7.5,0.0,4.25,775.068523,0.0,0,0.0,2.168224,0.0,0.0,0.0,2.168224
2025-07-01,Monthly,Jumlah/ Total,0.0,0.0,0.0,0.0,0.199902,24.61466,0.091909,24.906471,0,0,0,0.0,0.0,0,0,0.0,0.0,5.875887,0.0132,9.984846,111.695641,28.636678,13.613661,169.819913,0,0,0,0.0,0.0,0.0,0.0,0.0,17873.388411,4672.850188,17413.355206,10411.533438,96813.360746,12842.085269,10349.366124,170375.939382,49.659008,0.025413,318.987527,312.923344,4976.287149,231.810124,1361.868989,7251.561554,8.010525,74183.83051,4886.354667,79078.195702,1.829478,327.844344,346.483923,676.157745,0.0,0.0,0.0,10484.794127,0.0,0.0,0.0,10484.794127,32939.964884,17116.295282,57801.385334,58165.919118,142482.854411,192245.317745,20166.72586,520918.462634,92.41764,0.0,1265.676287,7138.045394,21026.136163,939.762283,3587.50681,34049.544577,1941.437417,665.891732,5652.099676,38428.724307,32105.347308,232.403713,182.784336,79208.688489,0.0,0,0.0,1839.327247,3608.408216,5.764546,370.895259,5824.395268
2025-08-01,Monthly,Bank-bank Islam / Islamic Banks,0.0,0.0,0.0,0.0,0.199631,24.594095,0.091893,24.885619,0,0,0,0.0,0.0,0,0,0.0,0.0,5.891096,0.0132,9.990728,109.743522,28.485983,13.626731,167.75126,0,0,0,0.0,0.0,0.0,0.0,0.0,17551.970598,5352.787463,14093.131833,9688.165684,94311.972353,12765.219249,10603.09025,164366.33743,137.384652,0.027325,15.560617,290.732873,4011.603581,248.764521,1258.93182,5963.005389,8.31584,74131.675607,4834.056629,78974.048076,1.39591,342.620487,334.894677,678.911074,0.0,0.0,0.0,11505.365675,0.0,0.0,0.0,11505.365675,28980.215958,16768.523841,59735.247836,55677.521284,141097.789202,189576.056676,20082.977815,511918.332612,91.598,0.0,1217.253599,6643.880587,15540.612275,953.446447,3105.214227,27552.005135,3707.539221,670.991086,5997.843689,34028.211624,33500.360394,188.456236,130.805913,78224.208163,0.0,0,0.0,2280.678738,3587.522821,11.504716,343.48198,6223.188255
2025-08-01,Monthly,Skim Perbankan Islam (SPI) / Islamic Banking Scheme (IBS),0.0,0.0,0.0,0.0,0.0,0.0,0.0,0.0,0,0,0,0.0,0.0,0,0,0.0,0.0,0.0,0.0,0.0,0.0,0.0,0.0,0.0,0,0,0,0.0,0.0,0.0,0.0,0.0,104.678201,0.0,934.950236,647.132583,1053.301091,7.516941,115.230874,2862.809926,0.0,0.0,279.677403,39.976741,95.756094,0.522975,52.237907,468.17112,0.0,121.442051,8.708855,130.150906,0.0,0.0,0.0,0.0,0.0,0.0,0.0,0.0,0.0,0.0,0.0,0.0,602.267447,215.757651,1144.228371,2018.660503,1130.464455,2678.378951,449.401581,8239.158959,0.0,0.0,0.0,0.0,0.0,0.0,0.0,0.0,0.0,0.0,0.0,461.784065,26.0,0.0,0.7,488.484065,0.0,0,0.0,0.234344,0.0,0.0,0.0,0.234344
2025-08-01,Monthly,Jumlah/ Total,0.0,0.0,0.0,0.0,0.199631,24.594095,0.091893,24.885619,0,0,0,0.0,0.0,0,0,0.0,0.0,5.891096,0.0132,9.990728,109.743522,28.485983,13.626731,167.75126,0,0,0,0.0,0.0,0.0,0.0,0.0,17656.648799,5352.787463,15028.082069,10335.298267,95365.273444,12772.73619,10718.321124,167229.147356,137.384652,0.027325,295.23802,330.709614,4107.359675,249.287496,1311.169727,6431.176509,8.31584,74253.117658,4842.765484,79104.198982,1.39591,342.620487,334.894677,678.911074,0.0,0.0,0.0,11505.365675,0.0,0.0,0.0,11505.365675,29582.483405,16984.281492,60879.476207,57696.181787,142228.253657,192254.435627,20532.379396,520157.491571,91.598,0.0,1217.253599,6643.880587,15540.612275,953.446447,3105.214227,27552.005135,3707.539221,670.991086,5997.843689,34489.995689,33526.360394,188.456236,131.505913,78712.692228,0.0,0,0.0,2280.913082,3587.522821,11.504716,343.48198,6223.422599
2025-09-01,Monthly,Bank-bank Islam / Islamic Banks,0.0,0.0,0.0,0.0,0.199605,24.579538,0.09189,24.871033,0,0,0,0.0,0.0,0,0,0.0,0.0,5.905828,0.0132,9.99404,110.191508,28.276925,13.650807,168.032308,0,0,0,0.0,0.0,0.0,0.0,0.0,23254.321901,5081.369007,10935.549638,10391.374284,100455.701133,12905.821202,10381.616465,173405.75363,141.88565,336.867224,136.911204,295.01719,5157.716717,253.480246,1221.124276,7543.002507,8.862795,75088.15945,4929.019851,80026.042096,1.395197,334.746562,328.733169,664.874928,0.0,0.0,0.0,11481.601006,0.0,0.0,0.0,11481.601006,28138.275164,14409.505919,59053.582155,56909.711486,135329.570956,189314.019132,19824.559415,502979.224227,150.17794,0.0,1217.923823,6628.014316,19550.682094,1020.349119,3510.844584,32077.991876,4108.976444,611.297793,5961.923981,34738.898191,28394.821572,226.936183,65.387138,74108.241302,0.0,0,0.0,2253.836691,2668.717374,16.508606,296.650565,5235.713236
2025-09-01,Monthly,Skim Perbankan Islam (SPI) / Islamic Banking Scheme (IBS),0.0,0.0,0.0,0.0,0.0,0.0,0.0,0.0,0,0,0,0.0,0.0,0,0,0.0,0.0,0.0,0.0,0.0,0.0,0.0,0.0,0.0,0,0,0,0.0,0.0,0.0,0.0,0.0,87.394688,0.0,954.206408,610.063604,1158.240892,7.829376,126.462826,2944.197794,0.0,0.0,271.951863,47.373659,150.023025,0.416065,71.638568,541.40318,0.0,120.120656,8.354825,128.475481,0.0,0.0,0.0,0.0,0.0,0.0,0.0,0.0,0.0,0.0,0.0,0.0,547.429468,235.945112,1453.671935,2003.718597,1318.701403,2675.049064,429.517405,8664.032984,0.0,0.0,0.0,0.0,0.0,0.0,0.0,0.0,0.0,0.0,0.0,104.062063,0.0,0.0,0.0,104.062063,0.0,0,0.0,0.043408,0.0,0.0,0.0,0.043408
2025-09-01,Monthly,Jumlah/ Total,0.0,0.0,0.0,0.0,0.199605,24.579538,0.09189,24.871033,0,0,0,0.0,0.0,0,0,0.0,0.0,5.905828,0.0132,9.99404,110.191508,28.276925,13.650807,168.032308,0,0,0,0.0,0.0,0.0,0.0,0.0,23341.716589,5081.369007,11889.756046,11001.437888,101613.942025,12913.650578,10508.079291,176349.951424,141.88565,336.867224,408.863067,342.390849,5307.739742,253.896311,1292.762844,8084.405687,8.862795,75208.280106,4937.374676,80154.517577,1.395197,334.746562,328.733169,664.874928,0.0,0.0,0.0,11481.601006,0.0,0.0,0.0,11481.601006,28685.704632,14645.451031,60507.25409,58913.430083,136648.272359,191989.068196,20254.07682,511643.257211,150.17794,0.0,1217.923823,6628.014316,19550.682094,1020.349119,3510.844584,32077.991876,4108.976444,611.297793,5961.923981,34842.960254,28394.821572,226.936183,65.387138,74212.303365,0.0,0,0.0,2253.880099,2668.717374,16.508606,296.650565,5235.756644
2025-10-01,Monthly,Bank-bank Islam / Islamic Banks,0.0,0.0,0.0,0.0,0.200954,24.689563,0.092524,24.983041,0,0,0,0.0,0.0,0,0,0.0,0.0,5.921325,0.0132,9.687902,106.440796,27.665099,13.668733,163.397055,0,0,0,0.0,0.0,0.0,0.0,0.0,17595.579715,5228.341702,10336.461393,10746.927799,99622.867027,12649.534692,10743.323935,166923.036263,141.056572,334.94833,13.583735,555.725448,4789.743296,253.911089,1176.723748,7265.692218,9.336398,75352.39615,4978.982298,80340.714846,0.980875,326.021336,343.267917,670.270128,0.0,0.0,0.0,11846.144123,0.0,0.0,0.0,11846.144123,21638.724579,16047.464873,60274.716559,62946.413568,141180.691481,191054.811918,20398.021809,513540.844787,299.910615,0.0,1252.997054,5837.052046,18435.657303,1029.172863,3730.437881,30585.227762,1907.449969,762.533654,6101.929337,36377.224296,32179.05915,185.263481,59.310547,77572.770434,0.0,0,0.0,2287.262887,3284.222285,8.51984,343.935601,5923.940613
2025-10-01,Monthly,Skim Perbankan Islam (SPI) / Islamic Banking Scheme (IBS),0.0,0.0,0.0,0.0,0.0,0.0,0.0,0.0,0,0,0,0.0,0.0,0,0,0.0,0.0,0.0,0.0,0.0,0.0,0.0,0.0,0.0,0,0,0,0.0,0.0,0.0,0.0,0.0,70.886047,0.0,997.362184,514.264855,1225.288388,7.182821,110.502387,2925.486682,0.0,0.0,334.023613,40.204808,51.523721,0.41838,70.221865,496.392387,0.0,122.876421,7.595743,130.472164,0.0,0.0,0.0,0.0,0.0,0.0,0.0,0.0,0.0,0.0,0.0,0.0,536.944819,266.138958,1559.739031,2072.818207,1665.765167,2676.638006,429.913581,9207.957769,0.0,0.0,0.0,0.0,0.0,0.0,0.0,0.0,0.0,0.0,0.0,705.598595,0.0,0.0,12.0,717.598595,0.0,0,0.0,0.016243,0.0,0.0,0.0,0.016243
2025-10-01,Monthly,Jumlah/ Total,0.0,0.0,0.0,0.0,0.200954,24.689563,0.092524,24.983041,0,0,0,0.0,0.0,0,0,0.0,0.0,5.921325,0.0132,9.687902,106.440796,27.665099,13.668733,163.397055,0,0,0,0.0,0.0,0.0,0.0,0.0,17666.465762,5228.341702,11333.823577,11261.192654,100848.155415,12656.717513,10853.826322,169848.522945,141.056572,334.94833,347.607348,595.930256,4841.267017,254.329469,1246.945613,7762.084605,9.336398,75475.272571,4986.578041,80471.18701,0.980875,326.021336,343.267917,670.270128,0.0,0.0,0.0,11846.144123,0.0,0.0,0.0,11846.144123,22175.669398,16313.603831,61834.45559,65019.231775,142846.456648,193731.449924,20827.93539,522748.802556,299.910615,0.0,1252.997054,5837.052046,18435.657303,1029.172863,3730.437881,30585.227762,1907.449969,762.533654,6101.929337,37082.822891,32179.05915,185.263481,71.310547,78290.369029,0.0,0,0.0,2287.27913,3284.222285,8.51984,343.935601,5923.956856
2025-11-01,Monthly,Bank-bank Islam / Islamic Banks,0.0,0.0,0.0,0.0,0.200955,24.661103,0.092522,24.95458,0,0,0,0.0,0.0,0,0,0.0,0.0,5.936119,0.0132,9.448769,107.283089,27.99598,13.928738,164.605895,0,0,0,0.0,0.0,0.0,0.0,0.0,14109.623088,5309.853279,11994.546905,10017.246582,102653.477233,12578.44578,10897.063845,167560.256712,107.472016,330.513264,11.766891,244.024431,4576.116677,258.10029,1226.9822,6754.975769,9.615154,74616.970254,4835.630062,79462.21547,0.575557,346.226009,355.653277,702.454843,0.0,0.0,0.0,11029.602004,0.0,0.0,0.0,11029.602004,23016.591535,16035.323981,62523.224117,60993.260118,138381.190794,190739.926992,20481.592564,512171.110101,328.93249,0.0,1359.082835,4846.070308,20284.610466,1005.101007,3490.217751,31314.014857,2433.450097,715.65025,5911.294553,38084.718612,29501.058537,225.996537,133.635151,77005.803737,0.0,0,0.0,2518.850165,3168.534459,31.448558,284.330651,6003.163833
2025-11-01,Monthly,Skim Perbankan Islam (SPI) / Islamic Banking Scheme (IBS),0.0,0.0,0.0,0.0,0.0,0.0,0.0,0.0,0,0,0,0.0,0.0,0,0,0.0,0.0,0.0,0.0,0.0,0.0,0.0,0.0,0.0,0,0,0,0.0,0.0,0.0,0.0,0.0,90.978729,0.0,1016.2283,513.908208,1362.353361,8.445078,123.625072,3115.538748,0.0,0.0,329.524164,52.559362,36.202529,2.88413,44.955705,466.12589,0.0,120.26558,8.308399,128.573979,0.0,0.0,0.0,0.0,0.0,0.0,0.0,0.0,0.0,0.0,0.0,0.0,694.282877,215.713906,1305.821926,1990.056196,1282.960963,2663.204009,424.809525,8576.849402,0.0,0.0,0.0,0.0,0.0,0.0,0.0,0.0,0.0,0.0,0.0,780.909105,0.0,0.0,10.5,791.409105,0.0,0,0.0,0.016016,0.0,0.0,0.0,0.016016
2025-11-01,Monthly,Jumlah/ Total,0.0,0.0,0.0,0.0,0.200955,24.661103,0.092522,24.95458,0,0,0,0.0,0.0,0,0,0.0,0.0,5.936119,0.0132,9.448769,107.283089,27.99598,13.928738,164.605895,0,0,0,0.0,0.0,0.0,0.0,0.0,14200.601817,5309.853279,13010.775205,10531.15479,104015.830594,12586.890858,11020.688917,170675.79546,107.472016,330.513264,341.291055,296.583793,4612.319206,260.98442,1271.937905,7221.101659,9.615154,74737.235834,4843.938461,79590.789449,0.575557,346.226009,355.653277,702.454843,0.0,0.0,0.0,11029.602004,0.0,0.0,0.0,11029.602004,23710.874412,16251.037887,63829.046043,62983.316314,139664.151757,193403.131001,20906.402089,520747.959503,328.93249,0.0,1359.082835,4846.070308,20284.610466,1005.101007,3490.217751,31314.014857,2433.450097,715.65025,5911.294553,38865.627717,29501.058537,225.996537,144.135151,77797.212842,0.0,0,0.0,2518.866181,3168.534459,31.448558,284.330651,6003.179849
2025-12-01,Monthly,Bank-bank Islam / Islamic Banks,0.0,0.0,0.0,0.0,0.200846,24.627835,0.092517,24.921198,0,0,0,0.0,0.0,0,0,0.0,0.0,5.951478,0.0132,9.667946,106.040893,26.437991,13.61677,161.728278,0,0,0,0.0,0.0,0.0,0.0,0.0,11977.809577,4637.118558,10171.252032,11451.959321,112163.62319,12819.141641,10002.205503,173223.109822,107.530752,0.035052,91.76444,217.16945,4531.136286,281.670382,1228.822446,6458.128808,11.270498,76311.728353,5099.218924,81422.217775,0.181282,362.854619,379.61554,742.651441,0.0,0.0,0.0,11041.604388,0.0,0.0,0.0,11041.604388,21880.079784,13597.878622,62931.35748,66108.401775,135406.560403,190071.183647,20229.72148,510225.183191,425.30675,0.0,1268.887849,3948.722534,24605.143388,1026.194,3634.480885,34908.735406,2280.805027,811.689483,7725.775195,42486.419455,29047.637597,173.377658,128.050924,82653.755339,0.0,0,0.0,1431.500512,4055.397822,5.342702,153.142037,5645.383073
2025-12-01,Monthly,Skim Perbankan Islam (SPI) / Islamic Banking Scheme (IBS),0.0,0.0,0.0,0.0,0.0,0.0,0.0,0.0,0,0,0,0.0,0.0,0,0,0.0,0.0,0.0,0.0,0.0,0.0,0.0,0.0,0.0,0,0,0,0.0,0.0,0.0,0.0,0.0,68.462205,0.0,911.881618,619.785054,1255.088018,7.808289,325.293914,3188.319098,0.0,0.0,184.891476,33.632219,44.437702,0.51713,45.573346,309.051873,0.0,120.515897,7.969231,128.485128,0.0,0.0,0.0,0.0,0.0,0.0,0.0,0.0,0.0,0.0,0.0,0.0,245.12236,315.789685,1157.066699,2156.004187,1288.368139,3101.640355,439.965092,8703.956517,0.0,0.0,0.0,0.0,0.0,0.0,0.0,0.0,0.0,0.0,0.0,763.905754,0.0,0.0,0.0,763.905754,0.0,0,0.0,0.022257,0.0,0.0,0.0,0.022257
2025-12-01,Monthly,Jumlah/ Total,0.0,0.0,0.0,0.0,0.200846,24.627835,0.092517,24.921198,0,0,0,0.0,0.0,0,0,0.0,0.0,5.951478,0.0132,9.667946,106.040893,26.437991,13.61677,161.728278,0,0,0,0.0,0.0,0.0,0.0,0.0,12046.271782,4637.118558,11083.13365,12071.744375,113418.711208,12826.94993,10327.499417,176411.42892,107.530752,0.035052,276.655916,250.801669,4575.573988,282.187512,1274.395792,6767.180681,11.270498,76432.24425,5107.188155,81550.702903,0.181282,362.854619,379.61554,742.651441,0.0,0.0,0.0,11041.604388,0.0,0.0,0.0,11041.604388,22125.202144,13913.668307,64088.424179,68264.405962,136694.928542,193172.824002,20669.686572,518929.139708,425.30675,0.0,1268.887849,3948.722534,24605.143388,1026.194,3634.480885,34908.735406,2280.805027,811.689483,7725.775195,43250.325209,29047.637597,173.377658,128.050924,83417.661093,0.0,0,0.0,1431.522769,4055.397822,5.342702,153.142037,5645.40533
2026-01-01,Monthly,Bank-bank Islam / Islamic Banks,0.0,0.0,0.0,0.0,0.202229,24.580656,0.093147,24.876032,0,0,0,0.0,0.0,0,0,0.0,0.0,5.966809,0.0132,9.621094,106.339366,26.451216,13.629599,162.021284,0,0,0,0.0,0.0,0.0,0.0,0.0,16931.227905,5634.313833,10087.889286,10668.417844,106787.843976,12480.230876,11583.305132,174173.228852,106.690592,0.03705,12.072317,297.19924,4789.684998,290.700043,1086.523128,6582.907368,12.287711,76588.972355,5074.962347,81676.222413,0.452598,326.278437,337.175733,663.906768,0.0,0.0,0.0,12069.78989,0.0,0.0,0.0,12069.78989,20268.760952,13442.885437,59664.143507,65890.486608,137284.239836,188524.954732,20427.309142,505502.780214,487.606581,0.0,1789.311114,3843.855004,22004.657535,967.253568,7904.773565,36997.457367,2381.288124,577.875653,9387.24834,43436.372998,31412.310272,228.885879,210.866526,87634.847792,0.0,0,0.0,1058.701868,3397.619993,13.473844,178.794155,4648.58986
2026-01-01,Monthly,Skim Perbankan Islam (SPI) / Islamic Banking Scheme (IBS),0.0,0.0,0.0,0.0,0.0,0.0,0.0,0.0,0,0,0,0.0,0.0,0,0,0.0,0.0,0.0,0.0,0.0,0.0,0.0,0.0,0.0,0,0,0,0.0,0.0,0.0,0.0,0.0,71.097137,0.0,798.61732,730.191543,1086.177557,6.154537,171.523987,2863.762081,0.0,0.0,344.602142,59.48371,34.198937,0.520659,51.233653,490.039101,0.0,122.43433,7.907474,130.341804,0.0,0.0,0.0,0.0,0.0,0.0,0.0,0.0,0.0,0.0,0.0,0.0,388.978248,419.533352,1332.888815,2227.737891,1177.572739,3275.938298,453.468484,9276.117827,0.0,0.0,0.0,0.0,0.0,0.0,0.0,0.0,0.0,0.0,0.0,771.019116,10.0,0.0,11.0,792.019116,0.0,0,0.0,0.011787,0.0,0.0,0.0,0.011787
2026-01-01,Monthly,Jumlah/ Total,0.0,0.0,0.0,0.0,0.202229,24.580656,0.093147,24.876032,0,0,0,0.0,0.0,0,0,0.0,0.0,5.966809,0.0132,9.621094,106.339366,26.451216,13.629599,162.021284,0,0,0,0.0,0.0,0.0,0.0,0.0,17002.325042,5634.313833,10886.506606,11398.609387,107874.021533,12486.385413,11754.829119,177036.990933,106.690592,0.03705,356.674459,356.68295,4823.883935,291.220702,1137.756781,7072.946469,12.287711,76711.406685,5082.869821,81806.564217,0.452598,326.278437,337.175733,663.906768,0.0,0.0,0.0,12069.78989,0.0,0.0,0.0,12069.78989,20657.7392,13862.418789,60997.032322,68118.224499,138461.812575,191800.89303,20880.777626,514778.898041,487.606581,0.0,1789.311114,3843.855004,22004.657535,967.253568,7904.773565,36997.457367,2381.288124,577.875653,9387.24834,44207.392114,31422.310272,228.885879,221.866526,88426.866908,0.0,0,0.0,1058.713655,3397.619993,13.473844,178.794155,4648.601647
2026-02-01,Monthly,Bank-bank Islam / Islamic Banks,0.0,0.0,0.0,0.0,0.202191,24.550379,0.072295,24.824865,0,0,0,0.0,0.0,0,0,0.0,0.0,5.980667,0.0132,9.598482,104.041849,25.828698,13.571079,159.033975,0,0,0,0.0,0.0,0.0,0.0,0.0,19067.166824,6043.790798,11180.2035,11002.136495,104910.949616,12353.59313,11603.287216,176161.127579,106.025608,0.036584,14.228565,356.188124,4979.642752,286.578849,1163.603018,6906.3035,8.521643,77837.610323,5169.24715,83015.379116,0.253137,328.591422,382.836138,711.680697,0.0,0.0,0.0,11240.400433,0.0,0.0,0.0,11240.400433,23286.654819,17062.185552,61978.39055,67044.926321,133149.926412,188147.309484,20056.357962,510725.7511,403.60565,0.0,1599.276692,3946.349434,19977.465745,941.143997,7649.233243,34517.074761,2379.23977,689.758435,11093.035748,43461.006538,32884.078709,255.933926,221.43183,90984.484956,0.0,0,0.0,1262.687824,2687.1598,19.374246,185.128829,4154.350699
2026-02-01,Monthly,Skim Perbankan Islam (SPI) / Islamic Banking Scheme (IBS),0.0,0.0,0.0,0.0,0.0,0.0,0.0,0.0,0,0,0,0.0,0.0,0,0,0.0,0.0,0.0,0.0,0.0,0.0,0.0,0.0,0.0,0,0,0,0.0,0.0,0.0,0.0,0.0,115.74158,0.0,778.230769,508.868896,1307.920064,6.512414,117.20001,2834.473733,0.0,0.0,367.994611,46.787073,41.390336,0.651377,49.902679,506.726076,0.0,123.841377,7.975581,131.816958,0.0,0.0,0.0,0.0,0.0,0.0,0.0,0.0,0.0,0.0,0.0,0.0,603.855633,369.693194,1065.078375,2247.910288,1179.45512,3887.653113,470.679633,9824.325356,0.0,0.0,0.0,0.0,0.0,0.0,0.0,0.0,0.0,0.0,0.0,905.013862,0.0,0.0,6.0,911.013862,0.0,0,0.0,0.009124,0.0,0.0,0.0,0.009124
2026-02-01,Monthly,Jumlah/ Total,0.0,0.0,0.0,0.0,0.202191,24.550379,0.072295,24.824865,0,0,0,0.0,0.0,0,0,0.0,0.0,5.980667,0.0132,9.598482,104.041849,25.828698,13.571079,159.033975,0,0,0,0.0,0.0,0.0,0.0,0.0,19182.908404,6043.790798,11958.434269,11511.005391,106218.86968,12360.105544,11720.487226,178995.601312,106.025608,0.036584,382.223176,402.975197,5021.033088,287.230226,1213.505697,7413.029576,8.521643,77961.4517,5177.222731,83147.196074,0.253137,328.591422,382.836138,711.680697,0.0,0.0,0.0,11240.400433,0.0,0.0,0.0,11240.400433,23890.510452,17431.878746,63043.468925,69292.836609,134329.381532,192034.962597,20527.037595,520550.076456,403.60565,0.0,1599.276692,3946.349434,19977.465745,941.143997,7649.233243,34517.074761,2379.23977,689.758435,11093.035748,44366.0204,32884.078709,255.933926,227.43183,91895.498818,0.0,0,0.0,1262.696948,2687.1598,19.374246,185.128829,4154.359823
2026-03-01,Monthly,Bank-bank Islam / Islamic Banks,0.0,0.0,0.0,0.0,0.202138,24.561202,0.07496,24.8383,0,0,0,0.0,0.0,0,0,0.0,0.0,5.996023,0.0132,9.601966,102.630608,21.748775,13.580902,153.571474,0,0,0,0.0,0.0,0.0,0.0,0.0,15464.885757,6070.812204,14159.139159,10034.067712,105110.714554,12531.233618,13182.249019,176553.102023,109.011294,37.507368,25.047637,256.553467,4834.586046,302.377178,1058.640313,6623.723303,9.982928,78285.017288,5238.133752,83533.133968,0.421601,331.740021,387.764075,719.925697,0.0,0.0,0.0,11918.011958,0.0,0.0,0.0,11918.011958,20563.511678,14234.402495,57838.287816,69582.780138,132919.633651,190023.306075,19669.740954,504831.662807,826.832733,0.0,1918.379559,5734.012745,20911.881962,1015.374381,7808.14028,38214.62166,2376.63214,560.284636,9649.456744,44806.22616,29074.417471,205.443879,197.235544,86869.696574,1213.95,0,0.0,2816.385794,3241.12802,5.328526,152.705336,7429.497676
2026-03-01,Monthly,Skim Perbankan Islam (SPI) / Islamic Banking Scheme (IBS),0.0,0.0,0.0,0.0,0.0,0.0,0.0,0.0,0,0,0,0.0,0.0,0,0,0.0,0.0,0.0,0.0,0.0,0.0,0.0,0.0,0.0,0,0,0,0.0,0.0,0.0,0.0,0.0,299.323938,0.0,1072.719424,548.308756,1196.008902,6.276915,117.72359,3240.361525,0.0,0.0,323.251795,50.127852,130.981014,0.737449,51.771947,556.870057,0.0,124.347816,8.066495,132.414311,0.0,0.0,0.0,0.0,0.0,0.0,0.0,0.0,0.0,0.0,0.0,0.0,530.78842,344.191046,1259.767178,2089.519851,1565.894811,4720.301448,496.217938,11006.680692,0.0,0.0,0.0,0.0,0.0,0.0,0.0,0.0,0.0,0.0,0.0,870.672079,0.0,0.0,5.0,875.672079,0.0,0,0.0,0.004331,0.0,0.0,0.0,0.004331
2026-03-01,Monthly,Jumlah/ Total,0.0,0.0,0.0,0.0,0.202138,24.561202,0.07496,24.8383,0,0,0,0.0,0.0,0,0,0.0,0.0,5.996023,0.0132,9.601966,102.630608,21.748775,13.580902,153.571474,0,0,0,0.0,0.0,0.0,0.0,0.0,15764.209695,6070.812204,15231.858583,10582.376468,106306.723456,12537.510533,13299.972609,179793.463548,109.011294,37.507368,348.299432,306.681319,4965.56706,303.114627,1110.41226,7180.59336,9.982928,78409.365104,5246.200247,83665.548279,0.421601,331.740021,387.764075,719.925697,0.0,0.0,0.0,11918.011958,0.0,0.0,0.0,11918.011958,21094.300098,14578.593541,59098.054994,71672.299989,134485.528462,194743.607523,20165.958892,515838.343499,826.832733,0.0,1918.379559,5734.012745,20911.881962,1015.374381,7808.14028,38214.62166,2376.63214,560.284636,9649.456744,45676.898239,29074.417471,205.443879,202.235544,87745.368653,1213.95,0,0.0,2816.390125,3241.12802,5.328526,152.705336,7429.502007
2026-04-01,Monthly,Bank-bank Islam / Islamic Banks,0.0,0.0,0.0,0.0,0.203439,24.555731,0.075458,24.834628,0,0,0,0.0,0.0,0,0,0.0,0.0,6.010966,0.0132,9.60598,102.859798,21.629233,13.233022,153.352199,0,0,0,0.0,0.0,0.0,0.0,0.0,10604.664827,6163.014113,10147.131446,10710.14041,106230.406258,12822.201878,13079.49089,169757.049822,115.654373,36.834846,15.802476,295.965242,6227.114371,300.605413,1112.567293,8104.544014,8.294696,79398.030631,5379.143703,84785.46903,0.394667,345.452482,407.106409,752.953558,0.0,0.0,0.0,14967.283317,0.0,0.0,0.0,14967.283317,18134.698151,13712.192647,60475.982184,70554.878089,123777.625224,194086.984277,20285.844293,501028.204865,278.602929,0.0,2250.176528,6080.081045,20323.553833,1040.708896,8957.67441,38930.797641,2382.373419,569.40115,10819.446783,46471.064309,34313.598574,222.238697,208.36036,94986.483292,0.0,0,0.0,2929.104503,3205.629689,17.520695,319.194062,6471.448949
2026-04-01,Monthly,Skim Perbankan Islam (SPI) / Islamic Banking Scheme (IBS),0.0,0.0,0.0,0.0,0.0,0.0,0.0,0.0,0,0,0,0.0,0.0,0,0,0.0,0.0,0.0,0.0,0.0,0.0,0.0,0.0,0.0,0,0,0,0.0,0.0,0.0,0.0,0.0,119.297411,0.0,937.138175,547.129406,1207.715487,6.669069,118.499902,2936.44945,0.0,0.0,345.927767,50.896835,108.832159,1.062473,50.824253,557.543487,0.0,124.393785,7.998624,132.392409,0.0,0.0,0.0,0.0,0.0,0.0,0.0,0.0,0.0,0.0,0.0,0.0,473.75402,314.526782,1208.979418,2185.980066,1332.288885,5333.091518,517.476598,11366.097287,0.0,0.0,0.0,0.0,0.0,0.0,0.0,0.0,0.0,0.0,0.0,841.195506,0.0,0.0,2.2,843.395506,0.0,0,0.0,0.004406,0.0,0.0,0.0,0.004406
2026-04-01,Monthly,Jumlah/ Total,0.0,0.0,0.0,0.0,0.203439,24.555731,0.075458,24.834628,0,0,0,0.0,0.0,0,0,0.0,0.0,6.010966,0.0132,9.60598,102.859798,21.629233,13.233022,153.352199,0,0,0,0.0,0.0,0.0,0.0,0.0,10723.962238,6163.014113,11084.269621,11257.269816,107438.121745,12828.870947,13197.990792,172693.499272,115.654373,36.834846,361.730243,346.862077,6335.94653,301.667886,1163.391546,8662.087501,8.294696,79522.424416,5387.142327,84917.861439,0.394667,345.452482,407.106409,752.953558,0.0,0.0,0.0,14967.283317,0.0,0.0,0.0,14967.283317,18608.452171,14026.719429,61684.961602,72740.858155,125109.914109,199420.075795,20803.320891,512394.302152,278.602929,0.0,2250.176528,6080.081045,20323.553833,1040.708896,8957.67441,38930.797641,2382.373419,569.40115,10819.446783,47312.259815,34313.598574,222.238697,210.56036,95829.878798,0.0,0,0.0,2929.108909,3205.629689,17.520695,319.194062,6471.453355
