date,frequency,sector,agriculture_forestry_and_fishing,mining_and_quarrying,manufacturing,electricity_gas_steam_and_air_conditioning_supply,water_supply_sewerage_waste_management_and_remediation_activities,construction,wholesale_retail_motor_trade_total,wholesale_trade_except_of_motor_vehicles_and_motorcycles,retail_trade_except_of_motor_vehicles_and_motorcycles,wholesale_retail_motor_trade_others,accommodation_and_food_service_activities,transportation_storage,information_communication,financial_and_insurance_takaful_activities,real_estate_activities,professional_scientific_and_technical_activities,administrative_and_support_service_activities,education_health_and_others,other_sector,financing
2021-07-01,Monthly,Bank-bank perdagangan / Commercial banks,144.93432343,29.54020163,915.81715362,27.192775099999995,16.029103990000003,1142.8454719,1049.0966086899996,612.4622831199997,351.3199403199999,85.31438524999999,271.5581440699999,223.44582674,58.56301542999999,39.60271030999999,647.7845893699996,367.33715108999996,80.60210939999999,685.56527391,10.226704329998029,5710.141163009997
2021-07-01,Monthly,Bank-bank Islam / Islamic banks,64.29219836,9.973724309999998,334.7728609100001,125.91033424999998,8.45837273,376.23438624,455.00907713000004,278.21720834,105.64117386000002,71.15069492999999,129.62523944,74.55112008000002,23.94506759,16.773287,443.39991937999986,124.1195963,44.614780689999996,139.92105096999998,3.671463090000543,2375.2724784700004
2021-07-01,Monthly,Bank-bank pelaburan / Investment banks,0.0,0.0,0.0,0.0,0.0,0.0,0.0,0.0,0.0,0.0,0.0,0.0,0.0,0.0,34.991383670000005,0.31072088,0.0,0.0,0.0,35.302104549999996
2021-07-01,Monthly,Institusi kewangan pembangunan / Development financial institutions,460.06910262,9.33423575,398.3825113500002,8.34534006,12.026583500000001,624.6777663899999,356.3783516800001,218.61805967000004,96.54466224999999,41.21562976000007,314.93286813,163.33851570000002,62.8712063,176.34377395,171.67870437999997,80.70658153000002,12.898075399999998,300.48118249000004,30.093859549998342,3182.558658779998
2021-07-01,Monthly,Jumlah / Total,669.2956244100001,48.848161690000005,1648.97252588,161.44844941,36.514060220000005,2143.7576245299997,1860.4840374999997,1109.2975511299996,553.50577643,197.68070994000004,716.11625164,461.33546252,145.37928931999997,232.71977126,1297.8545967999994,572.4740498000001,138.11496548999997,1125.9675073699998,43.992026969994185,11303.274404809994
2021-08-01,Monthly,Bank-bank perdagangan / Commercial banks,144.07246649999996,26.296531629999997,933.8868243100001,28.880294539999998,19.371764179999996,1168.16787202,1041.4121025699997,607.3861143099997,345.43501448000006,88.5909737799999,277.64681771000005,220.94912329,58.109941170000006,39.83014774999999,659.0193246099998,352.34658499999995,74.52746814000001,637.23478258,9.845028820000152,5691.597074819999
2021-08-01,Monthly,Bank-bank Islam / Islamic banks,64.23126454,10.01058508,317.47013044,125.74528520999999,9.162784910000001,382.06587412,457.4777032799999,280.6612283199999,107.00898956000002,69.80748539999996,130.47561369,74.20763983000002,23.904515649999997,16.737979349999996,448.74083703999975,127.95964852999998,43.80392447,139.21238975000003,3.6766896400004043,2374.88286553
2021-08-01,Monthly,Bank-bank pelaburan / Investment banks,0.0,0.0,0.0,0.0,0.0,0.0,0.0,0.0,0.0,0.0,0.0,0.0,0.0,0.0,28.81756874,0.21274337,0.0,0.0,0.0,29.03031211
2021-08-01,Monthly,Institusi kewangan pembangunan / Development financial institutions,460.75283289000004,9.3066334,416.601177,8.52113017,12.09023971,621.3562682099999,351.09333157999987,217.53161498999992,92.00209574999998,41.55962083999998,316.44680161,162.47271991999997,62.410592890000004,176.38181468000002,172.04728756,80.86807456999998,13.205908919999999,298.2657234,30.75432369000191,3192.5748602000012
2021-08-01,Monthly,Jumlah / Total,669.0565639299999,45.613750110000005,1667.95813175,163.14670991999995,40.6247888,2171.5900143500003,1849.9831374300002,1105.57895762,544.4460997900001,199.95808002000012,724.5692330100001,457.6294830399999,144.42504971,232.94994178,1308.6250179499998,561.3870514700001,131.53730153000004,1074.71289573,44.27604214999883,11288.085112659997
2021-09-01,Monthly,Bank-bank perdagangan / Commercial banks,141.60104823999998,26.18062148,874.8837701,27.73162966,19.667886589999995,1127.5820002000003,1042.2089160000003,623.6014830900001,337.59105268,81.0163802300001,270.63568416999993,205.1835574,57.07110904999999,40.02278168999999,635.5873366099997,363.42394225,69.13328367000001,662.6862987299999,9.41076927999893,5573.01063512
2021-09-01,Monthly,Bank-bank Islam / Islamic banks,64.09784193,9.96694692,315.10863376000003,125.82368785000003,9.045668730000001,369.4770593900001,446.68861791,274.32888651,99.43760547000001,72.92212592999999,129.77142927,74.77091351,22.813928029999996,16.696122559999996,411.38397514,112.59782505000001,43.68839984,149.88092124,2.9488668100011637,2304.7608379400012
2021-09-01,Monthly,Bank-bank pelaburan / Investment banks,0.0,0.0,0.0,0.0,0.0,0.0,0.0,0.0,0.0,0.0,0.0,0.0,0.0,0.0,29.053893379999998,0.0,0.0,0.0,0.0,29.053893379999998
2021-09-01,Monthly,Institusi kewangan pembangunan / Development financial institutions,466.46173991999996,9.329154200000001,413.7301019100001,8.50462969,11.976738169999999,621.8564607100001,337.10486961000004,221.99827625000003,88.65797977000001,26.44861358999998,315.68919708000004,162.87219266999995,62.534123459999996,176.20320225999998,172.50325817,80.75488558,12.75441648,292.33529092,29.31233293999867,3173.9225937699994
2021-09-01,Monthly,Jumlah / Total,672.1606300900002,45.4767226,1603.72250577,162.05994719999998,40.69029349,2118.9155203000005,1826.00240352,1119.92864585,525.6866379200001,180.38711974999978,716.09631052,442.82666358,142.41916053999995,232.92210651000002,1248.5284633,556.7766528800001,125.57609999,1104.90251089,41.67196903000331,11080.747960210003
2021-10-01,Monthly,Bank-bank perdagangan / Commercial banks,138.13951894,26.03780936,894.4114258600002,13.850645989999999,18.900123419999996,1149.8352390800003,1038.2009754199998,623.87563654,334.77064924,79.55468963999988,273.8743266899999,205.94239320000003,54.40506231,38.11736996,640.9022973600003,344.94176853999994,77.612839,592.92257914,9.72690536999562,5517.821279639998
2021-10-01,Monthly,Bank-bank Islam / Islamic banks,62.04829581999999,10.02809062,301.77631417000003,125.38584793000001,9.02127252,370.82956573,446.40030062000005,274.10928558000006,96.32857039000001,75.96244464999995,129.43019641000004,71.94605703999999,22.77039177,16.6257403,414.22496844000005,113.96760715,47.72050297,150.10017172,3.1899302200013153,2295.4652534300017
2021-10-01,Monthly,Bank-bank pelaburan / Investment banks,0.0,0.0,0.0,0.0,0.0,0.0,0.0,0.0,0.0,0.0,0.0,0.0,0.0,0.0,29.300129350000002,0.36216459,0.0,0.0,0.0,29.66229394
2021-10-01,Monthly,Institusi kewangan pembangunan / Development financial institutions,436.0341501499999,9.33335985,453.27786225999995,8.336563,11.89403131,627.0021566500002,345.13621534,227.01045614999998,90.29104335000001,27.83471584,327.9431347299999,178.21812446,61.236625150000016,176.1671084699999,47.11268457,91.12486348999998,13.35343689,305.63281420000004,28.428966729997228,3120.232097249998
2021-10-01,Monthly,Jumlah / Total,636.22196491,45.39925983,1649.4656022899999,147.57305692000003,39.81542725,2147.66696146,1829.7374913800002,1124.99537827,521.39026298,183.35185013000023,731.2476578299998,456.1065747,138.41207923000002,230.91021872999997,1131.5400797200002,550.39640377,138.68677885999998,1048.65556506,41.34580231999644,10963.180924259997
2021-11-01,Monthly,Bank-bank perdagangan / Commercial banks,137.31805638999998,25.60222009,880.3998520200001,3.98256642,18.55148401,1124.8345487600002,1069.56985193,661.9264189599999,328.67217755999997,78.97125541000014,301.58408273999993,206.03109627,53.83608791,37.91320655999999,656.61983016,357.0532315699999,70.51218731000002,592.6376510400002,7.819633229999454,5544.26558641
2021-11-01,Monthly,Bank-bank Islam / Islamic banks,61.51583462999999,10.00426826,312.66162142,125.61477889999999,8.476533620000001,338.09651060000004,432.16027135,266.4486024000001,94.69264419999999,71.01902474999997,131.32886810999997,69.57126575,22.2521847,16.58821189,385.7763247499999,112.70006564999998,47.675595400000006,149.29786278999998,2.4318538399998033,2226.15205166
2021-11-01,Monthly,Bank-bank pelaburan / Investment banks,0.0,0.0,0.0,0.0,0.0,0.0,0.0,0.0,0.0,0.0,0.0,0.0,0.0,0.0,29.53265271,0.0,0.0,0.0,0.0,29.53265271
2021-11-01,Monthly,Institusi kewangan pembangunan / Development financial institutions,435.1826662600001,9.377478280000002,441.88317102999997,8.439271790000001,11.80526237,627.4983740800002,344.64086716,228.14697230000002,88.87126717000001,27.62262769,328.35460484,183.40427539,62.653841660000005,173.90971987,47.16437981,91.42459189999998,14.005260720000003,287.42064366,27.202094709999983,3094.36650353
2021-11-01,Monthly,Jumlah / Total,634.0165572800001,44.98396663000001,1634.9446444699995,138.03661711,38.83328,2090.42943344,1846.37099044,1156.5219936600001,512.23608893,177.61290784999983,761.26755569,459.00663741000005,138.74211426999997,228.41113831999996,1119.0931874299995,561.1778891199999,132.19304343000002,1029.35615749,37.45358178000424,10894.316794310002
2021-12-01,Monthly,Bank-bank perdagangan / Commercial banks,133.00621224,24.95890187,869.8009252299997,3.9246136000000003,93.83442643999999,1130.3942261800003,1046.2323045799997,648.5904137799997,322.3538822899999,75.28800851000005,307.04374078999996,202.71526008,51.65714074,38.50956012,693.5078300900001,351.11838503999996,70.39189518,558.60333801,7.204054410000936,5582.9028146
2021-12-01,Monthly,Bank-bank Islam / Islamic banks,61.11580938999999,9.91178607,295.48924432,124.65187664000001,7.8583319000000005,335.20074439,404.21549543000003,235.42172293000004,98.11564132,70.67813117999998,131.68941818000002,68.97327586,21.09974743,16.55019889,381.79251529000004,114.89107784999999,46.58950324,146.24310011000003,2.530690719998802,2168.802815709999
2021-12-01,Monthly,Bank-bank pelaburan / Investment banks,0.0,0.0,0.0,0.0,0.0,0.0,0.0,0.0,0.0,0.0,0.0,0.0,0.0,0.0,29.78347805,0.0,0.0,0.0,0.0,29.78347805
2021-12-01,Monthly,Institusi kewangan pembangunan / Development financial institutions,406.49971903,9.382566549999998,442.0121376099999,8.633525520000001,11.670072189999999,595.7354238199999,324.93589095,205.04341965,86.35119477999999,33.54127652,287.17812778999996,164.19096014,81.0143843,173.73267774000007,47.22356762,88.27934044,14.130165940000001,249.65180715999998,26.814282939999885,2931.084649739999
2021-12-01,Monthly,Jumlah / Total,600.6217406599999,44.25325449,1607.30230716,137.21001576000003,113.36283052999997,2061.33039439,1775.3836909599995,1089.0555563599996,506.82071838999997,179.50741620999997,725.9112867599999,435.87949607999997,153.77127246999999,228.79243675000004,1152.3073910500004,554.28880333,131.11156436000002,954.4982452800001,36.5490280699978,10712.573758099998
2022-01-01,Monthly,Bank-bank perdagangan / Commercial banks,134.54213570000002,24.87771113,875.9935442999999,3.92419223,92.10429142,1124.48067214,1086.15326655,682.4211725100001,329.21664200999993,74.51545202999978,307.70408191999996,197.76562033000002,45.65732231000001,38.264433079999996,691.33550892,354.9757063,66.70314357,563.99706701,7.107200090003062,5615.585897000003
2022-01-01,Monthly,Bank-bank Islam / Islamic banks,60.12413115999999,9.86082851,280.3923914999999,124.28824110000001,6.94429219,337.64047235000004,386.60951625999996,218.29338753,97.20820424999997,71.10792448000001,131.30368878,66.63653288,19.632715449999996,16.303508840000003,310.48133666999985,114.47684902000003,48.29818146,147.53953707000002,2.3059565500002464,2062.8381797899997
2022-01-01,Monthly,Bank-bank pelaburan / Investment banks,0.0,0.0,0.0,0.0,0.0,0.0,0.0,0.0,0.0,0.0,0.0,0.0,0.0,0.0,30.03643371,0.0,0.0,0.0,0.0,30.03643371
2022-01-01,Monthly,Institusi kewangan pembangunan / Development financial institutions,413.3478068,9.40119172,437.9152449399999,6.418239940000001,11.419295009999997,590.4721940600002,321.81923034,204.35503280999998,83.82518111000002,33.63901641999996,287.78013725,163.61341767000002,78.69302598000002,173.78601062,47.28271114,88.60075721000001,14.168528929999999,280.21559875,27.440470999997615,2952.3738613599985
2022-01-01,Monthly,Jumlah / Total,608.0140736600001,44.13973136000001,1594.3011807400005,134.63067327000002,110.46787862,2052.59333855,1794.58201315,1105.06959285,510.25002736999994,179.26239293000003,726.78790795,428.0155708800001,143.98306373999998,228.35395254000002,1079.1359904400003,558.0533125300001,129.16985395999998,991.75220283,36.853627639997285,10660.83437186
2022-02-01,Monthly,Bank-bank perdagangan / Commercial banks,134.29092552,26.054739609999995,921.6643731500001,3.73668441,92.92253052999999,1148.7348203,1114.09349468,699.2128188700001,340.8368181899999,74.04385762000015,305.93572195,199.91723994999998,47.655921580000005,35.05645813,704.3696784200002,356.92255571000004,72.33081422000001,569.4822425499998,7.5467793299985715,5740.7149800399975
2022-02-01,Monthly,Bank-bank Islam / Islamic banks,59.558472480000006,9.57627776,274.78633230999986,124.76242757,6.894498080000001,346.4548208900001,400.0808921800001,224.00214374000007,101.70340123999998,74.37534720000008,129.68065075999996,68.46425393,19.927721959999996,16.28743034,325.20616905,114.43263891,39.35386472,147.41805453000003,2.632410890000756,2085.516916360001
2022-02-01,Monthly,Bank-bank pelaburan / Investment banks,0.0,0.0,0.0,0.0,0.0,0.0,0.0,0.0,0.0,0.0,0.0,0.0,0.0,0.0,29.12465047,0.0,0.0,0.0,0.0,29.12465047
2022-02-01,Monthly,Institusi kewangan pembangunan / Development financial institutions,419.4962267,9.415123,411.7925075,6.194473199999999,11.366565149999998,559.3784428299999,324.62362617,202.5198244,88.35346092,33.750340849999986,288.22398797999995,163.28562742000003,78.66455313999998,173.76109657,47.37321027,88.58392638999997,14.225510990000002,280.48020898,28.393630719998782,2905.2587170099987
2022-02-01,Monthly,Jumlah / Total,613.3456246999999,45.04614037,1608.2432129600002,134.69358518,111.18359376,2054.56808402,1838.79801303,1125.7347870100002,530.8936803499998,182.16954566999993,723.8403606899998,431.6671213,146.24819668,225.10498503999995,1106.0737082100002,559.93912101,125.91018993,997.3805060599999,38.572820939996745,10760.615263879998
2022-03-01,Monthly,Bank-bank perdagangan / Commercial banks,132.15942305999997,26.048163279999997,915.3326535299999,3.84685551,92.7797806,1148.1121675200002,1114.77029352,701.28377448,339.6810766699999,73.80544237000004,310.05856724,123.17025174000001,48.48980184999999,34.837277690000015,697.9034922,300.0607152,73.5586204,575.02111102,8.134227600004124,5604.283401960004
2022-03-01,Monthly,Bank-bank Islam / Islamic banks,195.32525517000002,9.969729710000001,269.55808979,258.1409230499999,6.2695224199999995,613.6625054200001,411.9558377699999,226.52168081999994,97.13319804000002,88.30095890999996,130.33532748999997,65.88982216000001,27.093389099999996,32.07196203,352.32948576,104.01811359999999,38.599841379999994,145.83250286999998,2.719043300001431,2663.7713510200015
2022-03-01,Monthly,Bank-bank pelaburan / Investment banks,0.0,55.51868766,0.0,0.0,0.0,0.0,0.0,0.0,0.0,0.0,0.0,0.0,0.0,0.0,29.372010600000003,0.0,0.0,0.0,0.0,84.89069826
2022-03-01,Monthly,Institusi kewangan pembangunan / Development financial institutions,439.8075491700001,7.19060042,355.0058660000001,6.51554519,11.30961014,481.1566275,409.5276924500001,281.96405486000003,93.36339234000002,34.20024525000002,269.1338438799999,153.15125988999998,78.70338502,144.80204967999998,47.38363664,88.86195715000001,14.143553889999998,276.9654665800001,28.256337060000533,2811.914980660001
2022-03-01,Monthly,Jumlah / Total,767.2922274,98.72718107000001,1539.89660932,268.50332374999994,110.35891316,2242.9313004400005,1936.2538237399997,1209.76951016,530.17766705,196.30664652999963,709.5277386099999,342.2113337899999,154.28657597,211.71128939999997,1126.9886252000001,492.94078594999996,126.30201566999999,997.81908047,39.10960796000836,11164.860431900008
2022-04-01,Monthly,Bank-bank perdagangan / Commercial banks,138.48129120000002,24.421124029999998,951.23537731,3.74661154,92.04420623,1170.2722485399997,1165.80931758,744.3460637599998,343.9859366600001,77.47731715999998,314.79498983999997,124.12123497000002,49.991116540000014,35.110564139999994,683.9146065400002,303.24109514,70.74911299000001,549.62815496,8.686112560000765,5686.24716411
2022-04-01,Monthly,Bank-bank Islam / Islamic banks,199.98977295999993,9.7481017,370.8705336500001,262.38104941000006,6.23061456,631.3741501799999,424.86831155000004,231.35063675000004,104.86510557999998,88.65256922000003,133.76809696999996,71.31774885,28.001961979999997,31.94767277,350.76785184000005,105.65515905000001,40.879450219999995,145.93170113,2.541874800000187,2816.2740516199997
2022-04-01,Monthly,Bank-bank pelaburan / Investment banks,0.0,55.74155067,0.0,0.0,0.0,0.0,0.0,0.0,0.0,0.0,0.0,0.0,0.0,0.0,29.6134245,0.0,0.0,0.0,0.0,85.35497517
2022-04-01,Monthly,Institusi kewangan pembangunan / Development financial institutions,438.8955438899999,7.16603473,345.49580161,6.510590929999999,11.253182170000004,568.18201517,417.8021133499999,288.38517327999983,94.95265121000004,34.46428886000001,269.66822203000004,160.0391324,78.04172068000001,173.24620861000005,47.40283484,84.37944419,14.324657449999997,280.99039430999994,28.96662177000144,2932.364518130001
2022-04-01,Monthly,Jumlah / Total,777.36660805,97.07681113,1667.60171257,272.63825188000004,109.52800296000002,2369.82841389,2008.47974248,1264.0818737899997,543.8036934500001,200.59417524000014,718.23130884,355.4781162199999,156.03479919999998,240.30444552,1111.6987177200003,493.2756983800001,125.95322066000001,976.5502503999998,40.19460912999966,11520.24070903
2022-05-01,Monthly,Bank-bank perdagangan / Commercial banks,131.27562098,37.15269456,972.51634786,3.6927653200000004,75.55886448000003,1239.0535871499999,1222.9669722500003,796.5326750800002,334.27059158000003,92.16370559000006,328.99809051,124.84354390999998,49.65536717000001,41.38252492,699.4560613100001,283.43663292,76.24213629,553.26467155,9.137264559998584,5848.633145740001
2022-05-01,Monthly,Bank-bank Islam / Islamic banks,199.45992335999992,14.403972,414.1338900199999,261.95349317999995,6.201299079999999,614.76769541,457.14410037,246.84474738000003,124.27540251999997,86.02395046999999,143.47809328000002,68.14853108,32.498410959999994,34.15005112,352.7773763900001,133.29330545999997,42.89889552,142.95351254000002,2.9503099699986706,2921.2128597399987
2022-05-01,Monthly,Bank-bank pelaburan / Investment banks,0.0,55.97238492,0.0,0.0,0.0,0.0,0.0,0.0,0.0,0.0,0.0,0.0,0.0,0.0,29.86493587,0.0,0.0,0.0,0.0,85.83732079
2022-05-01,Monthly,Institusi kewangan pembangunan / Development financial institutions,446.7322296000001,7.20122096,342.92700053999994,6.01727008,11.17879983,432.76917735999996,427.34670295,283.27414962,109.74530107000001,34.32725226000002,270.2641802099999,202.89692029999998,78.6558385,81.75755393,0.08930651,83.27754513,14.29925424,278.93569971000005,29.598248650000187,2713.9469485
2022-05-01,Monthly,Jumlah / Total,777.46777394,114.73027243999998,1729.5772384199993,271.66352858,92.93896339000001,2286.5904599200003,2107.45777557,1326.65157208,568.29129517,212.51490832000013,742.740364,395.88899529,160.80961663000002,157.29012997,1082.18768008,500.00748351000004,133.44028605000003,975.1538838000002,41.685823179999716,11569.630274770001
2022-06-01,Monthly,Bank-bank perdagangan / Commercial banks,118.58116187000002,37.407702889999996,953.9219818899999,3.6460959699999997,73.80074448999999,1247.1117795500002,1222.3687758,782.3725041200001,349.6099976800001,90.38627399999996,319.59912186000014,126.48265227,46.665666120000004,41.91537997,721.29470617,278.76245746000006,91.24891874999999,547.1929285000001,9.321325810002236,5839.321399370003
2022-06-01,Monthly,Bank-bank Islam / Islamic banks,477.71627918999974,14.396435199999999,341.06381094,258.01032906,6.24036489,609.19403868,464.92390846,248.09314281,120.96169394000002,95.86907171000001,144.48757668,69.10013514,32.64804861999999,34.01388938,355.28847071,136.05736515,41.47050066999999,149.03579279,3.123816270001953,3136.7707618300014
2022-06-01,Monthly,Bank-bank pelaburan / Investment banks,0.0,54.433692060000006,0.0,0.0,0.0,0.0,0.0,0.0,0.0,0.0,0.0,0.0,0.0,0.0,30.110401,0.0,0.0,0.0,0.0,84.54409306000001
2022-06-01,Monthly,Institusi kewangan pembangunan / Development financial institutions,453.25599575,7.27241066,353.56532403999995,6.566300860000001,6.497897199999998,622.67340186,432.29200003999995,291.70542395,105.97370771,34.61286837999995,272.09921139,158.39212659,81.17969138999999,172.96528686000005,46.87658281,84.53160576,15.620985169999997,304.46818017,29.7232737599993,3047.9802743099985
2022-06-01,Monthly,Jumlah / Total,1049.5534368099998,113.51024081,1648.5511168699998,268.22272589,86.53900657999999,2478.97922009,2119.5846843000004,1322.1710708800001,576.54539933,220.86821409000027,736.1859099300001,353.9749140000001,160.49340612999998,248.89455621000008,1153.57016069,499.35142837000006,148.34040459,1000.6969014599997,42.168415840002126,12108.616528570003
2022-07-01,Monthly,Bank-bank perdagangan / Commercial banks,119.91820836,37.59499819999999,982.0517587499997,4.1141074500000006,71.66841392,1270.0470090099998,1239.6937143399996,800.0077457799997,351.09924103000003,88.58672752999973,331.6718646300001,126.01392087,45.281044400000006,48.98808005999999,748.8744621199997,290.76754105,85.26268181,529.05422424,8.58722525000212,5939.58925446
2022-07-01,Monthly,Bank-bank Islam / Islamic banks,480.348047,14.023950600000001,344.53235256,259.29390115,6.82539662,783.50646544,479.21919144000003,253.71586009999996,129.68345359000006,95.81987775000005,142.25231935,75.49307908000002,32.84667622,33.813151479999995,353.01897199,139.20223758000003,45.354956109999996,149.50691283999998,2.490694999997686,3341.728304459998
2022-07-01,Monthly,Bank-bank pelaburan / Investment banks,0.0,54.21401423,0.0,0.0,0.0,0.0,0.0,0.0,0.0,0.0,0.0,0.0,0.0,0.0,30.36613302,0.0,0.0,0.0,0.0,84.58014725
2022-07-01,Monthly,Institusi kewangan pembangunan / Development financial institutions,455.0230038199999,7.646339899999999,360.03314263,6.82496063,6.477987129999999,567.97574143,370.89791986,219.36208476000002,116.73703540999998,34.79879969000001,273.80232939999996,156.35523205999996,80.84022781,172.68721130999998,144.22781704999997,84.66622621000002,19.622021439999997,331.67492100999993,31.38849976000347,3070.143581450003
2022-07-01,Monthly,Jumlah / Total,1055.28925918,113.47930292999999,1686.61725394,270.23296923000004,84.97179767,2621.52921588,2089.81082564,1273.08569064,597.51973003,219.20540497000002,747.72651338,357.86223201,158.96794843,255.48844284999998,1276.48738418,514.6360048399999,150.23965936000002,1010.2360580900001,42.46642000999964,12436.04128762
2022-08-01,Monthly,Bank-bank perdagangan / Commercial banks,120.92669565999998,37.32924692,873.15820938,4.030402349999999,70.7980013,1314.88582705,1316.9932798199998,883.11099324,346.8494297299999,87.03285684999992,329.29871138,123.30445769999999,46.86625465000001,49.916805669999995,751.0598402999999,285.88367689999995,82.70958207000001,538.1667873499999,8.533402509997359,5953.8611810099965
2022-08-01,Monthly,Bank-bank Islam / Islamic banks,481.31131786999987,12.99451616,346.3635250999999,180.60152458,7.1543458300000005,801.9971437499999,538.6081277000001,314.67085803000003,137.14759158,86.78967809000005,143.3231942,74.0449948,34.9280908,33.67269314,442.64051359,155.30191865,46.446022019999994,150.89083949,3.335677509998277,3453.6144451899977
2022-08-01,Monthly,Bank-bank pelaburan / Investment banks,0.0,54.45271738,0.0,0.0,0.0,0.0,0.0,0.0,0.0,0.0,0.0,0.0,0.0,0.0,30.62403718,0.0,0.0,0.0,0.0,85.07675456
2022-08-01,Monthly,Institusi kewangan pembangunan / Development financial institutions,453.69569150000007,7.65620641,365.2864711499999,7.0344203,6.48384012,571.4249850799999,378.19067402,220.95839063000003,118.94892914000002,38.283354249999945,270.95687552,150.76667884,80.34282145,172.39163772,145.39105648000003,84.16316453,19.709425629999995,325.5978241900001,32.06794488999958,3071.1597178299994
2022-08-01,Monthly,Jumlah / Total,1055.93370503,112.43268687000003,1584.80820563,191.66634722999999,84.43618725,2688.3079558799996,2233.79208154,1418.7402419,602.9459504499999,212.10588918999974,743.5787810999998,348.11613134,162.1371669,255.98113653000001,1369.71544755,525.34876008,148.86502971999997,1014.6554510300001,43.93702490999749,12563.712098589995
2022-09-01,Monthly,Bank-bank perdagangan / Commercial banks,155.18064173000002,37.08626703,887.3227602900001,2.1941100199999997,70.64025549,1376.04950372,1326.53634857,898.6056646700001,349.84706188999996,78.08362201,331.40831595000003,122.52313091999999,46.19482326999999,54.31621108,838.8625163100002,284.57033223999997,86.17472339,491.84788914999996,6.763578119998783,6117.671407279998
2022-09-01,Monthly,Bank-bank Islam / Islamic banks,496.5861500599999,12.670231919999997,332.95545226000013,155.2112192,7.0448976399999985,808.73479746,534.1316564900002,308.50858377000014,128.05100876,97.57206396000004,144.35074713999998,82.1054278,36.37841625,33.53578268,443.6574170799999,158.34933553,48.194100979999995,148.99484994999997,2.6904459199972734,3445.5909283599976
2022-09-01,Monthly,Bank-bank pelaburan / Investment banks,0.0,0.0,0.0,0.0,0.0,0.0,0.0,0.0,0.0,0.0,0.0,0.0,0.0,0.0,29.65612529,0.0,0.0,0.0,0.0,29.65612529
2022-09-01,Monthly,Institusi kewangan pembangunan / Development financial institutions,460.84525533,7.66589612,361.69730488000005,7.079422589999999,6.4270441499999995,570.36614739,377.83027109999995,224.83587449999996,118.53042418,34.463972420000005,271.62345743,147.86895136999996,79.69250316,172.54275509,149.46272634000005,83.58627546999999,20.389211850000002,318.12461805999993,32.13887531000137,3067.3407156400017
2022-09-01,Monthly,Jumlah / Total,1112.61204712,57.42239507,1581.9755174300005,164.48475181000003,84.11219728,2755.1504485699998,2238.4982761600004,1431.95012294,596.42849483,210.1196583900005,747.38252052,352.49751009000005,162.26574268000005,260.39474885000004,1461.63878502,526.50594324,154.75803622000004,958.9673571600001,41.59289934999833,12660.259176569998
2022-10-01,Monthly,Bank-bank perdagangan / Commercial banks,153.08030865000006,38.29072505,914.1242394699998,2.7882908100000003,70.41848506000002,1350.6210128799999,1315.65617999,893.6206300499999,341.72379138000014,80.31175856000004,336.4177271,126.8057635,48.26545784,50.670789509999985,826.0789584099999,277.4947106000001,90.42191446000002,472.6445847499999,6.055204110004524,6079.834352190003
2022-10-01,Monthly,Bank-bank Islam / Islamic banks,507.9430154599998,12.645289640000001,345.4934471800001,156.1865403,6.83060802,756.91634991,561.01932593,331.05047262000005,133.36054386,96.60830944999998,145.20188694000004,81.79696951000001,39.42690144999999,27.299633620000005,437.4780453,166.83559096000005,48.843990440000006,149.9652756,2.7258984500012957,3446.608768710001
2022-10-01,Monthly,Bank-bank pelaburan / Investment banks,0.0,51.196515829999996,0.0,0.0,0.0,0.0,0.0,0.0,0.0,0.0,0.0,0.0,0.0,0.0,29.907999359999998,0.0,0.0,0.0,0.0,81.10451519
2022-10-01,Monthly,Institusi kewangan pembangunan / Development financial institutions,450.60837904999994,7.49120445,314.96177703000006,6.999956409999999,6.539265680000001,608.4243284500001,381.7259170100001,226.90384519,119.11358066000007,35.70849116000005,272.65017252999996,147.12929088999996,77.20213195,172.53504941,152.23650293,82.73737309000002,21.289152759999997,300.86261482999987,32.295085430000654,3035.6882019000004
2022-10-01,Monthly,Jumlah / Total,1111.6317031600001,109.62373497,1574.57946368,165.97478752,83.78835876000001,2715.9616912399997,2258.4014229299996,1451.5749478599996,594.1979159000001,212.6285591699998,754.2697865700001,355.73202389999994,164.89449124000004,250.50547254000003,1445.701506,527.0676746500001,160.55505766,923.4724751800001,41.076187990007384,12643.235837990005
2022-11-01,Monthly,Bank-bank perdagangan / Commercial banks,155.46333357999998,37.787074880000006,917.0281103499999,2.71968512,70.76047402999998,1352.2641117399999,1288.8497275900002,863.64185951,345.00490264,80.20296544000007,326.31024152000003,125.10049350000001,47.718949339999995,51.66017651999999,929.9297727400001,267.95719368,89.73320957,470.3759788600001,5.71993503000067,6139.378468050001
2022-11-01,Monthly,Bank-bank Islam / Islamic banks,487.4078581,12.50841682,415.19728086000003,152.7192829,7.86954513,773.94929127,578.7864037700001,342.93991510000006,137.22743596000004,98.61905271,146.45534089,86.58275601,42.87434278999999,27.210428679999996,436.07928634,170.04725478999998,53.17872862000001,150.31726035,2.645336709998901,3543.8288140299996
2022-11-01,Monthly,Bank-bank pelaburan / Investment banks,0.0,50.207375899999995,0.0,0.0,0.0,0.0,0.0,0.0,0.0,0.0,0.0,0.0,0.0,0.0,30.15381849,0.0,0.0,0.0,0.0,80.36119439
2022-11-01,Monthly,Institusi kewangan pembangunan / Development financial institutions,449.2574033399999,10.5641259,309.27503075,6.874370119999999,6.55018695,726.2265216600001,377.67644981999996,220.9894808399999,120.57424605,36.112722930000075,273.41873882,148.54046896999998,76.97465147000001,83.55556294,146.5615273,82.90504535,21.608233130000002,292.18706175000005,31.325373350001882,3043.500751620001
2022-11-01,Monthly,Jumlah / Total,1092.1285950199997,111.0669935,1641.5004219599998,162.31333814,85.18020610999999,2852.43992467,2245.31258118,1427.5712554499999,602.80658465,214.9347410800001,746.1843212300003,360.22371847999995,167.56794360000004,162.42616814,1542.7244048700002,520.9094938200001,164.52017131999995,912.8803009599999,39.690645090000544,12807.06922809
2022-12-01,Monthly,Bank-bank perdagangan / Commercial banks,152.13439020999994,35.98576089,895.3466909999997,2.6407381100000005,110.74188777000002,1313.3219753800001,1254.6462171100002,855.3256146400001,320.4405128499999,78.88008962000004,338.34435139000004,117.49427379000001,50.104356769999995,60.646962370000004,1005.9643059800001,255.48948320999997,96.35907732,335.56769954,6.555631649993302,6031.343802489994
2022-12-01,Monthly,Bank-bank Islam / Islamic banks,489.2944516999999,15.49787434,403.75622939,103.89265071000003,7.21504722,761.3882788800001,664.8333883099999,410.2999450099999,147.39571769000005,107.13772560999996,145.53416883000003,89.70735207000001,48.63519856,34.90385028,416.5216470599999,179.38249288000003,40.6216006,159.49115763,2.9069826099994316,3563.582371069999
2022-12-01,Monthly,Bank-bank pelaburan / Investment banks,0.0,50.458801109999996,0.0,0.0,0.0,0.0,0.0,0.0,0.0,0.0,0.0,0.0,0.0,0.0,0.0,0.0,0.0,0.0,0.0,50.458801109999996
2022-12-01,Monthly,Institusi kewangan pembangunan / Development financial institutions,451.26691127,14.009020060000001,322.19688478999996,6.85393511,6.493088960000001,722.0038015300001,382.7771953100001,227.31194943000006,124.19993688999999,31.26530899000005,267.20505324,137.7033255,77.22343303999999,172.59993562,145.39973663,67.84717893999999,24.34939694,285.795162,32.31443670999943,3116.0384956499997
2022-12-01,Monthly,Jumlah / Total,1092.6957531799999,115.95145640000001,1621.2998051800002,113.38732393000002,124.45002395000002,2796.7140557900007,2302.25680073,1492.9375090800002,592.03616743,217.28312422,751.08357346,344.90495136000004,175.96298837,268.15074827,1567.88568967,502.71915502999997,161.33007486000005,780.85401917,41.77705096999307,12761.423470319993
2023-01-01,Monthly,Bank-bank perdagangan / Commercial banks,140.08901533,37.53213525,862.93180347,23.364832470000003,110.93042392,1321.6764986900002,1283.4605685100003,850.8079176300001,347.06780436000014,85.58484651999993,348.42024017000006,128.0411982,51.16567871,92.91485684999999,1055.69968184,286.88387359,93.38397714,336.40507059000004,5.725380839995523,6178.625235569996
2023-01-01,Monthly,Bank-bank Islam / Islamic banks,477.27625138999997,15.42393277,414.5670114,100.95403199999998,7.54876141,771.63316947,678.5455341899999,419.50461096,155.20887618999996,103.8320470399999,147.16578736,94.85361049,50.50138767,34.78151647999999,415.7791073,185.12610338000002,46.41519196,161.68314909999995,2.9778178100013974,3605.232364180001
2023-01-01,Monthly,Bank-bank pelaburan / Investment banks,0.0,50.22871443,0.0,0.0,0.0,0.0,0.0,0.0,0.0,0.0,0.0,0.0,0.0,0.0,0.0,0.0,0.0,0.0,0.0,50.22871443
2023-01-01,Monthly,Institusi kewangan pembangunan / Development financial institutions,464.72525782,14.020894870000001,325.0179435700001,8.51062043,6.54728509,716.2246309,398.1268321,237.88499191,128.44008203000004,31.801758159999963,271.14397759999997,135.77792671999998,101.68473416,172.72474115999995,143.31434180000002,69.60274491,20.422517480000003,284.81108989999996,63.217823839999255,3195.8733623499993
2023-01-01,Monthly,Jumlah / Total,1082.09052454,117.20567731999999,1602.5167584399996,132.82948489999998,125.02647042,2809.5342990599997,2360.132934800001,1508.1975205000006,630.7167625800001,221.21865172000025,766.73000513,358.67273541,203.35180054,300.42111448999987,1614.79313094,541.6127218800001,160.22168658,782.89930959,71.92102248999254,13029.959676529996
2023-02-01,Monthly,Bank-bank perdagangan / Commercial banks,138.03807138,40.88077957,846.21558667,25.039592159999998,109.87449758,1302.5054145100003,1275.7908564499999,849.06628595,341.45156364999997,85.27300685,351.0269732500001,116.76760580000001,51.348456940000005,89.90844408,998.4362148299997,268.96771746,86.50361059000002,318.30121542,7.906488050001826,6027.511524740001
2023-02-01,Monthly,Bank-bank Islam / Islamic banks,497.6244509699999,15.339821870000002,334.16027019,102.48634332000002,7.4916393999999995,778.8984572100001,702.7692044699999,425.93483603000004,167.71079552999998,109.12357290999978,148.44008559,64.50559686000001,65.88160968,34.27765707000001,257.8358728200001,187.47934899,45.13534544999999,175.14805638,3.217153120000603,3420.6909133900003
2023-02-01,Monthly,Bank-bank pelaburan / Investment banks,0.0,50.472859920000005,0.0,0.0,0.0,0.0,0.0,0.0,0.0,0.0,0.0,0.0,0.0,0.0,0.0,0.0,0.0,0.0,0.0,50.472859920000005
2023-02-01,Monthly,Institusi kewangan pembangunan / Development financial institutions,464.76597803000004,14.21152475,326.27049002999985,7.11409491,6.5147091900000005,701.08878964,397.60916434,235.54214391000002,131.21552215,30.851498279999987,271.22052664,136.44686223000002,61.31495986,172.60020688999998,149.18578306999999,70.45679452,21.49047207,290.1373072799999,62.60390929999858,3153.0315727499988
2023-02-01,Monthly,Jumlah / Total,1100.4285003799998,120.90498611000001,1506.6463468900001,134.64003038999996,123.88084617,2782.4926613600005,2376.1692252599996,1510.54326589,640.3778813299999,225.24807803999965,770.68758548,317.72006489000006,178.54502648000002,296.78630804,1405.4578707199998,526.90386097,153.12942811,783.58657908,73.72755046999737,12651.706870799999
2023-03-01,Monthly,Bank-bank perdagangan / Commercial banks,134.76570895999998,37.85268085,809.7551112699999,23.004488350000003,107.73683116,1258.7199584400003,1281.65569511,848.1815078,357.48345101000007,75.99073629999998,351.15781336000003,114.90652860000002,56.07400418,99.90386585,1113.37961485,269.29922338,87.76665934,213.32446668000006,7.0631635900026595,5966.365813970003
2023-03-01,Monthly,Bank-bank Islam / Islamic banks,500.70835827000013,14.81965126,356.21303615999994,99.39348469,7.23674048,779.22651738,727.2495095999999,433.71313636999986,184.4789913200001,109.05738190999989,138.28271344,57.93879276,66.94571355000001,38.43485358999999,262.09070882,186.03880750000002,46.32526229999999,172.49869883999997,2.769826180000564,3456.172674820001
2023-03-01,Monthly,Bank-bank pelaburan / Investment banks,0.0,50.745676,0.0,0.0,0.0,0.0,0.0,0.0,0.0,0.0,0.0,0.0,0.0,0.0,0.0,0.0,0.0,0.0,0.0,50.745676
2023-03-01,Monthly,Institusi kewangan pembangunan / Development financial institutions,471.56609496000016,14.125098380000003,321.36214995,5.7925220899999985,6.520758830000002,702.39994047,387.86770666999985,218.69601863999983,139.17423081000004,29.99745722,268.4900654899999,132.50979689,59.575645230000006,84.76749304,101.74966358999998,74.21924537999999,18.47972212,243.8065770099999,64.35017723000192,2957.5826573300014
2023-03-01,Monthly,Jumlah / Total,1107.0401621900005,117.54310649,1487.3302973799994,128.19049513,121.49433047,2740.3464162900004,2396.77291138,1500.5906628099997,681.1366731400002,215.0455754300001,757.93059229,305.35511825000015,182.59536296000002,223.10621248,1477.21998726,529.55727626,152.57164376,629.6297425299998,74.18316700000469,12430.866822120004
2023-04-01,Monthly,Bank-bank perdagangan / Commercial banks,135.94100398999998,53.44856164,771.2930012000003,22.47047621,107.48884926,1264.96547556,1339.8177622100002,901.9443002700003,356.13135706000014,81.74210487999972,350.52142268,122.21930909999999,56.53503208,96.69392434000001,1118.7287835399998,268.45467002000004,87.70188979999998,216.78697057,10.689147439999942,6023.75627964
2023-04-01,Monthly,Bank-bank Islam / Islamic banks,503.41304395,13.68885652,306.98014181,95.25879030999998,7.2707358100000015,784.0046242100005,744.2288520500001,442.7686989000002,192.55692346,108.90322968999999,144.29750887,62.27058125,70.36079744,36.56564015,257.89607680000006,185.37104152,47.42400028,166.21284262,3.3381373899978826,3428.581670979999
2023-04-01,Monthly,Bank-bank pelaburan / Investment banks,0.0,51.01159853,0.0,0.0,0.0,0.0,0.0,0.0,0.0,0.0,0.0,0.0,0.0,0.0,0.0,0.0,0.0,0.0,0.0,51.01159853
2023-04-01,Monthly,Institusi kewangan pembangunan / Development financial institutions,494.7171441500001,14.56715997,323.04665664,7.413462460000002,6.498931839999999,765.06095295,454.1718771900001,253.93279854000008,172.23900748000003,28.000071170000012,274.39199868,138.50054087,60.57154156000001,173.10102359999996,150.22074181,77.64002453000002,23.156303000000005,296.92487163000004,68.24572392999698,3328.2289548099975
2023-04-01,Monthly,Jumlah / Total,1134.07119209,132.71617666,1401.3197996499996,125.14272898,121.25851691,2814.031052720001,2538.218491450001,1598.6457977100006,720.9272880000001,218.64540574000011,769.2109302299999,322.99043122,187.46737108000002,306.36058808999996,1526.8456021499996,531.46573607,158.28219308000004,679.9246848199999,82.27300875999754,12831.578503959996
2023-05-01,Monthly,Bank-bank perdagangan / Commercial banks,128.26365839000002,50.90574129,770.6680190600002,23.598618839999997,107.48810234999998,1269.0606091400005,1361.89085656,928.0033365500001,345.2869778099998,88.60054220000006,346.9678806,126.96589793999999,58.026119290000004,101.20770283000002,1146.22231886,270.2125351,92.46904598,222.48683831,12.10333165999782,6088.537276199999
2023-05-01,Monthly,Bank-bank Islam / Islamic banks,518.6934602800001,12.14133695,305.0179085699999,97.58247034000001,7.29265214,785.1118601899999,793.09962157,476.7793468999999,203.45607324000005,112.86420142999998,146.05881130999998,64.14372906999999,74.75187472,35.82641253999999,308.65536884,188.93310490000005,54.81301568,172.86181019999998,3.4395754399993166,3568.423012739999
2023-05-01,Monthly,Bank-bank pelaburan / Investment banks,0.0,51.2921441,0.0,0.0,0.0,0.0,0.0,0.0,0.0,0.0,0.0,0.0,0.0,0.0,0.0,0.0,0.0,0.0,0.0,51.2921441
2023-05-01,Monthly,Institusi kewangan pembangunan / Development financial institutions,495.10833173,15.14177631,332.58320924999987,7.552481050000001,6.698786649999999,779.6125738800001,495.70745635000003,290.40809913000004,178.66025775,26.63909947000002,277.07139700000005,134.16553063,60.76490046999999,165.57493868999998,155.83706486,83.41669175999999,26.013706210000006,287.36362671000006,66.8449306199991,3389.457402169999
2023-05-01,Monthly,Jumlah / Total,1142.0654504,129.48099864999998,1408.2691368800001,128.73357023000003,121.47954113999998,2833.785043210001,2650.69793448,1695.19078258,727.4033088,228.10384310000018,770.0980889100001,325.27515764000003,193.54289447999997,302.60905406000006,1610.71475256,542.5623317600001,173.29576787,682.7122752199999,82.38783771999806,13097.709835209998
2023-06-01,Monthly,Bank-bank perdagangan / Commercial banks,119.62331506,49.08908350000001,771.5385288199999,23.955281999999997,94.42043185999998,1348.2355099100002,1533.4608423400002,1054.9448385100002,334.9558486899999,143.56015514000023,321.55061987,126.27508295,115.17383002999998,100.72665222000002,1147.5807126799996,277.91390132,91.93430165000001,226.31296745,6.727032859999781,6354.518094519999
2023-06-01,Monthly,Bank-bank Islam / Islamic banks,531.70072423,11.458586120000001,290.91013896000004,98.4960127,5.27938236,776.74183575,836.54867245,508.07987622999997,211.78557947000002,116.68321675000004,144.08572038999998,169.65840267999997,67.89715109,37.89750406,335.19094957999994,197.68060849999998,58.02295727999999,180.75786976999993,3.985493010000482,3746.3120089300005
2023-06-01,Monthly,Bank-bank pelaburan / Investment banks,0.0,51.571169020000006,0.0,0.0,0.0,0.0,0.0,0.0,0.0,0.0,0.0,0.0,0.0,0.0,0.0,0.0,0.0,0.0,0.0,51.571169020000006
2023-06-01,Monthly,Institusi kewangan pembangunan / Development financial institutions,482.0188563799998,15.23102531,334.67599793999995,7.670756099999999,6.83049995,782.54364806,514.9412184199999,298.82018054,188.59544411,27.525593769999887,274.9704402600001,136.22753521,61.32045734999999,165.70860684000004,158.03792595,80.96913583999999,26.553932230000008,285.55357760999993,69.00898961999837,3402.2626030699985
2023-06-01,Monthly,Jumlah / Total,1133.3428956699995,127.34986395,1397.1246657200002,130.12205079999995,106.53031416999997,2907.52099372,2884.95073321,1861.8448952800004,735.33687227,287.7689656599996,740.6067805200001,432.16102084,244.39143847000003,304.33276312000004,1640.8095882099997,556.5636456600001,176.51119116,692.62441483,79.72151549000046,13554.663875540002
2023-07-01,Monthly,Bank-bank perdagangan / Commercial banks,117.90151904,51.93453877,765.4716288799999,22.59268863,101.99361925000001,1416.7953060499997,1680.9615355,1125.3426091000001,347.50624466,208.11268173999997,325.21386023,135.33438729999997,143.01680813,101.10150823000001,1189.4685816099995,305.10987495,91.2475193,237.04304421,7.118034650001391,6692.3044547300005
2023-07-01,Monthly,Bank-bank Islam / Islamic banks,517.28621912,10.671857150000001,372.45295522000004,65.61328974,5.38667049,795.9934403599998,937.04012763,563.2424033199999,223.45820921999996,150.3395150900002,154.74448556000002,175.66169281,72.17955475000001,36.639431789999996,375.48152511999996,199.94177808,63.15032220999999,182.53238789,3.5552264600000854,3968.33096438
2023-07-01,Monthly,Bank-bank pelaburan / Investment banks,0.0,51.86021647,0.0,0.0,0.0,0.0,0.0,0.0,0.0,0.0,0.0,0.0,0.0,0.0,31.84378642,0.0,0.0,0.0,0.0,83.70400289
2023-07-01,Monthly,Institusi kewangan pembangunan / Development financial institutions,478.77979289000007,15.456338,332.88940965000006,8.037146250000001,6.8564970899999995,782.5732374699999,556.1347343100002,331.9443733500002,193.05734824,31.13301272000001,276.46793789,136.42154331999996,62.73031126000001,165.09895657000004,155.08003952,78.70634608999998,26.698995630000002,284.8897087700001,68.94376687000022,3435.764761580001
2023-07-01,Monthly,Jumlah / Total,1113.9675310500002,129.92295038999998,1470.8139937499998,96.24312462,114.23678683000003,2995.3619838799996,3174.1363974400006,2020.5293857700003,764.0218021200001,389.58520954999995,756.42628368,447.41762342999994,277.92667414000005,302.8398965900001,1751.8739326700002,583.7579991199999,181.09683714,704.46514087,79.6170279800026,14180.104183580002
2023-08-01,Monthly,Bank-bank perdagangan / Commercial banks,116.60220246000002,52.89258301,784.9022848399997,23.4210438,103.30172193999996,1421.12365284,1713.3586937199998,1155.1211058299996,350.0558547199999,208.18173317000037,335.73777075,136.58013935,173.79441185999997,103.65407912999999,1217.3572100000004,303.88968300000005,96.4419187,229.94751929999998,9.351679990000775,6822.356594690001
2023-08-01,Monthly,Bank-bank Islam / Islamic banks,529.0801405100001,10.27885139,367.7870865500001,67.66482724,4.815623050000001,880.07068852,968.8912693299999,580.3012249799999,232.08297697,156.50706737999997,157.10942052,186.62582222,76.33543959000001,36.45629331,376.03660016999993,205.66461129000004,62.81773997,187.01819880000002,3.1952246099999684,4119.84783707
2023-08-01,Monthly,Bank-bank pelaburan / Investment banks,0.0,52.15297993,0.0,0.0,0.0,0.0,0.0,0.0,0.0,0.0,0.0,0.0,0.0,0.0,32.13452457,0.0,0.0,0.0,0.0,84.2875045
2023-08-01,Monthly,Institusi kewangan pembangunan / Development financial institutions,478.95764885000006,9.537134940000001,337.78802177999995,7.941718339999999,6.888573489999999,796.4710460800002,558.8700102199999,333.62188705999995,194.02751758,31.220605579999983,330.8789555399999,137.37265342999999,105.06820324999998,165.87474051,159.39448058000002,77.89426434,27.207032870000006,288.78430470000006,70.32117566999932,3559.2499645899993
2023-08-01,Monthly,Jumlah / Total,1124.6399918200002,124.86154927,1490.4773931699997,99.02758938000001,115.00591847999998,3097.6653874399994,3241.11997327,2069.04421787,776.1663492699998,395.9094061300002,823.7261468100002,460.57861499999996,355.19805470000006,305.98511295,1784.92281532,587.4485586300001,186.46669154,705.7500228,82.86808027000188,14585.741900850002
2023-09-01,Monthly,Bank-bank perdagangan / Commercial banks,117.62912176999998,55.611836839999995,733.1799874799999,24.520953700000003,103.76545275,1411.4627963599999,1745.5276696300002,1158.8363667,377.10039874999995,209.59090418000005,311.8305113,138.2286636,171.77117058000002,101.84675198000001,1231.88963705,320.03774839999994,86.80834678999999,235.80744951000003,7.666852699998344,6797.584950439997
2023-09-01,Monthly,Bank-bank Islam / Islamic banks,543.4974798500001,11.084282709999998,380.0744008899999,67.64886799000001,6.56885317,905.41516155,941.6818210399998,570.7194323399998,216.12576398000002,154.83662472000003,144.42912915,192.89792551,67.64581650999999,34.47023815,376.69838582,205.74123664,66.07328740999999,190.60242893999998,3.979015810002238,4138.508331140001
2023-09-01,Monthly,Bank-bank pelaburan / Investment banks,0.0,52.43962517,0.0,0.0,0.0,0.0,0.0,0.0,0.0,0.0,0.0,0.0,0.0,0.0,32.26995027,0.0,0.0,0.0,0.0,84.70957544
2023-09-01,Monthly,Institusi kewangan pembangunan / Development financial institutions,492.44601402999996,9.419320189999997,355.63301579000006,8.036063180000001,6.9983128699999995,832.0900994300001,564.9866529699999,326.81133398,205.51218211,32.66313687999991,324.51232562999996,135.19581508999997,63.66353766,166.08171468999998,161.48250229000004,79.09568381,27.98062075,254.04716468000007,68.98928401000012,3550.6581270700003
2023-09-01,Monthly,Jumlah / Total,1153.5726156499998,128.55506491,1468.88740416,100.20588487,117.33261879000001,3148.96805734,3252.1961436399993,2056.3671330199995,798.7383448400001,397.09066577999965,780.77196608,466.32240419999994,303.08052475,302.39870482000003,1802.3404754299993,604.8746688499999,180.86225495000002,680.4570431300001,80.63515252000252,14571.46098409
2023-10-01,Monthly,Bank-bank perdagangan / Commercial banks,115.35829536,57.340333179999995,749.1050850799999,27.73206707,108.74059792000001,1463.7771378799996,1818.4310831799999,1200.35230449,389.0971347799999,228.98164391,276.87003963999996,139.13117834,173.18409997,98.72577097,1190.9141700699995,293.42310242,87.86947735000001,210.54594853,7.716636930000277,6818.865023889997
2023-10-01,Monthly,Bank-bank Islam / Islamic banks,550.8161889200002,11.07522417,384.78350965000004,69.7300329,6.57119219,899.42096818,955.2477321900001,573.20275532,221.53000243999998,160.51497443000005,146.13106016,196.25898625000002,73.13602995000001,34.37251017999999,374.6055121999999,208.82971409,65.56708114,195.77201596999996,3.7391393999987486,4176.056897539999
2023-10-01,Monthly,Bank-bank pelaburan / Investment banks,0.0,52.737002659999995,0.0,0.0,0.0,0.0,0.0,0.0,0.0,0.0,0.0,0.0,0.0,0.0,31.084365289999997,0.0,0.0,0.0,0.0,83.82136794999998
2023-10-01,Monthly,Institusi kewangan pembangunan / Development financial institutions,493.17864378,15.123984639999998,358.24236076000005,3.6145867000000007,7.015638849999999,853.0155577799998,544.2709849599999,305.4871834599999,204.9073574499999,33.87644405000003,327.44260461000005,135.075475,63.947004709999995,166.21746379000004,164.15893194999998,75.32794009,28.616658759999996,254.66375592000003,67.4183988599998,3557.3299911599997
2023-10-01,Monthly,Jumlah / Total,1159.3531280600005,136.27654464999998,1492.1309554899997,101.07668666999999,122.32742896,3216.2136638399998,3317.94980033,2079.04224327,815.5344946699998,423.3730623900001,750.4437044100001,470.4656395900001,310.26713463,299.31574494,1760.7629795099995,577.5807566000002,182.05321725,660.9817204200002,78.8741751899961,14636.073280539997
2023-11-01,Monthly,Bank-bank perdagangan / Commercial banks,117.04834616,56.22642575,748.3273096199997,24.31757514,109.16195653000003,1467.82010106,1851.9823506699995,1225.2264446299996,397.20229582,229.55361021999988,267.92366389,142.88204343999996,213.48709689,105.41869166,1163.1541440199999,285.80668954,85.60788071,206.63484891,7.7887796100030755,6853.587903600002
2023-11-01,Monthly,Bank-bank Islam / Islamic banks,542.16529697,11.011238050000001,362.8201738900001,68.69300704999999,6.773274230000001,910.8296085000001,985.8190689500002,585.8292529100002,236.71176378999996,163.2780522500001,146.80511403999998,199.82021489000002,71.39706403,37.36181956,373.20586469,204.35497622000003,67.41328622,200.65099228000003,2.9201689899991834,4192.041168559999
2023-11-01,Monthly,Bank-bank pelaburan / Investment banks,0.0,53.02861464,0.0,0.0,0.0,0.0,0.0,0.0,0.0,0.0,0.0,0.0,0.0,0.0,31.36540199,0.0,0.0,0.0,0.0,84.39401663
2023-11-01,Monthly,Institusi kewangan pembangunan / Development financial institutions,499.10736634,11.222844700000001,353.0027565300001,2.9673382700000004,7.0812458,842.30459431,546.9770970099999,306.21812108999995,208.6261996499999,32.13277627000002,327.44726792,133.82187477999994,62.72336004000002,166.49818034000003,226.74848955000002,74.19009895,29.688961790000004,241.23675102,65.43447760000299,3590.4527049500034
2023-11-01,Monthly,Jumlah / Total,1158.32100947,131.48912314,1464.1502400400004,95.97792045999998,123.01647656000003,3220.95430387,3384.77851663,2117.2738186300003,842.54025926,424.9644387399999,742.1760458500002,476.5241331099999,347.60752096,309.27869156,1794.4739002499998,564.35176471,182.71012871999997,648.5225922100001,76.14342620000207,14720.475793740003
2023-12-01,Monthly,Bank-bank perdagangan / Commercial banks,116.09226498999998,57.211523570000004,750.4248664100002,24.134693409999993,110.42411907000003,1421.3552862400002,1861.8294033599996,1231.2958826499994,403.8842398400001,226.64928086999998,265.81687471,145.67691004000002,213.33067022999995,116.21710501,1125.9353570199999,269.40934989,82.76763126,220.86180247999997,9.100989440004923,6790.588847130003
2023-12-01,Monthly,Bank-bank Islam / Islamic banks,539.5909201699999,11.981584719999999,367.69387905999986,67.0833625,7.676734140000001,899.8104004599998,1026.1854388299998,595.135727,257.53293154,173.51678028999982,148.88287678000003,189.68072058,73.35910985000001,38.33833811,372.05791283,221.30307649000002,70.06598471,204.43711611000003,3.059128270000656,4241.206583610001
2023-12-01,Monthly,Bank-bank pelaburan / Investment banks,0.0,53.33249418,0.0,0.0,0.0,0.0,0.0,0.0,0.0,0.0,0.0,0.0,0.0,0.0,31.65843228,0.0,0.0,0.0,0.0,84.99092646000001
2023-12-01,Monthly,Institusi kewangan pembangunan / Development financial institutions,494.24964801000016,11.020370539999998,345.56042241,2.8946225399999994,7.066978499999999,829.9509179899998,567.7260570200001,318.6791978400001,209.91173300999998,39.135126170000035,349.87221589000006,134.78893809000004,63.63307284999999,166.77080093,226.4380732,74.24154687,30.05540244,166.61167301,69.56042441000045,3540.4411647000006
2023-12-01,Monthly,Jumlah / Total,1149.9328331699996,133.54597300999998,1463.6791678799998,94.11267845,125.16783171000004,3151.1166046900003,3455.7408992099995,2145.1108074899994,871.3289043900002,439.3011873299997,764.5719673800002,470.14656871,350.3228529299999,321.32624404999996,1756.08977533,564.9539732499999,182.88901840999998,591.9105916,81.72054212000512,14657.227521900004
2024-01-01,Monthly,Bank-bank perdagangan / Commercial banks,122.95957387999998,57.80384383,738.4949767999997,24.092330370000003,114.75111594000003,1419.5025249100004,1909.0738480199986,1255.8455206999988,413.2345044099998,239.99382291000006,266.57983061,147.8994853,217.17961756,113.25039412000002,1132.5228105699994,271.07731732,93.39802546000001,229.92880326000002,9.243910800000776,6867.758408749998
2024-01-01,Monthly,Bank-bank Islam / Islamic banks,55.65203805999999,12.30479089,383.68687689000006,69.49394273000001,7.4827734800000005,914.2467064100002,1062.84290176,606.69233609,270.7751946199999,185.37537105,152.54772974000005,197.39682792999997,73.53921093,36.77233445,372.65673738000004,223.9851139,69.74144403,209.34286955,2.713504570001078,3844.405802700002
2024-01-01,Monthly,Bank-bank pelaburan / Investment banks,0.0,53.64265254,0.0,0.0,0.0,0.0,0.0,0.0,0.0,0.0,0.0,0.0,0.0,0.0,31.95420018,0.0,0.0,0.0,0.0,85.59685272
2024-01-01,Monthly,Institusi kewangan pembangunan / Development financial institutions,499.30351060000004,15.985853329999998,346.96317441,3.1341618500000004,5.89706688,826.2673638599999,589.0658283700001,331.2095358700001,214.76336328999997,43.09292921000008,340.15264551,120.67057048,63.745447800000015,116.02724441000005,232.07250746999998,71.85221758,27.914187760000004,159.35210537999995,69.94093703000453,3488.3448227200047
2024-01-01,Monthly,Jumlah / Total,677.9151225400001,139.73714059,1469.1450281,96.72043495,128.13095630000004,3160.0165951800004,3560.9825781499985,2193.7473926599987,898.7730623199997,468.46212317000027,759.2802058600001,465.96688371000005,354.4642762899998,266.04997298000006,1769.2062555999992,566.9146488,191.05365725000004,598.6237781899999,81.8983524000032,14286.105886890004
2024-02-01,Monthly,Bank-bank perdagangan / Commercial banks,124.73501228000002,57.39310344,747.49466821,25.34885199,115.45085302000003,1442.4682171699997,1971.440679500001,1284.7028712900008,423.1189997600003,263.61880844999996,267.86163808,123.71268882999998,65.07515458,114.66667012,1140.2236055500002,278.24968297,96.25519894,226.77660599999993,9.459138969999913,6806.611769650002
2024-02-01,Monthly,Bank-bank Islam / Islamic banks,56.57015849999998,12.35385176,414.49785656,70.17024685,7.452165319999999,933.3050755099999,1139.4379920299998,647.2838504399999,287.31619616999984,204.8379454200001,154.76925065000003,204.47034014,72.85645209999998,33.484973999999994,365.06890828,233.91125878999995,70.23394525999998,209.91965222000002,3.01461344000154,3981.5167414100015
2024-02-01,Monthly,Bank-bank pelaburan / Investment banks,0.0,53.934569079999996,0.0,0.0,0.0,0.0,0.0,0.0,0.0,0.0,0.0,0.0,0.0,0.0,31.13895457,0.0,0.0,0.0,0.0,85.07352365000001
2024-02-01,Monthly,Institusi kewangan pembangunan / Development financial institutions,503.3792720499999,16.084412380000003,345.60408781999996,4.0126056199999995,13.485957669999998,830.6784605599998,601.6939919600001,334.55952900000005,219.08896048999995,48.04550247000009,344.06088181999985,119.13620845,63.83496933,120.68130194000004,233.30909402999998,72.05892916,27.63313938999999,160.12017636999997,70.8889876600033,3526.662476210003
2024-02-01,Monthly,Jumlah / Total,684.6844428299999,139.76593666000002,1507.5966125899995,99.53170446,136.38897601000002,3206.4517532399996,3712.5726634900007,2266.5462507300003,929.52415642,516.5022563400003,766.69177055,447.31923742,201.76657600999997,268.83294606,1769.7405624299997,584.2198709199998,194.12228359,596.8164345899999,83.36274007000793,14399.86451092001
2024-03-01,Monthly,Bank-bank perdagangan / Commercial banks,124.45959115,55.18576192999999,757.9000614699997,24.50572265000001,116.15734692999999,1460.3187327599992,1976.5030236600007,1300.1215939700007,417.5535175299999,258.8279121600001,230.68694305999995,123.20993367999998,63.60861638,116.93089989000003,1156.3838726399997,280.05934899999994,97.13833204999999,235.29138502,9.615973180004403,6827.955545450004
2024-03-01,Monthly,Bank-bank Islam / Islamic banks,55.512324260000014,14.024426949999999,418.95070918,69.92948445999998,7.50603882,977.7158486099997,1173.92109577,682.2647277299999,285.9783149700001,205.67805307000003,155.39287535999998,221.46145050000004,83.48591462,36.79829082,383.94538864000003,241.45791833000004,78.36647110000001,130.09157916999993,3.2032193600002756,4051.763035950001
2024-03-01,Monthly,Bank-bank pelaburan / Investment banks,0.0,54.24645764,0.0,0.0,0.0,0.0,0.0,0.0,0.0,0.0,0.0,0.0,0.0,0.0,31.42986916,0.0,0.0,0.0,0.0,85.6763268
2024-03-01,Monthly,Institusi kewangan pembangunan / Development financial institutions,512.1603931499999,16.291775959999995,352.81043938999994,5.1575041,13.479783049999998,828.0208493599999,623.8678227,346.76069245,229.23013197999998,47.87699827000006,448.27786553,120.81200917000005,64.15507640999999,121.32644275,251.20502131999996,68.72179363999999,28.09787931000001,160.04554879999998,71.19780634999961,3685.628010989999
2024-03-01,Monthly,Jumlah / Total,692.13230856,139.74842248000002,1529.661210039999,99.59271120999999,137.14316879999998,3266.055430729999,3774.2919421300003,2329.1470141500004,932.7619644799997,512.3829635000002,834.3576839499998,465.48339335000003,211.24960740999995,275.05563346,1822.9641517599998,590.2390609700001,203.60268245999998,525.42851299,84.0169988900052,14651.022919190002
2024-04-01,Monthly,Bank-bank perdagangan / Commercial banks,126.33022466,55.62877749999999,754.9172462200002,22.773594380000002,116.82549584000002,1447.1694959300003,2001.5356190199998,1314.5783238299996,419.5820192000001,267.3752759900001,224.76951652999998,119.02597641999998,66.89689352999999,117.32123860999997,1166.5029020200002,283.4989095699999,99.39908333000001,239.94144758,9.300625670003683,6851.837046810006
2024-04-01,Monthly,Bank-bank Islam / Islamic banks,56.64126951,17.20908507,430.58197980999995,70.61334284000002,6.97507821,1253.67887429,1186.99468329,692.2964050999998,287.28654325000014,207.4117349400001,152.82355982,225.29447192,90.57951343999999,36.101524950000005,383.37649610999995,241.67651175999998,79.25273231,129.66323241,3.221696110001176,4364.684051850001
2024-04-01,Monthly,Bank-bank pelaburan / Investment banks,0.0,54.55143769,0.0,0.0,0.0,0.0,0.0,0.0,0.0,0.0,0.0,0.0,0.0,0.0,0.0,0.0,0.0,0.0,0.0,54.55143769
2024-04-01,Monthly,Institusi kewangan pembangunan / Development financial institutions,549.0681890300002,15.970619850000002,368.31642539,5.46435046,13.66292587,850.3196870200002,639.75025566,354.20247731,234.41174003999998,51.13603831,452.42394327,119.64625885,64.62527076,121.74327440000003,259.35310613,68.30710812000001,29.753784600000003,164.29512760999995,76.03800817000138,3798.7383351900016
2024-04-01,Monthly,Jumlah / Total,732.0396832,143.35992011,1553.81565142,98.85128768,137.46349992,3551.16805724,3828.28055797,2361.0772062399997,941.28030249,525.9230492400002,830.01701962,463.96670718999997,222.10167772999998,275.16603796000004,1809.23250426,593.48252945,208.40560024,533.8998075999999,88.56032995000896,15069.810871540009
2024-05-01,Monthly,Bank-bank perdagangan / Commercial banks,121.64551155,55.687976909999996,779.8580846499999,28.86018302,118.10608654,1435.8933723100001,2019.8566280200002,1336.0353067000003,414.38646021999983,269.43486110000003,218.67991324,115.44322281999997,64.50332657000001,77.08241513999998,1192.0154129799998,282.18307888999993,97.71545369,220.48268903000002,5.888173839999581,6833.9015292
2024-05-01,Monthly,Bank-bank Islam / Islamic banks,57.964038970000004,17.25853288,449.18578678999995,69.50569409000002,6.857711050000001,1255.3770383600001,1218.9960216600002,707.8041479500001,298.14403310999995,213.0478406000002,151.24458173,225.3791601,90.49400795999998,34.737345010000006,377.84925873000003,246.61463886,81.94634067999999,129.65267813000003,3.198807690000649,4416.26164269
2024-05-01,Monthly,Bank-bank pelaburan / Investment banks,0.0,54.3104151,0.0,0.0,0.0,0.0,0.0,0.0,0.0,0.0,0.0,0.0,0.0,0.0,31.87465939,0.0,0.0,0.0,0.0,86.18507449
2024-05-01,Monthly,Institusi kewangan pembangunan / Development financial institutions,532.4702631500002,16.026929310000003,384.06978954,5.597371109999999,14.1528909,855.1830650599996,647.3780167200002,359.66420727000025,236.78017011,50.93363934000001,452.47094053999996,116.51129658,65.04564513,121.96798505,259.32324754999996,67.17406093000001,29.787016599999998,165.49839010999997,75.1728402200024,3807.829748500002
2024-05-01,Monthly,Jumlah / Total,712.0798136700002,143.28385419999998,1613.11366098,103.96324822000003,139.11668849,3546.4534757300007,3886.2306664,2403.50366192,949.3106634399999,533.4163410399997,822.3954355099999,457.33367949999996,220.04297966000001,233.78774520000002,1861.0625786499998,595.9717786799999,209.44881096999998,515.6337572699999,84.25982175000536,15144.177994880003
2024-06-01,Monthly,Bank-bank perdagangan / Commercial banks,121.19033181000003,53.69840171,729.44840917,31.343607519999992,120.39547744999999,1441.765245819999,1972.1810609600004,1329.6768197200006,408.22920189,234.27503934999982,215.06311827999997,119.58219212999997,68.25443371999998,76.77260392999999,1296.6798078700003,287.79553603999994,100.88483857,208.56029273000001,5.662612109999827,6849.277969819999
2024-06-01,Monthly,Bank-bank Islam / Islamic banks,60.04494944000001,14.391719109999995,446.85094890000016,69.72863521,6.96966199,1291.03525486,1219.00081546,702.2715477500001,300.0270502600001,216.7022174499998,153.11976667000002,221.56040413,92.00770931999999,34.0643664,306.19147580999993,266.46535071,84.57946341999998,134.80753546999998,2.9151285200023267,4403.733185420003
2024-06-01,Monthly,Bank-bank pelaburan / Investment banks,0.0,54.354691009999996,0.0,0.0,0.0,0.0,0.0,0.0,0.0,0.0,0.0,0.0,0.0,0.0,32.16939079,0.0,0.0,0.0,0.0,86.52408179999999
2024-06-01,Monthly,Institusi kewangan pembangunan / Development financial institutions,539.0174532499999,16.11086088,397.63939539999996,5.427165210000001,14.24046188,852.1724807900001,664.49971606,369.45062843999995,242.96731793000006,52.08176968999999,454.77820356000007,117.62232072,64.48851069999999,122.32643463000007,259.38583295,67.11887972,30.24393679000001,162.84192125,78.0625327100015,3845.976106500002
2024-06-01,Monthly,Jumlah / Total,720.2527344999999,138.55567270999998,1573.93875347,106.49940793999997,141.60560132,3584.9729814699995,3855.6815924800003,2401.398995910001,951.2235700800002,503.05902648999927,822.96108851,458.76491697999995,224.75065374,233.16340496000007,1894.42650742,621.37976647,215.70823878,506.20974945,86.64027334000639,15185.511343540005
2024-07-01,Monthly,Bank-bank perdagangan / Commercial banks,117.67421823000004,53.75762324,718.65634173,19.520737069999996,121.15028671999998,1458.51155208,2017.0762842399995,1357.2141947299995,421.89664591,237.96544360000007,214.30401852000003,122.59042079000001,66.91754675,77.31153722999998,1281.1335498800001,294.16252365,100.33723147999999,210.77554882999996,5.8175246099990545,6879.696945049998
2024-07-01,Monthly,Bank-bank Islam / Islamic banks,61.67415969,14.38651944,462.3966532099999,70.17885292000001,7.03807093,1310.9658077400002,1274.9270863799995,736.6851839899998,318.74762709,219.4942752999998,153.42719485999996,233.15846928000002,90.98859139999999,33.697198619999995,335.12169737999994,267.14571758000005,80.48638267999999,137.70559215,2.7969954600021083,4536.094989720002
2024-07-01,Monthly,Bank-bank pelaburan / Investment banks,0.0,54.40044297,0.0,0.0,0.0,0.0,0.0,0.0,0.0,0.0,0.0,0.0,0.0,0.0,32.47676261,0.0,0.0,0.0,0.0,86.87720558
2024-07-01,Monthly,Institusi kewangan pembangunan / Development financial institutions,538.0082689200001,17.37836372,395.35445304,5.36644092,13.76207294,842.4211327400001,677.0235721399998,373.0921627199999,251.59747911999997,52.333930299999906,469.98676419000014,118.35581699,64.78264308000001,122.7980335,255.24269929999997,66.32212519,31.076071489999997,161.7531306,76.87010657000292,3856.5016953300033
2024-07-01,Monthly,Jumlah / Total,717.3566468400003,139.92294936999997,1576.4074479800004,95.06603091000001,141.95043058999997,3611.8984925600007,3969.0269427599997,2466.9915414399998,992.2417521200001,509.7936491999999,837.71797757,474.10470706000007,222.68878123000002,233.80676935,1903.9747091699999,627.6303664200002,211.89968564999998,510.2342715799999,85.48462664000544,15359.170835680005
2024-08-01,Monthly,Bank-bank perdagangan / Commercial banks,115.06831777000006,53.373254370000005,750.1960933299999,80.31701789,121.70353163000001,1450.7749045499995,2036.4076060900006,1364.5742788000005,426.0354805200001,245.79784676999998,214.85192519,120.84221762,67.17030094000002,83.35003279,1279.4679188999994,299.7182456300001,101.35900008000003,181.79875777000004,3.3282228500029305,6959.727347400001
2024-08-01,Monthly,Bank-bank Islam / Islamic banks,62.445283599999996,15.805615330000002,400.3046554200001,66.38519794999999,7.21679139,1366.5559437200002,1311.6172659800004,747.5942089000006,344.61094775000004,219.4121093299998,156.18952036000002,237.96490774,103.6212438,33.15993833,350.47461855,289.5407206000001,83.03047998,144.98487049999997,2.806214569999611,4632.10326782
2024-08-01,Monthly,Bank-bank pelaburan / Investment banks,0.0,54.44619493,0.0,0.0,0.0,0.0,0.0,0.0,0.0,0.0,0.0,0.0,0.0,0.0,32.78707137,0.0,0.0,0.0,0.0,87.2332663
2024-08-01,Monthly,Institusi kewangan pembangunan / Development financial institutions,537.8299235499996,17.27822689,408.8842571400001,5.3645283599999996,13.811878160000003,828.3322513900001,683.4144339300002,373.35220897000005,256.23336988000017,53.828855079999926,468.1204341400001,119.36020276,65.02074152,123.23471627,249.48962097999998,66.16333739,32.2303233,164.65899014000001,76.68186999999989,3859.8757359199994
2024-08-01,Monthly,Jumlah / Total,715.3435249199998,140.90329152,1559.38500589,152.0667442,142.73220118,3645.6630996599997,4031.4393060000016,2485.520696670001,1026.8797981500002,519.0388111800003,839.1618796900002,478.16732812000004,235.81228626,239.74468739000002,1912.2192297999993,655.4223036200001,216.61980336,491.4426184100001,82.81630741999834,15538.939617439999
2024-09-01,Monthly,Bank-bank perdagangan / Commercial banks,115.19860441000002,51.26535772,794.0835890200002,79.70346714,83.3364852,1435.4345040699998,2008.5682318800004,1341.2261917000003,418.68986720999993,248.65217297000027,206.82707404000007,124.70490949999994,68.91082853,83.91421722000001,1254.5620817399997,300.42598640999995,89.53065869000001,179.27073911000002,3.125327569997353,6878.8620622499975
2024-09-01,Monthly,Bank-bank Islam / Islamic banks,53.50494334000001,19.66422329,392.17982800000004,62.955649179999995,8.221684849999997,1367.6660536400004,1309.3603285899997,729.9127297699997,360.0048493399998,219.4427494800002,143.18128938000004,242.35289173,104.83205614000005,33.39084638,276.03068347000004,296.2845570000001,80.76619429,145.58918567999996,3.398910560001241,4539.379325520002
2024-09-01,Monthly,Bank-bank pelaburan / Investment banks,0.0,54.49047084,0.0,0.0,0.0,0.0,0.0,0.0,0.0,0.0,0.0,0.0,0.0,0.0,33.09023937,0.0,0.0,0.0,0.0,87.58071021
2024-09-01,Monthly,Institusi kewangan pembangunan / Development financial institutions,555.84363634,17.16888635,400.89813082999996,5.55179828,14.3939325,830.1285635800002,711.0812784,386.65975088000005,267.9660482599999,56.45547925999995,471.02330067999975,122.9354591,61.80613871999999,123.38661927999998,245.76727389999996,66.5594967,33.61208071,159.37088499999996,77.1409249900039,3896.6684053600043
2024-09-01,Monthly,Jumlah / Total,724.5471840900001,142.5889382,1587.1615478499996,148.21091459999997,105.95210254999999,3633.2291212900004,4029.0098388699994,2457.79867235,1046.66076481,524.5504017099997,821.0316640999998,489.99326032999994,235.54902338999997,240.69168288000003,1809.45027848,663.2700401100003,203.90893369000003,484.2308097899999,83.66516312000385,15402.490503340005
2024-10-01,Monthly,Bank-bank perdagangan / Commercial banks,109.78736984000005,50.66183004,809.8096892399999,80.95428238000001,82.16709064999998,1430.77107331,1954.4519638700003,1302.02236953,405.88837462,246.5412197200003,207.37397762000006,121.00792052999995,72.46080355,82.11904119000002,1240.83782146,257.9241704,88.02398451,179.65413831999996,3.443521459994372,6771.448678369994
2024-10-01,Monthly,Bank-bank Islam / Islamic banks,53.923523819999986,18.60026525,395.36213024,65.60688299,8.62789837,1365.5437746200007,1348.3563412100007,761.8432251700004,364.2594440700002,222.25367197000014,149.88475113,243.00923232000002,108.20254143000001,33.25906085,321.2029938599999,302.60136760999995,84.40046133,151.52223775999997,3.9587775799991505,4654.062240370001
2024-10-01,Monthly,Bank-bank pelaburan / Investment banks,0.0,54.5362228,0.0,0.0,0.0,0.0,0.0,0.0,0.0,0.0,0.0,0.0,0.0,0.0,32.50400666,0.0,0.0,0.0,0.0,87.04022945999999
2024-10-01,Monthly,Institusi kewangan pembangunan / Development financial institutions,555.6400052100001,17.509210210000003,395.55308100999997,5.6810523900000005,14.43344575,860.76943197,704.7680898100001,377.7337934800001,270.07373531999997,56.960561010000106,466.55426147000026,122.44033186000001,62.20647560999997,123.11899588000001,254.47006465000004,65.64515666999999,33.46709744,148.05960093000007,77.8292748899944,3908.145575749995
2024-10-01,Monthly,Jumlah / Total,719.3508988700003,141.30752829999997,1600.7249004899998,152.24221776,105.22843476999996,3657.0842799000006,4007.5763948900008,2441.5993881800005,1040.2215540100003,525.7554526999998,823.8129902200003,486.45748470999985,242.86982059000002,238.49709792000002,1849.0148866299999,626.1706946799999,205.89154327999998,479.23597701000006,85.23157392999201,15420.696723949994
2024-11-01,Monthly,Bank-bank perdagangan / Commercial banks,108.69677588999997,49.532856769999995,809.2164050999999,81.18077492,91.23131244,1435.9622842200008,1942.4834032999997,1287.3257500499997,406.46458242000006,248.69307083000012,228.35760088000004,126.83131901999997,79.81146800999997,82.28719931999998,1218.0218808799996,257.98136177,84.19316652999998,171.29486379,3.328856820002329,6770.411529660002
2024-11-01,Monthly,Bank-bank Islam / Islamic banks,63.10808084000003,16.09039133,388.88285090000005,67.30668689,8.92398797,1363.3045266900006,1353.5194807600003,766.3300867600002,368.16203160000003,219.02736240000013,149.52639531000003,242.24101151,108.55813946999999,31.384304049999997,325.5681624200002,309.64077381,86.44014810000002,152.08298563999995,2.7016899299987926,4669.27961562
2024-11-01,Monthly,Bank-bank pelaburan / Investment banks,0.0,54.58049871,0.0,0.0,0.0,0.0,0.0,0.0,0.0,0.0,0.0,0.0,0.0,0.0,32.80455746,0.0,0.0,0.0,0.0,87.38505617
2024-11-01,Monthly,Institusi kewangan pembangunan / Development financial institutions,566.0903703000002,17.931893369999997,392.8784046799999,5.738266079999999,13.816282739999998,863.2495358600002,713.49704091,387.25150855000004,262.70337284,63.54215951999993,464.78640599,122.32971458999998,62.55990189999999,123.07758367999996,257.20843766,65.97777441000001,33.79908115,119.12231512000005,75.5737484500014,3897.636756890002
2024-11-01,Monthly,Jumlah / Total,737.89522703,138.13564017999994,1590.9776606799999,154.22572789,113.97158314999999,3662.516346770001,4009.4999249700004,2440.90734536,1037.3299868600002,531.2625927500003,842.67040218,491.40204512,250.92950937999998,236.74908704999996,1833.6030384199998,633.59990999,204.43239578,442.50016454999997,81.60429519999889,15424.71295834
2024-12-01,Monthly,Bank-bank perdagangan / Commercial banks,105.84640343000001,48.53591378000001,833.2972891800001,82.72835284,44.577621220000005,1344.4416564600006,1935.85452831,1287.59099952,408.8707110000001,239.39281778999998,236.34573213999997,127.94091165999997,78.57729470999999,72.95978773999998,1139.3153008299994,250.59510415000005,84.69706221999999,177.93564212999996,3.1943828799967378,6566.842983679998
2024-12-01,Monthly,Bank-bank Islam / Islamic banks,59.29883865,15.43165771,368.1250225699999,68.42595877000001,7.15307147,1075.21930098,1335.2716935499998,757.4983303299995,368.72099568,209.05236754000043,149.60132452000005,128.32326538,107.58945034000003,31.068157620000004,302.07454720000004,293.25045365,85.97359789999999,145.95405461000004,2.718503299997792,4175.478898219998
2024-12-01,Monthly,Bank-bank pelaburan / Investment banks,0.0,54.626250670000005,0.0,0.0,0.0,0.0,0.0,0.0,0.0,0.0,0.0,0.0,0.0,0.0,33.11799819,0.0,0.0,0.0,0.0,87.74424886
2024-12-01,Monthly,Institusi kewangan pembangunan / Development financial institutions,564.1425306699998,16.16894136,405.01452592999993,8.80781968,13.808254980000001,877.0734547000001,728.1774213100001,400.43767291000006,265.86103999,61.87870841000006,437.23201286,127.12905915999997,46.44766833,31.50339104,192.79922376000002,66.33736653000001,27.94250474000001,122.94649163000004,73.03516398000147,3738.5658306600017
2024-12-01,Monthly,Jumlah / Total,729.2877727499999,134.76276352000002,1606.4368376800003,159.96213129,65.53894767000001,3296.73441214,3999.30364317,2445.527002759999,1043.45274667,510.32389374000104,823.17906952,383.39323619999993,232.61441338000003,135.5313364,1667.3070699799996,610.18292433,198.61316485999998,446.83618837,78.94805015999918,14568.631961419998
2025-01-01,Monthly,Bank-bank perdagangan / Commercial banks,107.31672320000003,47.233320670000005,838.7025448499999,84.28829556999997,44.67910063999999,1338.7404299699997,1944.63198021,1294.25961691,411.5464667699999,238.82589653000014,238.80121754000007,134.31454047999998,80.12732616999999,73.12068016,1099.0850706400001,259.74733754,136.41980760000004,202.77907537000002,5.1719000599923675,6635.159350669993
2025-01-01,Monthly,Bank-bank Islam / Islamic banks,63.645756139999996,10.90878558,386.20227283,69.22349155,7.4084616799999985,1085.8285006399997,1358.4193559100001,770.5869384200003,375.22827846,212.60413902999994,151.71797716000003,134.36345715,109.23452945,30.8486063,298.7754643599999,295.3659029999999,83.18318317,149.45723465999998,2.687505060001058,4237.270484640001
2025-01-01,Monthly,Bank-bank pelaburan / Investment banks,0.0,54.67200263,0.0,0.0,0.0,0.0,0.0,0.0,0.0,0.0,0.0,0.0,0.0,0.0,33.15773115,0.0,0.0,0.0,0.0,87.82973378
2025-01-01,Monthly,Institusi kewangan pembangunan / Development financial institutions,563.9797115000002,16.595317809999997,414.7894702099999,8.75917955,13.90857385,879.3966432599998,747.5385820799999,410.73636952,273.57977498999986,63.22243757000001,444.05960478999987,132.62360027,46.80288996,31.597138389999998,195.74793882999995,64.68729237999999,29.006144220000003,125.02024840000001,71.44244553999988,3785.954781039999
2025-01-01,Monthly,Jumlah / Total,734.9421908400004,129.40942669,1639.6942878899997,162.27096667,65.99613616999999,3303.9655738699994,4050.5899182000007,2475.5829248500004,1060.3545202199998,514.6524731300005,834.5787994899999,401.3015979,236.16474557999996,135.56642485000003,1626.76620498,619.8005329199999,248.60913499000003,477.25655843,79.30185065999649,14746.214350129994
2025-02-01,Monthly,Bank-bank perdagangan / Commercial banks,106.92358763000001,35.5813121,848.2722857300001,83.98022836999999,44.271683100000004,1337.0543237100005,1985.7902882699998,1343.3966772099998,416.54328096999996,225.85033008999994,233.37164589000005,131.39909286999995,83.94058025999999,76.04119318000001,1104.6195967999997,265.79383627,137.15248029000003,208.84511678000004,5.228991949998999,6688.266243199999
2025-02-01,Monthly,Bank-bank Islam / Islamic banks,61.08809293,10.55277359,403.75183204999996,90.30364671999997,7.75319939,1085.9220911700004,1373.3604686499996,796.0906655999997,382.82831918999995,194.44148385999983,150.27866812,134.38541289000003,106.18553044999999,32.10840515,301.53549169999997,292.06627857999996,86.29682007,143.41077829,2.7294667600008324,4281.728956510001
2025-02-01,Monthly,Bank-bank pelaburan / Investment banks,0.0,54.7133269,0.0,0.0,0.0,0.0,0.0,0.0,0.0,0.0,0.0,0.0,0.0,0.0,33.23097343,0.0,0.0,0.0,0.0,87.94430033
2025-02-01,Monthly,Institusi kewangan pembangunan / Development financial institutions,564.38552675,16.685783609999998,414.69712890000017,8.90405703,14.06676945,880.4445691599999,767.0997943499996,421.40122623999963,281.43954503,64.25902308000002,479.68957391999993,131.44178811000003,47.089304700000014,27.21745543,196.9429442,52.150213810000004,31.233719560000004,125.82768472,71.76557301000139,3829.6418867100006
2025-02-01,Monthly,Jumlah / Total,732.3972073099997,117.5331962,1666.7212466800001,183.18793211999997,66.09165193999999,3303.4209840400003,4126.250551269999,2560.888569049999,1080.8111451899997,484.55083703000037,863.33988793,397.22629387,237.21541541000002,135.36705376000003,1636.3290061299997,610.0103286599999,254.68301992000005,478.08357979,79.72403172000122,14887.58138675
2025-03-01,Monthly,Bank-bank perdagangan / Commercial banks,105.97720699000001,36.78895300999999,830.6046880199999,81.50961774000002,43.83111767000001,1329.7678137299997,1960.7730762599995,1323.7474134499996,415.6381514899998,221.38751132000016,219.45796837,129.24743685999997,79.13576738,71.58257802999998,1162.0304921200002,258.9200579400001,136.50127548999998,200.91544506999998,5.135808190003445,6652.179302870003
2025-03-01,Monthly,Bank-bank Islam / Islamic banks,57.96526047999999,9.96854249,420.05759978000003,89.47591508999999,7.4615692000000005,1098.5481756899999,1380.7795944299999,790.2574577699999,393.4063918100001,197.11574484999983,151.52826521000003,133.00873757,101.28493052999998,29.81752911,304.18680144000007,289.68406168999996,83.09115248,142.87720899999997,3.293411469999228,4303.02875566
2025-03-01,Monthly,Bank-bank pelaburan / Investment banks,0.0,54.75907886,0.0,0.0,0.0,0.0,0.0,0.0,0.0,0.0,0.0,0.0,0.0,0.0,32.55479526,0.0,0.0,0.0,0.0,87.31387412000001
2025-03-01,Monthly,Institusi kewangan pembangunan / Development financial institutions,569.4037278900001,17.280830809999998,430.11613613,9.152759810000001,14.349729500000002,862.13369106,774.88925735,428.44022618000014,280.4056818099999,66.04334935999987,505.45406914999984,133.14029185,49.28886667,27.444156070000005,197.53848528,52.76695226,34.07655489,125.65543772999997,70.13024983000241,3872.8211962800015
2025-03-01,Monthly,Jumlah / Total,733.3461953599999,118.79740516999999,1680.77842393,180.13829264,65.64241637,3290.44968048,4116.44192804,2542.4450973999997,1089.4502251100002,484.54660552999985,876.44030273,395.39646628,229.70956457999998,128.84426320999998,1696.3105741000002,601.37107189,253.66898285999997,469.44809179999993,78.55946949000099,14915.34312893
2025-04-01,Monthly,Bank-bank perdagangan / Commercial banks,106.36585007999997,36.69085654,918.1679927400002,80.91356646,43.500123880000004,1344.9918500100002,1913.52616049,1309.6310791699998,445.5019796400001,158.39310167999997,219.58875268,132.00934071999993,79.82967369999999,74.52896399000001,1185.13254105,259.53668730000004,141.16478315000003,196.92923027999998,4.766629889994874,6737.643002959997
2025-04-01,Monthly,Bank-bank Islam / Islamic banks,56.843580580000015,9.849872359999997,434.61694402999996,135.01785357,7.884328519999999,1097.5463970700002,1398.6842913899993,790.1102411899993,415.60179232999985,192.97225787000002,127.26159772000001,135.62181136,101.79878070000001,29.82948117999999,298.05732739999996,287.1818839399999,85.97393967999996,139.2129332,4.181353620001573,4349.562376320001
2025-04-01,Monthly,Bank-bank pelaburan / Investment banks,0.0,54.803354770000006,0.0,0.0,0.0,0.0,0.0,0.0,0.0,0.0,0.0,0.0,0.0,0.0,32.58433301,0.0,0.0,0.0,0.0,87.38768778000001
2025-04-01,Monthly,Institusi kewangan pembangunan / Development financial institutions,571.81925166,17.210557039999998,421.16780847000007,8.065887690000002,14.32031344,860.9478152699999,790.47226951,437.94887228000005,282.3758919299999,70.14750530000003,507.02670441,146.6811452199999,49.37811317,27.825715629999998,195.53576397,52.77650772,32.76307159,129.4889302,62.130839779997586,3887.6106947699977
2025-04-01,Monthly,Jumlah / Total,735.0286823199999,118.55464070999997,1773.9527452399996,223.99730772,65.70476584000001,3303.4860623500003,4102.68272139,2537.690192639999,1143.4796638999999,421.51286485000037,853.8770548099998,414.3122972999999,231.00656757000002,132.1841608,1711.30996543,599.4950789599999,259.90179442,465.6310936800001,71.07882328999403,15062.203761829995
2025-05-01,Monthly,Bank-bank perdagangan / Commercial banks,106.09717287000002,37.13942514,923.8862118300003,80.7742603,51.78917406000001,1387.35681025,1971.07719648,1342.4096808200004,457.0256440599998,171.64187159999983,224.8829654699999,131.32465285000004,82.10328682000001,74.04132546,1180.0532005299995,264.82344881000006,148.63688164000004,199.69510764999995,5.5875826000037705,6869.268702760003
2025-05-01,Monthly,Bank-bank Islam / Islamic banks,56.88527162,10.12930665,445.41466171999997,134.22105123,43.89751732,1106.00467928,1434.5973394799996,809.2308241599999,419.2675683099998,206.09894701000007,119.98804822,132.35716462,97.70052573999999,30.018437449999997,296.21423085000004,303.27639072000005,90.42036395,138.57859815999998,4.335820390000663,4444.0394074000005
2025-05-01,Monthly,Bank-bank pelaburan / Investment banks,0.0,54.849106729999995,0.0,24.732685670000002,0.0,0.0,0.0,0.0,0.0,0.0,0.0,0.0,0.0,0.0,32.64697281,0.0,0.0,0.0,0.0,112.22876520999999
2025-05-01,Monthly,Institusi kewangan pembangunan / Development financial institutions,577.2748261500001,17.036494610000002,420.6893566099999,9.26484971,14.415017480000001,860.0667940800001,809.55891949,449.5091779499999,291.1915709600001,68.85817057999998,518.3006615900001,152.90857677000002,48.423984819999994,27.96582972,194.84859185000002,53.1993385,32.76449741,129.55699320000002,64.1056477399984,3930.3803797299984
2025-05-01,Monthly,Jumlah / Total,740.2572706400001,119.15433313,1789.99023016,248.99284691000003,110.10170886,3353.42828361,4215.233455449999,2601.1496829300004,1167.48478333,446.598989189999,863.1716752799999,416.59039424,228.22779737999997,132.02559262999998,1703.76299604,621.2991780300001,271.821743,467.83069901000005,74.02905073000147,15355.917255100003
2025-06-01,Monthly,Bank-bank perdagangan / Commercial banks,107.43585823000001,39.536866200000006,907.4277871899999,79.81451435,54.42519761000001,1422.34247143,2000.2790980099996,1352.0484512299995,474.71548798000026,173.51515879999988,191.03681387999998,131.39798184,81.9150405,83.88933877000001,1250.0750096,260.60062608000004,144.85055064000002,201.42519288999995,5.40318828999807,6961.855535509999
2025-06-01,Monthly,Bank-bank Islam / Islamic banks,57.78992150999999,8.89148523,441.6373676500001,134.67825421000003,43.46858475999999,1063.5783837500003,1470.1218770599999,840.0868446299997,422.67543484000004,207.35959759000002,117.95784021000001,164.90268818999996,93.48618041999998,31.80406919,298.66097221,318.4580960099999,87.03334987000004,136.93244754999998,4.059621359997436,4473.461139179998
2025-06-01,Monthly,Bank-bank pelaburan / Investment banks,0.0,54.89338264,0.0,24.876807940000003,0.0,0.0,0.0,0.0,0.0,0.0,0.0,0.0,0.0,0.0,32.61131719,0.0,0.0,0.0,0.0,112.38150777
2025-06-01,Monthly,Institusi kewangan pembangunan / Development financial institutions,576.66020927,16.46262792,405.4217862400001,9.21124201,14.213104660000003,856.9560973000001,822.4850902,458.8938852299999,293.57761386000004,70.01359111,521.9523016300001,156.79638916,47.244049360000005,27.87463106,195.02241753,53.870264979999995,33.178200950000004,134.60977512,54.049017789996924,3926.007205179997
2025-06-01,Monthly,Jumlah / Total,741.8859890100001,119.78436199,1754.48694108,248.58081851,112.10688702999998,3342.87695248,4292.88606527,2651.0291810899994,1190.9685366800004,450.8883474999998,830.9469557200001,453.09705919000004,222.64527028,143.56803902,1776.36971653,632.9289870699998,265.06210146000006,472.96741556,63.51182743999561,15473.705387639995
2025-07-01,Monthly,Bank-bank perdagangan / Commercial banks,108.98901937999997,38.147207849999994,924.9101654399997,77.69061974999998,51.6013684,1418.9957907900007,2036.1737518599998,1359.00104083,501.25446902999994,175.91824199999996,198.82915338,135.11973052000002,80.98394800999999,73.12548553999999,1239.01601182,259.6481911200001,149.02461704,204.23464197,3.6197481200033508,7000.109450990004
2025-07-01,Monthly,Bank-bank Islam / Islamic banks,58.010517940000035,9.320230299999999,450.35948094,158.31440516999996,41.01292341999999,1554.59827741,1574.89927704,945.0920744800001,419.2606895299999,210.54651302999991,117.16951004999999,166.35374280999994,97.72443580000002,33.577111949999995,306.03444896,312.0805651999999,87.95292771000001,140.55423836999998,4.3491341999988435,5112.311227269999
2025-07-01,Monthly,Bank-bank pelaburan / Investment banks,0.0,54.9391346,0.0,24.88282582,0.0,0.0,0.0,0.0,0.0,0.0,0.0,0.0,0.0,0.0,32.583066960000004,0.0,0.0,0.0,0.0,112.40502737999999
2025-07-01,Monthly,Institusi kewangan pembangunan / Development financial institutions,569.6534035500001,16.58478621,394.0854317800001,8.98414205,14.390134000000002,858.1690333200003,890.5050453600002,490.0515533600001,329.49856077999993,70.95493122000016,518.6308098800001,153.22421902000005,46.76273399000001,27.83653445,197.74142525000002,54.411965849999994,33.75242745999999,133.48564573999997,50.01443235000261,3968.2321702600034
2025-07-01,Monthly,Jumlah / Total,736.65294087,118.99135896000001,1769.3550781600002,269.87199279000004,107.00442582,3831.7631015200004,4501.57807426,2794.14466867,1250.0137193399996,457.41968625000027,834.6294733100001,454.69769234999995,225.47111780000003,134.53913193999998,1775.3749529899999,626.1407221699999,270.72997221,478.27452608,57.98331467000571,16193.057875900005
2025-08-01,Monthly,Bank-bank perdagangan / Commercial banks,113.75117686000002,40.41497486999999,901.6768890400002,78.04767054000003,46.17508838000001,1391.9675094000004,1983.6962631299998,1308.1171656499998,502.37717130999994,173.20192616999998,204.74094824000002,137.84973926,90.43348562999999,73.07501474999998,1304.0267886600002,259.27289084,152.71546125,198.83111510999998,4.20461320999857,6980.87962917
2025-08-01,Monthly,Bank-bank Islam / Islamic banks,50.70193141999999,10.257833239999998,443.11987890000006,156.09734627,41.20459874000001,1549.9775461999993,1593.1873993100005,946.4584133500002,426.53001415,220.19897181000033,117.93491963000001,164.05312694999998,89.53603215,34.593919379999996,308.3931826599999,309.88383409000005,79.74947727000001,137.16589849,4.170950129997436,5090.027874829998
2025-08-01,Monthly,Bank-bank pelaburan / Investment banks,0.0,54.98488656,0.0,24.87291128,0.0,0.0,0.0,0.0,0.0,0.0,0.0,0.0,0.0,0.0,32.62312445,0.0,0.0,0.0,0.0,112.48092229000001
2025-08-01,Monthly,Institusi kewangan pembangunan / Development financial institutions,575.64533897,16.639742590000004,436.32142934999996,8.802897690000002,19.727977080000002,857.1903873100002,884.8712853399998,483.47375352999984,328.70726589000003,72.69026591999989,507.18881954999995,153.28571223000003,46.891553810000005,27.92356925,129.11104729000002,53.06399975,38.610944329999995,127.44037757999999,48.59998744999757,3931.3150695699987
2025-08-01,Monthly,Jumlah / Total,740.0984472500002,122.29743726,1781.11819729,267.82082578,107.1076642,3799.13544291,4461.754947779999,2738.04933253,1257.6144513499999,466.09116389999963,829.8646874200001,455.18857844,226.86107159,135.59250337999998,1774.1541430600003,622.2207246800001,271.07588285,463.43739117999996,56.975550789997214,16114.703495859996
2025-09-01,Monthly,Bank-bank perdagangan / Commercial banks,106.42818876999999,42.36177497,923.3933617900001,71.87983041000001,47.46450147000001,1386.2110473599996,2005.1252659100007,1335.0903830900008,492.41832586999993,177.6165569499999,203.6605537300001,138.71538506000005,98.12356594,71.25266777000002,1369.1694163099999,261.75675283999993,153.06224770000003,198.88440041,3.706396709998444,7081.195357149998
2025-09-01,Monthly,Bank-bank Islam / Islamic banks,50.63223533999998,10.13141042,434.44473858999993,159.5228428,38.334508230000004,1551.4057271600004,1575.8320857500003,915.9782195400004,423.33302739999993,236.52083881,117.04898317000001,168.05559900999998,93.07798721,35.406415499999994,289.19314511000005,314.97468168000006,73.92575104000001,135.03903627,4.365850690002844,5051.390997970003
2025-09-01,Monthly,Bank-bank pelaburan / Investment banks,0.0,55.029162469999996,0.0,24.7251139,0.0,0.0,0.0,0.0,0.0,0.0,0.0,0.0,0.0,0.0,32.665395170000004,0.0,0.0,0.0,0.0,112.41967154000001
2025-09-01,Monthly,Institusi kewangan pembangunan / Development financial institutions,581.7952071000003,12.383676860000001,440.1137518599998,8.491551,18.27752521,824.6652634999998,920.2383331999997,482.85800193999995,364.75675725999974,72.62357399999996,488.85192818,152.9055967,46.386277580000005,28.230764540000003,161.76173188000004,53.15873808999999,39.78958356999999,117.88509291000001,49.16908483999987,3944.1041070199994
2025-09-01,Monthly,Jumlah / Total,738.8556312100003,119.90602472,1797.95185224,264.61933811000006,104.07653490999999,3762.28203802,4501.19568486,2733.9266045700015,1280.5081105299998,486.76096975999917,809.5614650800001,459.67658076999993,237.58783073000004,134.88984781,1852.7896884699999,629.8901726100001,266.77758231,451.80852959000003,57.24133223999888,16189.11013368
2025-10-01,Monthly,Bank-bank perdagangan / Commercial banks,110.04974170999998,44.15514802999999,925.9261934199999,72.61071543000001,48.446373989999984,1373.8509404000001,2020.6637931300004,1346.32897668,491.48477226000017,182.85004419000006,207.62323053999998,147.01415093999998,96.95219542,72.17403936,1638.34823992,267.1618548800001,151.49923807000002,202.28759616000005,4.274040540003625,7383.037491940004
2025-10-01,Monthly,Bank-bank Islam / Islamic banks,50.27088795,6.6265331299999986,446.4206564699999,145.47012512999999,37.11058856000002,737.35653009,1668.4670027600002,1009.9438495300002,424.48616226999997,234.03699096000014,119.24417840000001,327.54259398000016,93.54278223,32.86510689,253.2472198600001,304.27095211999995,76.36622434,136.23254478000004,4.158498749996397,4439.192425439997
2025-10-01,Monthly,Bank-bank pelaburan / Investment banks,0.0,55.07491443,0.0,24.729632329999998,0.0,0.0,0.0,0.0,0.0,0.0,0.0,0.0,0.0,0.0,32.550947,0.0,0.0,0.0,0.0,112.35549375999999
2025-10-01,Monthly,Institusi kewangan pembangunan / Development financial institutions,584.08788703,14.952211330000003,443.10879810999995,7.917098810000001,18.453850210000002,823.5046158400002,933.3110926,487.76448601,366.39914676999996,79.14745982000011,485.95128347,163.24385338000002,30.87306006,28.228234190000002,162.55335568,52.301257500000006,41.07215451000001,117.51303099000002,48.52707319000001,3955.5988569
2025-10-01,Monthly,Jumlah / Total,744.4085166900002,120.80880692,1815.4556479999997,250.7275717,104.01081276000001,2934.71208633,4622.44188849,2844.0373122200003,1282.3700813000003,496.0344949699993,812.8186924099999,637.8005983000002,221.36803771,133.26738044,2086.69976246,623.7340645,268.93761692000004,456.03317193000004,56.95961247999912,15890.18426804
2025-11-01,Monthly,Bank-bank perdagangan / Commercial banks,100.39410763000001,43.92646928,912.7501856200001,72.4801932,48.37606251,1380.7191445999997,2030.1519638499994,1342.6632644599993,504.4276760600001,183.06102333000013,209.43622555999997,151.90214774,95.65735231999999,71.30922740000003,1509.7850178700012,268.67686139,152.28696613000002,188.87949841999998,3.780900739999197,7240.51232426
2025-11-01,Monthly,Bank-bank Islam / Islamic banks,134.33724460999997,6.682689970000001,439.49191320999995,145.25480673,37.32868903000001,730.4299029000001,1738.3640669900003,1055.7192697300002,440.16005025999993,242.4847470000002,118.73384373999998,317.97166557,88.96014939,32.50351964,267.18120718000006,332.74365508,76.21549524000001,125.16191698,4.6267051499971785,4595.987471409997
2025-11-01,Monthly,Bank-bank pelaburan / Investment banks,0.0,55.11919034,0.0,24.720548140000002,0.0,0.0,0.0,0.0,0.0,0.0,0.0,0.0,0.0,0.0,32.73015391,0.0,0.0,0.0,0.0,112.56989239
2025-11-01,Monthly,Institusi kewangan pembangunan / Development financial institutions,584.41464703,14.946889469999999,421.85029805000005,7.87615062,18.791136740000002,824.9697134299997,968.9940068900002,493.3326735299999,391.5548932100002,84.10644015000003,489.22461486,154.94739527,31.511054120000004,28.443470119999997,161.45089670999997,54.895107589999995,41.905840049999995,120.00081416000002,48.988380910001524,3973.2104160200015
2025-11-01,Monthly,Jumlah / Total,819.14599927,120.67523905999998,1774.09239688,250.33169868999997,104.49588827999999,2936.11876093,4737.51003773,2891.7152077199994,1336.1426195300003,509.65221047999967,817.39468416,624.82120858,216.12855583000004,132.25621716000003,1971.1472756700005,656.3156240599998,270.40830141999993,434.04222956,57.3959867999929,15922.280104079997
2025-12-01,Monthly,Bank-bank perdagangan / Commercial banks,100.91360172000003,42.69960867,891.4034131899996,62.68580129,44.44000195999999,1411.1648633099996,1988.8567340200002,1314.5958884500003,495.67087439,178.5899711799998,212.67334125000002,147.41553819,95.18959267999998,73.05372633,1549.77276097,267.19038479,149.09897369,178.86703953999998,3.2305848799996966,7218.65596648
2025-12-01,Monthly,Bank-bank Islam / Islamic banks,136.72398330999997,6.27994553,433.24618416,145.61250014000004,45.513029429999975,721.5938035899999,1682.7668433800002,1011.6140663700003,432.4239213999999,238.72885560999998,116.51705918000003,325.72515137000005,85.83041904000001,86.58868568000001,263.74737773000004,319.66948633999993,78.81166636999998,121.33155479999998,4.799980589998995,4574.75767064
2025-12-01,Monthly,Bank-bank pelaburan / Investment banks,0.0,55.1649423,0.0,24.72926707,0.0,0.0,0.0,0.0,0.0,0.0,0.0,0.0,0.0,0.0,32.83922776,0.0,0.0,0.0,0.0,112.73343713
2025-12-01,Monthly,Institusi kewangan pembangunan / Development financial institutions,584.71447682,10.40436942,389.49919242999994,7.83751204,18.751106189999998,628.72584345,968.2028714200004,491.31220102000026,394.9013492800001,81.98932112,479.06546884000005,146.00762232999998,30.448330130000006,2.3546172199999997,65.53606083000001,48.193296839999995,41.89198841,144.59108081000002,48.156769849998,3614.380607029999
2025-12-01,Monthly,Jumlah / Total,822.3520618499999,114.54886592,1714.14878978,240.86508053999998,108.70413757999998,2761.4845103499997,4639.82644882,2817.522155840001,1322.9961450700002,499.3081479099992,808.2558692700001,619.1483118900001,211.46834185000003,161.99702923,1911.89542729,635.0531679699998,269.80262846999995,444.78967514999994,56.187335319997146,15520.527681279997
2026-01-01,Monthly,Bank-bank perdagangan / Commercial banks,95.69556301000001,41.204601870000005,898.13247401,62.758145709999994,44.06483523000001,1439.92987442,2049.9726387300007,1361.5485024100003,504.7528295400003,183.67130678000012,214.16123502,143.45065807000006,95.83636350999998,72.39189122,1662.3193415599999,265.22424201999996,147.41716868999995,172.65897161,5.409530460005044,7410.627535140005
2026-01-01,Monthly,Bank-bank Islam / Islamic banks,136.31107267,6.1355065,433.25270467999997,147.4760441,45.90053881,754.8753401100001,1749.5334175099997,1067.07986414,447.51964576000006,234.93390760999978,115.25571572000001,325.97176632,84.83926099000001,88.40011437999999,266.43821184,319.7894055500001,81.64414998000004,167.65551358,5.1760104100021636,4728.654773150002
2026-01-01,Monthly,Bank-bank pelaburan / Investment banks,0.0,55.21069426,0.0,24.729571449999998,0.0,0.0,0.0,0.0,0.0,0.0,0.0,0.0,0.0,0.0,32.858253510000004,0.31605161,0.0,0.0,0.0,113.11457083
2026-01-01,Monthly,Institusi kewangan pembangunan / Development financial institutions,584.8874589200001,9.83292548,356.5829171100002,7.903467709999998,17.313624339999997,627.4670342299997,989.74090182,503.6304893099999,403.26677748,82.84363503000009,466.3514680899999,155.2829374,31.231327869999998,2.3897485800000005,65.03446818999998,40.15910202,43.85265271,116.80281068999999,47.4821057900017,3562.314950950001
2026-01-01,Monthly,Jumlah / Total,816.8940946000001,112.38372810999996,1687.9680958,242.86722896999999,107.27899837999999,2822.27224876,4789.24695806,2932.25885586,1355.5392527800002,501.44884941999953,795.76841883,624.7053617900002,211.90695237,163.18175417999998,2026.6502750999996,625.4888012000001,272.9139713800001,457.1172958799999,58.067646660008904,15814.711830070008
2026-02-01,Monthly,Bank-bank perdagangan / Commercial banks,97.59414552999999,41.14696528,912.6568660400001,53.56886316,45.50136215000002,1454.8889003599998,2040.7138094899997,1358.8525182599997,497.8116155500001,184.04967567999984,218.41909849000007,149.17230576,98.20635750000001,72.27952241,1671.1774056400006,271.51052475,149.29681373000005,171.87980101,5.22587774999829,7453.238619049999
2026-02-01,Monthly,Bank-bank Islam / Islamic banks,148.46889126,6.13825738,449.8315989000001,146.06903592000003,45.22618806,762.1772658799998,1859.0450175499998,1158.0808016400001,454.0849305599998,246.87928534999992,119.82912247000003,327.98698689,85.56472306999996,87.82004721,268.820054,324.7417682999999,83.49004760999999,170.43346405000003,5.168093249998492,4890.810561799998
2026-02-01,Monthly,Bank-bank pelaburan / Investment banks,0.0,55.25201853,0.0,24.71599591,0.0,0.0,0.0,0.0,0.0,0.0,0.0,0.0,0.0,0.0,33.23004698,0.29950445000000003,0.0,0.0,0.0,113.49756587
2026-02-01,Monthly,Institusi kewangan pembangunan / Development financial institutions,584.8275966400001,9.836437989999999,357.2148490199999,8.04445664,17.406874339999995,379.88761209999996,1001.87298166,512.90517677,402.6571258900001,86.31067899999994,390.47768815999996,105.59457027999997,29.406269239999997,2.49674516,71.49016974999998,40.71829387,45.01828448,115.56794864000004,48.28140937000035,3208.1421873400004
2026-02-01,Monthly,Jumlah / Total,830.8906334300001,112.37367918,1719.7033139600005,232.39835163000004,108.13442454999999,2596.953778339999,4901.6318087,3029.83849667,1354.553672,517.2396400300004,728.72590912,582.75386293,213.17734980999995,162.59631478,2044.7176763700006,637.2700913699999,277.80514582000006,457.88121370000005,58.67538037000122,15665.68893406
2026-03-01,Monthly,Bank-bank perdagangan / Commercial banks,98.91848415,41.16121888,867.8659582299998,46.518490379999996,43.285266010000015,1437.8779674899997,2067.51037383,1380.2863691600003,497.8013170899998,189.42268757999977,219.79449717000008,153.64287366,94.74047266,79.46267016000002,1641.5980239,274.77762352,138.79230919999998,164.33531205000003,6.982711150003524,7377.264252440002
2026-03-01,Monthly,Bank-bank Islam / Islamic banks,147.35826721000004,13.86445253,454.85479394000004,161.03066528,32.76021678000001,780.41788648,1909.0047862899996,1185.9692672200001,496.53439328999985,226.5011257799997,130.95289402000003,324.71739885000005,84.40099903999997,90.53851996999998,269.71761133999996,334.3150293900001,87.72033809999999,172.71408865,5.384992100006457,4999.752939970006
2026-03-01,Monthly,Bank-bank pelaburan / Investment banks,0.0,55.297770490000005,0.0,0.0,0.0,0.0,0.0,0.0,0.0,0.0,0.0,0.0,0.0,0.0,32.92694446,0.30325641999999997,0.0,0.0,0.0,88.52797137
2026-03-01,Monthly,Institusi kewangan pembangunan / Development financial institutions,585.0267970499999,8.95166099,360.76213401,8.120785189999998,17.90660841,383.81415088,991.0031075800001,509.9071112900002,393.08472845999995,88.01126782999995,526.41523866,106.97568828999997,28.894847950000006,2.5847777600000006,73.08794461999999,40.136132620000005,45.5136997,144.95061929,48.71867191000365,3372.8628649100037
2026-03-01,Monthly,Jumlah / Total,831.30354841,119.27510288999999,1683.4828861800002,215.66994085000002,93.9520912,2602.11000485,4967.518267700001,3076.162747670001,1387.4204388399996,503.93508119000035,877.1626298500001,585.3359608000001,208.03631965000002,172.58596788999998,2017.3305243200004,649.5320419500001,272.02634700000004,482.00001999,61.0863751600009,15838.408028690006
2026-04-01,Monthly,Bank-bank perdagangan / Commercial banks,98.99749396000001,41.47444355,877.92945929,41.65748110999999,41.81044609,1449.39211236,2130.3033434100003,1432.11198948,502.3310297900002,195.8603241400001,227.00399273999994,149.29920802999996,97.2303729,73.93047698999999,1606.7156017000002,282.36565181,139.9298498,166.88678611,4.966600010000548,7429.893319860001
2026-04-01,Monthly,Bank-bank Islam / Islamic banks,145.26680355,13.619347870000002,462.0561872,160.98469998999997,32.29198924,784.1208955899999,1923.6572259999998,1214.4797960399997,494.80382504999983,214.37360491000027,129.32632536,333.10979954999993,87.88290654,85.89496288999997,271.24871049,339.3516957000001,89.85637050999998,176.93778422999995,5.386784439997427,5040.992489149997
2026-04-01,Monthly,Bank-bank pelaburan / Investment banks,0.0,55.3420464,0.0,0.0,0.0,0.0,0.0,0.0,0.0,0.0,0.0,0.0,0.0,0.0,32.892814550000004,0.30693292,0.0,0.0,0.0,88.54179387
2026-04-01,Monthly,Institusi kewangan pembangunan / Development financial institutions,589.8728635300001,8.966565739999998,372.65528038000014,8.16848999,18.05590695,407.34267879,1004.3185405499997,516.5345282999997,396.03412869999994,91.74988355000016,526.24979933,108.18467930999999,29.593234989999996,2.5266467799999996,72.72263507,40.0552486,45.91128619000002,144.94242027999996,48.59411833000286,3428.1603948100023
2026-04-01,Monthly,Jumlah / Total,834.1371610400001,119.40240356,1712.6409268700002,210.81067109,92.15834227999999,2640.85568674,5058.27910996,3163.1263138199997,1393.16898354,501.9838126000004,882.58011743,590.5936868899998,214.70651442999997,162.35208665999997,1983.5797618100005,662.0795290300002,275.6975065,488.76699061999994,58.94750278000538,15987.587997690003
